
D:\PROJECT\L2\P12\M10\2121000A.CAD Outputs
------------------------------
     Description                Source               Destination(s)
CAPTURE1210                     AI00-15.26      AIM6-13.07 21210M6A  AIM5-14.07 21210M5A  AIM4-12.07 21210M4A  AIG0-17.07 21210G0A  
                                                AIA3-17.07 21210A3A  AIA1-01.07 21210A1A  AI87-12.07 2121087A  AI86-13.07 2121086A  
                                                AI85-13.07 2121085A  AI83-15.07 2121083A  AI82-07.07 2121082A  AI81-13.07 2121081A  
                                                AI80-15.07 2121080A  

RESET1210                       AI00-13.26      AIM6-11.07 21210M6A  AIM5-12.07 21210M5A  AIM4-11.07 21210M4A  AIG0-15.07 21210G0A  
                                                AIA3-15.07 21210A3A  AIA1-05.07 21210A1A  AIA1-09.07 21210A1A  AI87-11.07 2121087A  
                                                AI86-11.07 2121086A  AI85-11.07 2121085A  AI83-13.07 2121083A  AI82-06.07 2121082A  
                                                AI81-11.07 2121081A  AI80-14.07 2121080A  


D:\PROJECT\L2\P12\M10\2121000A.CAD Inputs
------------------------------

D:\PROJECT\L2\P12\M10\2121001A.CAD Outputs
------------------------------
     Description                Source               Destination(s)

D:\PROJECT\L2\P12\M10\2121001A.CAD Inputs
------------------------------
DO1-1A/282MC411                 AI01-05.06      AIB3-08.26 21210B3A  

DO1-1B/282XC412                 AI01-05.21      AIB1-06.26 21210B1A  

DO2-1A/282MC1411                AI01-06.06      AIB3-11.26 21210B3A  

DO2-1B/282MC413                 AI01-06.21      AIB7-08.26 21210B7A  

DO3-1A/282LE411                 AI01-07.06      AIB3-05.26 21210B3A  

DO3-1B/282MC1413                AI01-07.21      AIB7-11.26 21210B7A  

DO4-1A/282XC411                 AI01-08.06      AIB1-04.26 21210B1A  

DO4-1B/282LE413                 AI01-08.21      AIB7-05.26 21210B7A  

DO5-1A/282MC412                 AI01-09.06      AIB5-08.26 21210B5A  

DO5-1B/282XC413                 AI01-09.21      AIB1-08.26 21210B1A  

DO6-1A/282MC1412                AI01-10.06      AIB5-11.26 21210B5A  

DO6-1B/331MC-M401               AI01-10.21      AIQ4-08.26 21210Q4A  

DO7-01B/282-M997run             AI01-11.21      AII9-08.26 21210I9A  

DO7-1A/282LE412                 AI01-11.06      AIB5-05.26 21210B5A  

DO8-01A/282-M996run             AI01-12.06      AII8-08.26 21210I8A  


D:\PROJECT\L2\P12\M10\2121002A.CAD Outputs
------------------------------
     Description                Source               Destination(s)

D:\PROJECT\L2\P12\M10\2121002A.CAD Inputs
------------------------------
DO1-2A/282MC414                 AI02-05.06      AIB9-08.26 21210B9A  

DO1-2B/282XC415                 AI02-05.21      AIB1-12.26 21210B1A  

DO2-2A/282MC1414                AI02-06.06      AIB9-11.26 21210B9A  

DO2-2B/282MC421                 AI02-06.21      AID3-08.26 21210D3A  

DO3-2A/282LE414                 AI02-07.06      AIB9-05.26 21210B9A  

DO3-2B/282MC1421                AI02-07.21      AID3-11.26 21210D3A  

DO4-2A/282XC414                 AI02-08.06      AIB1-10.26 21210B1A  

DO4-2B/282LE421                 AI02-08.21      AID3-05.26 21210D3A  

DO5-2A/282MC415                 AI02-09.06      AIC1-08.26 21210C1A  

DO5-2B/282XC421                 AI02-09.21      AIB2-04.26 21210B2A  

DO6-2A/282MC1415                AI02-10.06      AIC1-11.26 21210C1A  

DO6-2B/282ESP411                AI02-10.21      AIA7-02.26 21210A7A  

DO7-2A/282LE415                 AI02-11.06      AIC1-05.26 21210C1A  

DO7-2B/282ESP412                AI02-11.21      AIA7-04.26 21210A7A  

DO8-2A/331MC-M301               AI02-12.06      AIP5-08.26 21210P5A  

DO8-2B/282ESP413                AI02-12.21      AIA7-06.26 21210A7A  


D:\PROJECT\L2\P12\M10\2121003A.CAD Outputs
------------------------------
     Description                Source               Destination(s)

D:\PROJECT\L2\P12\M10\2121003A.CAD Inputs
------------------------------
DO1-3A/282MC422                 AI03-05.06      AID8-08.26 21210D8A  

DO1-3B/282XC423                 AI03-05.21      AIB2-08.26 21210B2A  

DO2-3A/282MC1422                AI03-06.06      AID8-11.26 21210D8A  

DO2-3B/282MC424                 AI03-06.21      AIE2-08.26 21210E2A  

DO3-3A/282LE422                 AI03-07.06      AID8-05.26 21210D8A  

DO3-3B/282MC1424                AI03-07.21      AIE2-11.26 21210E2A  

DO4-3A/282XC422                 AI03-08.06      AIB2-06.26 21210B2A  

DO4-3B/282LE424                 AI03-08.21      AIE2-05.26 21210E2A  

DO5-3A/282MC423                 AI03-09.06      AIE0-08.26 21210E0A  

DO5-3B/282XC424                 AI03-09.21      AIB2-10.26 21210B2A  

DO6-3A/282MC1423                AI03-10.06      AIE0-11.26 21210E0A  

DO6-3B/282ESP414                AI03-10.21      AIA7-08.26 21210A7A  

DO7-3A/282LE423                 AI03-11.06      AIE0-05.26 21210E0A  

DO7-3B/282ESP415                AI03-11.21      AIA7-10.26 21210A7A  

DO8-3A/331MC-M302               AI03-12.06      AIP7-08.26 21210P7A  

DO8-3B/282ESP421                AI03-12.21      AIA8-02.26 21210A8A  


D:\PROJECT\L2\P12\M10\2121004A.CAD Outputs
------------------------------
     Description                Source               Destination(s)

D:\PROJECT\L2\P12\M10\2121004A.CAD Inputs
------------------------------
DO1-4A/282MC425                 AI04-05.06      AIE4-08.26 21210E4A  

DO1-4B/282XC426                 AI04-05.21      AIB2-14.26 21210B2A  

DO2-4A/282MC1425                AI04-06.06      AIE4-11.26 21210E4A  

DO2-4B/282MC501                 AI04-06.21      AIF6-08.26 21210F6A  

DO3-4A/282LE425                 AI04-07.06      AIE4-05.26 21210E4A  

DO3-4B/282LE500                 AI04-07.21      AIF3-02.26 21210F3A  

DO4-4A/282XC425                 AI04-08.06      AIB2-12.26 21210B2A  

DO4-4B/282MC502                 AI04-08.21      AIF7-08.26 21210F7A  

DO5-04B/282HS-M902mc            AI04-09.21      AII6-09.26 21210I6A  

DO5-4A/282MC426                 AI04-09.06      AIE6-08.26 21210E6A  

DO6-4A/282MC1426                AI04-10.06      AIE6-11.26 21210E6A  

DO6-4B/282MC503                 AI04-10.21      AIF8-08.26 21210F8A  

DO7-4A/282LE426                 AI04-11.06      AIE6-05.26 21210E6A  

DO7-4B/331MC-M400               AI04-11.21      AIQ3-08.26 21210Q3A  

DO8-4A/331MC-M303               AI04-12.06      AIP9-08.26 21210P9A  

DO8-4B/282MC504                 AI04-12.21      AIF9-08.26 21210F9A  


D:\PROJECT\L2\P12\M10\2121005A.CAD Outputs
------------------------------
     Description                Source               Destination(s)

D:\PROJECT\L2\P12\M10\2121005A.CAD Inputs
------------------------------
DO1-5A/331MCF-M305              AI05-05.06      AIQ2-06.26 21210Q2A  

DO1-5B/282MC-M406               AI05-05.21      AIH9-08.26 21210H9A  

DO2-5A/282MC-500A               AI05-06.06      AIF3-09.26 21210F3A  

DO2-5B/282ESP422                AI05-06.21      AIA8-04.26 21210A8A  

DO3-5A/282MC-M401               AI05-07.06      AIH1-08.26 21210H1A  

DO3-5B/282MC-M407               AI05-07.21      AII0-08.26 21210I0A  

DO4-5A/282MC-M402               AI05-08.06      AIH3-08.26 21210H3A  

DO4-5B/282ESP423                AI05-08.21      AIA8-06.26 21210A8A  

DO5-5A/282MC-M403               AI05-09.06      AIH5-06.26 21210H5A  

DO5-5B/282ESP424                AI05-09.21      AIA8-08.26 21210A8A  

DO6-5A/282MC-M404               AI05-10.06      AIH7-08.26 21210H7A  

DO6-5B/282ESP425                AI05-10.21      AIA8-10.26 21210A8A  

DO7-5A/282MC-M405               AI05-11.06      AIH8-08.26 21210H8A  

DO7-5B/282ESP426                AI05-11.21      AIA8-12.26 21210A8A  

DO8-5A/331CRO-M304              AI05-12.06      AIQ1-08.26 21210Q1A  

DO8-5B/331CRC-M304              AI05-12.21      AIQ1-12.26 21210Q1A  


D:\PROJECT\L2\P12\M10\2121006A.CAD Outputs
------------------------------
     Description                Source               Destination(s)
FB1-6/282PV401                  AI06-05.05      AI98-12.07 2121098A  

FB10-6/282HY422                 AI06-07.21      AID9-13.07 21210D9A  

FB11-6/282HY423                 AI06-08.21      AIE1-13.07 21210E1A  

FB12-6/282HY424                 AI06-09.21      AIE3-13.07 21210E3A  

FB13-6/282HY425                 AI06-11.21      AIE5-13.07 21210E5A  

FB14-6/282HY426                 AI06-12.21      AIE7-13.07 21210E7A  

FB2-6/282PV402                  AI06-06.05      AI99-12.07 2121099A  

FB3-6/282HY411                  AI06-07.05      AIB4-10.07 21210B4A  

FB4-6/282HY412                  AI06-08.05      AIB6-10.07 21210B6A  

FB5-6/282HY413                  AI06-09.05      AIB8-10.07 21210B8A  

FB6-6/282HY414                  AI06-11.05      AIC0-10.07 21210C0A  

FB7-6/282HY415                  AI06-12.05      AIC2-10.07 21210C2A  

FB8-6/282TV417                  AI06-05.21      AIC9-10.07 21210C9A  

FB9-6/282HY421                  AI06-06.21      AID4-13.07 21210D4A  


D:\PROJECT\L2\P12\M10\2121006A.CAD Inputs
------------------------------
AO1-6/282PV401                  AI06-04.05      AI98-09.26 2121098A  

AO10-6/282HY422                 AI06-06.21      AID9-10.26 21210D9A  

AO11-6/282HY423                 AI06-08.21      AIE1-09.26 21210E1A  

AO12-6/282HY424                 AI06-09.21      AIE3-09.26 21210E3A  

AO13-6/282HY425                 AI06-10.21      AIE5-09.26 21210E5A  

AO14-6/282HY426                 AI06-11.21      AIE7-09.26 21210E7A  

AO2-6/282PV402                  AI06-05.05      AI99-09.26 2121099A  

AO3-6/282HY411                  AI06-06.05      AIB4-07.26 21210B4A  

AO4-6/282HY412                  AI06-08.05      AIB6-07.26 21210B6A  

AO5-6/282HY413                  AI06-09.05      AIB8-07.26 21210B8A  

AO6-6/282HY414                  AI06-10.05      AIC0-07.26 21210C0A  

AO7-6/282HY415                  AI06-11.05      AIC2-07.26 21210C2A  

AO8-6/282TV417                  AI06-04.21      AIC9-08.26 21210C9A  

AO9-6/282HY421                  AI06-05.21      AID4-10.26 21210D4A  


D:\PROJECT\L2\P12\M10\2121007A.CAD Outputs
------------------------------
     Description                Source               Destination(s)
FB1-7/282PV439                  AI07-05.05      AIF1-10.07 21210F1A  

FB10-7/282QC421A2               AI07-07.21      AID6-11.07 21210D6A  

FB13-7/282TV418                 AI07-11.21      AID0-10.07 21210D0A  

FB2-7/282PV440                  AI07-06.05      AIF2-10.07 21210F2A  

FB3-7/282PC507A                 AI07-07.05      AIG2-08.07 21210G2A  

FB6-7/282LV407                  AI07-11.05      AIA6-10.07 21210A6A  

FB7-7/282PV438                  AI07-12.05      AIF0-12.07 21210F0A  

FB9-7/282QC421B1                AI07-06.21      AID7-11.07 21210D7A  


D:\PROJECT\L2\P12\M10\2121007A.CAD Inputs
------------------------------
AO1-7/282PV439                  AI07-04.05      AIF1-08.26 21210F1A  

AO10-7/282QC421A2               AI07-08.21      AID6-06.26 21210D6A  

AO10-7/282QC421A2               AI07-06.21      AID6-06.26 21210D6A  

AO13-7/282TV418                 AI07-10.21      AID0-08.26 21210D0A  

AO2-7/282PV440                  AI07-05.05      AIF2-08.26 21210F2A  

AO3-7/282PC507A                 AI07-06.05      AIG2-06.26 21210G2A  

AO6-7/282LV407                  AI07-10.05      AIA6-08.26 21210A6A  

AO7-7/282PV438                  AI07-11.05      AIF0-09.26 21210F0A  

AO9-7/282QC421B1                AI07-05.21      AID7-06.26 21210D7A  


D:\PROJECT\L2\P12\M10\2121008A.CAD Outputs
------------------------------
     Description                Source               Destination(s)
AI1-8/282PT401                  AI08-02.20      AI98-09.07 2121098A  

AI10-8/282HT422                 AI08-11.20      AID9-07.07 21210D9A  

AI11-8/282HT423                 AI08-12.20      AIE1-06.07 21210E1A  

AI12-8/282HT424                 AI08-13.20      AIE3-06.07 21210E3A  

AI13-8/282HT425                 AI08-14.20      AIE5-06.07 21210E5A  

AI14-8/282HT426                 AI08-15.20      AIE7-06.07 21210E7A  

AI15-8/282PT439                 AI08-16.20      AIF1-08.07 21210F1A  

AI2-8/282PT402                  AI08-03.20      AIH9-03.07 21210H9A  AI99-09.07 2121099A  

AI3-8/282HT411                  AI08-04.20      AIB4-05.07 21210B4A  

AI4-8/282HT412                  AI08-05.20      AIB6-05.07 21210B6A  

AI5-8/282HT413                  AI08-06.20      AIB8-05.07 21210B8A  

AI6-8/282HT414                  AI08-07.20      AIC0-05.07 21210C0A  

AI7-8/282HT415                  AI08-08.20      AIC2-05.07 21210C2A  

AI8-8/282TT417                  AI08-09.20      AIC9-08.07 21210C9A  

AI9-8/282HT421                  AI08-10.20      AID4-07.07 21210D4A  


D:\PROJECT\L2\P12\M10\2121008A.CAD Inputs
------------------------------

D:\PROJECT\L2\P12\M10\2121009A.CAD Outputs
------------------------------
     Description                Source               Destination(s)
AI1-9/282FT403                  AI09-02.20      AIA1-08.07 21210A1A  

AI10-9/282PT513                 AI09-11.20      AIG5-08.07 21210G5A  

AI11-9/282PT514                 AI09-12.20      AIG6-08.07 21210G6A  

AI12-9/282PT128                 AI09-13.20      AIC7-14.07 21210C7A  AIC3-07.07 21210C3A  AI72-07.07 2121072A  

AI13-9/282TT418                 AI09-14.20      AID0-08.07 21210D0A  

AI14-9/282PT440                 AI09-15.20      AIF2-08.07 21210F2A  

AI15-9/282TT437                 AI09-16.20      AIE9-02.07 21210E9A  

AI2-9/282FT404                  AI09-03.20      AIA1-11.07 21210A1A  

AI3-9/282FT405                  AI09-04.20      AIA2-08.07 21210A2A  

AI5-9/282LT407                  AI09-06.20      AIA6-08.07 21210A6A  

AI6-9/282FT505                  AI09-07.20      AIG0-08.07 21210G0A  

AI7-9/282PT507                  AI09-08.20      AIG2-06.07 21210G2A  AIG1-08.07 21210G1A  

AI8-9/282PT511                  AI09-09.20      AIG3-08.07 21210G3A  

AI9-9/282PT512                  AI09-10.20      AIG4-08.07 21210G4A  


D:\PROJECT\L2\P12\M10\2121009A.CAD Inputs
------------------------------

D:\PROJECT\L2\P12\M10\2121010A.CAD Outputs
------------------------------
     Description                Source               Destination(s)
AI1-10/282BT411                 AI10-02.20      AIB4-02.07 21210B4A  

AI10-10/282BT425                AI10-11.20      AIE5-02.07 21210E5A  

AI11-10/282BT426                AI10-12.20      AIE7-02.07 21210E7A  

AI12-10/331WT440                AI10-13.20      AIM4-08.07 21210M4A  

AI13-10/331WT441                AI10-14.20      AIM5-05.07 21210M5A  

AI14-10/282PT438                AI10-15.20      AIF0-09.07 21210F0A  

AI15-10/331WT442                AI10-16.20      AIM6-08.07 21210M6A  

AI2-10/282BT412                 AI10-03.20      AIB6-02.07 21210B6A  

AI3-10/282BT413                 AI10-04.20      AIB8-02.07 21210B8A  

AI4-10/282BT414                 AI10-05.20      AIC0-02.07 21210C0A  

AI5-10/282BT415                 AI10-06.20      AIC2-02.07 21210C2A  

AI6-10/282BT421                 AI10-07.20      AID4-02.07 21210D4A  

AI7-10/282BT422                 AI10-08.20      AID9-02.07 21210D9A  

AI8-10/282BT423                 AI10-09.20      AIE1-02.07 21210E1A  

AI9-10/282BT424                 AI10-10.20      AIE3-02.07 21210E3A  


D:\PROJECT\L2\P12\M10\2121010A.CAD Inputs
------------------------------

D:\PROJECT\L2\P12\M10\2121016A.CAD Outputs
------------------------------
     Description                Source               Destination(s)
DI1-16A/282PA411                AI16-05.13      AIB3-16.07 21210B3A  

DI1-16B/282XS412                AI16-05.27      AIB5-05.07 21210B5A  

DI2-16A/282AUX1411              AI16-06.13      AIA9-02.07 21210A9A  

DI2-16B/282PA413                AI16-06.27      AIB7-16.07 21210B7A  

DI3-16A/282AUX411               AI16-07.13      AIB4-13.07 21210B4A  AIB3-08.07 21210B3A  AIB0-02.07 21210B0A  

DI3-16B/282AUX1413              AI16-07.27      AIA9-06.07 21210A9A  

DI4-16A/282XS411                AI16-08.13      AIB3-05.07 21210B3A  

DI4-16B/282AUX413               AI16-08.27      AIB8-13.07 21210B8A  AIB7-08.07 21210B7A  AIB0-06.07 21210B0A  

DI5-16A/282PA412                AI16-09.13      AIB5-16.07 21210B5A  

DI5-16B/282XS413                AI16-09.27      AIB7-05.07 21210B7A  

DI6-16A/282AUX1412              AI16-10.13      AIA9-04.07 21210A9A  

DI7-16A/282AUX412               AI16-11.13      AIB6-13.07 21210B6A  AIB5-08.07 21210B5A  AIB0-04.07 21210B0A  

DI7-16B/282XI411                AI16-11.27      AIB4-16.07 21210B4A  


D:\PROJECT\L2\P12\M10\2121016A.CAD Inputs
------------------------------

D:\PROJECT\L2\P12\M10\2121017A.CAD Outputs
------------------------------
     Description                Source               Destination(s)
DI1-17A/282PA414                AI17-05.13      AIB9-16.07 21210B9A  

DI1-17B/282XS415                AI17-05.27      AIC1-05.07 21210C1A  

DI2-17A/282AUX1414              AI17-06.13      AIA9-08.07 21210A9A  

DI2-17B/282PA421                AI17-06.27      AID3-16.07 21210D3A  

DI3-17A/282AUX414               AI17-07.13      AIC0-13.07 21210C0A  AIB9-08.07 21210B9A  AIB0-08.07 21210B0A  

DI3-17B/282AUX1421              AI17-07.27      AID1-02.07 21210D1A  

DI4-17A/282XS414                AI17-08.13      AIB9-05.07 21210B9A  

DI4-17B/282AUX421               AI17-08.27      AID4-15.07 21210D4A  AID3-08.07 21210D3A  AID2-02.07 21210D2A  AIA5-05.07 21210A5A  
                                                
DI5-17A/282PA415                AI17-09.13      AIC1-16.07 21210C1A  

DI5-17B/282XS421                AI17-09.27      AID3-05.07 21210D3A  

DI6-17A/282AUX1415              AI17-10.13      AIA9-10.07 21210A9A  

DI6-17B/282XI412                AI17-10.27      AIB6-16.07 21210B6A  

DI7-17A/282AUX415               AI17-11.13      AIC2-13.07 21210C2A  AIC1-08.07 21210C1A  AIB0-10.07 21210B0A  

DI7-17B/282XI413                AI17-11.27      AIB8-16.07 21210B8A  


D:\PROJECT\L2\P12\M10\2121017A.CAD Inputs
------------------------------

D:\PROJECT\L2\P12\M10\2121018A.CAD Outputs
------------------------------
     Description                Source               Destination(s)
DI1-18A/282PA422                AI18-05.13      AID8-16.07 21210D8A  

DI1-18B/282XS423                AI18-05.27      AIE0-05.07 21210E0A  

DI2-18A/282AUX1422              AI18-06.13      AID1-04.07 21210D1A  

DI2-18B/282PA424                AI18-06.27      AIE2-16.07 21210E2A  

DI3-18A/282AUX422               AI18-07.13      AID9-15.07 21210D9A  AID8-08.07 21210D8A  AID2-04.07 21210D2A  AIA5-06.07 21210A5A  
                                                
DI3-18B/282AUX1424              AI18-07.27      AID1-08.07 21210D1A  

DI4-18A/282XS422                AI18-08.13      AID8-05.07 21210D8A  

DI4-18B/282AUX424               AI18-08.27      AIE3-15.07 21210E3A  AIE2-08.07 21210E2A  AID2-08.07 21210D2A  AIA5-10.07 21210A5A  
                                                
DI5-18A/282PA423                AI18-09.13      AIE0-16.07 21210E0A  

DI5-18B/282XS424                AI18-09.27      AIE2-05.07 21210E2A  

DI6-18A/282AUX1423              AI18-10.13      AID1-06.07 21210D1A  

DI6-18B/282XI414                AI18-10.27      AIC0-16.07 21210C0A  

DI7-18A/282AUX423               AI18-11.13      AIE1-15.07 21210E1A  AIE0-08.07 21210E0A  AID2-06.07 21210D2A  AIA5-08.07 21210A5A  
                                                
DI7-18B/282XI415                AI18-11.27      AIC2-16.07 21210C2A  


D:\PROJECT\L2\P12\M10\2121018A.CAD Inputs
------------------------------

D:\PROJECT\L2\P12\M10\2121019A.CAD Outputs
------------------------------
     Description                Source               Destination(s)
DI1-19A/282PA425                AI19-05.13      AIE4-16.07 21210E4A  

DI1-19B/282XS426                AI19-05.27      AIE6-05.07 21210E6A  

DI2-19A/282AUX1425              AI19-06.13      AID1-10.07 21210D1A  

DI2-19B/282AUX501               AI19-06.27      AIF7-17.07 21210F7A  AIF6-08.07 21210F6A  

DI3-19A/282AUX425               AI19-07.13      AIE5-15.07 21210E5A  AIE4-08.07 21210E4A  AID2-10.07 21210D2A  AIA5-12.07 21210A5A  
                                                
DI3-19B/282XS500                AI19-07.27      AIF9-05.07 21210F9A  AIF8-05.07 21210F8A  AIF7-05.07 21210F7A  AIF6-05.07 21210F6A  
                                                
DI4-19A/282XS425                AI19-08.13      AIE4-05.07 21210E4A  

DI4-19B/282AUX502               AI19-08.27      AIF7-08.07 21210F7A  AIF6-17.07 21210F6A  

DI5-19A/282PA426                AI19-09.13      AIE6-16.07 21210E6A  

DI5-19B/282HS409                AI19-09.27      AIA7-17.07 21210A7A  

DI6-19A/282AUX1426              AI19-10.13      AID1-12.07 21210D1A  

DI6-19B/282AUX503               AI19-10.27      AIF8-08.07 21210F8A  

DI7-19A/282AUX426               AI19-11.13      AIE7-15.07 21210E7A  AIE6-08.07 21210E6A  AID2-12.07 21210D2A  AIA5-14.07 21210A5A  
                                                
DI7-19B/282XI421                AI19-11.27      AID4-17.07 21210D4A  


D:\PROJECT\L2\P12\M10\2121019A.CAD Inputs
------------------------------

D:\PROJECT\L2\P12\M10\2121020A.CAD Outputs
------------------------------
     Description                Source               Destination(s)
DI1-20A/282AUX504               AI20-05.13      AIF9-08.07 21210F9A  

DI1-20B/282AUX-M406             AI20-05.27      AIH9-08.07 21210H9A  AIH5-12.07 21210H5A  AIH3-15.07 21210H3A  AIF0-15.07 21210F0A  
                                                
DI2-20A/282XI422                AI20-06.13      AID9-17.07 21210D9A  

DI2-20B/282PA500                AI20-06.27      AIF9-16.07 21210F9A  AIF8-16.07 21210F8A  AIF7-15.07 21210F7A  AIF6-15.07 21210F6A  
                                                AIF5-08.07 21210F5A  

DI3-20A/282AUX-M401             AI20-07.13      AIH1-08.07 21210H1A  AIH0-10.07 21210H0A  AI98-15.07 2121098A  

DI3-20B/282AUX-M407             AI20-07.27      AII0-08.07 21210I0A  AIH9-11.07 21210H9A  AIH5-14.07 21210H5A  AIH3-17.07 21210H3A  
                                                AIF0-17.07 21210F0A  

DI4-20A/282AUX-M402             AI20-08.13      AIH3-08.07 21210H3A  AIH2-10.07 21210H2A  AI98-17.07 2121098A  

DI4-20B/282XI423                AI20-08.27      AIE1-17.07 21210E1A  

DI5-20A/282AUX-M403             AI20-09.13      AIH5-06.07 21210H5A  AIH4-10.07 21210H4A  AI99-15.07 2121099A  

DI5-20B/282XI424                AI20-09.27      AIE3-17.07 21210E3A  

DI6-20A/282AUX-M404             AI20-10.13      AIH7-08.07 21210H7A  AIH6-10.07 21210H6A  AI99-17.07 2121099A  

DI6-20B/282XI425                AI20-10.27      AIE5-17.07 21210E5A  

DI7-20A/282AUX-M405             AI20-11.13      AIH8-08.07 21210H8A  

DI7-20B/282XI426                AI20-11.27      AIE7-17.07 21210E7A  


D:\PROJECT\L2\P12\M10\2121020A.CAD Inputs
------------------------------

D:\PROJECT\L2\P12\M10\2121021A.CAD Outputs
------------------------------
     Description                Source               Destination(s)
DI1-21A/281TAHH986A             AI21-05.13      AI66-03.07 2121066A  

DI1-21B/282XS-M406              AI21-05.27      AIH9-05.07 21210H9A  

DI2-21A/281TAHH986B             AI21-06.13      AI66-07.07 2121066A  

DI2-21B/281TAHH986C             AI21-06.27      AI66-11.07 2121066A  

DI3-21A/282XS-M401              AI21-07.13      AIH1-05.07 21210H1A  AIH0-13.07 21210H0A  

DI3-21B/282XS-M407              AI21-07.27      AII0-05.07 21210I0A  

DI4-21A/282XS-M402              AI21-08.13      AIH3-05.07 21210H3A  AIH2-13.07 21210H2A  

DI5-21A/282XS-M403              AI21-09.13      AIH5-03.07 21210H5A  AIH4-13.07 21210H4A  

DI6-21A/282XS-M404              AI21-10.13      AIH7-05.07 21210H7A  AIH6-13.07 21210H6A  

DI6-21B/282SP-M405              AI21-10.27      AIH8-13.07 21210H8A  

DI7-21A/282XS-M405              AI21-11.13      AIH8-05.07 21210H8A  

DI7-21B/282ST-M405              AI21-11.27      AIH8-11.07 21210H8A  


D:\PROJECT\L2\P12\M10\2121021A.CAD Inputs
------------------------------

D:\PROJECT\L2\P12\M10\2121022A.CAD Outputs
------------------------------
     Description                Source               Destination(s)
DI1-22A/282AUX-M411             AI22-05.13      AII1-08.07 21210I1A  

DI1-22B/282TSH118               AI22-05.27      AIC7-06.07 21210C7A  AIC3-03.07 21210C3A  

DI2-22A/282AUX-M412             AI22-06.13      AII2-08.07 21210I2A  

DI2-22B/282TSH119               AI22-06.27      AIC7-09.07 21210C7A  AIC3-04.07 21210C3A  

DI3-22A/282AUX-M413             AI22-07.13      AII3-08.07 21210I3A  

DI3-22B/282TSH124               AI22-07.27      AIC7-12.07 21210C7A  AIC3-05.07 21210C3A  

DI4-22A/282AUX-M414             AI22-08.13      AII4-08.07 21210I4A  

DI4-22B/                        AI22-08.27      AID5-08.07 21210D5A  

DI5-22A/282AUX-M415             AI22-09.13      AII5-08.07 21210I5A  

DI5-22B/282HC-421A              AI22-09.27      AID5-08.07 21210D5A  AID5-06.07 21210D5A  

DI6-22A/282PSL434               AI22-10.13      AIE8-08.07 21210E8A  

DI6-22B/282HC-421A              AI22-10.27      AID5-05.07 21210D5A  

DI7-22A/282AUX500               AI22-11.13      AIF4-08.07 21210F4A  


D:\PROJECT\L2\P12\M10\2121022A.CAD Inputs
------------------------------

D:\PROJECT\L2\P12\M10\2121023A.CAD Outputs
------------------------------
     Description                Source               Destination(s)
DI1-23A/331BL-M301              AI23-05.13      AIP4-04.07 21210P4A  

DI1-23B/331AUX-M304             AI23-05.27      AIQ1-08.07 21210Q1A  

DI2-23A/331AUX-M301             AI23-06.13      AIP5-08.07 21210P5A  

DI2-23B/331XS-M304              AI23-06.27      AIQ1-05.07 21210Q1A  

DI3-23A/331SAL-305              AI23-07.13      AIQ2-14.07 21210Q2A  AIP5-06.07 21210P5A  

DI4-23A/331BL-M302              AI23-08.13      AIP6-02.07 21210P6A  

DI4-23B/331AUX-M303             AI23-08.27      AIP9-08.07 21210P9A  AIP6-11.07 21210P6A  

DI5-23A/331AUX-M302             AI23-09.13      AIQ2-12.07 21210Q2A  AIQ1-03.07 21210Q1A  AIP7-08.07 21210P7A  AIP6-07.07 21210P6A  
                                                AIP4-12.07 21210P4A  

DI5-23B/331XS-M303              AI23-09.27      AIP9-05.07 21210P9A  

DI6-23A/331XS-M302              AI23-10.13      AIP7-06.07 21210P7A  

DI6-23B/282HS-M902              AI23-10.27      AII6-08.07 21210I6A  

DI7-23A/331AUX-M401             AI23-11.13      AIQ4-08.07 21210Q4A  AIQ3-16.07 21210Q3A  AIL8-10.07 21210L8A  

DI7-23B/331XS-M401              AI23-11.27      AIQ4-05.07 21210Q4A  


D:\PROJECT\L2\P12\M10\2121023A.CAD Inputs
------------------------------

D:\PROJECT\L2\P12\M10\2121024A.CAD Outputs
------------------------------
     Description                Source               Destination(s)
DI1-24A/28STS-M015              AI24-05.08      AIP4-06.07 21210P4A  

DI1-24B/331AX-M305              AI24-05.22      AIQ2-11.07 21210Q2A  

DI2-24A/331XS-M305              AI24-06.08      AIQ2-07.07 21210Q2A  

DI2-24B/331SC-M302              AI24-06.22      AIP6-09.07 21210P6A  

DI3-24A/331SAL-303              AI24-07.08      AIP8-08.07 21210P8A  

DI3-24B/331BL-M303              AI24-07.22      AIP8-05.07 21210P8A  

DI4-24A/331ZSO-M304             AI24-08.08      AIQ1-12.07 21210Q1A  AIQ0-03.07 21210Q0A  AIP4-08.07 21210P4A  

DI4-24B/282PSH318               AI24-08.22      AIC3-01.07 21210C3A  AI75-08.07 2121075A  

DI5-24A/331ZSC-M304             AI24-09.08      AIQ1-13.07 21210Q1A  AIQ0-06.07 21210Q0A  AIP4-10.07 21210P4A  

DI6-24A/282XS-M903              AI24-10.08      AII7-08.07 21210I7A  

DI6-24B/282PSHH114              AI24-10.22      AIC8-14.07 21210C8A  AIC3-17.07 21210C3A  AI69-08.07 2121069A  

DI7-24A/331SSL-M401             AI24-11.08      AIL8-08.07 21210L8A  

DI7-24B/282PSL321               AI24-11.22      AIC8-08.07 21210C8A  AI76-08.07 2121076A  


D:\PROJECT\L2\P12\M10\2121024A.CAD Inputs
------------------------------

D:\PROJECT\L2\P12\M10\2121025A.CAD Outputs
------------------------------
     Description                Source               Destination(s)
DI1-25A/282HC-421B              AI25-05.13      AID7-06.07 21210D7A  

DI1-25B/331AL-M110A             AI25-05.27      AIN7-02.07 21210N7A  

DI2-25A/282HC-421B              AI25-06.13      AID7-07.07 21210D7A  

DI2-25B/331AUX-M110             AI25-06.27      AIN8-08.07 21210N8A  AIN5-13.07 21210N5A  AIK6-10.07 21210K6A  

DI3-25A/281TSH971A              AI25-07.13      AI62-03.07 2121062A  

DI3-25B/331BL-M110              AI25-07.27      AIN7-04.07 21210N7A  

DI4-25A/281TSH971B              AI25-08.13      AI62-07.07 2121062A  

DI4-25B/331PC110                AI25-08.27      AIN7-10.07 21210N7A  AIK7-08.07 21210K7A  

DI5-25A/281TSH971C              AI25-09.13      AI62-11.07 2121062A  

DI5-25B/331XS-M110              AI25-09.27      AIN8-06.07 21210N8A  

DI6-25A/331XS-M400              AI25-10.13      AIQ3-05.07 21210Q3A  

DI7-25A/331AUX-M400             AI25-11.13      AIQ3-08.07 21210Q3A  


D:\PROJECT\L2\P12\M10\2121025A.CAD Inputs
------------------------------

D:\PROJECT\L2\P12\M10\2121026A.CAD Outputs
------------------------------
     Description                Source               Destination(s)
DI1-26A/331AL-M111              AI26-05.13      AIN9-02.07 21210N9A  

DI1-26B/331AL-M112              AI26-05.27      AIO1-06.07 21210O1A  

DI2-26A/331AUX-M111             AI26-06.13      AIO0-08.07 21210O0A  AIN7-17.07 21210N7A  AIK8-10.07 21210K8A  

DI2-26B/331AUX-M112             AI26-06.27      AIP8-10.07 21210P8A  AIO2-07.07 21210O2A  AIN9-13.07 21210N9A  AIL0-10.07 21210L0A  
                                                
DI3-26A/331BL-M111              AI26-07.13      AIN9-04.07 21210N9A  

DI3-26B/331BL-M112              AI26-07.27      AIO1-08.07 21210O1A  

DI4-26A/331PC111                AI26-08.13      AIN9-10.07 21210N9A  AIK9-08.07 21210K9A  

DI4-26B/331PC112                AI26-08.27      AIO1-10.07 21210O1A  AIL1-08.07 21210L1A  

DI5-26A/331XS-M111              AI26-09.13      AIO0-05.07 21210O0A  

DI5-26B/331XS-M112              AI26-09.27      AIO2-05.07 21210O2A  

DI6-26A/331SSL111               AI26-10.13      AIK8-08.07 21210K8A  

DI6-26B/331SSL112               AI26-10.27      AIL0-08.07 21210L0A  

DI7-26B/281TAHH970A             AI26-11.27      AI60-06.07 2121060A  


D:\PROJECT\L2\P12\M10\2121026A.CAD Inputs
------------------------------

D:\PROJECT\L2\P12\M10\2121027A.CAD Outputs
------------------------------
     Description                Source               Destination(s)
DI1-27A/331AL-M207A             AI27-05.13      AIP0-02.07 21210P0A  

DI1-27B/331AL-M208              AI27-05.27      AIP2-07.07 21210P2A  

DI2-27A/331AUX-M207             AI27-06.13      AIP1-08.07 21210P1A  AIO9-12.07 21210O9A  AIO8-12.07 21210O8A  AIO6-12.07 21210O6A  
                                                AIL6-10.07 21210L6A  

DI2-27B/331AUX-M208             AI27-06.27      AIP3-08.07 21210P3A  AIP0-13.07 21210P0A  AIM5-06.07 21210M5A  AIL7-10.07 21210L7A  
                                                
DI3-27A/331BL-M207              AI27-07.13      AIP0-04.07 21210P0A  

DI3-27B/331BL-M208              AI27-07.27      AIP2-09.07 21210P2A  

DI4-27A/331PC207                AI27-08.13      AIP0-10.07 21210P0A  

DI4-27B/331PC208                AI27-08.27      AIP2-11.07 21210P2A  

DI5-27A/331XS-M207              AI27-09.13      AIP1-06.07 21210P1A  

DI5-27B/331XS-M208              AI27-09.27      AIP3-06.07 21210P3A  

DI6-27B/331SSL208               AI27-10.27      AIL7-08.07 21210L7A  

DI7-27A/281PALL979              AI27-11.13      AII6-13.07 21210I6A  AI65-07.07 2121065A  

DI7-27B/281TAHH970B             AI27-11.27      AI60-12.07 2121060A  


D:\PROJECT\L2\P12\M10\2121027A.CAD Inputs
------------------------------

D:\PROJECT\L2\P12\M10\2121028A.CAD Outputs
------------------------------
     Description                Source               Destination(s)
DI1-28A/281TAHH-987A            AI28-05.13      AI67-03.07 2121067A  

DI1-28B/281TSH973B              AI28-05.27      AI64-05.07 2121064A  

DI2-28A/281TAHH-987B            AI28-06.13      AI67-07.07 2121067A  

DI2-28B/281TSH973C              AI28-06.27      AI64-07.07 2121064A  

DI3-28A/281TAHH-987C            AI28-07.13      AI67-11.07 2121067A  

DI3-28B/282HS-M996              AI28-07.27      AII8-08.07 21210I8A  

DI4-28A/281TAHH972A             AI28-08.13      AI63-05.07 2121063A  

DI4-28B/282HS-M997              AI28-08.27      AII9-08.07 21210I9A  

DI5-28A/281TAHH972B             AI28-09.13      AI63-07.07 2121063A  

DI5-28B/282HS-M902              AI28-09.27      AII6-11.07 21210I6A  

DI6-28B/282HS-M903              AI28-10.27      AII7-10.07 21210I7A  

DI7-28A/281TSH973A              AI28-11.13      AI64-03.07 2121064A  


D:\PROJECT\L2\P12\M10\2121028A.CAD Inputs
------------------------------

D:\PROJECT\L2\P12\M10\2121029A.CAD Outputs
------------------------------
     Description                Source               Destination(s)
DI1-29A/282LSH-1000             AI29-05.13      AIR3-03.07 21210R3A  

DI1-29B/                        AI29-05.27      AIZ2-03.02 21210Z2A  

DI2-29A/282LSH-1001             AI29-06.13      AIR3-07.07 21210R3A  

DI2-29B/                        AI29-06.27      AIZ2-04.02 21210Z2A  

DI3-29A/282LSH-1002             AI29-07.13      AIR3-11.07 21210R3A  

DI3-29B/                        AI29-07.27      AIZ2-05.02 21210Z2A  

DI4-29A/282LSH-1003             AI29-08.13      AIR3-15.07 21210R3A  

DI4-29B/282LSL115               AI29-08.27      AI70-08.07 2121070A  

DI7-29B/281PALL969              AI29-11.27      AII7-13.07 21210I7A  AI59-07.07 2121059A  


D:\PROJECT\L2\P12\M10\2121029A.CAD Inputs
------------------------------

D:\PROJECT\L2\P12\M10\2121030A.CAD Outputs
------------------------------
     Description                Source               Destination(s)

D:\PROJECT\L2\P12\M10\2121030A.CAD Inputs
------------------------------
DO1-30A/282HM-1000A             AI30-05.06      AIR1-01.26 21210R1A  

DO1-30B/282HM-1000C             AI30-05.21      AIR2-01.26 21210R2A  

DO2-30A/282HM-1001A             AI30-06.06      AIR1-03.26 21210R1A  

DO2-30B/282HM-1001C             AI30-06.21      AIR2-03.26 21210R2A  

DO3-30A/282HM-1002A             AI30-07.06      AIR1-05.26 21210R1A  

DO3-30B/282HM-1002C             AI30-07.21      AIR2-05.26 21210R2A  

DO4-30A/282HM-1003A             AI30-08.06      AIR1-06.26 21210R1A  

DO4-30B/282HM-1003C             AI30-08.21      AIR2-07.26 21210R2A  

DO5-30A/282HM-1000B             AI30-09.06      AIR1-08.26 21210R1A  

DO5-30B/282HM-1000D             AI30-09.21      AIR2-08.26 21210R2A  

DO6-30A/282HM-1001B             AI30-10.06      AIR1-10.26 21210R1A  

DO6-30B/282HM-1001D             AI30-10.21      AIR2-10.26 21210R2A  

DO7-30A/282HM-1002B             AI30-11.06      AIR1-12.26 21210R1A  

DO7-30B/282HM-1002D             AI30-11.21      AIR2-12.26 21210R2A  

DO8-30A/282HM-1003B             AI30-12.06      AIR1-13.26 21210R1A  

DO8-30B/282HM-1003D             AI30-12.21      AIR2-13.26 21210R2A  


D:\PROJECT\L2\P12\M10\2121031A.CAD Outputs
------------------------------
     Description                Source               Destination(s)

D:\PROJECT\L2\P12\M10\2121031A.CAD Inputs
------------------------------
DO1-31A/282MC-M411              AI31-05.06      AII1-08.26 21210I1A  

DO1-31B/331MC-M207              AI31-05.21      AIP1-08.26 21210P1A  

DO2-31A/282MC-M412              AI31-06.06      AII2-08.26 21210I2A  

DO2-31B/331MC-M208              AI31-06.21      AIP3-08.26 21210P3A  

DO3-31A/282MC-M413              AI31-07.06      AII3-08.26 21210I3A  

DO3B-SL31/282HS126 OPEN         AI31-07.21      AI71-11.26 2121071A  

DO4-31A/282MC-M414              AI31-08.06      AII4-08.26 21210I4A  

DO4-SL31B/331-MCR305            AI31-08.21      AIQ2-10.26 21210Q2A  

DO5-31A/282MC-M415              AI31-09.06      AII5-08.26 21210I5A  

DO5B-SL31/282HS126 CLOSE        AI31-09.21      AI71-08.26 2121071A  

DO6-31A/331MC-M110              AI31-10.06      AIN8-08.26 21210N8A  

DO6B-SL31/282HS-M903mc          AI31-10.21      AII7-09.26 21210I7A  

DO7-31A/331MC-M111              AI31-11.06      AIO0-08.26 21210O0A  

DO8-31A/331MCF-M112             AI31-12.06      AIO2-06.26 21210O2A  

DO8-31B/331MCR-M112             AI31-12.21      AIO2-10.26 21210O2A  


D:\PROJECT\L2\P12\M10\2121035A.CAD Outputs
------------------------------
     Description                Source               Destination(s)
AI10-35/281TT-986C              AI35-09.19      AI66-13.07 2121066A  

AI11-35/281TT-987A              AI35-12.19      AI67-05.07 2121067A  

AI12-35/281TT-987B              AI35-13.19      AI67-09.07 2121067A  

AI13-35/281TT-987C              AI35-13.19      AI67-13.07 2121067A  

AI14-35/282CT-335               AI35-14.19      AI78-08.07 2121078A  

AI15-35/282CT-336               AI35-14.19      AI79-08.07 2121079A  

AI3-35/281TI970A                AI35-03.19      AI61-06.07 2121061A  

AI4-35/281TI970B                AI35-04.19      AI61-09.07 2121061A  

AI5-SL35/282WI126               AI35-04.19      AI71-08.07 2121071A  

AI6-35/281TT-972A               AI35-07.19      AI63-03.07 2121063A  

AI7-35/281TT-972B               AI35-08.19      AI63-09.07 2121063A  

AI8-35/281TT-986A               AI35-08.19      AI66-05.07 2121066A  

AI9-35/281TT-986B               AI35-09.19      AI66-09.07 2121066A  


D:\PROJECT\L2\P12\M10\2121035A.CAD Inputs
------------------------------

D:\PROJECT\L2\P12\M10\2121036A.CAD Outputs
------------------------------
     Description                Source               Destination(s)
AI1-SL36/331XI-106              AI36-01.15      AIN0-02.07 21210N0A  

AI1R-SL36A                      AI36-00.15      AIQ5-08.07 21210Q5A  AI51-12.07 2121051A  

AI2-SL36/331II-106              AI36-02.15      AIN0-05.07 21210N0A  

AI3-SL36/331IT-108              AI36-03.15      AIK3-08.07 21210K3A  

AI4-SL36/331SI-108              AI36-04.15      AIK2-06.07 21210K2A  

AO1FB-SL36                      AI36-05.15      AIK2-08.07 21210K2A  


D:\PROJECT\L2\P12\M10\2121036A.CAD Inputs
------------------------------
AO1-SL36/331SC-108              AI36-06.15      AIK2-06.26 21210K2A  


D:\PROJECT\L2\P12\M10\2121037A.CAD Outputs
------------------------------
     Description                Source               Destination(s)
DI1-R22B/331LSL421              AI37-05.27      AIM3-08.07 21210M3A  

DI1-SL37A/331AUX-M108D          AI37-05.13      AIN4-08.07 21210N4A  

DI2-R22B/331AUX-M108B           AI37-06.27      AIN3-08.07 21210N3A  

DI2-SL37A/331XS-108D            AI37-06.13      AIQ6-15.07 21210Q6A  AIQ6-12.07 21210Q6A  AIN4-05.07 21210N4A  AIKO-10.07 21210KOA  
                                                
DI4-SL37A/331BAL-108D           AI37-08.13      AIN1-04.07 21210N1A  

DI5-R22B/331XS-M108B            AI37-09.27      AIN3-05.07 21210N3A  

DI6-R22A/331SSL108A             AI37-10.13      AIKO-08.07 21210KOA  

DI6B-SL37/331SSL-207            AI37-10.27      AIL6-08.07 21210L6A  

DI7-R22A/331ZS406A              AI37-11.13      AIQ6-03.07 21210Q6A  AIL9-03.07 21210L9A  

DI7B-SL37/331SSL-110            AI37-11.27      AIK6-08.07 21210K6A  

DIR22A/                         AI37-04.13      AI51-05.07 2121051A  

DIR22B/                         AI37-04.27      AI51-06.07 2121051A  


D:\PROJECT\L2\P12\M10\2121037A.CAD Inputs
------------------------------

D:\PROJECT\L2\P12\M10\2121038A.CAD Outputs
------------------------------
     Description                Source               Destination(s)
DI1-R23A/331AL-M109             AI38-05.10      AIN5-02.07 21210N5A  

DI1-R23B/331AL-M110B            AI38-05.19      AIN7-06.07 21210N7A  

DI2-R23A/331AUX-M109            AI38-06.10      AIN6-08.07 21210N6A  AIN1-09.07 21210N1A  AIK4-10.07 21210K4A  

DI2-R23B/331AL-M110C            AI38-06.19      AIN7-08.07 21210N7A  

DI3-R23A/331BL-M109             AI38-07.10      AIN5-04.07 21210N5A  

DI3-R23B/331AL-M207B            AI38-07.19      AIP0-06.07 21210P0A  

DI4-R23A/331PC109               AI38-08.10      AIN5-10.07 21210N5A  AIK5-08.07 21210K5A  

DI4-R23B/331AL-M207C            AI38-08.19      AIP0-08.07 21210P0A  

DI5-R23A/331XS-M109             AI38-09.10      AIN6-06.07 21210N6A  

DI5-R23B/331CI419               AI38-09.19      AIM2-08.07 21210M2A  

DI6-R23A/331SSL109              AI38-10.10      AIK4-08.07 21210K4A  

DI6-SL38B/331XS-108f            AI38-10.19      AIK1-08.07 21210K1A  

DI7-R23A/331ZS406B              AI38-11.10      AIQ6-05.07 21210Q6A  AIL9-06.07 21210L9A  

DI7-SL38B/331AUX-108rf          AI38-11.19      AIK1-11.07 21210K1A  

DIR23A/                         AI38-04.10      AI51-06.07 2121051A  

DIR23B/                         AI38-04.19      AI51-07.07 2121051A  


D:\PROJECT\L2\P12\M10\2121038A.CAD Inputs
------------------------------

D:\PROJECT\L2\P12\M10\2121039A.CAD Outputs
------------------------------
     Description                Source               Destination(s)
DI1-R24A/331AUX-M205            AI39-05.13      AIO8-08.07 21210O8A  AIL4-10.07 21210L4A  

DI1-R24B/331AUX-M206            AI39-05.27      AIO9-08.07 21210O9A  AIL5-10.07 21210L5A  

DI2-R24A/331XS-M205             AI39-06.13      AIO8-06.07 21210O8A  

DI2-R24B/331XS-M206             AI39-06.27      AIO9-06.07 21210O9A  

DI3-R24A/331SSL205              AI39-07.13      AIL4-08.07 21210L4A  

DI3-R24B/331SSL206              AI39-07.27      AIL5-08.07 21210L5A  

DI4-R24A/331LSL416              AI39-08.13      AIN2-12.07 21210N2A  AIM0-08.07 21210M0A  

DI4-R24B/                       AI39-08.27      AIN0-08.07 21210N0A  

DI5-R24A/331TSH417A             AI39-09.13      AIN2-10.07 21210N2A  AIM1-09.07 21210M1A  

DI5-R24B/                       AI39-09.27      AIN0-10.07 21210N0A  

DI6-R24A/331TSH417B             AI39-10.13      AIN2-08.07 21210N2A  AIM1-12.07 21210M1A  

DI7-R24A/331ZS406C              AI39-11.13      AIQ6-08.07 21210Q6A  AIL9-09.07 21210L9A  

DIR24A/                         AI39-04.13      AI51-08.07 2121051A  

DIR24B/                         AI39-04.27      AI51-08.07 2121051A  


D:\PROJECT\L2\P12\M10\2121039A.CAD Inputs
------------------------------

D:\PROJECT\L2\P12\M10\2121040A.CAD Outputs
------------------------------
     Description                Source               Destination(s)
DI1-R25A/331AL-M203             AI40-05.13      AIO4-06.07 21210O4A  

DI1-R25B/331AL-M204             AI40-05.27      AIO6-06.07 21210O6A  

DI2-R25A/331AUX-M203            AI40-06.13      AIO5-08.07 21210O5A  AIL2-10.07 21210L2A  

DI2-R25B/331AUX-M204            AI40-06.27      AIO7-08.07 21210O7A  AIO4-12.07 21210O4A  AIL3-10.07 21210L3A  

DI3-R25A/331BL-M203             AI40-07.13      AIO4-08.07 21210O4A  

DI3-R25B/331BL-M204             AI40-07.27      AIO6-08.07 21210O6A  

DI4-R25A/331PC203               AI40-08.13      AIO4-10.07 21210O4A  

DI4-R25B/331PC204               AI40-08.27      AIO6-10.07 21210O6A  

DI5-R25A/331XS-M203             AI40-09.13      AIO5-06.07 21210O5A  

DI5-R25B/331XS-M204             AI40-09.27      AIO7-06.07 21210O7A  

DI6-R25A/331SSL203              AI40-10.13      AIL2-08.07 21210L2A  

DI6-R25B/331SSL204              AI40-10.27      AIL3-08.07 21210L3A  

DI7-R25A/331ZS406D              AI40-11.13      AIQ6-10.07 21210Q6A  AIL9-12.07 21210L9A  

DIR25A/                         AI40-04.13      AI51-09.07 2121051A  

DIR25B/                         AI40-04.27      AI51-09.07 2121051A  


D:\PROJECT\L2\P12\M10\2121040A.CAD Inputs
------------------------------

D:\PROJECT\L2\P12\M10\2121041A.CAD Outputs
------------------------------
     Description                Source               Destination(s)
DOR29A/                         AI41-15.12      AI51-10.07 2121051A  

DOR29B/                         AI41-15.27      AI51-11.07 2121051A  


D:\PROJECT\L2\P12\M10\2121041A.CAD Inputs
------------------------------
DO1-R29B/331MC-M203             AI41-05.21      AIO5-08.26 21210O5A  

DO2-R29B/331MC-M204             AI41-06.21      AIO7-08.26 21210O7A  

DO2-SL41A/331MC-M108B           AI41-06.06      AIN3-08.26 21210N3A  

DO3-SL41A/331MC-M108D           AI41-07.06      AIN4-08.26 21210N4A  

DO3B-SL41/331LE-M203            AI41-07.21      AIO5-05.26 21210O5A  

DO4-SL41A/331MC-R108B           AI41-08.06      AIN3-11.26 21210N3A  

DO4B-SL41/331LE-M204            AI41-08.21      AIO7-05.26 21210O7A  

DO5-R29A/331MC-M109             AI41-09.06      AIN6-08.26 21210N6A  

DO5-R29B/331FC-M106             AI41-09.21      AIN0-08.26 21210N0A  

DO6-R29B/331RC-M106             AI41-10.21      AIN0-10.26 21210N0A  

DO6A-SL41/331LE-M109            AI41-10.06      AIN6-05.26 21210N6A  

DO7-SL41A/331HS-108             AI41-11.06      AIK1-08.26 21210K1A  


D:\PROJECT\L2\P12\M10\2121042A.CAD Outputs
------------------------------
     Description                Source               Destination(s)
DOR30A/                         AI42-15.12      AI51-11.07 2121051A  

DOR30B/                         AI42-15.27      AI51-12.07 2121051A  


D:\PROJECT\L2\P12\M10\2121042A.CAD Inputs
------------------------------
DO1-R30A/331MC-M205             AI42-05.06      AIO8-08.26 21210O8A  

DO2-R30A/331MC-M206             AI42-06.06      AIO9-08.26 21210O9A  

DO3-R30A/331EV418A              AI42-07.06      AIQ7-02.26 21210Q7Q  

DO3-R30B/331EV418B              AI42-07.21      AIQ7-09.26 21210Q7Q  

DO4A-SL42/331LE-M205            AI42-08.06      AIO8-05.26 21210O8A  

DO5A-SL42/331LE-M206            AI42-09.06      AIO9-05.26 21210O9A  


D:\PROJECT\L2\P12\M10\2121044A.CAD Outputs
------------------------------
     Description                Source               Destination(s)
AI1-44/282AT-380                AI44-02.19      AI80-05.07 2121080A  

AI2-44/282AT-381                AI44-03.19      AI81-06.07 2121081A  

AI3-SL44/282CT-334              AI44-03.19      AI77-08.07 2121077A  

AI5-44/282AT-382                AI44-04.19      AI82-04.07 2121082A  

AI6-44/282FT-383                AI44-07.19      AI83-04.07 2121083A  

AI7-44/282TT-384                AI44-08.19      AI84-08.07 2121084A  

AI8-44/282AI-382C               AI44-08.19      AI82-10.07 2121082A  

AI9-44/282FT-387                AI44-09.19      AI87-08.07 2121087A  


D:\PROJECT\L2\P12\M10\2121044A.CAD Inputs
------------------------------

D:\PROJECT\L2\P12\M10\2121050A.CAD Outputs
------------------------------
     Description                Source               Destination(s)
A282FAI304                      AI50-05.28      AIC5-09.07 21210C5A  

A282SPT128-1                    AI50-06.28      AI74-06.07 2121074A  

D282MAN301-1                    AI50-07.12      AI74-09.07 2121074A  

D282TT1239                      AI50-05.12      AIC7-16.07 21210C7A  AIC3-08.07 21210C3A  

D282XA416-1                     AI50-08.12      AIC8-12.07 21210C8A  AIC3-15.07 21210C3A  

DI1-3A/282AUX-M301-1            AI50-10.12      AIC7-04.07 21210C7A  AIC5-04.07 21210C5A  

DI1-9B/282LSH211-1              AI50-11.12      AIO2-08.07 21210O2A  

DI2-9B/282LSH212-1              AI50-12.12      AIO2-15.07 21210O2A  

DI3-3A/282AUX-M306-1            AI50-09.12      AIC7-07.07 21210C7A  AIC5-02.07 21210C5A  AIB1-04.07 21210B1A  


D:\PROJECT\L2\P12\M10\2121050A.CAD Inputs
------------------------------

D:\PROJECT\L2\P12\M10\2121051A.CAD Outputs
------------------------------
     Description                Source               Destination(s)

D:\PROJECT\L2\P12\M10\2121051A.CAD Inputs
------------------------------
AI1R-SL36A                      AI51-12.07      AI36-00.15 2121036A  

DIR22A/                         AI51-05.07      AI37-04.13 2121037A  

DIR22B/                         AI51-06.07      AI37-04.27 2121037A  

DIR23A/                         AI51-06.07      AI38-04.10 2121038A  

DIR23B/                         AI51-07.07      AI38-04.19 2121038A  

DIR24A/                         AI51-08.07      AI39-04.13 2121039A  

DIR24B/                         AI51-08.07      AI39-04.27 2121039A  

DIR25A/                         AI51-09.07      AI40-04.13 2121040A  

DIR25B/                         AI51-09.07      AI40-04.27 2121040A  

DOR29A/                         AI51-10.07      AI41-15.12 2121041A  

DOR29B/                         AI51-11.07      AI41-15.27 2121041A  

DOR30A/                         AI51-11.07      AI42-15.12 2121042A  

DOR30B/                         AI51-12.07      AI42-15.27 2121042A  


D:\PROJECT\L2\P12\M10\2121059A.CAD Outputs
------------------------------
     Description                Source               Destination(s)
NO.2 LUBE OIL PRESS L/L         AI59-08.26      AII7-06.07 21210I7A  


D:\PROJECT\L2\P12\M10\2121059A.CAD Inputs
------------------------------
DI7-29B/281PALL969              AI59-07.07      AI29-11.27 2121029A  


D:\PROJECT\L2\P12\M10\2121060A.CAD Outputs
------------------------------
     Description                Source               Destination(s)

D:\PROJECT\L2\P12\M10\2121060A.CAD Inputs
------------------------------
DI7-26B/281TAHH970A             AI60-06.07      AI26-11.27 2121026A  

DI7-27B/281TAHH970B             AI60-12.07      AI27-11.27 2121027A  


D:\PROJECT\L2\P12\M10\2121061A.CAD Outputs
------------------------------
     Description                Source               Destination(s)

D:\PROJECT\L2\P12\M10\2121061A.CAD Inputs
------------------------------
AI3-35/281TI970A                AI61-06.07      AI35-03.19 2121035A  

AI4-35/281TI970B                AI61-09.07      AI35-04.19 2121035A  


D:\PROJECT\L2\P12\M10\2121062A.CAD Outputs
------------------------------
     Description                Source               Destination(s)

D:\PROJECT\L2\P12\M10\2121062A.CAD Inputs
------------------------------
DI3-25A/281TSH971A              AI62-03.07      AI25-07.13 2121025A  

DI4-25A/281TSH971B              AI62-07.07      AI25-08.13 2121025A  

DI5-25A/281TSH971C              AI62-11.07      AI25-09.13 2121025A  


D:\PROJECT\L2\P12\M10\2121063A.CAD Outputs
------------------------------
     Description                Source               Destination(s)
281TI-972A HIGH                 AI63-03.26      AII7-14.07 21210I7A  

281TI-972B HIGH                 AI63-09.26      AII7-14.07 21210I7A  


D:\PROJECT\L2\P12\M10\2121063A.CAD Inputs
------------------------------
AI6-35/281TT-972A               AI63-03.07      AI35-07.19 2121035A  

AI7-35/281TT-972B               AI63-09.07      AI35-08.19 2121035A  

DI4-28A/281TAHH972A             AI63-05.07      AI28-08.13 2121028A  

DI5-28A/281TAHH972B             AI63-07.07      AI28-09.13 2121028A  


D:\PROJECT\L2\P12\M10\2121064A.CAD Outputs
------------------------------
     Description                Source               Destination(s)

D:\PROJECT\L2\P12\M10\2121064A.CAD Inputs
------------------------------
DI1-28B/281TSH973B              AI64-05.07      AI28-05.27 2121028A  

DI2-28B/281TSH973C              AI64-07.07      AI28-06.27 2121028A  

DI7-28A/281TSH973A              AI64-03.07      AI28-11.13 2121028A  


D:\PROJECT\L2\P12\M10\2121065A.CAD Outputs
------------------------------
     Description                Source               Destination(s)
NO.1 LUBE OIL PRESS L/L         AI65-09.26      AII6-06.07 21210I6A  


D:\PROJECT\L2\P12\M10\2121065A.CAD Inputs
------------------------------
DI7-27A/281PALL979              AI65-07.07      AI27-11.13 2121027A  


D:\PROJECT\L2\P12\M10\2121066A.CAD Outputs
------------------------------
     Description                Source               Destination(s)
281TI-986A HIGH                 AI66-05.26      AII6-14.07 21210I6A  

281TI-986B HIGH                 AI66-09.26      AII6-14.07 21210I6A  

281TI-986C HIGH                 AI66-13.26      AII6-15.07 21210I6A  


D:\PROJECT\L2\P12\M10\2121066A.CAD Inputs
------------------------------
AI10-35/281TT-986C              AI66-13.07      AI35-09.19 2121035A  

AI8-35/281TT-986A               AI66-05.07      AI35-08.19 2121035A  

AI9-35/281TT-986B               AI66-09.07      AI35-09.19 2121035A  

DI1-21A/281TAHH986A             AI66-03.07      AI21-05.13 2121021A  

DI2-21A/281TAHH986B             AI66-07.07      AI21-06.13 2121021A  

DI2-21B/281TAHH986C             AI66-11.07      AI21-06.27 2121021A  


D:\PROJECT\L2\P12\M10\2121067A.CAD Outputs
------------------------------
     Description                Source               Destination(s)
281TI-987A HIGH                 AI67-05.26      AII7-15.07 21210I7A  

281TI-987B HIGH                 AI67-09.26      AII7-15.07 21210I7A  

281TI-987C HIGH                 AI67-13.26      AII7-15.07 21210I7A  


D:\PROJECT\L2\P12\M10\2121067A.CAD Inputs
------------------------------
AI11-35/281TT-987A              AI67-05.07      AI35-12.19 2121035A  

AI12-35/281TT-987B              AI67-09.07      AI35-13.19 2121035A  

AI13-35/281TT-987C              AI67-13.07      AI35-13.19 2121035A  

DI1-28A/281TAHH-987A            AI67-03.07      AI28-05.13 2121028A  

DI2-28A/281TAHH-987B            AI67-07.07      AI28-06.13 2121028A  

DI3-28A/281TAHH-987C            AI67-11.07      AI28-07.13 2121028A  


D:\PROJECT\L2\P12\M10\2121069A.CAD Outputs
------------------------------
     Description                Source               Destination(s)

D:\PROJECT\L2\P12\M10\2121069A.CAD Inputs
------------------------------
DI6-24B/282PSHH114              AI69-08.07      AI24-10.22 2121024A  


D:\PROJECT\L2\P12\M10\2121070A.CAD Outputs
------------------------------
     Description                Source               Destination(s)
282LAL-115_TIMER                AI70-07.26      AIZ0-15.07 21210Z0A  

LEVEL LOW                       AI70-06.26      AIC3-11.07 21210C3A  


D:\PROJECT\L2\P12\M10\2121070A.CAD Inputs
------------------------------
DI4-29B/282LSL115               AI70-08.07      AI29-08.27 2121029A  


D:\PROJECT\L2\P12\M10\2121071A.CAD Outputs
------------------------------
     Description                Source               Destination(s)
DO3B-SL31/282HS126 OPEN         AI71-11.26      AI31-07.21 2121031A  

DO5B-SL31/282HS126 CLOSE        AI71-08.26      AI31-09.21 2121031A  


D:\PROJECT\L2\P12\M10\2121071A.CAD Inputs
------------------------------
AI5-SL35/282WI126               AI71-08.07      AI35-04.19 2121035A  


D:\PROJECT\L2\P12\M10\2121072A.CAD Outputs
------------------------------
     Description                Source               Destination(s)
282PI-128                       AI72-06.26      AI74-08.07 2121074A  

282PI-128 HI-LOW ALARM          AI72-02.26      AIZ0-14.07 21210Z0A  


D:\PROJECT\L2\P12\M10\2121072A.CAD Inputs
------------------------------
AI12-9/282PT128                 AI72-07.07      AI09-13.20 2121009A  


D:\PROJECT\L2\P12\M10\2121074A.CAD Outputs
------------------------------
     Description                Source               Destination(s)
282PI-128 ALARM                 AI74-05.26      AIZ0-08.07 21210Z0A  

A282CO1148                      AI74-08.26      AIA4-06.07 21210A4A  

D282AUT148                      AI74-09.26      AI74-11.07 2121074A  


D:\PROJECT\L2\P12\M10\2121074A.CAD Inputs
------------------------------
282PI-128                       AI74-08.07      AI72-06.26 2121072A  

A282FAI405                      AI74-10.07      AIA2-07.26 21210A2A  

A282SPT128-1                    AI74-06.07      AI50-06.28 2121050A  

D282AUT148                      AI74-11.07      AI74-09.26 2121074A  

D282AUT405                      AI74-14.07      AIA4-11.26 21210A4A  

D282AUX42X                      AI74-13.07      AID2-04.26 21210D2A  

D282IND405                      AI74-17.07      AIA4-14.26 21210A4A  

D282INI405                      AI74-15.07      AIA4-13.26 21210A4A  

D282MAN301-1                    AI74-09.07      AI50-07.12 2121050A  


D:\PROJECT\L2\P12\M10\2121075A.CAD Outputs
------------------------------
     Description                Source               Destination(s)

D:\PROJECT\L2\P12\M10\2121075A.CAD Inputs
------------------------------
DI4-24B/282PSH318               AI75-08.07      AI24-08.22 2121024A  


D:\PROJECT\L2\P12\M10\2121076A.CAD Outputs
------------------------------
     Description                Source               Destination(s)

D:\PROJECT\L2\P12\M10\2121076A.CAD Inputs
------------------------------
DI7-24B/282PSL321               AI76-08.07      AI24-11.22 2121024A  


D:\PROJECT\L2\P12\M10\2121077A.CAD Outputs
------------------------------
     Description                Source               Destination(s)

D:\PROJECT\L2\P12\M10\2121077A.CAD Inputs
------------------------------
AI3-SL44/282CT-334              AI77-08.07      AI44-03.19 2121044A  


D:\PROJECT\L2\P12\M10\2121078A.CAD Outputs
------------------------------
     Description                Source               Destination(s)

D:\PROJECT\L2\P12\M10\2121078A.CAD Inputs
------------------------------
AI14-35/282CT-335               AI78-08.07      AI35-14.19 2121035A  


D:\PROJECT\L2\P12\M10\2121079A.CAD Outputs
------------------------------
     Description                Source               Destination(s)

D:\PROJECT\L2\P12\M10\2121079A.CAD Inputs
------------------------------
AI15-35/282CT-336               AI79-08.07      AI35-14.19 2121035A  


D:\PROJECT\L2\P12\M10\2121080A.CAD Outputs
------------------------------
     Description                Source               Destination(s)
282AI-380 HIGH                  AI80-00.26      AIZ0-13.07 21210Z0A  

282AI-381                       AI80-07.26      AI81-08.07 2121081A  


D:\PROJECT\L2\P12\M10\2121080A.CAD Inputs
------------------------------
282FI-386 FLOW                  AI80-17.07      AI86-08.26 2121086A  

AI1-44/282AT-380                AI80-05.07      AI44-02.19 2121044A  

CAPTURE1210                     AI80-15.07      AI00-15.26 2121000A  

RESET1210                       AI80-14.07      AI00-13.26 2121000A  


D:\PROJECT\L2\P12\M10\2121081A.CAD Outputs
------------------------------
     Description                Source               Destination(s)
282AI-381 HIGH                  AI81-01.26      AIZ0-10.07 21210Z0A  


D:\PROJECT\L2\P12\M10\2121081A.CAD Inputs
------------------------------
282AI-381                       AI81-08.07      AI80-07.26 2121080A  

282FI-386 FLOW                  AI81-14.07      AI86-08.26 2121086A  

AI2-44/282AT-381                AI81-06.07      AI44-03.19 2121044A  

CAPTURE1210                     AI81-13.07      AI00-15.26 2121000A  

RESET1210                       AI81-11.07      AI00-13.26 2121000A  


D:\PROJECT\L2\P12\M10\2121082A.CAD Outputs
------------------------------
     Description                Source               Destination(s)
% OPACITY                       AI82-03.26      AI85-07.07 2121085A  

282AI-382 HIGH                  AI82-05.26      AIZ0-11.07 21210Z0A  


D:\PROJECT\L2\P12\M10\2121082A.CAD Inputs
------------------------------
AI5-44/282AT-382                AI82-04.07      AI44-04.19 2121044A  

AI8-44/282AI-382C               AI82-10.07      AI44-08.19 2121044A  

CAPTURE1210                     AI82-07.07      AI00-15.26 2121000A  

RESET1210                       AI82-06.07      AI00-13.26 2121000A  


D:\PROJECT\L2\P12\M10\2121083A.CAD Outputs
------------------------------
     Description                Source               Destination(s)
282FI-383C FLOW                 AI83-07.30      AI85-10.07 2121085A  


D:\PROJECT\L2\P12\M10\2121083A.CAD Inputs
------------------------------
AI6-44/282FT-383                AI83-04.07      AI44-07.19 2121044A  

CAPTURE1210                     AI83-15.07      AI00-15.26 2121000A  

COMMON STACK 282-384            AI83-06.07      AI84-05.26 2121084A  

RESET1210                       AI83-13.07      AI00-13.26 2121000A  


D:\PROJECT\L2\P12\M10\2121084A.CAD Outputs
------------------------------
     Description                Source               Destination(s)
COMMON STACK 282-384            AI84-05.26      AI83-06.07 2121083A  


D:\PROJECT\L2\P12\M10\2121084A.CAD Inputs
------------------------------
AI7-44/282TT-384                AI84-08.07      AI44-08.19 2121044A  


D:\PROJECT\L2\P12\M10\2121085A.CAD Outputs
------------------------------
     Description                Source               Destination(s)
282AI-385 HIGH                  AI85-05.26      AIZ0-12.07 21210Z0A  


D:\PROJECT\L2\P12\M10\2121085A.CAD Inputs
------------------------------
% OPACITY                       AI85-07.07      AI82-03.26 2121082A  

282FI-383C FLOW                 AI85-10.07      AI83-07.30 2121083A  

CAPTURE1210                     AI85-13.07      AI00-15.26 2121000A  

RESET1210                       AI85-11.07      AI00-13.26 2121000A  


D:\PROJECT\L2\P12\M10\2121086A.CAD Outputs
------------------------------
     Description                Source               Destination(s)
282FI-386 FLOW                  AI86-08.26      AI81-14.07 2121081A  AI80-17.07 2121080A  


D:\PROJECT\L2\P12\M10\2121086A.CAD Inputs
------------------------------
CAPTURE1210                     AI86-13.07      AI00-15.26 2121000A  

RESET1210                       AI86-11.07      AI00-13.26 2121000A  


D:\PROJECT\L2\P12\M10\2121087A.CAD Outputs
------------------------------
     Description                Source               Destination(s)

D:\PROJECT\L2\P12\M10\2121087A.CAD Inputs
------------------------------
AI9-44/282FT-387                AI87-08.07      AI44-09.19 2121044A  

CAPTURE1210                     AI87-12.07      AI00-15.26 2121000A  

RESET1210                       AI87-11.07      AI00-13.26 2121000A  


D:\PROJECT\L2\P12\M10\2121098A.CAD Outputs
------------------------------
     Description                Source               Destination(s)
282PI-401                       AI98-02.26      AIH2-04.07 21210H2A  AIH0-04.07 21210H0A  

AO1-6/282PV401                  AI98-09.26      AI06-04.05 2121006A  


D:\PROJECT\L2\P12\M10\2121098A.CAD Inputs
------------------------------
AI1-8/282PT401                  AI98-09.07      AI08-02.20 2121008A  

DI3-20A/282AUX-M401             AI98-15.07      AI20-07.13 2121020A  

DI4-20A/282AUX-M402             AI98-17.07      AI20-08.13 2121020A  

FB1-6/282PV401                  AI98-12.07      AI06-05.05 2121006A  


D:\PROJECT\L2\P12\M10\2121099A.CAD Outputs
------------------------------
     Description                Source               Destination(s)
282PI-402                       AI99-02.26      AIH6-04.07 21210H6A  AIH4-04.07 21210H4A  

AO2-6/282PV402                  AI99-09.26      AI06-05.05 2121006A  


D:\PROJECT\L2\P12\M10\2121099A.CAD Inputs
------------------------------
AI2-8/282PT402                  AI99-09.07      AI08-03.20 2121008A  

DI5-20A/282AUX-M403             AI99-15.07      AI20-09.13 2121020A  

DI6-20A/282AUX-M404             AI99-17.07      AI20-10.13 2121020A  

FB2-6/282PV402                  AI99-12.07      AI06-06.05 2121006A  


D:\PROJECT\L2\P12\M10\21210A1A.CAD Outputs
------------------------------
     Description                Source               Destination(s)
282FI-404                       AIA1-13.26      AIA2-11.07 21210A2A  


D:\PROJECT\L2\P12\M10\21210A1A.CAD Inputs
------------------------------
AI1-9/282FT403                  AIA1-08.07      AI09-02.20 2121009A  

AI2-9/282FT404                  AIA1-11.07      AI09-03.20 2121009A  

CAPTURE1210                     AIA1-01.07      AI00-15.26 2121000A  

RESET1210                       AIA1-05.07      AI00-13.26 2121000A  

RESET1210                       AIA1-09.07      AI00-13.26 2121000A  


D:\PROJECT\L2\P12\M10\21210A2A.CAD Outputs
------------------------------
     Description                Source               Destination(s)
A282FAI405                      AIA2-07.26      AIA4-08.07 21210A4A  AIA3-07.07 21210A3A  AI74-10.07 2121074A  

FT405 FLOW                      AIA2-04.26      AIF2-06.07 21210F2A  


D:\PROJECT\L2\P12\M10\21210A2A.CAD Inputs
------------------------------
282FI-404                       AIA2-11.07      AIA1-13.26 21210A1A  

AI3-9/282FT405                  AIA2-08.07      AI09-04.20 2121009A  


D:\PROJECT\L2\P12\M10\21210A3A.CAD Outputs
------------------------------
     Description                Source               Destination(s)

D:\PROJECT\L2\P12\M10\21210A3A.CAD Inputs
------------------------------
A282FAI405                      AIA3-07.07      AIA2-07.26 21210A2A  

CAPTURE1210                     AIA3-17.07      AI00-15.26 2121000A  

RESET1210                       AIA3-15.07      AI00-13.26 2121000A  


D:\PROJECT\L2\P12\M10\21210A4A.CAD Outputs
------------------------------
     Description                Source               Destination(s)
A282CO1405                      AIA4-08.26      AIE7-04.07 21210E7A  AIE5-04.07 21210E5A  AIE3-04.07 21210E3A  AIE1-04.07 21210E1A  
                                                AID9-05.07 21210D9A  AID4-05.07 21210D4A  

D282AUT405                      AIA4-11.26      AI74-14.07 2121074A  

D282IND405                      AIA4-14.26      AI74-17.07 2121074A  

D282INI405                      AIA4-13.26      AI74-15.07 2121074A  


D:\PROJECT\L2\P12\M10\21210A4A.CAD Inputs
------------------------------
A282CO1148                      AIA4-06.07      AI74-08.26 2121074A  

A282FAI405                      AIA4-08.07      AIA2-07.26 21210A2A  

A282FB405                       AIA4-09.07      AIA5-08.26 21210A5A  

D282MAN421                      AIA4-13.07      AID4-12.26 21210D4A  

D282MAN422                      AIA4-14.07      AID9-12.26 21210D9A  

D282MAN423                      AIA4-14.07      AIE1-11.26 21210E1A  

D282MAN424                      AIA4-15.07      AIE3-11.26 21210E3A  

D282MAN425                      AIA4-16.07      AIE5-11.26 21210E5A  

D282MAN426                      AIA4-16.07      AIE7-11.26 21210E7A  


D:\PROJECT\L2\P12\M10\21210A5A.CAD Outputs
------------------------------
     Description                Source               Destination(s)
A282FB405                       AIA5-08.26      AIA4-09.07 21210A4A  


D:\PROJECT\L2\P12\M10\21210A5A.CAD Inputs
------------------------------
DI3-18A/282AUX422               AIA5-06.07      AI18-07.13 2121018A  

DI3-19A/282AUX425               AIA5-12.07      AI19-07.13 2121019A  

DI4-17B/282AUX421               AIA5-05.07      AI17-08.27 2121017A  

DI4-18B/282AUX424               AIA5-10.07      AI18-08.27 2121018A  

DI7-18A/282AUX423               AIA5-08.07      AI18-11.13 2121018A  

DI7-19A/282AUX426               AIA5-14.07      AI19-11.13 2121019A  


D:\PROJECT\L2\P12\M10\21210A6A.CAD Outputs
------------------------------
     Description                Source               Destination(s)
AO6-7/282LV407                  AIA6-08.26      AI07-10.05 2121007A  


D:\PROJECT\L2\P12\M10\21210A6A.CAD Inputs
------------------------------
AI5-9/282LT407                  AIA6-08.07      AI09-06.20 2121009A  

FB6-7/282LV407                  AIA6-10.07      AI07-11.05 2121007A  


D:\PROJECT\L2\P12\M10\21210A7A.CAD Outputs
------------------------------
     Description                Source               Destination(s)
D282XA409                       AIA7-14.26      AII0-15.07 21210I0A  AIH9-15.07 21210H9A  AIH8-16.07 21210H8A  AIH7-13.07 21210H7A  
                                                AIH6-16.07 21210H6A  AIH5-11.07 21210H5A  AIH4-16.07 21210H4A  AIH3-13.07 21210H3A  
                                                AIH2-16.07 21210H2A  AIH1-16.07 21210H1A  AIH0-16.07 21210H0A  AIC8-10.07 21210C8A  
                                                AIC3-15.07 21210C3A  AIA8-12.07 21210A8A  

DO6-2B/282ESP411                AIA7-02.26      AI02-10.21 2121002A  

DO6-3B/282ESP414                AIA7-08.26      AI03-10.21 2121003A  

DO7-2B/282ESP412                AIA7-04.26      AI02-11.21 2121002A  

DO7-3B/282ESP415                AIA7-10.26      AI03-11.21 2121003A  

DO8-2B/282ESP413                AIA7-06.26      AI02-12.21 2121002A  


D:\PROJECT\L2\P12\M10\21210A7A.CAD Inputs
------------------------------
DI5-19B/282HS409                AIA7-17.07      AI19-09.27 2121019A  


D:\PROJECT\L2\P12\M10\21210A8A.CAD Outputs
------------------------------
     Description                Source               Destination(s)
DO2-5B/282ESP422                AIA8-04.26      AI05-06.21 2121005A  

DO4-5B/282ESP423                AIA8-06.26      AI05-08.21 2121005A  

DO5-5B/282ESP424                AIA8-08.26      AI05-09.21 2121005A  

DO6-5B/282ESP425                AIA8-10.26      AI05-10.21 2121005A  

DO7-5B/282ESP426                AIA8-12.26      AI05-11.21 2121005A  

DO8-3B/282ESP421                AIA8-02.26      AI03-12.21 2121003A  


D:\PROJECT\L2\P12\M10\21210A8A.CAD Inputs
------------------------------
D282XA409                       AIA8-12.07      AIA7-14.26 21210A7A  


D:\PROJECT\L2\P12\M10\21210A9A.CAD Outputs
------------------------------
     Description                Source               Destination(s)
D282AUX141X                     AIA9-04.26      AIC6-11.07 21210C6A  


D:\PROJECT\L2\P12\M10\21210A9A.CAD Inputs
------------------------------
DI2-16A/282AUX1411              AIA9-02.07      AI16-06.13 2121016A  

DI2-17A/282AUX1414              AIA9-08.07      AI17-06.13 2121017A  

DI3-16B/282AUX1413              AIA9-06.07      AI16-07.27 2121016A  

DI6-16A/282AUX1412              AIA9-04.07      AI16-10.13 2121016A  

DI6-17A/282AUX1415              AIA9-10.07      AI17-10.13 2121017A  


D:\PROJECT\L2\P12\M10\21210B0A.CAD Outputs
------------------------------
     Description                Source               Destination(s)
D282AUX41X                      AIB0-04.26      AIB1-10.07 21210B1A  


D:\PROJECT\L2\P12\M10\21210B0A.CAD Inputs
------------------------------
DI3-16A/282AUX411               AIB0-02.07      AI16-07.13 2121016A  

DI3-17A/282AUX414               AIB0-08.07      AI17-07.13 2121017A  

DI4-16B/282AUX413               AIB0-06.07      AI16-08.27 2121016A  

DI7-16A/282AUX412               AIB0-04.07      AI16-11.13 2121016A  

DI7-17A/282AUX415               AIB0-10.07      AI17-11.13 2121017A  


D:\PROJECT\L2\P12\M10\21210B1A.CAD Outputs
------------------------------
     Description                Source               Destination(s)
D282TA4239-1                    AIB1-16.26      AIC5-11.07 21210C5A  

D282XC42X                       AIB1-14.26      AIB2-10.07 21210B2A  

DO1-1B/282XC412                 AIB1-06.26      AI01-05.21 2121001A  

DO1-2B/282XC415                 AIB1-12.26      AI02-05.21 2121002A  

DO4-1A/282XC411                 AIB1-04.26      AI01-08.06 2121001A  

DO4-2A/282XC414                 AIB1-10.26      AI02-08.06 2121002A  

DO5-1B/282XC413                 AIB1-08.26      AI01-09.21 2121001A  


D:\PROJECT\L2\P12\M10\21210B1A.CAD Inputs
------------------------------
D282AUX41X                      AIB1-10.07      AIB0-04.26 21210B0A  

D282AUX42X                      AIB1-12.07      AID2-04.26 21210D2A  

D282XA2416                      AIB1-02.07      AIC4-08.26 21210C4A  

D282XA5416                      AIB1-14.07      AIC6-05.26 21210C6A  

DI3-3A/282AUX-M306-1            AIB1-04.07      AI50-09.12 2121050A  


D:\PROJECT\L2\P12\M10\21210B2A.CAD Outputs
------------------------------
     Description                Source               Destination(s)
DO1-3B/282XC423                 AIB2-08.26      AI03-05.21 2121003A  

DO1-4B/282XC426                 AIB2-14.26      AI04-05.21 2121004A  

DO4-3A/282XC422                 AIB2-06.26      AI03-08.06 2121003A  

DO4-4A/282XC425                 AIB2-12.26      AI04-08.06 2121004A  

DO5-2B/282XC421                 AIB2-04.26      AI02-09.21 2121002A  

DO5-3B/282XC424                 AIB2-10.26      AI03-09.21 2121003A  


D:\PROJECT\L2\P12\M10\21210B2A.CAD Inputs
------------------------------
D282XC42X                       AIB2-10.07      AIB1-14.26 21210B1A  


D:\PROJECT\L2\P12\M10\21210B3A.CAD Outputs
------------------------------
     Description                Source               Destination(s)
D282LE411                       AIB3-06.26      AIB4-09.07 21210B4A  

DO1-1A/282MC411                 AIB3-08.26      AI01-05.06 2121001A  

DO2-1A/282MC1411                AIB3-11.26      AI01-06.06 2121001A  

DO3-1A/282LE411                 AIB3-05.26      AI01-07.06 2121001A  


D:\PROJECT\L2\P12\M10\21210B3A.CAD Inputs
------------------------------
DI1-16A/282PA411                AIB3-16.07      AI16-05.13 2121016A  

DI3-16A/282AUX411               AIB3-08.07      AI16-07.13 2121016A  

DI4-16A/282XS411                AIB3-05.07      AI16-08.13 2121016A  


D:\PROJECT\L2\P12\M10\21210B4A.CAD Outputs
------------------------------
     Description                Source               Destination(s)
AO3-6/282HY411                  AIB4-07.26      AI06-06.05 2121006A  


D:\PROJECT\L2\P12\M10\21210B4A.CAD Inputs
------------------------------
AI1-10/282BT411                 AIB4-02.07      AI10-02.20 2121010A  

AI3-8/282HT411                  AIB4-05.07      AI08-04.20 2121008A  

D282LE411                       AIB4-09.07      AIB3-06.26 21210B3A  

DI3-16A/282AUX411               AIB4-13.07      AI16-07.13 2121016A  

DI7-16B/282XI411                AIB4-16.07      AI16-11.27 2121016A  

FB3-6/282HY411                  AIB4-10.07      AI06-07.05 2121006A  


D:\PROJECT\L2\P12\M10\21210B5A.CAD Outputs
------------------------------
     Description                Source               Destination(s)
D282LE412                       AIB5-06.26      AIB6-09.07 21210B6A  

DO5-1A/282MC412                 AIB5-08.26      AI01-09.06 2121001A  

DO6-1A/282MC1412                AIB5-11.26      AI01-10.06 2121001A  

DO7-1A/282LE412                 AIB5-05.26      AI01-11.06 2121001A  


D:\PROJECT\L2\P12\M10\21210B5A.CAD Inputs
------------------------------
DI1-16B/282XS412                AIB5-05.07      AI16-05.27 2121016A  

DI5-16A/282PA412                AIB5-16.07      AI16-09.13 2121016A  

DI7-16A/282AUX412               AIB5-08.07      AI16-11.13 2121016A  


D:\PROJECT\L2\P12\M10\21210B6A.CAD Outputs
------------------------------
     Description                Source               Destination(s)
AO4-6/282HY412                  AIB6-07.26      AI06-08.05 2121006A  


D:\PROJECT\L2\P12\M10\21210B6A.CAD Inputs
------------------------------
AI2-10/282BT412                 AIB6-02.07      AI10-03.20 2121010A  

AI4-8/282HT412                  AIB6-05.07      AI08-05.20 2121008A  

D282LE412                       AIB6-09.07      AIB5-06.26 21210B5A  

DI6-17B/282XI412                AIB6-16.07      AI17-10.27 2121017A  

DI7-16A/282AUX412               AIB6-13.07      AI16-11.13 2121016A  

FB4-6/282HY412                  AIB6-10.07      AI06-08.05 2121006A  


D:\PROJECT\L2\P12\M10\21210B7A.CAD Outputs
------------------------------
     Description                Source               Destination(s)
D282LE413                       AIB7-06.26      AIB8-09.07 21210B8A  

DO2-1B/282MC413                 AIB7-08.26      AI01-06.21 2121001A  

DO3-1B/282MC1413                AIB7-11.26      AI01-07.21 2121001A  

DO4-1B/282LE413                 AIB7-05.26      AI01-08.21 2121001A  


D:\PROJECT\L2\P12\M10\21210B7A.CAD Inputs
------------------------------
DI2-16B/282PA413                AIB7-16.07      AI16-06.27 2121016A  

DI4-16B/282AUX413               AIB7-08.07      AI16-08.27 2121016A  

DI5-16B/282XS413                AIB7-05.07      AI16-09.27 2121016A  


D:\PROJECT\L2\P12\M10\21210B8A.CAD Outputs
------------------------------
     Description                Source               Destination(s)
AO5-6/282HY413                  AIB8-07.26      AI06-09.05 2121006A  


D:\PROJECT\L2\P12\M10\21210B8A.CAD Inputs
------------------------------
AI3-10/282BT413                 AIB8-02.07      AI10-04.20 2121010A  

AI5-8/282HT413                  AIB8-05.07      AI08-06.20 2121008A  

D282LE413                       AIB8-09.07      AIB7-06.26 21210B7A  

DI4-16B/282AUX413               AIB8-13.07      AI16-08.27 2121016A  

DI7-17B/282XI413                AIB8-16.07      AI17-11.27 2121017A  

FB5-6/282HY413                  AIB8-10.07      AI06-09.05 2121006A  


D:\PROJECT\L2\P12\M10\21210B9A.CAD Outputs
------------------------------
     Description                Source               Destination(s)
D282LE414                       AIB9-06.26      AIC0-09.07 21210C0A  

DO1-2A/282MC414                 AIB9-08.26      AI02-05.06 2121002A  

DO2-2A/282MC1414                AIB9-11.26      AI02-06.06 2121002A  

DO3-2A/282LE414                 AIB9-05.26      AI02-07.06 2121002A  


D:\PROJECT\L2\P12\M10\21210B9A.CAD Inputs
------------------------------
DI1-17A/282PA414                AIB9-16.07      AI17-05.13 2121017A  

DI3-17A/282AUX414               AIB9-08.07      AI17-07.13 2121017A  

DI4-17A/282XS414                AIB9-05.07      AI17-08.13 2121017A  


D:\PROJECT\L2\P12\M10\21210C0A.CAD Outputs
------------------------------
     Description                Source               Destination(s)
AO6-6/282HY414                  AIC0-07.26      AI06-10.05 2121006A  


D:\PROJECT\L2\P12\M10\21210C0A.CAD Inputs
------------------------------
AI4-10/282BT414                 AIC0-02.07      AI10-05.20 2121010A  

AI6-8/282HT414                  AIC0-05.07      AI08-07.20 2121008A  

D282LE414                       AIC0-09.07      AIB9-06.26 21210B9A  

DI3-17A/282AUX414               AIC0-13.07      AI17-07.13 2121017A  

DI6-18B/282XI414                AIC0-16.07      AI18-10.27 2121018A  

FB6-6/282HY414                  AIC0-10.07      AI06-11.05 2121006A  


D:\PROJECT\L2\P12\M10\21210C1A.CAD Outputs
------------------------------
     Description                Source               Destination(s)
D282LE415                       AIC1-06.26      AIC2-09.07 21210C2A  

DO5-2A/282MC415                 AIC1-08.26      AI02-09.06 2121002A  

DO6-2A/282MC1415                AIC1-11.26      AI02-10.06 2121002A  

DO7-2A/282LE415                 AIC1-05.26      AI02-11.06 2121002A  


D:\PROJECT\L2\P12\M10\21210C1A.CAD Inputs
------------------------------
DI1-17B/282XS415                AIC1-05.07      AI17-05.27 2121017A  

DI5-17A/282PA415                AIC1-16.07      AI17-09.13 2121017A  

DI7-17A/282AUX415               AIC1-08.07      AI17-11.13 2121017A  


D:\PROJECT\L2\P12\M10\21210C2A.CAD Outputs
------------------------------
     Description                Source               Destination(s)
AO7-6/282HY415                  AIC2-07.26      AI06-11.05 2121006A  


D:\PROJECT\L2\P12\M10\21210C2A.CAD Inputs
------------------------------
AI5-10/282BT415                 AIC2-02.07      AI10-06.20 2121010A  

AI7-8/282HT415                  AIC2-05.07      AI08-08.20 2121008A  

D282LE415                       AIC2-09.07      AIC1-06.26 21210C1A  

DI7-17A/282AUX415               AIC2-13.07      AI17-11.13 2121017A  

DI7-18B/282XI415                AIC2-16.07      AI18-11.27 2121018A  

FB7-6/282HY415                  AIC2-10.07      AI06-12.05 2121006A  


D:\PROJECT\L2\P12\M10\21210C3A.CAD Outputs
------------------------------
     Description                Source               Destination(s)
D282LAL115                      AIC3-12.26      AIC8-06.07 21210C8A  

D282PAH128                      AIC3-10.26      AIC7-15.07 21210C7A  

D282PAH318                      AIC3-01.26      AIC8-04.07 21210C8A  

D282XA1416                      AIC3-08.26      AIC4-11.07 21210C4A  


D:\PROJECT\L2\P12\M10\21210C3A.CAD Inputs
------------------------------
AI12-9/282PT128                 AIC3-07.07      AI09-13.20 2121009A  

D282TT1239                      AIC3-08.07      AI50-05.12 2121050A  

D282XA409                       AIC3-15.07      AIA7-14.26 21210A7A  

D282XA416-1                     AIC3-15.07      AI50-08.12 2121050A  

DI1-22B/282TSH118               AIC3-03.07      AI22-05.27 2121022A  

DI2-22B/282TSH119               AIC3-04.07      AI22-06.27 2121022A  

DI3-22B/282TSH124               AIC3-05.07      AI22-07.27 2121022A  

DI4-24B/282PSH318               AIC3-01.07      AI24-08.22 2121024A  

DI6-24B/282PSHH114              AIC3-17.07      AI24-10.22 2121024A  

LEVEL LOW                       AIC3-11.07      AI70-06.26 2121070A  


D:\PROJECT\L2\P12\M10\21210C4A.CAD Outputs
------------------------------
     Description                Source               Destination(s)
D282HS416A                      AIC4-10.26      AIC8-01.07 21210C8A  AIC7-01.07 21210C7A  

D282XA2416                      AIC4-08.26      AIC7-02.07 21210C7A  AIC5-06.07 21210C5A  AIB1-02.07 21210B1A  


D:\PROJECT\L2\P12\M10\21210C4A.CAD Inputs
------------------------------
D282XA1416                      AIC4-11.07      AIC3-08.26 21210C3A  


D:\PROJECT\L2\P12\M10\21210C5A.CAD Outputs
------------------------------
     Description                Source               Destination(s)
D282XA3416                      AIC5-03.26      AIC6-16.07 21210C6A  AIC6-05.07 21210C6A  

D282XA4416                      AIC5-10.26      AIC6-17.07 21210C6A  


D:\PROJECT\L2\P12\M10\21210C5A.CAD Inputs
------------------------------
A282FAI304                      AIC5-09.07      AI50-05.28 2121050A  

D282TA4239-1                    AIC5-11.07      AIB1-16.26 21210B1A  

D282XA2416                      AIC5-06.07      AIC4-08.26 21210C4A  

DI1-3A/282AUX-M301-1            AIC5-04.07      AI50-10.12 2121050A  

DI3-3A/282AUX-M306-1            AIC5-02.07      AI50-09.12 2121050A  


D:\PROJECT\L2\P12\M10\21210C6A.CAD Outputs
------------------------------
     Description                Source               Destination(s)
D282XA5416                      AIC6-05.26      AIC6-08.07 21210C6A  AIB1-14.07 21210B1A  


D:\PROJECT\L2\P12\M10\21210C6A.CAD Inputs
------------------------------
D282AUX141X                     AIC6-11.07      AIA9-04.26 21210A9A  

D282AUX142X                     AIC6-12.07      AID1-04.26 21210D1A  

D282XA3416                      AIC6-05.07      AIC5-03.26 21210C5A  

D282XA3416                      AIC6-16.07      AIC5-03.26 21210C5A  

D282XA4416                      AIC6-17.07      AIC5-10.26 21210C5A  

D282XA5416                      AIC6-08.07      AIC6-05.26 21210C6A  


D:\PROJECT\L2\P12\M10\21210C7A.CAD Outputs
------------------------------
     Description                Source               Destination(s)
D282XA1416A                     AIC7-02.26      AIC8-02.07 21210C8A  


D:\PROJECT\L2\P12\M10\21210C7A.CAD Inputs
------------------------------
AI12-9/282PT128                 AIC7-14.07      AI09-13.20 2121009A  

D282HS416A                      AIC7-01.07      AIC4-10.26 21210C4A  

D282PAH128                      AIC7-15.07      AIC3-10.26 21210C3A  

D282TT1239                      AIC7-16.07      AI50-05.12 2121050A  

D282XA2416                      AIC7-02.07      AIC4-08.26 21210C4A  

DI1-22B/282TSH118               AIC7-06.07      AI22-05.27 2121022A  

DI1-3A/282AUX-M301-1            AIC7-04.07      AI50-10.12 2121050A  

DI2-22B/282TSH119               AIC7-09.07      AI22-06.27 2121022A  

DI3-22B/282TSH124               AIC7-12.07      AI22-07.27 2121022A  

DI3-3A/282AUX-M306-1            AIC7-07.07      AI50-09.12 2121050A  


D:\PROJECT\L2\P12\M10\21210C8A.CAD Outputs
------------------------------
     Description                Source               Destination(s)

D:\PROJECT\L2\P12\M10\21210C8A.CAD Inputs
------------------------------
D282HS416A                      AIC8-01.07      AIC4-10.26 21210C4A  

D282LAL115                      AIC8-06.07      AIC3-12.26 21210C3A  

D282PAH318                      AIC8-04.07      AIC3-01.26 21210C3A  

D282XA1416A                     AIC8-02.07      AIC7-02.26 21210C7A  

D282XA409                       AIC8-10.07      AIA7-14.26 21210A7A  

D282XA416-1                     AIC8-12.07      AI50-08.12 2121050A  

DI6-24B/282PSHH114              AIC8-14.07      AI24-10.22 2121024A  

DI7-24B/282PSL321               AIC8-08.07      AI24-11.22 2121024A  


D:\PROJECT\L2\P12\M10\21210C9A.CAD Outputs
------------------------------
     Description                Source               Destination(s)
AO8-6/282TV417                  AIC9-08.26      AI06-04.21 2121006A  


D:\PROJECT\L2\P12\M10\21210C9A.CAD Inputs
------------------------------
AI8-8/282TT417                  AIC9-08.07      AI08-09.20 2121008A  

FB8-6/282TV417                  AIC9-10.07      AI06-05.21 2121006A  


D:\PROJECT\L2\P12\M10\21210D0A.CAD Outputs
------------------------------
     Description                Source               Destination(s)
AO13-7/282TV418                 AID0-08.26      AI07-10.21 2121007A  


D:\PROJECT\L2\P12\M10\21210D0A.CAD Inputs
------------------------------
AI13-9/282TT418                 AID0-08.07      AI09-14.20 2121009A  

FB13-7/282TV418                 AID0-10.07      AI07-11.21 2121007A  


D:\PROJECT\L2\P12\M10\21210D1A.CAD Outputs
------------------------------
     Description                Source               Destination(s)
D282AUX142X                     AID1-04.26      AIC6-12.07 21210C6A  


D:\PROJECT\L2\P12\M10\21210D1A.CAD Inputs
------------------------------
DI2-18A/282AUX1422              AID1-04.07      AI18-06.13 2121018A  

DI2-19A/282AUX1425              AID1-10.07      AI19-06.13 2121019A  

DI3-17B/282AUX1421              AID1-02.07      AI17-07.27 2121017A  

DI3-18B/282AUX1424              AID1-08.07      AI18-07.27 2121018A  

DI6-18A/282AUX1423              AID1-06.07      AI18-10.13 2121018A  

DI6-19A/282AUX1426              AID1-12.07      AI19-10.13 2121019A  


D:\PROJECT\L2\P12\M10\21210D2A.CAD Outputs
------------------------------
     Description                Source               Destination(s)
D282AUX42X                      AID2-04.26      AIB1-12.07 21210B1A  AI74-13.07 2121074A  


D:\PROJECT\L2\P12\M10\21210D2A.CAD Inputs
------------------------------
DI3-18A/282AUX422               AID2-04.07      AI18-07.13 2121018A  

DI3-19A/282AUX425               AID2-10.07      AI19-07.13 2121019A  

DI4-17B/282AUX421               AID2-02.07      AI17-08.27 2121017A  

DI4-18B/282AUX424               AID2-08.07      AI18-08.27 2121018A  

DI7-18A/282AUX423               AID2-06.07      AI18-11.13 2121018A  

DI7-19A/282AUX426               AID2-12.07      AI19-11.13 2121019A  


D:\PROJECT\L2\P12\M10\21210D3A.CAD Outputs
------------------------------
     Description                Source               Destination(s)
D282LE421                       AID3-06.26      AID4-12.07 21210D4A  

DO2-2B/282MC421                 AID3-08.26      AI02-06.21 2121002A  

DO3-2B/282MC1421                AID3-11.26      AI02-07.21 2121002A  

DO4-2B/282LE421                 AID3-05.26      AI02-08.21 2121002A  


D:\PROJECT\L2\P12\M10\21210D3A.CAD Inputs
------------------------------
DI2-17B/282PA421                AID3-16.07      AI17-06.27 2121017A  

DI4-17B/282AUX421               AID3-08.07      AI17-08.27 2121017A  

DI5-17B/282XS421                AID3-05.07      AI17-09.27 2121017A  


D:\PROJECT\L2\P12\M10\21210D4A.CAD Outputs
------------------------------
     Description                Source               Destination(s)
AO9-6/282HY421                  AID4-10.26      AI06-05.21 2121006A  

D282MAN421                      AID4-12.26      AIA4-13.07 21210A4A  


D:\PROJECT\L2\P12\M10\21210D4A.CAD Inputs
------------------------------
A282CO1405                      AID4-05.07      AIA4-08.26 21210A4A  

AI6-10/282BT421                 AID4-02.07      AI10-07.20 2121010A  

AI9-8/282HT421                  AID4-07.07      AI08-10.20 2121008A  

D282LE421                       AID4-12.07      AID3-06.26 21210D3A  

DI4-17B/282AUX421               AID4-15.07      AI17-08.27 2121017A  

DI7-19B/282XI421                AID4-17.07      AI19-11.27 2121019A  

FB9-6/282HY421                  AID4-13.07      AI06-06.21 2121006A  


D:\PROJECT\L2\P12\M10\21210D5A.CAD Outputs
------------------------------
     Description                Source               Destination(s)
COUNT 282HC-421A                AID5-04.26      AID6-06.07 21210D6A  


D:\PROJECT\L2\P12\M10\21210D5A.CAD Inputs
------------------------------
AUTO #835                       AID5-07.07      AID6-08.26 21210D6A  

DI4-22B/                        AID5-08.07      AI22-08.27 2121022A  

DI5-22B/282HC-421A              AID5-08.07      AI22-09.27 2121022A  

DI5-22B/282HC-421A              AID5-06.07      AI22-09.27 2121022A  

DI6-22B/282HC-421A              AID5-05.07      AI22-10.27 2121022A  

SP #834                         AID5-06.07      AID6-04.26 21210D6A  


D:\PROJECT\L2\P12\M10\21210D6A.CAD Outputs
------------------------------
     Description                Source               Destination(s)
AO10-7/282QC421A2               AID6-06.26      AI07-06.21 2121007A  AI07-08.21 2121007A  

AUTO #835                       AID6-08.26      AID5-07.07 21210D5A  

SP #834                         AID6-04.26      AID5-06.07 21210D5A  


D:\PROJECT\L2\P12\M10\21210D6A.CAD Inputs
------------------------------
COUNT 282HC-421A                AID6-06.07      AID5-04.26 21210D5A  

FB10-7/282QC421A2               AID6-11.07      AI07-07.21 2121007A  


D:\PROJECT\L2\P12\M10\21210D7A.CAD Outputs
------------------------------
     Description                Source               Destination(s)
AO9-7/282QC421B1                AID7-06.26      AI07-05.21 2121007A  


D:\PROJECT\L2\P12\M10\21210D7A.CAD Inputs
------------------------------
DI1-25A/282HC-421B              AID7-06.07      AI25-05.13 2121025A  

DI2-25A/282HC-421B              AID7-07.07      AI25-06.13 2121025A  

FB9-7/282QC421B1                AID7-11.07      AI07-06.21 2121007A  


D:\PROJECT\L2\P12\M10\21210D8A.CAD Outputs
------------------------------
     Description                Source               Destination(s)
D282LE422                       AID8-06.26      AID9-12.07 21210D9A  

DO1-3A/282MC422                 AID8-08.26      AI03-05.06 2121003A  

DO2-3A/282MC1422                AID8-11.26      AI03-06.06 2121003A  

DO3-3A/282LE422                 AID8-05.26      AI03-07.06 2121003A  


D:\PROJECT\L2\P12\M10\21210D8A.CAD Inputs
------------------------------
DI1-18A/282PA422                AID8-16.07      AI18-05.13 2121018A  

DI3-18A/282AUX422               AID8-08.07      AI18-07.13 2121018A  

DI4-18A/282XS422                AID8-05.07      AI18-08.13 2121018A  


D:\PROJECT\L2\P12\M10\21210D9A.CAD Outputs
------------------------------
     Description                Source               Destination(s)
AO10-6/282HY422                 AID9-10.26      AI06-06.21 2121006A  

D282MAN422                      AID9-12.26      AIA4-14.07 21210A4A  


D:\PROJECT\L2\P12\M10\21210D9A.CAD Inputs
------------------------------
A282CO1405                      AID9-05.07      AIA4-08.26 21210A4A  

AI10-8/282HT422                 AID9-07.07      AI08-11.20 2121008A  

AI7-10/282BT422                 AID9-02.07      AI10-08.20 2121010A  

D282LE422                       AID9-12.07      AID8-06.26 21210D8A  

DI2-20A/282XI422                AID9-17.07      AI20-06.13 2121020A  

DI3-18A/282AUX422               AID9-15.07      AI18-07.13 2121018A  

FB10-6/282HY422                 AID9-13.07      AI06-07.21 2121006A  


D:\PROJECT\L2\P12\M10\21210E0A.CAD Outputs
------------------------------
     Description                Source               Destination(s)
D282LE423                       AIE0-06.26      AIE1-11.07 21210E1A  

DO5-3A/282MC423                 AIE0-08.26      AI03-09.06 2121003A  

DO6-3A/282MC1423                AIE0-11.26      AI03-10.06 2121003A  

DO7-3A/282LE423                 AIE0-05.26      AI03-11.06 2121003A  


D:\PROJECT\L2\P12\M10\21210E0A.CAD Inputs
------------------------------
DI1-18B/282XS423                AIE0-05.07      AI18-05.27 2121018A  

DI5-18A/282PA423                AIE0-16.07      AI18-09.13 2121018A  

DI7-18A/282AUX423               AIE0-08.07      AI18-11.13 2121018A  


D:\PROJECT\L2\P12\M10\21210E1A.CAD Outputs
------------------------------
     Description                Source               Destination(s)
AO11-6/282HY423                 AIE1-09.26      AI06-08.21 2121006A  

D282MAN423                      AIE1-11.26      AIA4-14.07 21210A4A  


D:\PROJECT\L2\P12\M10\21210E1A.CAD Inputs
------------------------------
A282CO1405                      AIE1-04.07      AIA4-08.26 21210A4A  

AI11-8/282HT423                 AIE1-06.07      AI08-12.20 2121008A  

AI8-10/282BT423                 AIE1-02.07      AI10-09.20 2121010A  

D282LE423                       AIE1-11.07      AIE0-06.26 21210E0A  

DI4-20B/282XI423                AIE1-17.07      AI20-08.27 2121020A  

DI7-18A/282AUX423               AIE1-15.07      AI18-11.13 2121018A  

FB11-6/282HY423                 AIE1-13.07      AI06-08.21 2121006A  


D:\PROJECT\L2\P12\M10\21210E2A.CAD Outputs
------------------------------
     Description                Source               Destination(s)
D282LE424                       AIE2-06.26      AIE3-11.07 21210E3A  

DO2-3B/282MC424                 AIE2-08.26      AI03-06.21 2121003A  

DO3-3B/282MC1424                AIE2-11.26      AI03-07.21 2121003A  

DO4-3B/282LE424                 AIE2-05.26      AI03-08.21 2121003A  


D:\PROJECT\L2\P12\M10\21210E2A.CAD Inputs
------------------------------
DI2-18B/282PA424                AIE2-16.07      AI18-06.27 2121018A  

DI4-18B/282AUX424               AIE2-08.07      AI18-08.27 2121018A  

DI5-18B/282XS424                AIE2-05.07      AI18-09.27 2121018A  


D:\PROJECT\L2\P12\M10\21210E3A.CAD Outputs
------------------------------
     Description                Source               Destination(s)
AO12-6/282HY424                 AIE3-09.26      AI06-09.21 2121006A  

D282MAN424                      AIE3-11.26      AIA4-15.07 21210A4A  


D:\PROJECT\L2\P12\M10\21210E3A.CAD Inputs
------------------------------
A282CO1405                      AIE3-04.07      AIA4-08.26 21210A4A  

AI12-8/282HT424                 AIE3-06.07      AI08-13.20 2121008A  

AI9-10/282BT424                 AIE3-02.07      AI10-10.20 2121010A  

D282LE424                       AIE3-11.07      AIE2-06.26 21210E2A  

DI4-18B/282AUX424               AIE3-15.07      AI18-08.27 2121018A  

DI5-20B/282XI424                AIE3-17.07      AI20-09.27 2121020A  

FB12-6/282HY424                 AIE3-13.07      AI06-09.21 2121006A  


D:\PROJECT\L2\P12\M10\21210E4A.CAD Outputs
------------------------------
     Description                Source               Destination(s)
D282LE425                       AIE4-06.26      AIE5-11.07 21210E5A  

DO1-4A/282MC425                 AIE4-08.26      AI04-05.06 2121004A  

DO2-4A/282MC1425                AIE4-11.26      AI04-06.06 2121004A  

DO3-4A/282LE425                 AIE4-05.26      AI04-07.06 2121004A  


D:\PROJECT\L2\P12\M10\21210E4A.CAD Inputs
------------------------------
DI1-19A/282PA425                AIE4-16.07      AI19-05.13 2121019A  

DI3-19A/282AUX425               AIE4-08.07      AI19-07.13 2121019A  

DI4-19A/282XS425                AIE4-05.07      AI19-08.13 2121019A  


D:\PROJECT\L2\P12\M10\21210E5A.CAD Outputs
------------------------------
     Description                Source               Destination(s)
AO13-6/282HY425                 AIE5-09.26      AI06-10.21 2121006A  

D282MAN425                      AIE5-11.26      AIA4-16.07 21210A4A  


D:\PROJECT\L2\P12\M10\21210E5A.CAD Inputs
------------------------------
A282CO1405                      AIE5-04.07      AIA4-08.26 21210A4A  

AI10-10/282BT425                AIE5-02.07      AI10-11.20 2121010A  

AI13-8/282HT425                 AIE5-06.07      AI08-14.20 2121008A  

D282LE425                       AIE5-11.07      AIE4-06.26 21210E4A  

DI3-19A/282AUX425               AIE5-15.07      AI19-07.13 2121019A  

DI6-20B/282XI425                AIE5-17.07      AI20-10.27 2121020A  

FB13-6/282HY425                 AIE5-13.07      AI06-11.21 2121006A  


D:\PROJECT\L2\P12\M10\21210E6A.CAD Outputs
------------------------------
     Description                Source               Destination(s)
D282LE426                       AIE6-06.26      AIE7-11.07 21210E7A  

DO5-4A/282MC426                 AIE6-08.26      AI04-09.06 2121004A  

DO6-4A/282MC1426                AIE6-11.26      AI04-10.06 2121004A  

DO7-4A/282LE426                 AIE6-05.26      AI04-11.06 2121004A  


D:\PROJECT\L2\P12\M10\21210E6A.CAD Inputs
------------------------------
DI1-19B/282XS426                AIE6-05.07      AI19-05.27 2121019A  

DI5-19A/282PA426                AIE6-16.07      AI19-09.13 2121019A  

DI7-19A/282AUX426               AIE6-08.07      AI19-11.13 2121019A  


D:\PROJECT\L2\P12\M10\21210E7A.CAD Outputs
------------------------------
     Description                Source               Destination(s)
AO14-6/282HY426                 AIE7-09.26      AI06-11.21 2121006A  

D282MAN426                      AIE7-11.26      AIA4-16.07 21210A4A  


D:\PROJECT\L2\P12\M10\21210E7A.CAD Inputs
------------------------------
A282CO1405                      AIE7-04.07      AIA4-08.26 21210A4A  

AI11-10/282BT426                AIE7-02.07      AI10-12.20 2121010A  

AI14-8/282HT426                 AIE7-06.07      AI08-15.20 2121008A  

D282LE426                       AIE7-11.07      AIE6-06.26 21210E6A  

DI7-19A/282AUX426               AIE7-15.07      AI19-11.13 2121019A  

DI7-20B/282XI426                AIE7-17.07      AI20-11.27 2121020A  

FB14-6/282HY426                 AIE7-13.07      AI06-12.21 2121006A  


D:\PROJECT\L2\P12\M10\21210E8A.CAD Outputs
------------------------------
     Description                Source               Destination(s)
282PAL-434 ALARM                AIE8-06.26      AIZ0-14.07 21210Z0A  


D:\PROJECT\L2\P12\M10\21210E8A.CAD Inputs
------------------------------
DI6-22A/282PSL434               AIE8-08.07      AI22-10.13 2121022A  


D:\PROJECT\L2\P12\M10\21210E9A.CAD Outputs
------------------------------
     Description                Source               Destination(s)
D282SP-M411                     AIE9-13.26      AII1-03.07 21210I1A  

D282SP-M412                     AIE9-12.26      AII2-03.07 21210I2A  

D282SP-M413                     AIE9-11.26      AII3-03.07 21210I3A  

D282SP-M414                     AIE9-10.26      AII4-03.07 21210I4A  

D282SP-M415                     AIE9-04.26      AII5-03.07 21210I5A  

D282ST-M411                     AIE9-05.26      AII1-02.07 21210I1A  

D282ST-M412                     AIE9-06.26      AII2-02.07 21210I2A  

D282ST-M413                     AIE9-07.26      AII3-02.07 21210I3A  

D282ST-M414                     AIE9-08.26      AII4-02.07 21210I4A  

D282ST-M415                     AIE9-09.26      AII5-02.07 21210I5A  


D:\PROJECT\L2\P12\M10\21210E9A.CAD Inputs
------------------------------
AI15-9/282TT437                 AIE9-02.07      AI09-16.20 2121009A  


D:\PROJECT\L2\P12\M10\21210F0A.CAD Outputs
------------------------------
     Description                Source               Destination(s)
AO7-7/282PV438                  AIF0-09.26      AI07-11.05 2121007A  


D:\PROJECT\L2\P12\M10\21210F0A.CAD Inputs
------------------------------
AI14-10/282PT438                AIF0-09.07      AI10-15.20 2121010A  

DI1-20B/282AUX-M406             AIF0-15.07      AI20-05.27 2121020A  

DI3-20B/282AUX-M407             AIF0-17.07      AI20-07.27 2121020A  

FB7-7/282PV438                  AIF0-12.07      AI07-12.05 2121007A  


D:\PROJECT\L2\P12\M10\21210F1A.CAD Outputs
------------------------------
     Description                Source               Destination(s)
AO1-7/282PV439                  AIF1-08.26      AI07-04.05 2121007A  


D:\PROJECT\L2\P12\M10\21210F1A.CAD Inputs
------------------------------
AI15-8/282PT439                 AIF1-08.07      AI08-16.20 2121008A  

FB1-7/282PV439                  AIF1-10.07      AI07-05.05 2121007A  


D:\PROJECT\L2\P12\M10\21210F2A.CAD Outputs
------------------------------
     Description                Source               Destination(s)
AO2-7/282PV440                  AIF2-08.26      AI07-05.05 2121007A  


D:\PROJECT\L2\P12\M10\21210F2A.CAD Inputs
------------------------------
AI14-9/282PT440                 AIF2-08.07      AI09-15.20 2121009A  

FB2-7/282PV440                  AIF2-10.07      AI07-06.05 2121007A  

FT405 FLOW                      AIF2-06.07      AIA2-04.26 21210A2A  


D:\PROJECT\L2\P12\M10\21210F3A.CAD Outputs
------------------------------
     Description                Source               Destination(s)
DO2-5A/282MC-500A               AIF3-09.26      AI05-06.06 2121005A  

DO3-4B/282LE500                 AIF3-02.26      AI04-07.21 2121004A  


D:\PROJECT\L2\P12\M10\21210F3A.CAD Inputs
------------------------------
D282LA1501                      AIF3-02.07      AIF6-05.26 21210F6A  

D282LA1502                      AIF3-03.07      AIF7-05.26 21210F7A  

D282LA1503                      AIF3-03.07      AIF8-05.26 21210F8A  

D282LA1504                      AIF3-04.07      AIF9-05.26 21210F9A  

D282LA2501                      AIF3-04.07      AIF6-06.26 21210F6A  

D282LA2502                      AIF3-05.07      AIF7-06.26 21210F7A  

D282LA2503                      AIF3-06.07      AIF8-06.26 21210F8A  

D282LA2504                      AIF3-06.07      AIF9-06.26 21210F9A  

D282XA3501                      AIF3-07.07      AIF6-11.26 21210F6A  

D282XA3502                      AIF3-08.07      AIF7-11.26 21210F7A  

D282XA3503                      AIF3-09.07      AIF8-11.26 21210F8A  

D282XA3504                      AIF3-09.07      AIF9-11.26 21210F9A  


D:\PROJECT\L2\P12\M10\21210F4A.CAD Outputs
------------------------------
     Description                Source               Destination(s)

D:\PROJECT\L2\P12\M10\21210F4A.CAD Inputs
------------------------------
DI7-22A/282AUX500               AIF4-08.07      AI22-11.13 2121022A  


D:\PROJECT\L2\P12\M10\21210F5A.CAD Outputs
------------------------------
     Description                Source               Destination(s)

D:\PROJECT\L2\P12\M10\21210F5A.CAD Inputs
------------------------------
DI2-20B/282PA500                AIF5-08.07      AI20-06.27 2121020A  


D:\PROJECT\L2\P12\M10\21210F6A.CAD Outputs
------------------------------
     Description                Source               Destination(s)
D282LA1501                      AIF6-05.26      AIF3-02.07 21210F3A  

D282LA2501                      AIF6-06.26      AIF3-04.07 21210F3A  

D282XA3501                      AIF6-11.26      AIF3-07.07 21210F3A  

DO2-4B/282MC501                 AIF6-08.26      AI04-06.21 2121004A  


D:\PROJECT\L2\P12\M10\21210F6A.CAD Inputs
------------------------------
DI2-19B/282AUX501               AIF6-08.07      AI19-06.27 2121019A  

DI2-20B/282PA500                AIF6-15.07      AI20-06.27 2121020A  

DI3-19B/282XS500                AIF6-05.07      AI19-07.27 2121019A  

DI4-19B/282AUX502               AIF6-17.07      AI19-08.27 2121019A  


D:\PROJECT\L2\P12\M10\21210F7A.CAD Outputs
------------------------------
     Description                Source               Destination(s)
D282LA1502                      AIF7-05.26      AIF3-03.07 21210F3A  

D282LA2502                      AIF7-06.26      AIF3-05.07 21210F3A  

D282XA3502                      AIF7-11.26      AIF3-08.07 21210F3A  

DO4-4B/282MC502                 AIF7-08.26      AI04-08.21 2121004A  


D:\PROJECT\L2\P12\M10\21210F7A.CAD Inputs
------------------------------
DI2-19B/282AUX501               AIF7-17.07      AI19-06.27 2121019A  

DI2-20B/282PA500                AIF7-15.07      AI20-06.27 2121020A  

DI3-19B/282XS500                AIF7-05.07      AI19-07.27 2121019A  

DI4-19B/282AUX502               AIF7-08.07      AI19-08.27 2121019A  


D:\PROJECT\L2\P12\M10\21210F8A.CAD Outputs
------------------------------
     Description                Source               Destination(s)
D282LA1503                      AIF8-05.26      AIF3-03.07 21210F3A  

D282LA2503                      AIF8-06.26      AIF3-06.07 21210F3A  

D282XA3503                      AIF8-11.26      AIF3-09.07 21210F3A  

DO6-4B/282MC503                 AIF8-08.26      AI04-10.21 2121004A  


D:\PROJECT\L2\P12\M10\21210F8A.CAD Inputs
------------------------------
DI2-20B/282PA500                AIF8-16.07      AI20-06.27 2121020A  

DI3-19B/282XS500                AIF8-05.07      AI19-07.27 2121019A  

DI6-19B/282AUX503               AIF8-08.07      AI19-10.27 2121019A  


D:\PROJECT\L2\P12\M10\21210F9A.CAD Outputs
------------------------------
     Description                Source               Destination(s)
D282LA1504                      AIF9-05.26      AIF3-04.07 21210F3A  

D282LA2504                      AIF9-06.26      AIF3-06.07 21210F3A  

D282XA3504                      AIF9-11.26      AIF3-09.07 21210F3A  

DO8-4B/282MC504                 AIF9-08.26      AI04-12.21 2121004A  


D:\PROJECT\L2\P12\M10\21210F9A.CAD Inputs
------------------------------
DI1-20A/282AUX504               AIF9-08.07      AI20-05.13 2121020A  

DI2-20B/282PA500                AIF9-16.07      AI20-06.27 2121020A  

DI3-19B/282XS500                AIF9-05.07      AI19-07.27 2121019A  


D:\PROJECT\L2\P12\M10\21210G0A.CAD Outputs
------------------------------
     Description                Source               Destination(s)

D:\PROJECT\L2\P12\M10\21210G0A.CAD Inputs
------------------------------
282PI-507                       AIG0-11.07      AIG2-04.26 21210G2A  

AI6-9/282FT505                  AIG0-08.07      AI09-07.20 2121009A  

CAPTURE1210                     AIG0-17.07      AI00-15.26 2121000A  

RESET1210                       AIG0-15.07      AI00-13.26 2121000A  


D:\PROJECT\L2\P12\M10\21210G1A.CAD Outputs
------------------------------
     Description                Source               Destination(s)

D:\PROJECT\L2\P12\M10\21210G1A.CAD Inputs
------------------------------
AI7-9/282PT507                  AIG1-08.07      AI09-08.20 2121009A  


D:\PROJECT\L2\P12\M10\21210G2A.CAD Outputs
------------------------------
     Description                Source               Destination(s)
282PI-507                       AIG2-04.26      AIG0-11.07 21210G0A  

AO3-7/282PC507A                 AIG2-06.26      AI07-06.05 2121007A  


D:\PROJECT\L2\P12\M10\21210G2A.CAD Inputs
------------------------------
AI7-9/282PT507                  AIG2-06.07      AI09-08.20 2121009A  

FB3-7/282PC507A                 AIG2-08.07      AI07-07.05 2121007A  


D:\PROJECT\L2\P12\M10\21210G3A.CAD Outputs
------------------------------
     Description                Source               Destination(s)

D:\PROJECT\L2\P12\M10\21210G3A.CAD Inputs
------------------------------
AI8-9/282PT511                  AIG3-08.07      AI09-09.20 2121009A  


D:\PROJECT\L2\P12\M10\21210G4A.CAD Outputs
------------------------------
     Description                Source               Destination(s)

D:\PROJECT\L2\P12\M10\21210G4A.CAD Inputs
------------------------------
AI9-9/282PT512                  AIG4-08.07      AI09-10.20 2121009A  


D:\PROJECT\L2\P12\M10\21210G5A.CAD Outputs
------------------------------
     Description                Source               Destination(s)

D:\PROJECT\L2\P12\M10\21210G5A.CAD Inputs
------------------------------
AI10-9/282PT513                 AIG5-08.07      AI09-11.20 2121009A  


D:\PROJECT\L2\P12\M10\21210G6A.CAD Outputs
------------------------------
     Description                Source               Destination(s)

D:\PROJECT\L2\P12\M10\21210G6A.CAD Inputs
------------------------------
AI11-9/282PT514                 AIG6-08.07      AI09-12.20 2121009A  


D:\PROJECT\L2\P12\M10\21210H0A.CAD Outputs
------------------------------
     Description                Source               Destination(s)
D282SAB-M401                    AIH0-08.26      AIH2-11.07 21210H2A  AIH1-06.07 21210H1A  

D282SAT-M401                    AIH0-04.26      AIH1-11.07 21210H1A  


D:\PROJECT\L2\P12\M10\21210H0A.CAD Inputs
------------------------------
282PI-401                       AIH0-04.07      AI98-02.26 2121098A  

D282SAB-M402                    AIH0-11.07      AIH2-08.26 21210H2A  

D282XA409                       AIH0-16.07      AIA7-14.26 21210A7A  

DI3-20A/282AUX-M401             AIH0-10.07      AI20-07.13 2121020A  

DI3-21A/282XS-M401              AIH0-13.07      AI21-07.13 2121021A  


D:\PROJECT\L2\P12\M10\21210H1A.CAD Outputs
------------------------------
     Description                Source               Destination(s)
DO3-5A/282MC-M401               AIH1-08.26      AI05-07.06 2121005A  


D:\PROJECT\L2\P12\M10\21210H1A.CAD Inputs
------------------------------
D282SAB-M401                    AIH1-06.07      AIH0-08.26 21210H0A  

D282SAT-M401                    AIH1-11.07      AIH0-04.26 21210H0A  

D282XA409                       AIH1-16.07      AIA7-14.26 21210A7A  

DI3-20A/282AUX-M401             AIH1-08.07      AI20-07.13 2121020A  

DI3-21A/282XS-M401              AIH1-05.07      AI21-07.13 2121021A  


D:\PROJECT\L2\P12\M10\21210H2A.CAD Outputs
------------------------------
     Description                Source               Destination(s)
D282SAB-M402                    AIH2-08.26      AIH3-06.07 21210H3A  AIH0-11.07 21210H0A  

D282SAT-M402                    AIH2-04.26      AIH3-11.07 21210H3A  


D:\PROJECT\L2\P12\M10\21210H2A.CAD Inputs
------------------------------
282PI-401                       AIH2-04.07      AI98-02.26 2121098A  

D282SAB-M401                    AIH2-11.07      AIH0-08.26 21210H0A  

D282XA409                       AIH2-16.07      AIA7-14.26 21210A7A  

DI4-20A/282AUX-M402             AIH2-10.07      AI20-08.13 2121020A  

DI4-21A/282XS-M402              AIH2-13.07      AI21-08.13 2121021A  


D:\PROJECT\L2\P12\M10\21210H3A.CAD Outputs
------------------------------
     Description                Source               Destination(s)
DO4-5A/282MC-M402               AIH3-08.26      AI05-08.06 2121005A  


D:\PROJECT\L2\P12\M10\21210H3A.CAD Inputs
------------------------------
D282SAB-M402                    AIH3-06.07      AIH2-08.26 21210H2A  

D282SAT-M402                    AIH3-11.07      AIH2-04.26 21210H2A  

D282XA409                       AIH3-13.07      AIA7-14.26 21210A7A  

DI1-20B/282AUX-M406             AIH3-15.07      AI20-05.27 2121020A  

DI3-20B/282AUX-M407             AIH3-17.07      AI20-07.27 2121020A  

DI4-20A/282AUX-M402             AIH3-08.07      AI20-08.13 2121020A  

DI4-21A/282XS-M402              AIH3-05.07      AI21-08.13 2121021A  


D:\PROJECT\L2\P12\M10\21210H4A.CAD Outputs
------------------------------
     Description                Source               Destination(s)
282HS-M403 TRIP                 AIH4-01.26      AIZ0-06.07 21210Z0A  

D282SAB-M403                    AIH4-08.26      AIH6-11.07 21210H6A  AIH5-04.07 21210H5A  

D282SAT-M403                    AIH4-04.26      AIH5-09.07 21210H5A  


D:\PROJECT\L2\P12\M10\21210H4A.CAD Inputs
------------------------------
282PI-402                       AIH4-04.07      AI99-02.26 2121099A  

D282SAB-M404                    AIH4-11.07      AIH6-08.26 21210H6A  

D282XA409                       AIH4-16.07      AIA7-14.26 21210A7A  

DI5-20A/282AUX-M403             AIH4-10.07      AI20-09.13 2121020A  

DI5-21A/282XS-M403              AIH4-13.07      AI21-09.13 2121021A  


D:\PROJECT\L2\P12\M10\21210H5A.CAD Outputs
------------------------------
     Description                Source               Destination(s)
DO5-5A/282MC-M403               AIH5-06.26      AI05-09.06 2121005A  

STATUS ON M006/M406/M407        AIH5-15.26      AIH7-16.07 21210H7A  


D:\PROJECT\L2\P12\M10\21210H5A.CAD Inputs
------------------------------
D282SAB-M403                    AIH5-04.07      AIH4-08.26 21210H4A  

D282SAT-M403                    AIH5-09.07      AIH4-04.26 21210H4A  

D282XA409                       AIH5-11.07      AIA7-14.26 21210A7A  

DI1-20B/282AUX-M406             AIH5-12.07      AI20-05.27 2121020A  

DI3-20B/282AUX-M407             AIH5-14.07      AI20-07.27 2121020A  

DI5-20A/282AUX-M403             AIH5-06.07      AI20-09.13 2121020A  

DI5-21A/282XS-M403              AIH5-03.07      AI21-09.13 2121021A  


D:\PROJECT\L2\P12\M10\21210H6A.CAD Outputs
------------------------------
     Description                Source               Destination(s)
282HS-M404 TRIP                 AIH6-01.26      AIZ0-07.07 21210Z0A  

D282SAB-M404                    AIH6-08.26      AIH7-06.07 21210H7A  AIH4-11.07 21210H4A  

D282SAT-M404                    AIH6-04.26      AIH7-11.07 21210H7A  


D:\PROJECT\L2\P12\M10\21210H6A.CAD Inputs
------------------------------
282PI-402                       AIH6-04.07      AI99-02.26 2121099A  

D282SAB-M403                    AIH6-11.07      AIH4-08.26 21210H4A  

D282XA409                       AIH6-16.07      AIA7-14.26 21210A7A  

DI6-20A/282AUX-M404             AIH6-10.07      AI20-10.13 2121020A  

DI6-21A/282XS-M404              AIH6-13.07      AI21-10.13 2121021A  


D:\PROJECT\L2\P12\M10\21210H7A.CAD Outputs
------------------------------
     Description                Source               Destination(s)
DO6-5A/282MC-M404               AIH7-08.26      AI05-10.06 2121005A  


D:\PROJECT\L2\P12\M10\21210H7A.CAD Inputs
------------------------------
D282SAB-M404                    AIH7-06.07      AIH6-08.26 21210H6A  

D282SAT-M404                    AIH7-11.07      AIH6-04.26 21210H6A  

D282XA409                       AIH7-13.07      AIA7-14.26 21210A7A  

DI6-20A/282AUX-M404             AIH7-08.07      AI20-10.13 2121020A  

DI6-21A/282XS-M404              AIH7-05.07      AI21-10.13 2121021A  

STATUS ON M006/M406/M407        AIH7-16.07      AIH5-15.26 21210H5A  


D:\PROJECT\L2\P12\M10\21210H8A.CAD Outputs
------------------------------
     Description                Source               Destination(s)
DO7-5A/282MC-M405               AIH8-08.26      AI05-11.06 2121005A  


D:\PROJECT\L2\P12\M10\21210H8A.CAD Inputs
------------------------------
D282XA409                       AIH8-16.07      AIA7-14.26 21210A7A  

DI6-21B/282SP-M405              AIH8-13.07      AI21-10.27 2121021A  

DI7-20A/282AUX-M405             AIH8-08.07      AI20-11.13 2121020A  

DI7-21A/282XS-M405              AIH8-05.07      AI21-11.13 2121021A  

DI7-21B/282ST-M405              AIH8-11.07      AI21-11.27 2121021A  


D:\PROJECT\L2\P12\M10\21210H9A.CAD Outputs
------------------------------
     Description                Source               Destination(s)
D282LO402                       AIH9-03.26      AII0-03.07 21210I0A  

DO1-5B/282MC-M406               AIH9-08.26      AI05-05.21 2121005A  


D:\PROJECT\L2\P12\M10\21210H9A.CAD Inputs
------------------------------
AI2-8/282PT402                  AIH9-03.07      AI08-03.20 2121008A  

D282XA409                       AIH9-15.07      AIA7-14.26 21210A7A  

DI1-20B/282AUX-M406             AIH9-08.07      AI20-05.27 2121020A  

DI1-21B/282XS-M406              AIH9-05.07      AI21-05.27 2121021A  

DI3-20B/282AUX-M407             AIH9-11.07      AI20-07.27 2121020A  


D:\PROJECT\L2\P12\M10\21210I0A.CAD Outputs
------------------------------
     Description                Source               Destination(s)
DO3-5B/282MC-M407               AII0-08.26      AI05-07.21 2121005A  


D:\PROJECT\L2\P12\M10\21210I0A.CAD Inputs
------------------------------
D282LO402                       AII0-03.07      AIH9-03.26 21210H9A  

D282XA409                       AII0-15.07      AIA7-14.26 21210A7A  

DI3-20B/282AUX-M407             AII0-08.07      AI20-07.27 2121020A  

DI3-21B/282XS-M407              AII0-05.07      AI21-07.27 2121021A  


D:\PROJECT\L2\P12\M10\21210I1A.CAD Outputs
------------------------------
     Description                Source               Destination(s)
DO1-31A/282MC-M411              AII1-08.26      AI31-05.06 2121031A  


D:\PROJECT\L2\P12\M10\21210I1A.CAD Inputs
------------------------------
D282SP-M411                     AII1-03.07      AIE9-13.26 21210E9A  

D282ST-M411                     AII1-02.07      AIE9-05.26 21210E9A  

DI1-22A/282AUX-M411             AII1-08.07      AI22-05.13 2121022A  


D:\PROJECT\L2\P12\M10\21210I2A.CAD Outputs
------------------------------
     Description                Source               Destination(s)
DO2-31A/282MC-M412              AII2-08.26      AI31-06.06 2121031A  


D:\PROJECT\L2\P12\M10\21210I2A.CAD Inputs
------------------------------
D282SP-M412                     AII2-03.07      AIE9-12.26 21210E9A  

D282ST-M412                     AII2-02.07      AIE9-06.26 21210E9A  

DI2-22A/282AUX-M412             AII2-08.07      AI22-06.13 2121022A  


D:\PROJECT\L2\P12\M10\21210I3A.CAD Outputs
------------------------------
     Description                Source               Destination(s)
DO3-31A/282MC-M413              AII3-08.26      AI31-07.06 2121031A  


D:\PROJECT\L2\P12\M10\21210I3A.CAD Inputs
------------------------------
D282SP-M413                     AII3-03.07      AIE9-11.26 21210E9A  

D282ST-M413                     AII3-02.07      AIE9-07.26 21210E9A  

DI3-22A/282AUX-M413             AII3-08.07      AI22-07.13 2121022A  


D:\PROJECT\L2\P12\M10\21210I4A.CAD Outputs
------------------------------
     Description                Source               Destination(s)
DO4-31A/282MC-M414              AII4-08.26      AI31-08.06 2121031A  


D:\PROJECT\L2\P12\M10\21210I4A.CAD Inputs
------------------------------
D282SP-M414                     AII4-03.07      AIE9-10.26 21210E9A  

D282ST-M414                     AII4-02.07      AIE9-08.26 21210E9A  

DI4-22A/282AUX-M414             AII4-08.07      AI22-08.13 2121022A  


D:\PROJECT\L2\P12\M10\21210I5A.CAD Outputs
------------------------------
     Description                Source               Destination(s)
DO5-31A/282MC-M415              AII5-08.26      AI31-09.06 2121031A  


D:\PROJECT\L2\P12\M10\21210I5A.CAD Inputs
------------------------------
D282SP-M415                     AII5-03.07      AIE9-04.26 21210E9A  

D282ST-M415                     AII5-02.07      AIE9-09.26 21210E9A  

DI5-22A/282AUX-M415             AII5-08.07      AI22-09.13 2121022A  


D:\PROJECT\L2\P12\M10\21210I6A.CAD Outputs
------------------------------
     Description                Source               Destination(s)
282HS-M902 TRIP                 AII6-04.26      AIZ0-05.07 21210Z0A  

DO5-04B/282HS-M902mc            AII6-09.26      AI04-09.21 2121004A  


D:\PROJECT\L2\P12\M10\21210I6A.CAD Inputs
------------------------------
281TI-986A HIGH                 AII6-14.07      AI66-05.26 2121066A  

281TI-986B HIGH                 AII6-14.07      AI66-09.26 2121066A  

281TI-986C HIGH                 AII6-15.07      AI66-13.26 2121066A  

DI5-28B/282HS-M902              AII6-11.07      AI28-09.27 2121028A  

DI6-23B/282HS-M902              AII6-08.07      AI23-10.27 2121023A  

DI7-27A/281PALL979              AII6-13.07      AI27-11.13 2121027A  

NO.1 LUBE OIL PRESS L/L         AII6-06.07      AI65-09.26 2121065A  


D:\PROJECT\L2\P12\M10\21210I7A.CAD Outputs
------------------------------
     Description                Source               Destination(s)
282HS-M903 TRIP                 AII7-04.26      AIZ0-05.07 21210Z0A  

DO6B-SL31/282HS-M903mc          AII7-09.26      AI31-10.21 2121031A  


D:\PROJECT\L2\P12\M10\21210I7A.CAD Inputs
------------------------------
281TI-972A HIGH                 AII7-14.07      AI63-03.26 2121063A  

281TI-972B HIGH                 AII7-14.07      AI63-09.26 2121063A  

281TI-987A HIGH                 AII7-15.07      AI67-05.26 2121067A  

281TI-987B HIGH                 AII7-15.07      AI67-09.26 2121067A  

281TI-987C HIGH                 AII7-15.07      AI67-13.26 2121067A  

DI6-24A/282XS-M903              AII7-08.07      AI24-10.08 2121024A  

DI6-28B/282HS-M903              AII7-10.07      AI28-10.27 2121028A  

DI7-29B/281PALL969              AII7-13.07      AI29-11.27 2121029A  

NO.2 LUBE OIL PRESS L/L         AII7-06.07      AI59-08.26 2121059A  


D:\PROJECT\L2\P12\M10\21210I8A.CAD Outputs
------------------------------
     Description                Source               Destination(s)
DO8-01A/282-M996run             AII8-08.26      AI01-12.06 2121001A  


D:\PROJECT\L2\P12\M10\21210I8A.CAD Inputs
------------------------------
DI3-28B/282HS-M996              AII8-08.07      AI28-07.27 2121028A  


D:\PROJECT\L2\P12\M10\21210I9A.CAD Outputs
------------------------------
     Description                Source               Destination(s)
DO7-01B/282-M997run             AII9-08.26      AI01-11.21 2121001A  


D:\PROJECT\L2\P12\M10\21210I9A.CAD Inputs
------------------------------
DI4-28B/282HS-M997              AII9-08.07      AI28-08.27 2121028A  


D:\PROJECT\L2\P12\M10\21210K1A.CAD Outputs
------------------------------
     Description                Source               Destination(s)
DO7-SL41A/331HS-108             AIK1-08.26      AI41-11.06 2121041A  

STATUS ON 108A                  AIK1-14.26      AIN3-16.07 21210N3A  


D:\PROJECT\L2\P12\M10\21210K1A.CAD Inputs
------------------------------
CURRENT HIGH                    AIK1-16.07      AIK3-08.26 21210K3A  

DI6-SL38B/331XS-108f            AIK1-08.07      AI38-10.19 2121038A  

DI7-SL38B/331AUX-108rf          AIK1-11.07      AI38-11.19 2121038A  

STATUS ON M108D                 AIK1-17.07      AIN4-04.26 21210N4A  


D:\PROJECT\L2\P12\M10\21210K2A.CAD Outputs
------------------------------
     Description                Source               Destination(s)
AO1-SL36/331SC-108              AIK2-06.26      AI36-06.15 2121036A  


D:\PROJECT\L2\P12\M10\21210K2A.CAD Inputs
------------------------------
AI4-SL36/331SI-108              AIK2-06.07      AI36-04.15 2121036A  

AO1FB-SL36                      AIK2-08.07      AI36-05.15 2121036A  


D:\PROJECT\L2\P12\M10\21210K3A.CAD Outputs
------------------------------
     Description                Source               Destination(s)
CURRENT HIGH                    AIK3-08.26      AIK1-16.07 21210K1A  


D:\PROJECT\L2\P12\M10\21210K3A.CAD Inputs
------------------------------
AI3-SL36/331IT-108              AIK3-08.07      AI36-03.15 2121036A  


D:\PROJECT\L2\P12\M10\21210K4A.CAD Outputs
------------------------------
     Description                Source               Destination(s)
D331SAL109                      AIK4-09.26      AIN6-13.07 21210N6A  


D:\PROJECT\L2\P12\M10\21210K4A.CAD Inputs
------------------------------
D331SAP-M109                    AIK4-06.07      AIN6-11.26 21210N6A  

DI2-R23A/331AUX-M109            AIK4-10.07      AI38-06.10 2121038A  

DI6-R23A/331SSL109              AIK4-08.07      AI38-10.10 2121038A  


D:\PROJECT\L2\P12\M10\21210K5A.CAD Outputs
------------------------------
     Description                Source               Destination(s)

D:\PROJECT\L2\P12\M10\21210K5A.CAD Inputs
------------------------------
DI4-R23A/331PC109               AIK5-08.07      AI38-08.10 2121038A  


D:\PROJECT\L2\P12\M10\21210K6A.CAD Outputs
------------------------------
     Description                Source               Destination(s)
D331SAL110                      AIK6-09.26      AIN8-13.07 21210N8A  


D:\PROJECT\L2\P12\M10\21210K6A.CAD Inputs
------------------------------
D331SAP-M110                    AIK6-06.07      AIN8-11.26 21210N8A  

DI2-25B/331AUX-M110             AIK6-10.07      AI25-06.27 2121025A  

DI7B-SL37/331SSL-110            AIK6-08.07      AI37-11.27 2121037A  


D:\PROJECT\L2\P12\M10\21210K7A.CAD Outputs
------------------------------
     Description                Source               Destination(s)

D:\PROJECT\L2\P12\M10\21210K7A.CAD Inputs
------------------------------
DI4-25B/331PC110                AIK7-08.07      AI25-08.27 2121025A  


D:\PROJECT\L2\P12\M10\21210K8A.CAD Outputs
------------------------------
     Description                Source               Destination(s)
D331SAL111                      AIK8-09.26      AIO0-17.07 21210O0A  


D:\PROJECT\L2\P12\M10\21210K8A.CAD Inputs
------------------------------
D331SAP-M111                    AIK8-06.07      AIO0-11.26 21210O0A  

DI2-26A/331AUX-M111             AIK8-10.07      AI26-06.13 2121026A  

DI6-26A/331SSL111               AIK8-08.07      AI26-10.13 2121026A  


D:\PROJECT\L2\P12\M10\21210K9A.CAD Outputs
------------------------------
     Description                Source               Destination(s)

D:\PROJECT\L2\P12\M10\21210K9A.CAD Inputs
------------------------------
DI4-26A/331PC111                AIK9-08.07      AI26-08.13 2121026A  


D:\PROJECT\L2\P12\M10\21210KOA.CAD Outputs
------------------------------
     Description                Source               Destination(s)

D:\PROJECT\L2\P12\M10\21210KOA.CAD Inputs
------------------------------
331-M108D OFF                   AIKO-05.07      AIN4-05.26 21210N4A  

DI2-SL37A/331XS-108D            AIKO-10.07      AI37-06.13 2121037A  

DI6-R22A/331SSL108A             AIKO-08.07      AI37-10.13 2121037A  


D:\PROJECT\L2\P12\M10\21210L0A.CAD Outputs
------------------------------
     Description                Source               Destination(s)
D331SAL112                      AIL0-09.26      AIO2-17.07 21210O2A  


D:\PROJECT\L2\P12\M10\21210L0A.CAD Inputs
------------------------------
D331SAP-M112                    AIL0-06.07      AIO2-14.26 21210O2A  

DI2-26B/331AUX-M112             AIL0-10.07      AI26-06.27 2121026A  

DI6-26B/331SSL112               AIL0-08.07      AI26-10.27 2121026A  


D:\PROJECT\L2\P12\M10\21210L1A.CAD Outputs
------------------------------
     Description                Source               Destination(s)

D:\PROJECT\L2\P12\M10\21210L1A.CAD Inputs
------------------------------
DI4-26B/331PC112                AIL1-08.07      AI26-08.27 2121026A  


D:\PROJECT\L2\P12\M10\21210L2A.CAD Outputs
------------------------------
     Description                Source               Destination(s)
D331SAL203                      AIL2-09.26      AIO5-12.07 21210O5A  


D:\PROJECT\L2\P12\M10\21210L2A.CAD Inputs
------------------------------
D331SAP-M203                    AIL2-06.07      AIO5-11.26 21210O5A  

DI2-R25A/331AUX-M203            AIL2-10.07      AI40-06.13 2121040A  

DI6-R25A/331SSL203              AIL2-08.07      AI40-10.13 2121040A  


D:\PROJECT\L2\P12\M10\21210L3A.CAD Outputs
------------------------------
     Description                Source               Destination(s)
D331SAL204                      AIL3-09.26      AIO7-13.07 21210O7A  


D:\PROJECT\L2\P12\M10\21210L3A.CAD Inputs
------------------------------
D331SAP-M204                    AIL3-06.07      AIO7-11.26 21210O7A  

DI2-R25B/331AUX-M204            AIL3-10.07      AI40-06.27 2121040A  

DI6-R25B/331SSL204              AIL3-08.07      AI40-10.27 2121040A  


D:\PROJECT\L2\P12\M10\21210L4A.CAD Outputs
------------------------------
     Description                Source               Destination(s)
D331SAL205                      AIL4-09.26      AIO8-13.07 21210O8A  


D:\PROJECT\L2\P12\M10\21210L4A.CAD Inputs
------------------------------
D331SAP-M205                    AIL4-06.07      AIO8-11.26 21210O8A  

DI1-R24A/331AUX-M205            AIL4-10.07      AI39-05.13 2121039A  

DI3-R24A/331SSL205              AIL4-08.07      AI39-07.13 2121039A  


D:\PROJECT\L2\P12\M10\21210L5A.CAD Outputs
------------------------------
     Description                Source               Destination(s)
D331SAL206                      AIL5-09.26      AIO9-13.07 21210O9A  


D:\PROJECT\L2\P12\M10\21210L5A.CAD Inputs
------------------------------
D331SAP-M206                    AIL5-06.07      AIO9-11.26 21210O9A  

DI1-R24B/331AUX-M206            AIL5-10.07      AI39-05.27 2121039A  

DI3-R24B/331SSL206              AIL5-08.07      AI39-07.27 2121039A  


D:\PROJECT\L2\P12\M10\21210L6A.CAD Outputs
------------------------------
     Description                Source               Destination(s)
D331SAL207                      AIL6-09.26      AIP1-13.07 21210P1A  


D:\PROJECT\L2\P12\M10\21210L6A.CAD Inputs
------------------------------
D331SAP-M207                    AIL6-06.07      AIP1-11.26 21210P1A  

DI2-27A/331AUX-M207             AIL6-10.07      AI27-06.13 2121027A  

DI6B-SL37/331SSL-207            AIL6-08.07      AI37-10.27 2121037A  


D:\PROJECT\L2\P12\M10\21210L7A.CAD Outputs
------------------------------
     Description                Source               Destination(s)
D331SAL208                      AIL7-09.26      AIP3-12.07 21210P3A  


D:\PROJECT\L2\P12\M10\21210L7A.CAD Inputs
------------------------------
D331SAP-M208                    AIL7-06.07      AIP3-10.26 21210P3A  

DI2-27B/331AUX-M208             AIL7-10.07      AI27-06.27 2121027A  

DI6-27B/331SSL208               AIL7-08.07      AI27-10.27 2121027A  


D:\PROJECT\L2\P12\M10\21210L8A.CAD Outputs
------------------------------
     Description                Source               Destination(s)
D331SAL401                      AIL8-09.26      AIQ4-16.07 21210Q4A  


D:\PROJECT\L2\P12\M10\21210L8A.CAD Inputs
------------------------------
D331SAPM401                     AIL8-06.07      AIQ4-11.26 21210Q4A  

DI7-23A/331AUX-M401             AIL8-10.07      AI23-11.13 2121023A  

DI7-24A/331SSL-M401             AIL8-08.07      AI24-11.08 2121024A  


D:\PROJECT\L2\P12\M10\21210L9A.CAD Outputs
------------------------------
     Description                Source               Destination(s)

D:\PROJECT\L2\P12\M10\21210L9A.CAD Inputs
------------------------------
DI7-R22A/331ZS406A              AIL9-03.07      AI37-11.13 2121037A  

DI7-R23A/331ZS406B              AIL9-06.07      AI38-11.10 2121038A  

DI7-R24A/331ZS406C              AIL9-09.07      AI39-11.13 2121039A  

DI7-R25A/331ZS406D              AIL9-12.07      AI40-11.13 2121040A  


D:\PROJECT\L2\P12\M10\21210M0A.CAD Outputs
------------------------------
     Description                Source               Destination(s)

D:\PROJECT\L2\P12\M10\21210M0A.CAD Inputs
------------------------------
DI4-R24A/331LSL416              AIM0-08.07      AI39-08.13 2121039A  


D:\PROJECT\L2\P12\M10\21210M1A.CAD Outputs
------------------------------
     Description                Source               Destination(s)

D:\PROJECT\L2\P12\M10\21210M1A.CAD Inputs
------------------------------
DI5-R24A/331TSH417A             AIM1-09.07      AI39-09.13 2121039A  

DI6-R24A/331TSH417B             AIM1-12.07      AI39-10.13 2121039A  


D:\PROJECT\L2\P12\M10\21210M2A.CAD Outputs
------------------------------
     Description                Source               Destination(s)

D:\PROJECT\L2\P12\M10\21210M2A.CAD Inputs
------------------------------
DI5-R23B/331CI419               AIM2-08.07      AI38-09.19 2121038A  


D:\PROJECT\L2\P12\M10\21210M3A.CAD Outputs
------------------------------
     Description                Source               Destination(s)

D:\PROJECT\L2\P12\M10\21210M3A.CAD Inputs
------------------------------
DI1-R22B/331LSL421              AIM3-08.07      AI37-05.27 2121037A  


D:\PROJECT\L2\P12\M10\21210M4A.CAD Outputs
------------------------------
     Description                Source               Destination(s)

D:\PROJECT\L2\P12\M10\21210M4A.CAD Inputs
------------------------------
AI12-10/331WT440                AIM4-08.07      AI10-13.20 2121010A  

CAPTURE1210                     AIM4-12.07      AI00-15.26 2121000A  

RESET1210                       AIM4-11.07      AI00-13.26 2121000A  

STATUS ON M111                  AIM4-09.07      AIO0-05.26 21210O0A  


D:\PROJECT\L2\P12\M10\21210M5A.CAD Outputs
------------------------------
     Description                Source               Destination(s)
263-M022 DOWN                   AIM5-07.26      AIP0-11.07 21210P0A  


D:\PROJECT\L2\P12\M10\21210M5A.CAD Inputs
------------------------------
AI13-10/331WT441                AIM5-05.07      AI10-14.20 2121010A  

CAPTURE1210                     AIM5-14.07      AI00-15.26 2121000A  

DI2-27B/331AUX-M208             AIM5-06.07      AI27-06.27 2121027A  

RESET1210                       AIM5-12.07      AI00-13.26 2121000A  


D:\PROJECT\L2\P12\M10\21210M6A.CAD Outputs
------------------------------
     Description                Source               Destination(s)

D:\PROJECT\L2\P12\M10\21210M6A.CAD Inputs
------------------------------
AI15-10/331WT442                AIM6-08.07      AI10-16.20 2121010A  

CAPTURE1210                     AIM6-13.07      AI00-15.26 2121000A  

RESET1210                       AIM6-11.07      AI00-13.26 2121000A  


D:\PROJECT\L2\P12\M10\21210N0A.CAD Outputs
------------------------------
     Description                Source               Destination(s)
DO5-R29B/331FC-M106             AIN0-08.26      AI41-09.21 2121041A  

DO6-R29B/331RC-M106             AIN0-10.26      AI41-10.21 2121041A  


D:\PROJECT\L2\P12\M10\21210N0A.CAD Inputs
------------------------------
AI1-SL36/331XI-106              AIN0-02.07      AI36-01.15 2121036A  

AI2-SL36/331II-106              AIN0-05.07      AI36-02.15 2121036A  

DI4-R24B/                       AIN0-08.07      AI39-08.27 2121039A  

DI5-R24B/                       AIN0-10.07      AI39-09.27 2121039A  


D:\PROJECT\L2\P12\M10\21210N1A.CAD Outputs
------------------------------
     Description                Source               Destination(s)
INTERLOCK M108                  AIN1-09.26      AIN4-16.07 21210N4A  


D:\PROJECT\L2\P12\M10\21210N1A.CAD Inputs
------------------------------
DI2-R23A/331AUX-M109            AIN1-09.07      AI38-06.10 2121038A  

DI4-SL37A/331BAL-108D           AIN1-04.07      AI37-08.13 2121037A  


D:\PROJECT\L2\P12\M10\21210N2A.CAD Outputs
------------------------------
     Description                Source               Destination(s)

D:\PROJECT\L2\P12\M10\21210N2A.CAD Inputs
------------------------------
DI4-R24A/331LSL416              AIN2-12.07      AI39-08.13 2121039A  

DI5-R24A/331TSH417A             AIN2-10.07      AI39-09.13 2121039A  

DI6-R24A/331TSH417B             AIN2-08.07      AI39-10.13 2121039A  


D:\PROJECT\L2\P12\M10\21210N3A.CAD Outputs
------------------------------
     Description                Source               Destination(s)
DO2-SL41A/331MC-M108B           AIN3-08.26      AI41-06.06 2121041A  

DO4-SL41A/331MC-R108B           AIN3-11.26      AI41-08.06 2121041A  


D:\PROJECT\L2\P12\M10\21210N3A.CAD Inputs
------------------------------
DI2-R22B/331AUX-M108B           AIN3-08.07      AI37-06.27 2121037A  

DI5-R22B/331XS-M108B            AIN3-05.07      AI37-09.27 2121037A  

STATUS ON 108A                  AIN3-16.07      AIK1-14.26 21210K1A  


D:\PROJECT\L2\P12\M10\21210N4A.CAD Outputs
------------------------------
     Description                Source               Destination(s)
331-M108D OFF                   AIN4-05.26      AIKO-05.07 21210KOA  

DO3-SL41A/331MC-M108D           AIN4-08.26      AI41-07.06 2121041A  

STATUS ON M108D                 AIN4-04.26      AIK1-17.07 21210K1A  


D:\PROJECT\L2\P12\M10\21210N4A.CAD Inputs
------------------------------
DI1-SL37A/331AUX-M108D          AIN4-08.07      AI37-05.13 2121037A  

DI2-SL37A/331XS-108D            AIN4-05.07      AI37-06.13 2121037A  

INTERLOCK M108                  AIN4-16.07      AIN1-09.26 21210N1A  


D:\PROJECT\L2\P12\M10\21210N5A.CAD Outputs
------------------------------
     Description                Source               Destination(s)
D331IA1-M109                    AIN5-10.26      AIN6-12.07 21210N6A  


D:\PROJECT\L2\P12\M10\21210N5A.CAD Inputs
------------------------------
DI1-R23A/331AL-M109             AIN5-02.07      AI38-05.10 2121038A  

DI2-25B/331AUX-M110             AIN5-13.07      AI25-06.27 2121025A  

DI3-R23A/331BL-M109             AIN5-04.07      AI38-07.10 2121038A  

DI4-R23A/331PC109               AIN5-10.07      AI38-08.10 2121038A  


D:\PROJECT\L2\P12\M10\21210N6A.CAD Outputs
------------------------------
     Description                Source               Destination(s)
D331SAP-M109                    AIN6-11.26      AIK4-06.07 21210K4A  

DO5-R29A/331MC-M109             AIN6-08.26      AI41-09.06 2121041A  

DO6A-SL41/331LE-M109            AIN6-05.26      AI41-10.06 2121041A  


D:\PROJECT\L2\P12\M10\21210N6A.CAD Inputs
------------------------------
D331IA1-M109                    AIN6-12.07      AIN5-10.26 21210N5A  

D331SAL109                      AIN6-13.07      AIK4-09.26 21210K4A  

DI2-R23A/331AUX-M109            AIN6-08.07      AI38-06.10 2121038A  

DI5-R23A/331XS-M109             AIN6-06.07      AI38-09.10 2121038A  


D:\PROJECT\L2\P12\M10\21210N7A.CAD Outputs
------------------------------
     Description                Source               Destination(s)
D331IA1-M110                    AIN7-09.26      AIN8-12.07 21210N8A  


D:\PROJECT\L2\P12\M10\21210N7A.CAD Inputs
------------------------------
DI1-25B/331AL-M110A             AIN7-02.07      AI25-05.27 2121025A  

DI1-R23B/331AL-M110B            AIN7-06.07      AI38-05.19 2121038A  

DI2-26A/331AUX-M111             AIN7-17.07      AI26-06.13 2121026A  

DI2-R23B/331AL-M110C            AIN7-08.07      AI38-06.19 2121038A  

DI3-25B/331BL-M110              AIN7-04.07      AI25-07.27 2121025A  

DI4-25B/331PC110                AIN7-10.07      AI25-08.27 2121025A  


D:\PROJECT\L2\P12\M10\21210N8A.CAD Outputs
------------------------------
     Description                Source               Destination(s)
D331SAP-M110                    AIN8-11.26      AIK6-06.07 21210K6A  

DO6-31A/331MC-M110              AIN8-08.26      AI31-10.06 2121031A  


D:\PROJECT\L2\P12\M10\21210N8A.CAD Inputs
------------------------------
D331IA1-M110                    AIN8-12.07      AIN7-09.26 21210N7A  

D331SAL110                      AIN8-13.07      AIK6-09.26 21210K6A  

DI2-25B/331AUX-M110             AIN8-08.07      AI25-06.27 2121025A  

DI5-25B/331XS-M110              AIN8-06.07      AI25-09.27 2121025A  


D:\PROJECT\L2\P12\M10\21210N9A.CAD Outputs
------------------------------
     Description                Source               Destination(s)
D331IA1-M111                    AIN9-09.26      AIO0-16.07 21210O0A  


D:\PROJECT\L2\P12\M10\21210N9A.CAD Inputs
------------------------------
DI1-26A/331AL-M111              AIN9-02.07      AI26-05.13 2121026A  

DI2-26B/331AUX-M112             AIN9-13.07      AI26-06.27 2121026A  

DI3-26A/331BL-M111              AIN9-04.07      AI26-07.13 2121026A  

DI4-26A/331PC111                AIN9-10.07      AI26-08.13 2121026A  


D:\PROJECT\L2\P12\M10\21210O0A.CAD Outputs
------------------------------
     Description                Source               Destination(s)
D331SAP-M111                    AIO0-11.26      AIK8-06.07 21210K8A  

DO7-31A/331MC-M111              AIO0-08.26      AI31-11.06 2121031A  

STATUS ON M111                  AIO0-05.26      AIM4-09.07 21210M4A  


D:\PROJECT\L2\P12\M10\21210O0A.CAD Inputs
------------------------------
D331IA1-M111                    AIO0-16.07      AIN9-09.26 21210N9A  

D331SAL111                      AIO0-17.07      AIK8-09.26 21210K8A  

DI2-26A/331AUX-M111             AIO0-08.07      AI26-06.13 2121026A  

DI5-26A/331XS-M111              AIO0-05.07      AI26-09.13 2121026A  


D:\PROJECT\L2\P12\M10\21210O1A.CAD Outputs
------------------------------
     Description                Source               Destination(s)
D331IA1-M112                    AIO1-10.26      AIO2-16.07 21210O2A  


D:\PROJECT\L2\P12\M10\21210O1A.CAD Inputs
------------------------------
DI1-26B/331AL-M112              AIO1-06.07      AI26-05.27 2121026A  

DI3-26B/331BL-M112              AIO1-08.07      AI26-07.27 2121026A  

DI4-26B/331PC112                AIO1-10.07      AI26-08.27 2121026A  


D:\PROJECT\L2\P12\M10\21210O2A.CAD Outputs
------------------------------
     Description                Source               Destination(s)
D331AUT-M112                    AIO2-08.26      AIO3-02.07 21210O3A  

D331SAP-M112                    AIO2-14.26      AIL0-06.07 21210L0A  

DO8-31A/331MCF-M112             AIO2-06.26      AI31-12.06 2121031A  

DO8-31B/331MCR-M112             AIO2-10.26      AI31-12.21 2121031A  


D:\PROJECT\L2\P12\M10\21210O2A.CAD Inputs
------------------------------
D331IA1-M112                    AIO2-16.07      AIO1-10.26 21210O1A  

D331SAL112                      AIO2-17.07      AIL0-09.26 21210L0A  

D331SP-M112                     AIO2-03.07      AIO3-02.26 21210O3A  

D331STF-M112                    AIO2-02.07      AIO3-03.26 21210O3A  

D331STR-M112                    AIO2-03.07      AIO3-06.26 21210O3A  

DI1-9B/282LSH211-1              AIO2-08.07      AI50-11.12 2121050A  

DI2-26B/331AUX-M112             AIO2-07.07      AI26-06.27 2121026A  

DI2-9B/282LSH212-1              AIO2-15.07      AI50-12.12 2121050A  

DI5-26B/331XS-M112              AIO2-05.07      AI26-09.27 2121026A  


D:\PROJECT\L2\P12\M10\21210O3A.CAD Outputs
------------------------------
     Description                Source               Destination(s)
D331SP-M112                     AIO3-02.26      AIO2-03.07 21210O2A  

D331STF-M112                    AIO3-03.26      AIO2-02.07 21210O2A  

D331STR-M112                    AIO3-06.26      AIO2-03.07 21210O2A  


D:\PROJECT\L2\P12\M10\21210O3A.CAD Inputs
------------------------------
D331AUT-M112                    AIO3-02.07      AIO2-08.26 21210O2A  


D:\PROJECT\L2\P12\M10\21210O4A.CAD Outputs
------------------------------
     Description                Source               Destination(s)
D331IA1-M203                    AIO4-09.26      AIO5-12.07 21210O5A  


D:\PROJECT\L2\P12\M10\21210O4A.CAD Inputs
------------------------------
DI1-R25A/331AL-M203             AIO4-06.07      AI40-05.13 2121040A  

DI2-R25B/331AUX-M204            AIO4-12.07      AI40-06.27 2121040A  

DI3-R25A/331BL-M203             AIO4-08.07      AI40-07.13 2121040A  

DI4-R25A/331PC203               AIO4-10.07      AI40-08.13 2121040A  


D:\PROJECT\L2\P12\M10\21210O5A.CAD Outputs
------------------------------
     Description                Source               Destination(s)
D331SAP-M203                    AIO5-11.26      AIL2-06.07 21210L2A  

DO1-R29B/331MC-M203             AIO5-08.26      AI41-05.21 2121041A  

DO3B-SL41/331LE-M203            AIO5-05.26      AI41-07.21 2121041A  


D:\PROJECT\L2\P12\M10\21210O5A.CAD Inputs
------------------------------
D331IA1-M203                    AIO5-12.07      AIO4-09.26 21210O4A  

D331SAL203                      AIO5-12.07      AIL2-09.26 21210L2A  

DI2-R25A/331AUX-M203            AIO5-08.07      AI40-06.13 2121040A  

DI5-R25A/331XS-M203             AIO5-06.07      AI40-09.13 2121040A  


D:\PROJECT\L2\P12\M10\21210O6A.CAD Outputs
------------------------------
     Description                Source               Destination(s)
282LAH-217 HIGH                 AIO6-11.26      AIP0-18.07 21210P0A  

D331IA1-M204                    AIO6-09.26      AIO7-12.07 21210O7A  


D:\PROJECT\L2\P12\M10\21210O6A.CAD Inputs
------------------------------
DI1-R25B/331AL-M204             AIO6-06.07      AI40-05.27 2121040A  

DI2-27A/331AUX-M207             AIO6-12.07      AI27-06.13 2121027A  

DI3-R25B/331BL-M204             AIO6-08.07      AI40-07.27 2121040A  

DI4-R25B/331PC204               AIO6-10.07      AI40-08.27 2121040A  


D:\PROJECT\L2\P12\M10\21210O7A.CAD Outputs
------------------------------
     Description                Source               Destination(s)
D331SAP-M204                    AIO7-11.26      AIL3-06.07 21210L3A  

DO2-R29B/331MC-M204             AIO7-08.26      AI41-06.21 2121041A  

DO4B-SL41/331LE-M204            AIO7-05.26      AI41-08.21 2121041A  


D:\PROJECT\L2\P12\M10\21210O7A.CAD Inputs
------------------------------
D331IA1-M204                    AIO7-12.07      AIO6-09.26 21210O6A  

D331SAL204                      AIO7-13.07      AIL3-09.26 21210L3A  

DI2-R25B/331AUX-M204            AIO7-08.07      AI40-06.27 2121040A  

DI5-R25B/331XS-M204             AIO7-06.07      AI40-09.27 2121040A  


D:\PROJECT\L2\P12\M10\21210O8A.CAD Outputs
------------------------------
     Description                Source               Destination(s)
D331SAP-M205                    AIO8-11.26      AIL4-06.07 21210L4A  

DO1-R30A/331MC-M205             AIO8-08.26      AI42-05.06 2121042A  

DO4A-SL42/331LE-M205            AIO8-05.26      AI42-08.06 2121042A  


D:\PROJECT\L2\P12\M10\21210O8A.CAD Inputs
------------------------------
D331SAL205                      AIO8-13.07      AIL4-09.26 21210L4A  

DI1-R24A/331AUX-M205            AIO8-08.07      AI39-05.13 2121039A  

DI2-27A/331AUX-M207             AIO8-12.07      AI27-06.13 2121027A  

DI2-R24A/331XS-M205             AIO8-06.07      AI39-06.13 2121039A  


D:\PROJECT\L2\P12\M10\21210O9A.CAD Outputs
------------------------------
     Description                Source               Destination(s)
D331SAP-M206                    AIO9-11.26      AIL5-06.07 21210L5A  

DO2-R30A/331MC-M206             AIO9-08.26      AI42-06.06 2121042A  

DO5A-SL42/331LE-M206            AIO9-05.26      AI42-09.06 2121042A  


D:\PROJECT\L2\P12\M10\21210O9A.CAD Inputs
------------------------------
D331SAL206                      AIO9-13.07      AIL5-09.26 21210L5A  

DI1-R24B/331AUX-M206            AIO9-08.07      AI39-05.27 2121039A  

DI2-27A/331AUX-M207             AIO9-12.07      AI27-06.13 2121027A  

DI2-R24B/331XS-M206             AIO9-06.07      AI39-06.27 2121039A  


D:\PROJECT\L2\P12\M10\21210P0A.CAD Outputs
------------------------------
     Description                Source               Destination(s)
D331IA1-M207                    AIP0-09.26      AIP1-12.07 21210P1A  


D:\PROJECT\L2\P12\M10\21210P0A.CAD Inputs
------------------------------
263-M022 DOWN                   AIP0-11.07      AIM5-07.26 21210M5A  

282LAH-217 HIGH                 AIP0-18.07      AIO6-11.26 21210O6A  

DI1-27A/331AL-M207A             AIP0-02.07      AI27-05.13 2121027A  

DI2-27B/331AUX-M208             AIP0-13.07      AI27-06.27 2121027A  

DI3-27A/331BL-M207              AIP0-04.07      AI27-07.13 2121027A  

DI3-R23B/331AL-M207B            AIP0-06.07      AI38-07.19 2121038A  

DI4-27A/331PC207                AIP0-10.07      AI27-08.13 2121027A  

DI4-R23B/331AL-M207C            AIP0-08.07      AI38-08.19 2121038A  


D:\PROJECT\L2\P12\M10\21210P1A.CAD Outputs
------------------------------
     Description                Source               Destination(s)
D331SAP-M207                    AIP1-11.26      AIL6-06.07 21210L6A  

DO1-31B/331MC-M207              AIP1-08.26      AI31-05.21 2121031A  


D:\PROJECT\L2\P12\M10\21210P1A.CAD Inputs
------------------------------
D331IA1-M207                    AIP1-12.07      AIP0-09.26 21210P0A  

D331SAL207                      AIP1-13.07      AIL6-09.26 21210L6A  

DI2-27A/331AUX-M207             AIP1-08.07      AI27-06.13 2121027A  

DI5-27A/331XS-M207              AIP1-06.07      AI27-09.13 2121027A  


D:\PROJECT\L2\P12\M10\21210P2A.CAD Outputs
------------------------------
     Description                Source               Destination(s)
D331IA1-M208                    AIP2-10.26      AIP3-12.07 21210P3A  


D:\PROJECT\L2\P12\M10\21210P2A.CAD Inputs
------------------------------
DI1-27B/331AL-M208              AIP2-07.07      AI27-05.27 2121027A  

DI3-27B/331BL-M208              AIP2-09.07      AI27-07.27 2121027A  

DI4-27B/331PC208                AIP2-11.07      AI27-08.27 2121027A  


D:\PROJECT\L2\P12\M10\21210P3A.CAD Outputs
------------------------------
     Description                Source               Destination(s)
D331SAP-M208                    AIP3-10.26      AIL7-06.07 21210L7A  

DO2-31B/331MC-M208              AIP3-08.26      AI31-06.21 2121031A  


D:\PROJECT\L2\P12\M10\21210P3A.CAD Inputs
------------------------------
D331IA1-M208                    AIP3-12.07      AIP2-10.26 21210P2A  

D331SAL208                      AIP3-12.07      AIL7-09.26 21210L7A  

DI2-27B/331AUX-M208             AIP3-08.07      AI27-06.27 2121027A  

DI5-27B/331XS-M208              AIP3-06.07      AI27-09.27 2121027A  


D:\PROJECT\L2\P12\M10\21210P4A.CAD Outputs
------------------------------
     Description                Source               Destination(s)
D331IA1-M301                    AIP4-09.26      AIP5-12.07 21210P5A  


D:\PROJECT\L2\P12\M10\21210P4A.CAD Inputs
------------------------------
DI1-23A/331BL-M301              AIP4-04.07      AI23-05.13 2121023A  

DI1-24A/28STS-M015              AIP4-06.07      AI24-05.08 2121024A  

DI4-24A/331ZSO-M304             AIP4-08.07      AI24-08.08 2121024A  

DI5-23A/331AUX-M302             AIP4-12.07      AI23-09.13 2121023A  

DI5-24A/331ZSC-M304             AIP4-10.07      AI24-09.08 2121024A  


D:\PROJECT\L2\P12\M10\21210P5A.CAD Outputs
------------------------------
     Description                Source               Destination(s)
DO8-2A/331MC-M301               AIP5-08.26      AI02-12.06 2121002A  


D:\PROJECT\L2\P12\M10\21210P5A.CAD Inputs
------------------------------
D331IA1-M301                    AIP5-12.07      AIP4-09.26 21210P4A  

DI2-23A/331AUX-M301             AIP5-08.07      AI23-06.13 2121023A  

DI3-23A/331SAL-305              AIP5-06.07      AI23-07.13 2121023A  


D:\PROJECT\L2\P12\M10\21210P6A.CAD Outputs
------------------------------
     Description                Source               Destination(s)
D331A1-M302                     AIP6-05.26      AIP7-11.07 21210P7A  


D:\PROJECT\L2\P12\M10\21210P6A.CAD Inputs
------------------------------
331-M302 NORMAL OFF             AIP6-12.07      AIP7-06.26 21210P7A  

DI2-24B/331SC-M302              AIP6-09.07      AI24-06.22 2121024A  

DI4-23A/331BL-M302              AIP6-02.07      AI23-08.13 2121023A  

DI4-23B/331AUX-M303             AIP6-11.07      AI23-08.27 2121023A  

DI5-23A/331AUX-M302             AIP6-07.07      AI23-09.13 2121023A  


D:\PROJECT\L2\P12\M10\21210P7A.CAD Outputs
------------------------------
     Description                Source               Destination(s)
331-M302 NORMAL OFF             AIP7-06.26      AIP6-12.07 21210P6A  

DO8-3A/331MC-M302               AIP7-08.26      AI03-12.06 2121003A  


D:\PROJECT\L2\P12\M10\21210P7A.CAD Inputs
------------------------------
D331A1-M302                     AIP7-11.07      AIP6-05.26 21210P6A  

DI5-23A/331AUX-M302             AIP7-08.07      AI23-09.13 2121023A  

DI6-23A/331XS-M302              AIP7-06.07      AI23-10.13 2121023A  


D:\PROJECT\L2\P12\M10\21210P8A.CAD Outputs
------------------------------
     Description                Source               Destination(s)
D331IA1-M303                    AIP8-09.26      AIP9-11.07 21210P9A  


D:\PROJECT\L2\P12\M10\21210P8A.CAD Inputs
------------------------------
DI2-26B/331AUX-M112             AIP8-10.07      AI26-06.27 2121026A  

DI3-24A/331SAL-303              AIP8-08.07      AI24-07.08 2121024A  

DI3-24B/331BL-M303              AIP8-05.07      AI24-07.22 2121024A  


D:\PROJECT\L2\P12\M10\21210P9A.CAD Outputs
------------------------------
     Description                Source               Destination(s)
DO8-4A/331MC-M303               AIP9-08.26      AI04-12.06 2121004A  


D:\PROJECT\L2\P12\M10\21210P9A.CAD Inputs
------------------------------
D331IA1-M303                    AIP9-11.07      AIP8-09.26 21210P8A  

DI4-23B/331AUX-M303             AIP9-08.07      AI23-08.27 2121023A  

DI5-23B/331XS-M303              AIP9-05.07      AI23-09.27 2121023A  


D:\PROJECT\L2\P12\M10\21210Q0A.CAD Outputs
------------------------------
     Description                Source               Destination(s)

D:\PROJECT\L2\P12\M10\21210Q0A.CAD Inputs
------------------------------
D331XA2-M304                    AIQ0-07.07      AIQ1-09.26 21210Q1A  

DI4-24A/331ZSO-M304             AIQ0-03.07      AI24-08.08 2121024A  

DI5-24A/331ZSC-M304             AIQ0-06.07      AI24-09.08 2121024A  


D:\PROJECT\L2\P12\M10\21210Q1A.CAD Outputs
------------------------------
     Description                Source               Destination(s)
D331XA2-M304                    AIQ1-09.26      AIQ0-07.07 21210Q0A  

DO8-5A/331CRO-M304              AIQ1-08.26      AI05-12.06 2121005A  

DO8-5B/331CRC-M304              AIQ1-12.26      AI05-12.21 2121005A  


D:\PROJECT\L2\P12\M10\21210Q1A.CAD Inputs
------------------------------
DI1-23B/331AUX-M304             AIQ1-08.07      AI23-05.27 2121023A  

DI2-23B/331XS-M304              AIQ1-05.07      AI23-06.27 2121023A  

DI4-24A/331ZSO-M304             AIQ1-12.07      AI24-08.08 2121024A  

DI5-23A/331AUX-M302             AIQ1-03.07      AI23-09.13 2121023A  

DI5-24A/331ZSC-M304             AIQ1-13.07      AI24-09.08 2121024A  


D:\PROJECT\L2\P12\M10\21210Q2A.CAD Outputs
------------------------------
     Description                Source               Destination(s)
DO1-5A/331MCF-M305              AIQ2-06.26      AI05-05.06 2121005A  

DO4-SL31B/331-MCR305            AIQ2-10.26      AI31-08.21 2121031A  


D:\PROJECT\L2\P12\M10\21210Q2A.CAD Inputs
------------------------------
DI1-24B/331AX-M305              AIQ2-11.07      AI24-05.22 2121024A  

DI2-24A/331XS-M305              AIQ2-07.07      AI24-06.08 2121024A  

DI3-23A/331SAL-305              AIQ2-14.07      AI23-07.13 2121023A  

DI5-23A/331AUX-M302             AIQ2-12.07      AI23-09.13 2121023A  


D:\PROJECT\L2\P12\M10\21210Q3A.CAD Outputs
------------------------------
     Description                Source               Destination(s)
DO7-4B/331MC-M400               AIQ3-08.26      AI04-11.21 2121004A  


D:\PROJECT\L2\P12\M10\21210Q3A.CAD Inputs
------------------------------
DI6-25A/331XS-M400              AIQ3-05.07      AI25-10.13 2121025A  

DI7-23A/331AUX-M401             AIQ3-16.07      AI23-11.13 2121023A  

DI7-25A/331AUX-M400             AIQ3-08.07      AI25-11.13 2121025A  


D:\PROJECT\L2\P12\M10\21210Q4A.CAD Outputs
------------------------------
     Description                Source               Destination(s)
D331SAPM401                     AIQ4-11.26      AIL8-06.07 21210L8A  

DO6-1B/331MC-M401               AIQ4-08.26      AI01-10.21 2121001A  


D:\PROJECT\L2\P12\M10\21210Q4A.CAD Inputs
------------------------------
D331SAL401                      AIQ4-16.07      AIL8-09.26 21210L8A  

DI7-23A/331AUX-M401             AIQ4-08.07      AI23-11.13 2121023A  

DI7-23B/331XS-M401              AIQ4-05.07      AI23-11.27 2121023A  


D:\PROJECT\L2\P12\M10\21210Q5A.CAD Outputs
------------------------------
     Description                Source               Destination(s)

D:\PROJECT\L2\P12\M10\21210Q5A.CAD Inputs
------------------------------
AI1R-SL36A                      AIQ5-08.07      AI36-00.15 2121036A  


D:\PROJECT\L2\P12\M10\21210Q6A.CAD Outputs
------------------------------
     Description                Source               Destination(s)
D331FAD406                      AIQ6-05.26      AIQ7-05.07 21210Q7Q  

D331RAN418                      AIQ6-11.26      AIQ7-01.07 21210Q7Q  

D331RAV406                      AIQ6-08.26      AIQ7-07.07 21210Q7Q  

D331SAP418                      AIQ6-09.26      AIQ7-03.07 21210Q7Q  

D331XA1418                      AIQ6-03.26      AIQ7-16.07 21210Q7Q  


D:\PROJECT\L2\P12\M10\21210Q6A.CAD Inputs
------------------------------
D331EV1418A                     AIQ6-01.07      AIQ7-04.26 21210Q7Q  

D331EV1418B                     AIQ6-06.07      AIQ7-11.26 21210Q7Q  

DI2-SL37A/331XS-108D            AIQ6-12.07      AI37-06.13 2121037A  

DI2-SL37A/331XS-108D            AIQ6-15.07      AI37-06.13 2121037A  

DI7-R22A/331ZS406A              AIQ6-03.07      AI37-11.13 2121037A  

DI7-R23A/331ZS406B              AIQ6-05.07      AI38-11.10 2121038A  

DI7-R24A/331ZS406C              AIQ6-08.07      AI39-11.13 2121039A  

DI7-R25A/331ZS406D              AIQ6-10.07      AI40-11.13 2121040A  


D:\PROJECT\L2\P12\M10\21210Q7Q.CAD Outputs
------------------------------
     Description                Source               Destination(s)
D331EV1418A                     AIQ7-04.26      AIQ6-01.07 21210Q6A  

D331EV1418B                     AIQ7-11.26      AIQ6-06.07 21210Q6A  

DO3-R30A/331EV418A              AIQ7-02.26      AI42-07.06 2121042A  

DO3-R30B/331EV418B              AIQ7-09.26      AI42-07.21 2121042A  


D:\PROJECT\L2\P12\M10\21210Q7Q.CAD Inputs
------------------------------
D331FAD406                      AIQ7-05.07      AIQ6-05.26 21210Q6A  

D331RAN418                      AIQ7-01.07      AIQ6-11.26 21210Q6A  

D331RAV406                      AIQ7-07.07      AIQ6-08.26 21210Q6A  

D331SAP418                      AIQ7-03.07      AIQ6-09.26 21210Q6A  

D331XA1418                      AIQ7-16.07      AIQ6-03.26 21210Q6A  


D:\PROJECT\L2\P12\M10\21210R1A.CAD Outputs
------------------------------
     Description                Source               Destination(s)
ASH HOPPER HAMMER               AIR1-16.26      AIR2-01.07 21210R2A  

DO1-30A/282HM-1000A             AIR1-01.26      AI30-05.06 2121030A  

DO2-30A/282HM-1001A             AIR1-03.26      AI30-06.06 2121030A  

DO3-30A/282HM-1002A             AIR1-05.26      AI30-07.06 2121030A  

DO4-30A/282HM-1003A             AIR1-06.26      AI30-08.06 2121030A  

DO5-30A/282HM-1000B             AIR1-08.26      AI30-09.06 2121030A  

DO6-30A/282HM-1001B             AIR1-10.26      AI30-10.06 2121030A  

DO7-30A/282HM-1002B             AIR1-12.26      AI30-11.06 2121030A  

DO8-30A/282HM-1003B             AIR1-13.26      AI30-12.06 2121030A  


D:\PROJECT\L2\P12\M10\21210R1A.CAD Inputs
------------------------------
AUTO START                      AIR1-01.07      AIR2-16.26 21210R2A  

AUTO STOP                       AIR1-02.07      AIR2-17.26 21210R2A  


D:\PROJECT\L2\P12\M10\21210R2A.CAD Outputs
------------------------------
     Description                Source               Destination(s)
AUTO SEQ                        AIR2-15.26      AIR2-16.07 21210R2A  

AUTO START                      AIR2-16.26      AIR1-01.07 21210R1A  

AUTO STOP                       AIR2-17.26      AIR1-02.07 21210R1A  

DO1-30B/282HM-1000C             AIR2-01.26      AI30-05.21 2121030A  

DO2-30B/282HM-1001C             AIR2-03.26      AI30-06.21 2121030A  

DO3-30B/282HM-1002C             AIR2-05.26      AI30-07.21 2121030A  

DO4-30B/282HM-1003C             AIR2-07.26      AI30-08.21 2121030A  

DO5-30B/282HM-1000D             AIR2-08.26      AI30-09.21 2121030A  

DO6-30B/282HM-1001D             AIR2-10.26      AI30-10.21 2121030A  

DO7-30B/282HM-1002D             AIR2-12.26      AI30-11.21 2121030A  

DO8-30B/282HM-1003D             AIR2-13.26      AI30-12.21 2121030A  


D:\PROJECT\L2\P12\M10\21210R2A.CAD Inputs
------------------------------
ASH HOPPER HAMMER               AIR2-01.07      AIR1-16.26 21210R1A  

AUTO SEQ                        AIR2-16.07      AIR2-15.26 21210R2A  


D:\PROJECT\L2\P12\M10\21210R3A.CAD Outputs
------------------------------
     Description                Source               Destination(s)

D:\PROJECT\L2\P12\M10\21210R3A.CAD Inputs
------------------------------
DI1-29A/282LSH-1000             AIR3-03.07      AI29-05.13 2121029A  

DI2-29A/282LSH-1001             AIR3-07.07      AI29-06.13 2121029A  

DI3-29A/282LSH-1002             AIR3-11.07      AI29-07.13 2121029A  

DI4-29A/282LSH-1003             AIR3-15.07      AI29-08.13 2121029A  


D:\PROJECT\L2\P12\M10\21210Z0A.CAD Outputs
------------------------------
     Description                Source               Destination(s)

D:\PROJECT\L2\P12\M10\21210Z0A.CAD Inputs
------------------------------
282AI-380 HIGH                  AIZ0-13.07      AI80-00.26 2121080A  

282AI-381 HIGH                  AIZ0-10.07      AI81-01.26 2121081A  

282AI-382 HIGH                  AIZ0-11.07      AI82-05.26 2121082A  

282AI-385 HIGH                  AIZ0-12.07      AI85-05.26 2121085A  

282HS-M403 TRIP                 AIZ0-06.07      AIH4-01.26 21210H4A  

282HS-M404 TRIP                 AIZ0-07.07      AIH6-01.26 21210H6A  

282HS-M902 TRIP                 AIZ0-05.07      AII6-04.26 21210I6A  

282HS-M903 TRIP                 AIZ0-05.07      AII7-04.26 21210I7A  

282LAL-115_TIMER                AIZ0-15.07      AI70-07.26 2121070A  

282PAL-434 ALARM                AIZ0-14.07      AIE8-06.26 21210E8A  

282PI-128 ALARM                 AIZ0-08.07      AI74-05.26 2121074A  

282PI-128 HI-LOW ALARM          AIZ0-14.07      AI72-02.26 2121072A  


D:\PROJECT\L2\P12\M10\21210Z1A.CAD Outputs
------------------------------
     Description                Source               Destination(s)

D:\PROJECT\L2\P12\M10\21210Z1A.CAD Inputs
------------------------------

D:\PROJECT\L2\P12\M10\21210Z2A.CAD Outputs
------------------------------
     Description                Source               Destination(s)

D:\PROJECT\L2\P12\M10\21210Z2A.CAD Inputs
------------------------------
DI1-29B/                        AIZ2-03.02      AI29-05.27 2121029A  

DI2-29B/                        AIZ2-04.02      AI29-06.27 2121029A  

DI3-29B/                        AIZ2-05.02      AI29-07.27 2121029A  

