
D:\PRIME\CADUPD~1\PROJECT\L3\P7\M5\3070500A.CAD Outputs
------------------------------
     Description                Source               Destination(s)
CAPTURE0705                     BA00-14.26      BAZ2-08.07 30705Z2A  BAK7-12.07 30705K7A  BAF1-14.07 30705F1A  

RESET0705                       BA00-13.26      BAZ2-06.07 30705Z2A  BAK7-10.07 30705K7A  BAF1-12.07 30705F1A  


D:\PRIME\CADUPD~1\PROJECT\L3\P7\M5\3070500A.CAD Inputs
------------------------------

D:\PRIME\CADUPD~1\PROJECT\L3\P7\M5\3070501A.CAD Outputs
------------------------------
     Description                Source               Destination(s)
DI1-1A/322AUX-M107A             BA01-05.14      BAL6-08.07 30705L6A  BA69-09.07 3070569A  BA61-13.07 3070561A  

DI1-1B/322AUX-M122D             BA01-05.22      BAM9-08.07 30705M9A  BAM8-15.07 30705M8A  BA58-07.07 3070558A  

DI2-1A/322AUX-M107B             BA01-06.14      BAL7-08.07 30705L7A  BAL2-14.07 30705L2A  BA73-15.07 3070573A  BA61-07.07 3070561A  
                                                
DI2-1B/322AUX-M122E             BA01-06.22      BAN0-08.07 30705N0A  BAB9-12.07 30705B9A  BAB6-13.07 30705B6A  

DI3-1A/322AUX-M107C             BA01-07.14      BAL8-08.07 30705L8A  BA71-11.07 3070571A  

DI3-1B/322AUX-M122F             BA01-07.22      BAN1-08.07 30705N1A  BAM4-03.07 30705M4A  BA58-10.07 3070558A  

DI4-1A/322AUX-M107E             BA01-08.14      BAM0-08.07 30705M0A  BAL3-13.07 30705L3A  BA85-15.07 3070585A  BA63-07.07 3070563A  
                                                
DI4-1B/322AUX-M122G             BA01-08.22      BAN2-08.07 30705N2A  BAM4-05.07 30705M4A  BA58-12.07 3070558A  

DI5-1A/322AUX-M107F             BA01-09.14      BAM1-08.07 30705M1A  BAD8-08.07 30705D8A  BA82-15.07 3070582A  BA82-07.07 3070582A  
                                                
DI5-1B/322AUXF-M131             BA01-09.22      BAN4-08.07 30705N4A  

DI6-1A/322AUX-M113              BA01-10.14      BAM2-08.07 30705M2A  BAA4-12.07 30705A4A  BA59-13.07 3070559A  

DI6-1B/322AUX-M203A             BA01-10.22      BAN8-08.07 30705N8A  BAE1-14.07 30705E1A  BAD8-06.07 30705D8A  BA82-13.07 3070582A  
                                                BA82-05.07 3070582A  

DI7-1A/322AUX-M122C             BA01-11.14      BAM8-08.07 30705M8A  BA58-04.07 3070558A  

DI7-1B/322AUX-M203B             BA01-11.22      BAN9-08.07 30705N9A  BAN7-11.07 30705N7A  BAD8-03.07 30705D8A  


D:\PRIME\CADUPD~1\PROJECT\L3\P7\M5\3070501A.CAD Inputs
------------------------------

D:\PRIME\CADUPD~1\PROJECT\L3\P7\M5\3070502A.CAD Outputs
------------------------------
     Description                Source               Destination(s)
DI1-2A/322XS-M107A              BA02-05.14      BAL6-05.07 30705L6A  

DI1-2B/322XS-M122D              BA02-05.21      BAM9-05.07 30705M9A  

DI2-2A/322XS-M107B              BA02-06.14      BAL7-05.07 30705L7A  

DI2-2B/322XS-M122E              BA02-06.21      BAN0-05.07 30705N0A  

DI3-2A/322XS-M107C              BA02-07.14      BAL8-05.07 30705L8A  

DI3-2B/322XS-M122F              BA02-07.21      BAN1-05.07 30705N1A  

DI4-2A/322XS-M107E              BA02-08.14      BAM0-05.07 30705M0A  

DI4-2B/322XS-M122G              BA02-08.21      BAN2-05.07 30705N2A  

DI5-2A/322XS-M107F              BA02-09.14      BAM1-05.07 30705M1A  

DI5-2B/322XS-M131               BA02-09.21      BAN4-05.07 30705N4A  

DI6-2A/322XS-M113               BA02-10.14      BAM2-05.07 30705M2A  

DI6-2B/322XS-M203A              BA02-10.21      BAN8-05.07 30705N8A  

DI7-2A/322XS-M122C              BA02-11.14      BAM8-05.07 30705M8A  

DI7-2B/322XS-M203B              BA02-11.21      BAN9-05.07 30705N9A  


D:\PRIME\CADUPD~1\PROJECT\L3\P7\M5\3070502A.CAD Inputs
------------------------------

D:\PRIME\CADUPD~1\PROJECT\L3\P7\M5\3070503A.CAD Outputs
------------------------------
     Description                Source               Destination(s)
DI1-3A/322AUX-M205              BA03-05.14      BAU0-03.07 30705U0A  BAO2-08.07 30705O2A  BAN7-13.07 30705N7A  BAE2-15.07 30705E2A  
                                                BAD6-08.07 30705D6A  

DI1-3B/322AUX-M407              BA03-04.22      BAR0-08.07 30705R0A  BAP9-09.07 30705P9A  BAG4-06.07 30705G4A  BAF8-07.07 30705F8A  
                                                
DI2-3A/322AUX-M206              BA03-06.14      BAO3-08.07 30705O3A  BAD6-05.07 30705D6A  

DI2-3B/322AUX-M602B             BA03-05.22      BAS2-08.07 30705S2A  BAS0-01.07 30705S0A  BAH2-06.07 30705H2A  

DI3-3A/322AUX-M209              BA03-07.14      BAP5-08.07 30705P5A  BAP0-04.07 30705P0A  BAO8-17.07 30705O8A  BAO4-14.07 30705O4A  
                                                BAK7-07.07 30705K7A  BAE5-06.07 30705E5A  BAD3-14.07 30705D3A  

DI3-3B/322AUX-M604B             BA03-06.22      BAS7-08.07 30705S7A  BAS3-09.07 30705S3A  

DI4-3A/322AUX-M215              BA03-08.14      BAP6-08.07 30705P6A  BAE7-10.07 30705E7A  BAD8-17.07 30705D8A  

DI4-3B/322AUX-M612              BA03-07.22      BAT0-08.07 30705T0A  BAS0-05.07 30705S0A  BAI9-10.07 30705I9A  BAH2-11.07 30705H2A  
                                                BAF9-15.07 30705F9A  

DI5-3A/322AUX-M222              BA03-09.14      BAP8-17.07 30705P8A  BAP7-08.07 30705P7A  BAE8-08.07 30705E8A  BAD6-14.07 30705D6A  
                                                
DI5-3B/322AUX-M613A             BA03-08.22      BAT2-08.07 30705T2A  BAT1-05.07 30705T1A  BAS9-11.07 30705S9A  BAF9-12.07 30705F9A  
                                                
DI6-3A/322AUX-M223              BA03-10.14      BAP8-08.07 30705P8A  BAD6-17.07 30705D6A  

DI6-3B/322AUX-M613B             BA03-09.22      BAT3-08.07 30705T3A  BAT1-03.07 30705T1A  BAF9-10.07 30705F9A  

DI7-3A/322AUX-M403              BA03-11.14      BAT8-02.07 30705T8A  BAQ2-08.07 30705Q2A  BAG2-10.07 30705G2A  BAF8-13.07 30705F8A  
                                                
DI7-3B/322AUX-M615              BA03-10.22      BAT5-08.07 30705T5A  BAT1-07.07 30705T1A  BAJ3-10.07 30705J3A  BAF9-07.07 30705F9A  
                                                

D:\PRIME\CADUPD~1\PROJECT\L3\P7\M5\3070503A.CAD Inputs
------------------------------

D:\PRIME\CADUPD~1\PROJECT\L3\P7\M5\3070504A.CAD Outputs
------------------------------
     Description                Source               Destination(s)
DI1-4A/322XS-M205               BA04-05.15      BAO2-05.07 30705O2A  

DI1-4B/322XS-M407               BA04-05.22      BAR0-05.07 30705R0A  

DI2-4A/322XS-M206               BA04-06.15      BAO3-05.07 30705O3A  

DI2-4B/322XS-M602B              BA04-06.22      BAS2-05.07 30705S2A  

DI3-4A/322XS-M209               BA04-07.15      BAP5-05.07 30705P5A  

DI3-4B/322XS-M604B              BA04-07.22      BAS7-05.07 30705S7A  

DI4-4A/322XS-M215               BA04-08.15      BAP6-05.07 30705P6A  

DI4-4B/322XS-M612               BA04-08.22      BAT0-05.07 30705T0A  

DI5-4A/322XS-M222               BA04-09.15      BAP7-05.07 30705P7A  

DI5-4B/322XS-M613A              BA04-09.22      BAT2-05.07 30705T2A  

DI6-4A/322XS-M223               BA04-10.15      BAP8-05.07 30705P8A  

DI6-4B/322XS-M613B              BA04-10.22      BAT3-05.07 30705T3A  

DI7-4A/322XS-M403               BA04-11.15      BAQ2-05.07 30705Q2A  

DI7-4B/322XS-M615               BA04-11.22      BAT5-06.07 30705T5A  


D:\PRIME\CADUPD~1\PROJECT\L3\P7\M5\3070504A.CAD Inputs
------------------------------

D:\PRIME\CADUPD~1\PROJECT\L3\P7\M5\3070505A.CAD Outputs
------------------------------
     Description                Source               Destination(s)
DI1-5B/322AUX-M100              BA05-04.22      BAU2-08.07 30705U2A  

DI2-5A/322AUX-M632              BA05-05.14      BAT9-08.07 30705T9A  BAT6-04.07 30705T6A  BAJ7-10.07 30705J7A  BAF8-16.07 30705F8A  
                                                BAF1-07.07 30705F1A  

DI2-5B/322ES-M122               BA05-05.22      BAM5-09.07 30705M5A  

DI3-5A/322AUX-M633              BA05-06.14      BAU1-08.07 30705U1A  BAP7-16.07 30705P7A  BAM4-10.07 30705M4A  BAJ9-07.07 30705J9A  
                                                BAD6-11.07 30705D6A  

DI3-5B/322AUX-M122A             BA05-06.22      BAM5-11.07 30705M5A  

DI4-5A/322AUX-M631              BA05-07.14      BAT7-08.07 30705T7A  BAT1-09.07 30705T1A  BAJ6-10.07 30705J6A  BAF9-04.07 30705F9A  
                                                
DI6-5A/                         BA05-09.14      BAH9-12.07 30705H9A  

DI7-5A/322AUXR-M131             BA05-10.14      BAN4-11.07 30705N4A  

DI7-5B/322XS-M122A              BA05-10.22      BAM5-03.07 30705M5A  


D:\PRIME\CADUPD~1\PROJECT\L3\P7\M5\3070505A.CAD Inputs
------------------------------

D:\PRIME\CADUPD~1\PROJECT\L3\P7\M5\3070506A.CAD Outputs
------------------------------
     Description                Source               Destination(s)
DI1-6A/322XS-M631               BA06-04.14      BAT7-05.07 30705T7A  

DI1-6B/322AUX-M122B             BA06-04.21      BAM5-13.07 30705M5A  BAB7-06.07 30705B7A  

DI2-6A/322XS-M632               BA06-05.14      BAT9-05.07 30705T9A  

DI2-6B/322STC143                BA06-05.21      BAB9-04.07 30705B9A  

DI3-6A/322XS-M633               BA06-06.14      BAU1-05.07 30705U1A  

DI4-6A/322AUX-M634              BA06-07.14      BAU3-08.07 30705U3A  

DI4-6B/322AUXF-M208B            BA06-07.21      BAO4-08.07 30705O4A  

DI5-6A/322XS-M634               BA06-08.14      BAU3-06.07 30705U3A  

DI5-6B/322AUXR-M208B            BA06-08.21      BAO4-12.07 30705O4A  

DI7-6A/322XS-M122B              BA06-10.14      BAZ1-10.07 30705Z1A  BAM5-05.07 30705M5A  

DI7-6B/322ST-M122               BA06-10.21      BAM6-11.07 30705M6A  


D:\PRIME\CADUPD~1\PROJECT\L3\P7\M5\3070506A.CAD Inputs
------------------------------

D:\PRIME\CADUPD~1\PROJECT\L3\P7\M5\3070508A.CAD Outputs
------------------------------
     Description                Source               Destination(s)
AI2-SL8/                        BA08-04.20      BAH9-10.07 30705H9A  

AI3-SL8/322AT-501               BA08-05.20      BAH0-11.07 30705H0A  

AI4-SL8/322IT-M634              BA08-06.20      BAU3-14.07 30705U3A  

AI5-SL8/322VT-005               BA08-06.20      BA51-12.07 3070551A  

AI6-8/322LT-654                 BA08-08.20      BAK9-05.07 30705K9A  BAH0-07.07 30705H0A  

AI7-8/322TT-501                 BA08-08.20      BAH0-09.07 30705H0A  

AI8-SL8/322IT-M131A             BA08-09.20      BAN5-08.07 30705N5A  

AI9-SL8/322IT-M612              BA08-10.20      BAT0-14.07 30705T0A  


D:\PRIME\CADUPD~1\PROJECT\L3\P7\M5\3070508A.CAD Inputs
------------------------------

D:\PRIME\CADUPD~1\PROJECT\L3\P7\M5\3070509A.CAD Outputs
------------------------------
     Description                Source               Destination(s)
AI1-9/322TT151A                 BA09-02.18      BAC4-12.07 30705C4A  

AI10-9/322TT152C                BA09-11.18      BAC6-07.07 30705C6A  

AI11-9/322TT226A                BA09-12.18      BAE9-12.07 30705E9A  

AI12-9/322TT226B                BA09-13.18      BAE9-14.07 30705E9A  

AI13-9/322TT225A                BA09-14.18      BAE9-03.07 30705E9A  

AI14-9/322TT225B                BA09-15.18      BAE9-05.07 30705E9A  

AI15-9/322TT225C                BA09-16.18      BAE9-07.07 30705E9A  

AI2-9/322TT151B                 BA09-03.18      BAC4-15.07 30705C4A  

AI3-9/322TT150A                 BA09-04.18      BAC4-01.07 30705C4A  

AI4-9/322TT150B                 BA09-05.18      BAC4-03.07 30705C4A  

AI5-9/322TT150C                 BA09-06.18      BAC4-05.07 30705C4A  

AI6-9/322TT153A                 BA09-07.18      BAC6-13.07 30705C6A  

AI7-9/322TT153B                 BA09-08.18      BAC6-15.07 30705C6A  

AI8-9/322TT152A                 BA09-09.18      BAC6-03.07 30705C6A  

AI9-9/322TT152B                 BA09-10.18      BAC6-05.07 30705C6A  


D:\PRIME\CADUPD~1\PROJECT\L3\P7\M5\3070509A.CAD Inputs
------------------------------

D:\PRIME\CADUPD~1\PROJECT\L3\P7\M5\3070510A.CAD Outputs
------------------------------
     Description                Source               Destination(s)
FB1-10/322SY015A                BA10-04.12      BA53-08.07 3070553A  

FB3-10/322SC999                 BA10-07.12      BAL2-10.07 30705L2A  

FB5-10/322SC999A                BA10-09.12      BAL3-10.07 30705L3A  

FB6-10/322LV-654                BA10-10.12      BAK9-08.07 30705K9A  


D:\PRIME\CADUPD~1\PROJECT\L3\P7\M5\3070510A.CAD Inputs
------------------------------
AO1-10/322SY015A                BA10-04.12      BA53-10.26 3070553A  

AO2-10/322SY015B                BA10-05.12      BA53-12.26 3070553A  

AO3-10/322SC999                 BA10-06.12      BAL2-08.26 30705L2A  

AO4-10/322XS-M113               BA10-07.12      BAL3-06.26 30705L3A  

AO5-10/322SC999A                BA10-09.12      BAL3-08.26 30705L3A  

AO6-10/322LV-654                BA10-10.12      BAK9-05.26 30705K9A  


D:\PRIME\CADUPD~1\PROJECT\L3\P7\M5\3070511A.CAD Outputs
------------------------------
     Description                Source               Destination(s)
AI1-11/322IT021                 BA11-02.18      BA56-06.07 3070556A  

AI10-11/322IT403                BA11-11.18      BAG2-06.07 30705G2A  

AI11-11/322IT612                BA11-12.18      BAI9-03.07 30705I9A  

AI12-11/322IT113                BA11-13.18      BA75-04.07 3070575A  

AI13-11/322IT604A               BA11-14.18      BAH9-02.07 30705H9A  

AI14-11/322IT208A               BA11-15.18      BAE4-02.07 30705E4A  

AI15-11/322FR020                BA11-16.18      BA55-10.07 3070555A  

AI2-11/322ET031                 BA11-03.18      BA56-08.07 3070556A  

AI3-11/322IT102                 BA11-04.18      BAL2-08.07 30705L2A  BA65-02.07 3070565A  

AI4-11/322IT105                 BA11-05.18      BAL3-08.07 30705L3A  BA66-01.07 3070566A  

AI5-11/322IT107B                BA11-06.18      BA66-14.07 3070566A  

AI6-11/322IT107E                BA11-07.18      BA66-16.07 3070566A  

AI7-11/322IT122C                BA11-08.18      BA87-12.07 3070587A  

AI8-11/322IT122D                BA11-09.18      BA87-15.07 3070587A  

AI9-11/322IT223                 BA11-10.18      BAE8-13.07 30705E8A  


D:\PRIME\CADUPD~1\PROJECT\L3\P7\M5\3070511A.CAD Inputs
------------------------------

D:\PRIME\CADUPD~1\PROJECT\L3\P7\M5\3070512A.CAD Outputs
------------------------------
     Description                Source               Destination(s)
AI1-12/322IT122A                BA12-02.19      BAM6-13.07 30705M6A  BAM2-12.07 30705M2A  BA87-06.07 3070587A  BA53-03.07 3070553A  
                                                
AI10-12/322TT640B1              BA12-11.19      BAK3-06.07 30705K3A  

AI11-12/322TT640B2              BA12-12.19      BAK3-08.07 30705K3A  

AI12-12/322TT640C1              BA12-13.19      BAK3-10.07 30705K3A  

AI13-12/322TT640C2              BA12-14.19      BAK3-12.07 30705K3A  

AI14-12/322TT613A               BA12-15.19      BAJ0-05.07 30705J0A  

AI15-12/322TT613B               BA12-16.19      BAJ0-11.07 30705J0A  

AI2-12/322IT122B                BA12-03.19      BAM6-14.07 30705M6A  BAM2-14.07 30705M2A  BA87-09.07 3070587A  BA53-05.07 3070553A  
                                                
AI4-12/322WT324                 BA12-05.19      BAF1-05.07 30705F1A  

AI5-12/322TT641A                BA12-06.19      BAK4-02.07 30705K4A  

AI6-12/322TT641B                BA12-07.19      BAK4-04.07 30705K4A  

AI7-12/322TT642                 BA12-08.19      BAK5-06.07 30705K5A  

AI8-12/322TT640A1               BA12-09.19      BAK3-02.07 30705K3A  

AI9-12/322TT640A2               BA12-10.19      BAK3-04.07 30705K3A  


D:\PRIME\CADUPD~1\PROJECT\L3\P7\M5\3070512A.CAD Inputs
------------------------------

D:\PRIME\CADUPD~1\PROJECT\L3\P7\M5\3070513A.CAD Outputs
------------------------------
     Description                Source               Destination(s)
DI1-13A/322SP-M102              BA13-05.15      BAL4-14.07 30705L4A  

DI2-13A/322ST-M102              BA13-06.15      BAL4-11.07 30705L4A  

DI2-13B/322XS-M208A             BA13-06.23      BAO6-05.07 30705O6A  

DI3-13A/322SP-M105              BA13-07.15      BAL5-14.07 30705L5A  

DI3-13B/322ST-M208A             BA13-07.23      BAO6-11.07 30705O6A  

DI4-13A/322ST-M105              BA13-08.15      BAL5-11.07 30705L5A  

DI4-13B/322XS-M208B             BA13-08.23      BAP1-04.07 30705P1A  BAO8-04.07 30705O8A  

DI7-13A/322XS-M207              BA13-11.15      BAO5-04.07 30705O5A  


D:\PRIME\CADUPD~1\PROJECT\L3\P7\M5\3070513A.CAD Inputs
------------------------------

D:\PRIME\CADUPD~1\PROJECT\L3\P7\M5\3070514A.CAD Outputs
------------------------------
     Description                Source               Destination(s)
DI1-14A/322AUX-M102             BA14-06.15      BAL4-08.07 30705L4A  BAL2-14.07 30705L2A  BA73-05.07 3070573A  BA65-08.07 3070565A  
                                                BA61-04.07 3070561A  

DI1-14B/322AUXR-M207            BA14-06.23      BAO5-09.07 30705O5A  BAE3-14.07 30705E3A  

DI2-14A/322XS-M102              BA14-07.15      BAL4-05.07 30705L4A  

DI2-14B/322AUX-M208A            BA14-07.23      BAP0-06.07 30705P0A  BAO7-08.04 30705O7A  BAO6-08.07 30705O6A  BAE4-10.07 30705E4A  
                                                
DI3-14A/322AUX-M105             BA14-08.15      BAL5-08.07 30705L5A  BAL3-14.07 30705L3A  BA85-05.07 3070585A  BA66-07.07 3070566A  
                                                BA63-04.07 3070563A  

DI4-14A/322XS-M105              BA14-09.15      BAL5-05.07 30705L5A  

DI4-14B/322AUXF-M208B           BA14-09.23      BAP1-06.07 30705P1A  BAO8-06.07 30705O8A  

DI5-14A/322AUX-M107D            BA14-10.15      BAL9-08.07 30705L9A  BA80-10.07 3070580A  BA63-13.07 3070563A  

DI5-14B/322AUXR-M208B           BA14-10.23      BAP1-08.07 30705P1A  BAO8-08.07 30705O8A  

DI6-14A/322XS-M107D             BA14-11.15      BAL9-05.07 30705L9A  

DI7-14A/322AUXF-M207            BA14-12.15      BAO5-07.07 30705O5A  BAO1-03.07 30705O1A  BAE3-16.07 30705E3A  BAD6-03.07 30705D6A  
                                                

D:\PRIME\CADUPD~1\PROJECT\L3\P7\M5\3070514A.CAD Inputs
------------------------------

D:\PRIME\CADUPD~1\PROJECT\L3\P7\M5\3070515A.CAD Outputs
------------------------------
     Description                Source               Destination(s)
DI1-15A/322XS-M208D             BA15-06.14      BAP3-05.07 30705P3A  

DI2-15A/322ES-208               BA15-07.14      BAO6-03.07 30705O6A  

DI2-15B/322XS-M408A             BA15-07.23      BAR2-05.07 30705R2A  

DI3-15A/322XS-M405A             BA15-08.14      BAQ6-05.07 30705Q6A  

DI4-15B/322XS-M408B             BA15-09.23      BAR4-02.07 30705R4A  

DI5-15A/322XS-M405B             BA15-10.14      BAQ7-02.07 30705Q7A  

DI6-15B/322XS-M408C             BA15-11.23      BAR4-05.07 30705R4A  

DI7-15A/322XS-M405C             BA15-12.14      BAQ7-05.07 30705Q7A  


D:\PRIME\CADUPD~1\PROJECT\L3\P7\M5\3070515A.CAD Inputs
------------------------------

D:\PRIME\CADUPD~1\PROJECT\L3\P7\M5\3070516A.CAD Outputs
------------------------------
     Description                Source               Destination(s)
DI1-16A/322AUX-M208D            BA16-05.14      BAP3-08.07 30705P3A  

DI1-16B/322AUXR-M405C           BA16-05.22      BAQ7-17.07 30705Q7A  

DI2-16B/322AUXF-M408A           BA16-06.22      BAR2-07.07 30705R2A  BAQ9-11.07 30705Q9A  BAG5-05.07 30705G5A  BAF8-03.07 30705F8A  
                                                
DI3-16A/322AUXF-M405A           BA16-07.14      BAQ6-07.07 30705Q6A  BAP9-13.07 30705P9A  BAG3-06.07 30705G3A  BAF8-09.07 30705F8A  
                                                
DI3-16B/322AUXR-M408A           BA16-07.22      BAR2-09.07 30705R2A  BAQ9-13.07 30705Q9A  BAG5-07.07 30705G5A  BAF8-04.07 30705F8A  
                                                
DI4-16A/322AUXR-M405A           BA16-08.14      BAQ6-09.07 30705Q6A  BAP9-15.07 30705P9A  BAG3-08.07 30705G3A  BAF8-09.07 30705F8A  
                                                
DI4-16B/322AUXF-M408B           BA16-08.22      BAR4-08.07 30705R4A  

DI5-16A/322AUXF-M405B           BA16-09.14      BAQ7-08.07 30705Q7A  

DI5-16B/322AUXR-M408B           BA16-09.22      BAR4-14.07 30705R4A  

DI6-16A/322AUXR-M405B           BA16-10.14      BAQ7-14.07 30705Q7A  

DI6-16B/322AUXF-M408C           BA16-10.22      BAR4-11.07 30705R4A  

DI7-16A/322AUXF-M405C           BA16-11.14      BAQ7-11.07 30705Q7A  

DI7-16B/322AUXR-M408C           BA16-11.22      BAR4-17.07 30705R4A  


D:\PRIME\CADUPD~1\PROJECT\L3\P7\M5\3070516A.CAD Inputs
------------------------------

D:\PRIME\CADUPD~1\PROJECT\L3\P7\M5\3070517A.CAD Outputs
------------------------------
     Description                Source               Destination(s)
DI1-17A/322XS-M601A             BA17-05.14      BAR6-04.07 30705R6A  

DI1-17B/322XS-M131A             BA17-06.22      BAN5-04.07 30705N5A  

DI2-17A/322TS-M131B             BA17-06.14      BAN6-16.07 30705N6A  BAN5-08.07 30705N5A  

DI2-17B/322XS-M602A             BA17-07.22      BAS1-04.07 30705S1A  

DI3-17A/322XS-M601B             BA17-07.14      BAR7-04.07 30705R7A  

DI3-17B/322AUX-M131B            BA17-08.22      BAN6-13.07 30705N6A  

DI4-17A/322PS-M131B             BA17-08.14      BAN6-03.07 30705N6A  BAN6-15.07 30705N6A  

DI5-17A/322XS-M601C             BA17-09.14      BAR8-04.07 30705R8A  

DI5-17B/322XS-M604A             BA17-10.22      BAS4-05.07 30705S4A  

DI6-17A/322LS-M131B             BA17-10.14      BAN6-17.07 30705N6A  BAN5-06.07 30705N5A  

DI6-17B/322ST-015               BA17-11.22      BA53-02.07 3070553A  

DI7-17A/322XS-M601D             BA17-11.14      BAR9-03.07 30705R9A  

DI7-17B/322AUX-M604A            BA17-12.22      BAZ1-09.07 30705Z1A  BAS4-08.07 30705S4A  BAI3-16.07 30705I3A  


D:\PRIME\CADUPD~1\PROJECT\L3\P7\M5\3070517A.CAD Inputs
------------------------------

D:\PRIME\CADUPD~1\PROJECT\L3\P7\M5\3070518A.CAD Outputs
------------------------------
     Description                Source               Destination(s)
DI1-18A/322AUXF-M601A           BA18-06.14      BAR6-07.07 30705R6A  BAN3-03.07 30705N3A  BAH6-04.07 30705H6A  BAH5-11.07 30705H5A  
                                                
DI1-18B/322AUXR-M601D           BA18-06.22      BAR9-09.07 30705R9A  

DI2-18A/322AUXR-M601A           BA18-07.14      BAR6-09.07 30705R6A  BAN3-05.07 30705N3A  BAH6-04.07 30705H6A  

DI2-18B/322AUXF-M602A           BA18-07.22      BAS1-07.07 30705S1A  BAH7-11.07 30705H7A  BAH5-03.07 30705H5A  BAH1-10.07 30705H1A  
                                                
DI3-18A/322AUXF-M601B           BA18-08.14      BAR7-07.07 30705R7A  BAR6-16.07 30705R6A  BAH6-10.07 30705H6A  BAH5-08.07 30705H5A  
                                                
DI3-18B/322AUXR-M602A           BA18-08.22      BAS1-09.07 30705S1A  

DI4-18A/322AUXR-M601B           BA18-09.14      BAR7-09.07 30705R7A  BAH6-10.07 30705H6A  

DI5-18A/322AUXF-M601C           BA18-10.14      BAR8-07.07 30705R8A  BAR7-16.07 30705R7A  BAH6-15.07 30705H6A  BAH5-06.07 30705H5A  
                                                
DI5-18B/322ST-M604A             BA18-10.22      BAS4-11.07 30705S4A  

DI6-18A/322AUXR-M601C           BA18-11.14      BAR8-09.07 30705R8A  BAH6-15.07 30705H6A  

DI6-18B/322XS-M404              BA18-11.22      BAQ4-05.07 30705Q4A  

DI7-18A/322AUXF-M601D           BA18-12.14      BAR9-06.07 30705R9A  


D:\PRIME\CADUPD~1\PROJECT\L3\P7\M5\3070518A.CAD Inputs
------------------------------

D:\PRIME\CADUPD~1\PROJECT\L3\P7\M5\3070519A.CAD Outputs
------------------------------
     Description                Source               Destination(s)
DI1-19A/322LSH-613A             BA19-05.15      BAJ1-03.07 30705J1A  

DI1-19B/322ZSO015B              BA19-05.23      BA54-10.07 3070554A  

DI2-19A/322LSL-613A             BA19-06.15      BAJ1-07.07 30705J1A  

DI2-19B/322ZSC015B              BA19-06.23      BAM3-16.07 30705M3A  BA54-08.07 3070554A  

DI3-19A/322LSLL-613A            BA19-07.15      BAJ1-11.07 30705J1A  

DI3-19B/322SSL102               BA19-07.23      BA65-06.07 3070565A  

DI4-19A/322ZS130A               BA19-08.15      BA90-05.07 3070590A  

DI4-19B/322ZSH103               BA19-08.23      BA65-11.07 3070565A  

DI5-19B/322ZSO104               BA19-09.23      BAL4-16.07 30705L4A  BA65-15.07 3070565A  BA60-03.07 3070560A  

DI6-19A/322ZSO015A              BA19-10.15      BA54-06.07 3070554A  

DI6-19B/322SSL105               BA19-10.23      BA66-05.07 3070566A  

DI7-19A/322ZSC015A              BA19-11.15      BAM3-14.07 30705M3A  BA54-04.07 3070554A  

DI7-19B/322ZSH107               BA19-11.23      BA66-12.07 3070566A  


D:\PRIME\CADUPD~1\PROJECT\L3\P7\M5\3070519A.CAD Inputs
------------------------------

D:\PRIME\CADUPD~1\PROJECT\L3\P7\M5\3070520A.CAD Outputs
------------------------------
     Description                Source               Destination(s)
DI1-20A/322ZSO106               BA20-05.14      BAL5-16.07 30705L5A  BA66-10.07 3070566A  BA62-02.07 3070562A  

DI1-20B/322PSH123A              BA20-06.22      BA88-02.07 3070588A  

DI2-20A/322LSL112               BA20-06.14      BAL8-15.07 30705L8A  BAL7-17.07 30705L7A  BA75-01.07 3070575A  BA60-06.07 3070560A  
                                                
DI2-20B/322PSH123B              BA20-07.22      BA88-05.07 3070588A  

DI3-20A/322PSH113A              BA20-07.14      BA75-08.07 3070575A  

DI3-20B/322PSH123C              BA20-08.22      BA88-08.07 3070588A  

DI4-20A/322PSH113B              BA20-08.14      BA75-11.07 3070575A  

DI4-20B/322TSH125               BA20-09.22      BAM1-15.07 30705M1A  BAM0-15.07 30705M0A  BAD2-08.07 30705D2A  BA88-15.07 3070588A  
                                                BA62-08.07 3070562A  

DI5-20A/322PSH113C              BA20-09.14      BA75-13.07 3070575A  

DI6-20A/322TSH115               BA20-10.14      BAL8-17.07 30705L8A  BAL7-15.07 30705L7A  BA75-16.07 3070575A  BA60-09.07 3070560A  
                                                
DI6-20B/322ZS130B               BA20-11.22      BA90-07.07 3070590A  

DI7-20A/322LSL122               BA20-11.14      BAM1-17.07 30705M1A  BAM0-17.07 30705M0A  BAD2-04.07 30705D2A  BA87-03.07 3070587A  
                                                BA62-05.07 3070562A  

DI7-20B/322ZS130C               BA20-12.22      BA90-10.07 3070590A  


D:\PRIME\CADUPD~1\PROJECT\L3\P7\M5\3070520A.CAD Inputs
------------------------------

D:\PRIME\CADUPD~1\PROJECT\L3\P7\M5\3070521A.CAD Outputs
------------------------------
     Description                Source               Destination(s)
DI1-21A/322ZS130D               BA21-06.14      BA90-12.07 3070590A  

DI1-21B/322PSL141B              BA21-06.22      BAM3-08.07 30705M3A  BAB0-12.07 30705B0A  

DI2-21A/322LSL136               BA21-07.14      BAM2-15.07 30705M2A  BAA7-04.07 30705A7A  BA59-08.07 3070559A  

DI2-21B/322PSL141C              BA21-07.22      BAM3-10.07 30705M3A  BAB0-14.07 30705B0A  

DI3-21A/322PSH137               BA21-08.14      BAA7-10.07 30705A7A  

DI3-21B/322ZS142A               BA21-08.22      BAB6-03.07 30705B6A  

DI4-21A/322TSH138               BA21-09.14      BAM2-17.07 30705M2A  BAA7-15.07 30705A7A  BA59-10.07 3070559A  

DI4-21B/322ZS142B               BA21-09.22      BAB6-05.07 30705B6A  

DI5-21A/322LSLL140              BA21-10.14      BAM4-08.07 30705M4A  BAB0-02.07 30705B0A  BA57-05.07 3070557A  

DI5-21B/322ZS142C               BA21-10.22      BAB6-07.07 30705B6A  

DI6-21A/322PSL141D              BA21-11.14      BAM3-12.07 30705M3A  BAB0-16.07 30705B0A  

DI6-21B/322LSL145               BA21-11.22      BAN0-15.07 30705N0A  BAC2-04.07 30705C2A  

DI7-21A/322PSL141A              BA21-12.14      BAM3-06.07 30705M3A  BAB0-10.07 30705B0A  

DI7-21B/322PSH146               BA21-12.22      BAC2-09.07 30705C2A  


D:\PRIME\CADUPD~1\PROJECT\L3\P7\M5\3070521A.CAD Inputs
------------------------------

D:\PRIME\CADUPD~1\PROJECT\L3\P7\M5\3070522A.CAD Outputs
------------------------------
     Description                Source               Destination(s)
DI1-22A/322TSH147               BA22-05.14      BAN0-16.07 30705N0A  BAC2-14.07 30705C2A  

DI1-22B/322SSL203               BA22-06.22      BAE1-12.07 30705E1A  

DI2-22A/322ZS143A               BA22-06.14      BAB9-14.07 30705B9A  BAB7-14.07 30705B7A  BAB7-08.07 30705B7A  BAB6-15.07 30705B6A  
                                                
DI2-22B/322PC204A               BA22-07.22      BAO1-05.07 30705O1A  BAE2-04.07 30705E2A  BAD3-02.07 30705D3A  

DI3-22A/322ZS143B               BA22-07.14      BAM4-17.07 30705M4A  BAB9-10.07 30705B9A  BAB7-11.07 30705B7A  

DI3-22B/322PC204B               BA22-08.22      BAO1-07.07 30705O1A  BAE2-07.07 30705E2A  BAD3-04.07 30705D3A  

DI4-22A/322SSL131               BA22-08.14      BAA2-06.07 30705A2A  

DI4-22B/322SSL205               BA22-09.22      BAE2-13.07 30705E2A  

DI5-22A/322ZS132                BA22-09.14      BAN5-07.07 30705N5A  BAN3-08.07 30705N3A  BAH2-06.07 30705H2A  BAA2-14.07 30705A2A  
                                                
DI5-22B/322XS206A               BA22-10.22      BAO1-10.07 30705O1A  BAE3-03.07 30705E3A  BAD3-08.07 30705D3A  

DI6-22A/322PC201A               BA22-10.14      BAN7-06.07 30705N7A  BAE1-03.07 30705E1A  BAD2-10.07 30705D2A  

DI6-22B/322XS206B               BA22-11.22      BAO1-12.07 30705O1A  BAE3-05.07 30705E3A  BAD3-10.07 30705D3A  

DI7-22A/322PC201B               BA22-11.14      BAN7-08.07 30705N7A  BAE1-05.07 30705E1A  BAD2-12.07 30705D2A  

DI7-22B/322SSL207               BA22-12.22      BAE3-12.07 30705E3A  


D:\PRIME\CADUPD~1\PROJECT\L3\P7\M5\3070522A.CAD Inputs
------------------------------

D:\PRIME\CADUPD~1\PROJECT\L3\P7\M5\3070525A.CAD Outputs
------------------------------
     Description                Source               Destination(s)
DI1-25A/322SSL208               BA25-05.14      BAE4-08.07 30705E4A  

DI1-25B/322PC216                BA25-05.22      BAP6-17.07 30705P6A  BAE7-15.07 30705E7A  BAD3-17.07 30705D3A  

DI2-25A/322XS210                BA25-06.14      BAP0-02.07 30705P0A  BAE5-11.07 30705E5A  

DI2-25B/322SSL215               BA25-06.22      BAE7-08.07 30705E7A  

DI3-25A/322PC211A               BA25-07.14      BAP4-05.07 30705P4A  BAE6-02.07 30705E6A  

DI3-25B/322SSL222               BA25-07.22      BAE8-06.07 30705E8A  

DI4-25A/322PC211B               BA25-08.14      BAP4-07.07 30705P4A  BAE6-04.07 30705E6A  

DI4-25B/322PC401A               BA25-08.22      BAQ1-04.07 30705Q1A  BAG1-04.07 30705G1A  BAF4-11.07 30705F4A  

DI5-25A/322SSL209               BA25-09.14      BAE5-04.07 30705E5A  

DI5-25B/322PC401B               BA25-09.22      BAQ1-06.07 30705Q1A  BAG1-06.07 30705G1A  BAF4-13.07 30705F4A  

DI6-25A/322XS212A               BA25-10.14      BAP4-10.07 30705P4A  BAE6-08.07 30705E6A  

DI6-25B/322SSL403               BA25-10.22      BAG2-08.07 30705G2A  

DI7-25A/322XS212B               BA25-11.14      BAP4-12.07 30705P4A  BAE6-10.07 30705E6A  

DI7-25B/322XS402A               BA25-11.22      BAQ1-09.07 30705Q1A  BAG1-11.07 30705G1A  BAF5-01.07 30705F5A  


D:\PRIME\CADUPD~1\PROJECT\L3\P7\M5\3070525A.CAD Inputs
------------------------------

D:\PRIME\CADUPD~1\PROJECT\L3\P7\M5\3070526A.CAD Outputs
------------------------------
     Description                Source               Destination(s)
DI1-26A/322XS402B               BA26-05.14      BAQ1-11.07 30705Q1A  BAG1-13.07 30705G1A  BAF5-03.07 30705F5A  

DI1-26B/322XS407B               BA26-06.23      BAQ5-09.07 30705Q5A  BAG4-10.07 30705G4A  BAF2-05.07 30705F2A  

DI2-26A/322XS402C               BA26-06.14      BAQ1-13.07 30705Q1A  BAG1-15.07 30705G1A  BAF5-05.07 30705F5A  

DI2-26B/322XS407C               BA26-07.23      BAQ5-11.07 30705Q5A  BAG4-12.07 30705G4A  BAF2-07.07 30705F2A  

DI3-26A/322ZS404A               BA26-07.14      BAQ4-12.07 30705Q4A  BAQ3-11.07 30705Q3A  BAP9-07.07 30705P9A  BAF7-02.07 30705F7A  
                                                BAF4-06.07 30705F4A  

DI3-26B/322XS407D               BA26-08.23      BAQ5-13.07 30705Q5A  BAG4-14.07 30705G4A  BAF2-09.07 30705F2A  

DI4-26A/322ZS404B               BA26-08.14      BAQ4-15.07 30705Q4A  BAQ3-08.07 30705Q3A  BAP9-11.07 30705P9A  BAF7-04.07 30705F7A  
                                                BAF4-02.07 30705F4A  

DI5-26A/322PC406                BA26-09.14      BAQ5-04.07 30705Q5A  BAG3-13.07 30705G3A  BAF2-01.07 30705F2A  

DI5-26B/322ZS408B               BA26-10.23      BAG5-11.07 30705G5A  

DI6-26A/322SSL405               BA26-10.14      BAG3-04.07 30705G3A  

DI6-26B/322ZS408C               BA26-11.23      BAR5-10.07 30705R5A  BAG5-14.07 30705G5A  

DI7-26A/322XS407A               BA26-11.14      BAQ5-07.07 30705Q5A  BAG4-08.07 30705G4A  BAF2-03.07 30705F2A  


D:\PRIME\CADUPD~1\PROJECT\L3\P7\M5\3070526A.CAD Inputs
------------------------------

D:\PRIME\CADUPD~1\PROJECT\L3\P7\M5\3070527A.CAD Outputs
------------------------------
     Description                Source               Destination(s)
DI1-27A/322PC410A               BA27-05.13      BAQ9-06.07 30705Q9A  BAG7-04.07 30705G7A  BAF3-05.07 30705F3A  

DI1-27B/322XS412A               BA27-05.21      BAR1-01.07 30705R1A  BAG8-05.07 30705G8A  BAF3-11.07 30705F3A  

DI2-27A/322PC410B               BA27-06.13      BAQ9-08.07 30705Q9A  BAG7-06.07 30705G7A  BAF3-07.07 30705F3A  

DI2-27B/322XS412B               BA27-06.21      BAR1-03.07 30705R1A  BAG8-07.07 30705G8A  BAF3-13.07 30705F3A  

DI3-27A/322SSL407               BA27-07.13      BAG4-04.07 30705G4A  

DI3-27B/322XS412C               BA27-07.21      BAR1-05.07 30705R1A  BAG8-09.07 30705G8A  BAF3-15.07 30705F3A  

DI4-27A/322XS409A               BA27-08.13      BAQ9-02.07 30705Q9A  BAG6-07.07 30705G6A  BAF3-01.07 30705F3A  

DI4-27B/322XS412D               BA27-08.21      BAR1-07.07 30705R1A  BAG8-11.07 30705G8A  BAF3-17.07 30705F3A  

DI5-27A/322XS409B               BA27-09.13      BAQ9-04.07 30705Q9A  BAG6-10.07 30705G6A  BAF3-03.07 30705F3A  

DI5-27B/322ZS414A               BA27-09.21      BAG9-06.07 30705G9A  

DI6-27A/322PC411                BA27-10.13      BAR1-09.07 30705R1A  BAG7-14.07 30705G7A  BAF3-09.07 30705F3A  

DI6-27B/322ZS414B               BA27-10.21      BAG9-11.07 30705G9A  

DI7-27A/322SSL408               BA27-11.13      BAG5-03.07 30705G5A  


D:\PRIME\CADUPD~1\PROJECT\L3\P7\M5\3070527A.CAD Inputs
------------------------------

D:\PRIME\CADUPD~1\PROJECT\L3\P7\M5\3070528A.CAD Outputs
------------------------------
     Description                Source               Destination(s)
DI1-28B/322PC603A               BA28-06.21      BAS0-14.07 30705S0A  BAH8-06.07 30705H8A  

DI2-28A/322SSL601A              BA28-06.13      BAH6-03.07 30705H6A  

DI2-28B/322XS605                BA28-07.21      BAS0-08.07 30705S0A  BAI2-08.07 30705I2A  BAH2-09.07 30705H2A  

DI3-28A/322SSL601B              BA28-07.13      BAH6-09.07 30705H6A  

DI3-28B/322SSL604               BA28-08.21      BAI3-04.07 30705I3A  BAH9-05.07 30705H9A  

DI4-28A/322SSL601C              BA28-08.13      BAH6-14.07 30705H6A  

DI5-28A/322ZS602A               BA28-09.13      BAR9-15.07 30705R9A  BAH7-06.07 30705H7A  BAH2-07.07 30705H2A  

DI5-28B/322ZS607B               BA28-10.21      BAI4-08.07 30705I4A  

DI6-28A/322ZS602B               BA28-10.13      BAR9-17.07 30705R9A  BAH7-08.07 30705H7A  BAH2-08.07 30705H2A  

DI6-28B/322LSH611               BA28-11.21      BAS0-10.07 30705S0A  BAI8-08.07 30705I8A  BAH2-10.07 30705H2A  

DI7-28A/322ESP603B              BA28-11.13      BAS0-12.07 30705S0A  BAH8-11.07 30705H8A  

DI7-28B/322SSL612               BA28-12.21      BAI9-08.07 30705I9A  


D:\PRIME\CADUPD~1\PROJECT\L3\P7\M5\3070528A.CAD Inputs
------------------------------

D:\PRIME\CADUPD~1\PROJECT\L3\P7\M5\3070529A.CAD Outputs
------------------------------
     Description                Source               Destination(s)
DI1-29B/322SSL631               BA29-05.22      BAJ6-08.07 30705J6A  

DI2-29A/322XS610                BA29-06.13      BAS9-14.07 30705S9A  BAI7-08.07 30705I7A  BAF5-10.07 30705F5A  

DI2-29B/322XS632A               BA29-06.22      BAT6-09.07 30705T6A  BAJ8-08.07 30705J8A  BAF6-09.07 30705F6A  

DI3-29B/322XS632B               BA29-07.22      BAT6-11.07 30705T6A  BAJ8-11.07 30705J8A  BAF6-11.07 30705F6A  

DI4-29A/322XS614                BA29-08.13      BAJ2-08.07 30705J2A  

DI4-29B/322PC633A               BA29-08.22      BAT8-04.07 30705T8A  BAJ9-10.07 30705J9A  BAF6-13.07 30705F6A  

DI5-29A/322PC616                BA29-09.13      BAT4-06.07 30705T4A  BAJ4-08.07 30705J4A  BAF6-03.07 30705F6A  

DI5-29B/322PC633B               BA29-09.22      BAT8-06.07 30705T8A  BAJ9-12.07 30705J9A  BAF6-15.07 30705F6A  

DI6-29A/322SSL615               BA29-10.13      BAJ3-08.07 30705J3A  

DI6-29B/322SSL632               BA29-10.22      BAJ7-08.07 30705J7A  

DI7-29A/322PC630                BA29-11.13      BAT6-06.07 30705T6A  BAJ5-08.07 30705J5A  BAF6-05.07 30705F6A  

DI7-29B/322XS635A               BA29-11.22      BAT8-09.07 30705T8A  BAK1-07.07 30705K1A  BAF7-06.07 30705F7A  


D:\PRIME\CADUPD~1\PROJECT\L3\P7\M5\3070529A.CAD Inputs
------------------------------

D:\PRIME\CADUPD~1\PROJECT\L3\P7\M5\3070530A.CAD Outputs
------------------------------
     Description                Source               Destination(s)
DI1-30A/322XS635B               BA30-05.14      BAT8-11.07 30705T8A  BAK1-09.07 30705K1A  BAF7-07.07 30705F7A  

DI1-30B/322ZS651B               BA30-05.22      BAK6-10.07 30705K6A  BA71-07.07 3070571A  

DI2-30A/322PC637A               BA30-06.14      BAU0-05.07 30705U0A  BAK2-05.07 30705K2A  BAD5-04.07 30705D5A  

DI3-30A/322PC637B               BA30-07.14      BAU0-07.07 30705U0A  BAK2-08.07 30705K2A  BAD5-04.07 30705D5A  

DI4-30A/322PC637C               BA30-08.14      BAU0-09.07 30705U0A  BAK2-11.07 30705K2A  BAD5-05.07 30705D5A  

DI4-30B/322PSH123D              BA30-08.22      BA88-11.07 3070588A  

DI5-30A/322LSH140               BA30-09.14      BAB0-04.07 30705B0A  BAA9-07.07 30705A9A  

DI5-30B/322LSL140               BA30-09.22      BAB0-06.07 30705B0A  BAA9-05.07 30705A9A  

DI6-30A/322ES-M207              BA30-10.14      BAO5-15.07 30705O5A  

DI6-30B/322SSL600               BA30-10.22      BAH1-08.07 30705H1A  

DI7-30A/322ZS651A               BA30-11.14      BAK6-07.07 30705K6A  BA71-04.07 3070571A  


D:\PRIME\CADUPD~1\PROJECT\L3\P7\M5\3070530A.CAD Inputs
------------------------------

D:\PRIME\CADUPD~1\PROJECT\L3\P7\M5\3070531A.CAD Outputs
------------------------------
     Description                Source               Destination(s)
DI1-31A/322XS605A               BA31-06.14      BAI2-10.07 30705I2A  

DI1-31B/322PSL155               BA31-06.22      BAC8-03.07 30705C8A  BAC4-09.07 30705C4A  

DI2-31A/322XS605B               BA31-07.14      BAI2-12.07 30705I2A  

DI2-31B/322PSL156               BA31-07.22      BAC8-07.07 30705C8A  BAC6-10.07 30705C6A  

DI3-31A/322ZS213                BA31-08.14      BAE6-14.07 30705E6A  

DI3-31B/322LSL157               BA31-08.22      BAC8-11.07 30705C8A  

DI4-31A/322ZS214                BA31-09.14      BAE7-03.07 30705E7A  

DI4-31B/322XS210A               BA31-09.22      BAE5-13.07 30705E5A  

DI5-31A/322ZSC139               BA31-10.14      BAU3-04.07 30705U3A  BAA9-09.07 30705A9A  

DI5-31B/322XS210B               BA31-10.22      BAE5-15.07 30705E5A  

DI6-31A/322AUXF-M404            BA31-11.14      BAQ3-02.07 30705Q3A  

DI6-31B/322PSL608               BA31-11.22      BAS3-05.07 30705S3A  BAI5-08.07 30705I5A  

DI7-31A/322AUXR-M404            BA31-12.14      BAQ3-04.07 30705Q3A  

DI7-31B/322LSL158               BA31-12.22      BAC8-15.07 30705C8A  


D:\PRIME\CADUPD~1\PROJECT\L3\P7\M5\3070531A.CAD Inputs
------------------------------

D:\PRIME\CADUPD~1\PROJECT\L3\P7\M5\3070532A.CAD Outputs
------------------------------
     Description                Source               Destination(s)
DI1-32A/322PSH609               BA32-05.14      BAS3-07.07 30705S3A  BAI6-08.07 30705I6A  

DI2-32A/322AUX-M604C            BA32-06.14      BAS8-08.07 30705S8A  BAS3-12.07 30705S3A  

DI3-32A/322XS-M604C             BA32-07.14      BAS8-05.07 30705S8A  

DI3-32B/322SW-UP/DOWN           BA32-07.22      BA68-09.07 3070568A  

DI5-32A/322STF-M208B            BA32-09.14      BAP1-10.07 30705P1A  

DI6-32A/322SP-M208D             BA32-10.14      BAP3-14.07 30705P3A  

DI7-32A/322ST-M208D             BA32-11.14      BAP3-11.07 30705P3A  


D:\PRIME\CADUPD~1\PROJECT\L3\P7\M5\3070532A.CAD Inputs
------------------------------

D:\PRIME\CADUPD~1\PROJECT\L3\P7\M5\3070537A.CAD Outputs
------------------------------
     Description                Source               Destination(s)

D:\PRIME\CADUPD~1\PROJECT\L3\P7\M5\3070537A.CAD Inputs
------------------------------
DO1-37A/322MC-M107A             BA37-06.11      BAL6-08.26 30705L6A  

DO1-37B/322MC-M122D             BA37-06.20      BAM9-08.26 30705M9A  

DO2-37A/322MC-M107B             BA37-07.11      BAL7-08.26 30705L7A  

DO2-37B/322MC-M122E             BA37-07.20      BAN0-08.26 30705N0A  

DO3-37A/322MC-M107C             BA37-08.11      BAL8-08.26 30705L8A  

DO3-37B/322MC-M122F             BA37-08.20      BAN1-08.26 30705N1A  

DO4-37A/322MC-M107E             BA37-09.11      BAM0-08.26 30705M0A  

DO4-37B/322MC-M122G             BA37-09.20      BAN2-08.26 30705N2A  

DO5-37A/322MC-M107F             BA37-10.11      BAM1-08.26 30705M1A  

DO5-37B/322MCF-M131             BA37-10.20      BAN4-08.26 30705N4A  

DO6-37A/322MC-M113              BA37-11.11      BAM2-08.26 30705M2A  

DO6-37B/322MC-M203A             BA37-11.20      BAN8-08.26 30705N8A  

DO7-37A/322MC-M122C             BA37-12.11      BAM8-08.26 30705M8A  

DO7-37B/322MC-M203B             BA37-12.20      BAN9-08.26 30705N9A  

DO8-37A/322MC-M122A             BA37-13.11      BAM6-08.26 30705M6A  

DO8-37B/322MC-M122B             BA37-13.20      BAM6-11.26 30705M6A  


D:\PRIME\CADUPD~1\PROJECT\L3\P7\M5\3070538A.CAD Outputs
------------------------------
     Description                Source               Destination(s)

D:\PRIME\CADUPD~1\PROJECT\L3\P7\M5\3070538A.CAD Inputs
------------------------------
DO1-38A/322MC-M205              BA38-05.10      BAO2-08.26 30705O2A  

DO1-38B/322MC-M407              BA38-05.19      BAR0-08.26 30705R0A  

DO2-38A/322MC-M206              BA38-06.10      BAO3-08.26 30705O3A  

DO2-38B/322MC-M602B             BA38-06.19      BAS2-08.26 30705S2A  

DO3-38A/322MC-M209              BA38-07.10      BAP5-08.26 30705P5A  

DO3-38B/322MC-M604B             BA38-07.19      BAS7-08.26 30705S7A  

DO4-38A/322MC-M215              BA38-08.10      BAP6-08.26 30705P6A  

DO4-38B/322MC-M612              BA38-08.19      BAT0-08.26 30705T0A  

DO5-38A/322MC-M222              BA38-09.10      BAP7-08.26 30705P7A  

DO6-38A/322MC-M223              BA38-10.10      BAP8-08.26 30705P8A  

DO6-38B/322MC-M613B             BA38-10.19      BAT3-08.26 30705T3A  

DO7-38A/322MC-M403              BA38-11.10      BAQ2-08.26 30705Q2A  

DO7-38B/322MC-M615              BA38-11.19      BAT5-08.26 30705T5A  

DO8-38B/322MCR-M131             BA38-12.19      BAN4-13.26 30705N4A  


D:\PRIME\CADUPD~1\PROJECT\L3\P7\M5\3070539A.CAD Outputs
------------------------------
     Description                Source               Destination(s)

D:\PRIME\CADUPD~1\PROJECT\L3\P7\M5\3070539A.CAD Inputs
------------------------------
DO1-39A/322MC-M631              BA39-05.10      BAT7-08.26 30705T7A  

DO1-39B/322MC-M100              BA39-05.18      BAU2-08.26 30705U2A  

DO2-39A/322MC-M632              BA39-06.10      BAT9-08.26 30705T9A  

DO2-39B/322SW-U/D               BA39-06.18      BA68-09.26 3070568A  

DO3-39A/322MC-M633              BA39-07.10      BAU1-08.26 30705U1A  

DO3-39B/322MCF-M131B            BA39-07.18      BAN6-08.26 30705N6A  

DO4-39A/322-020                 BA39-08.10      BA55-08.26 3070555A  

DO4-39B/322MCR-M131B            BA39-08.18      BAN6-12.26 30705N6A  

DO5-39A/322LSL-613A             BA39-09.10      BAJ1-07.26 30705J1A  

DO5-39B/322MC-M131B             BA39-09.18      BAN6-03.26 30705N6A  

DO6-39A/322MC-M613A             BA39-10.10      BAT2-08.26 30705T2A  

DO6-39B/322LE-M122              BA39-10.18      BAM6-05.26 30705M6A  

DO7-39B/322MC-M131              BA39-11.18      BAN5-05.26 30705N5A  


D:\PRIME\CADUPD~1\PROJECT\L3\P7\M5\3070540A.CAD Outputs
------------------------------
     Description                Source               Destination(s)

D:\PRIME\CADUPD~1\PROJECT\L3\P7\M5\3070540A.CAD Inputs
------------------------------
DO1-40A/322MC-M102              BA40-05.06      BAL4-08.26 30705L4A  

DO1-40B/322MCR-M207             BA40-05.20      BAO5-10.26 30705O5A  

DO2-40A/322LE-M102              BA40-06.06      BAL4-05.26 30705L4A  

DO2-40B/322MC-M208A             BA40-06.20      BAO6-11.26 30705O6A  

DO3-40A/322MC-M105              BA40-07.06      BAL5-08.26 30705L5A  

DO3-40B/322MCS-M208A            BA40-07.20      BAO6-14.26 30705O6A  

DO4-40A/322LE-M105              BA40-08.06      BAL5-05.26 30705L5A  

DO4-40B/322MCF-M208C            BA40-08.20      BAO8-12.26 30705O8A  

DO5-40A/322MC-M107D             BA40-09.06      BAL9-08.26 30705L9A  

DO6-40A/322LE-M208A             BA40-10.06      BAO6-05.26 30705O6A  

DO6-40B/322MCF-M208B            BA40-10.20      BAP1-06.26 30705P1A  

DO7-40A/322MCF-M207             BA40-11.06      BAO5-06.26 30705O5A  

DO7-40B/322MCR-M208B            BA40-11.20      BAP1-10.26 30705P1A  


D:\PRIME\CADUPD~1\PROJECT\L3\P7\M5\3070541A.CAD Outputs
------------------------------
     Description                Source               Destination(s)

D:\PRIME\CADUPD~1\PROJECT\L3\P7\M5\3070541A.CAD Inputs
------------------------------
DO1-41A/322MC-M208D             BA41-05.06      BAP3-08.26 30705P3A  

DO1-41B/322MCR-M405C            BA41-05.21      BAQ8-08.26 30705Q8A  

DO2-41B/322MCF-M408A            BA41-06.21      BAR2-06.26 30705R2A  

DO3-41A/322MCF-M405A            BA41-07.06      BAQ6-06.26 30705Q6A  

DO3-41B/322MCR-M408A            BA41-07.21      BAR2-10.26 30705R2A  

DO4-41A/322MCR-M405A            BA41-08.06      BAQ6-10.26 30705Q6A  

DO4-41B/322MCF-M408B            BA41-08.21      BAR3-06.26 30705R3A  

DO5-41A/322MCF-M405B            BA41-09.06      BAQ8-06.26 30705Q8A  

DO5-41B/322MCR-M408B            BA41-09.21      BAR3-10.26 30705R3A  

DO6-41A/322MCR-M405B            BA41-10.06      BAQ8-10.26 30705Q8A  

DO6-41B/322MCF-M408C            BA41-10.21      BAR3-04.26 30705R3A  

DO7-41A/322MCF-M405C            BA41-11.06      BAQ8-04.26 30705Q8A  

DO7-41B/322MCR-M408C            BA41-11.21      BAR3-08.26 30705R3A  


D:\PRIME\CADUPD~1\PROJECT\L3\P7\M5\3070542A.CAD Outputs
------------------------------
     Description                Source               Destination(s)

D:\PRIME\CADUPD~1\PROJECT\L3\P7\M5\3070542A.CAD Inputs
------------------------------
DO1-42A/322MCF-M601A            BA42-05.06      BAR6-06.26 30705R6A  

DO1-42B/322MCR-M601D            BA42-05.21      BAR9-10.26 30705R9A  

DO2-42A/322MCR-M601A            BA42-06.06      BAR6-10.26 30705R6A  

DO2-42B/322MCF-M602A            BA42-06.21      BAS1-06.26 30705S1A  

DO3-42A/322MCF-M601B            BA42-07.06      BAR7-06.26 30705R7A  

DO3-42B/322MCR-M602A            BA42-07.21      BAS1-10.26 30705S1A  

DO4-42A/322MCR-M601B            BA42-08.06      BAR7-10.26 30705R7A  

DO4-42B/322MC-M604A             BA42-08.21      BAS4-08.26 30705S4A  

DO5-42A/322MCF-M601C            BA42-09.06      BAR8-06.26 30705R8A  

DO5-42B/322LE-M604A             BA42-09.21      BAS4-05.26 30705S4A  

DO6-42A/322MCR-M601C            BA42-10.06      BAR8-10.26 30705R8A  

DO6-42B/322CRC-M404             BA42-10.21      BAQ4-12.26 30705Q4A  

DO7-42A/322MCF-M601D            BA42-11.06      BAR9-06.26 30705R9A  

DO7-42B/322CRO-M404             BA42-11.21      BAQ4-08.26 30705Q4A  


D:\PRIME\CADUPD~1\PROJECT\L3\P7\M5\3070543A.CAD Outputs
------------------------------
     Description                Source               Destination(s)

D:\PRIME\CADUPD~1\PROJECT\L3\P7\M5\3070543A.CAD Inputs
------------------------------
DO1-43B/322EV143B               BA43-05.21      BAB9-06.26 30705B9A  

DO2-43B/322EV606                BA43-06.21      BAI3-08.26 30705I3A  

DO3-43A/322EV110A               BA43-07.06      BA70-08.26 3070570A  

DO3-43B/322EV120C               BA43-07.21      BA84-08.26 3070584A  

DO4-43A/322EV110B               BA43-08.06      BA72-08.26 3070572A  

DO4-43B/322EV139                BA43-08.21      BAA9-08.26 30705A9A  

DO5-43A/322EV120A               BA43-09.06      BA81-08.26 3070581A  

DO5-43B/322MC-M604C             BA43-09.21      BAS8-08.26 30705S8A  

DO6-43A/322EV120B               BA43-10.06      BA83-08.26 3070583A  

DO6-43B/322LE-M208B             BA43-10.21      BAP1-02.26 30705P1A  

DO7-43A/322EV135                BA43-11.06      BAA5-08.26 30705A5A  

DO7-43B/322LE-M208D             BA43-11.21      BAP3-05.26 30705P3A  

DO8-43A/322EV143A               BA43-12.06      BAB7-08.26 30705B7A  


D:\PRIME\CADUPD~1\PROJECT\L3\P7\M5\3070544A.CAD Outputs
------------------------------
     Description                Source               Destination(s)

D:\PRIME\CADUPD~1\PROJECT\L3\P7\M5\3070544A.CAD Inputs
------------------------------
DO1-44A/322-143                 BA44-05.06      BAB7-14.26 30705B7A  

DO1-44B/322EV121A               BA44-05.21      BA86-06.26 3070586A  

DO2-44A/322MC-M634              BA44-06.06      BAU3-08.26 30705U3A  

DO2-44B/322EV121B               BA44-06.21      BA86-10.26 3070586A  

DO3-44A/322-M122 SERINE         BA44-07.06      BAM6-03.26 30705M6A  

DO4-44B/322MCS-M604A            BA44-08.21      BAS4-13.26 30705S4A  


D:\PRIME\CADUPD~1\PROJECT\L3\P7\M5\3070545A.CAD Outputs
------------------------------
     Description                Source               Destination(s)

D:\PRIME\CADUPD~1\PROJECT\L3\P7\M5\3070545A.CAD Inputs
------------------------------
DO1-45B/322EV111A               BA45-05.21      BA74-06.26 3070574A  

DO1-SL45A/322HV-501A            BA45-05.08      BAH0-11.26 30705H0A  

DO2-45B/322EV111B               BA45-06.21      BA74-10.26 3070574A  

DO2-SL45A/322HV-501B            BA45-06.08      BAH0-13.26 30705H0A  

DO3-SL45A/322AUX-M631           BA45-07.08      BAT7-04.26 30705T7A  

DO4-45B/322MCS-M122A            BA45-08.21      BAM6-13.26 30705M6A  

DO4-SL45A/322AUX-M633           BA45-08.08      BAU1-04.26 30705U1A  

DO5-45B/322MCS-M122B            BA45-09.21      BAM6-15.26 30705M6A  

DO5-SL45A/322AUX-M604A          BA45-09.08      BAS4-01.26 30705S4A  


D:\PRIME\CADUPD~1\PROJECT\L3\P7\M5\3070551A.CAD Outputs
------------------------------
     Description                Source               Destination(s)

D:\PRIME\CADUPD~1\PROJECT\L3\P7\M5\3070551A.CAD Inputs
------------------------------
AI5-SL8/322VT-005               BA51-12.07      BA08-06.20 3070508A  


D:\PRIME\CADUPD~1\PROJECT\L3\P7\M5\3070553A.CAD Outputs
------------------------------
     Description                Source               Destination(s)
A322IR122                       BA53-02.26      BA53-14.07 3070553A  

A322SY015                       BA53-08.26      BAA4-15.07 30705A4A  

AO1-10/322SY015A                BA53-10.26      BA10-04.12 3070510A  

AO2-10/322SY015B                BA53-12.26      BA10-05.12 3070510A  


D:\PRIME\CADUPD~1\PROJECT\L3\P7\M5\3070553A.CAD Inputs
------------------------------
A322IR122                       BA53-14.07      BA53-02.26 3070553A  

AI1-12/322IT122A                BA53-03.07      BA12-02.19 3070512A  

AI2-12/322IT122B                BA53-05.07      BA12-03.19 3070512A  

D322AUX-M122                    BA53-07.07      BAM5-11.26 30705M5A  

D322SAP122                      BA53-07.07      BAM4-11.26 30705M4A  

DI6-17B/322ST-015               BA53-02.07      BA17-11.22 3070517A  

FB1-10/322SY015A                BA53-08.07      BA10-04.12 3070510A  


D:\PRIME\CADUPD~1\PROJECT\L3\P7\M5\3070554A.CAD Outputs
------------------------------
     Description                Source               Destination(s)

D:\PRIME\CADUPD~1\PROJECT\L3\P7\M5\3070554A.CAD Inputs
------------------------------
DI1-19B/322ZSO015B              BA54-10.07      BA19-05.23 3070519A  

DI2-19B/322ZSC015B              BA54-08.07      BA19-06.23 3070519A  

DI6-19A/322ZSO015A              BA54-06.07      BA19-10.15 3070519A  

DI7-19A/322ZSC015A              BA54-04.07      BA19-11.15 3070519A  


D:\PRIME\CADUPD~1\PROJECT\L3\P7\M5\3070555A.CAD Outputs
------------------------------
     Description                Source               Destination(s)
DO4-39A/322-020                 BA55-08.26      BA39-08.10 3070539A  

LOAD SHEDDING                   BA55-13.26      BAZ1-06.07 30705Z1A  BAS4-16.07 30705S4A  BAM6-17.07 30705M6A  


D:\PRIME\CADUPD~1\PROJECT\L3\P7\M5\3070555A.CAD Inputs
------------------------------
AI15-11/322FR020                BA55-10.07      BA11-16.18 3070511A  

D322FA-M122                     BA55-07.07      BAM6-09.26 30705M6A  

D322FA-M604A                    BA55-08.07      BAS4-12.26 30705S4A  


D:\PRIME\CADUPD~1\PROJECT\L3\P7\M5\3070556A.CAD Outputs
------------------------------
     Description                Source               Destination(s)

D:\PRIME\CADUPD~1\PROJECT\L3\P7\M5\3070556A.CAD Inputs
------------------------------
AI1-11/322IT021                 BA56-06.07      BA11-02.18 3070511A  

AI2-11/322ET031                 BA56-08.07      BA11-03.18 3070511A  


D:\PRIME\CADUPD~1\PROJECT\L3\P7\M5\3070557A.CAD Outputs
------------------------------
     Description                Source               Destination(s)
D322HS100A-3                    BA57-16.26      BAM4-12.07 30705M4A  

D322SAP100A                     BA57-06.26      BA57-13.07 3070557A  

D322SP100A                      BA57-12.26      BA58-03.07 3070558A  

D322ST100A-1                    BA57-12.26      BA58-02.07 3070558A  


D:\PRIME\CADUPD~1\PROJECT\L3\P7\M5\3070557A.CAD Inputs
------------------------------
D322FA100A-1                    BA57-13.07      BA58-02.26 3070558A  

D322FA100A-2                    BA57-14.07      BA58-05.26 3070558A  

D322FA100A-3                    BA57-15.07      BA58-08.26 3070558A  

D322FA100A-4                    BA57-15.07      BA58-10.26 3070558A  

D322FA100A-5                    BA57-16.07      BA58-13.26 3070558A  

D322RS100A                      BA57-12.07      BA58-15.26 3070558A  

D322SA2-M122                    BA57-00.07      BAM3-15.26 30705M3A  

D322SAP100A                     BA57-13.07      BA57-06.26 3070557A  

D322TAH150A                     BA57-06.07      BAC4-03.26 30705C4A  

D322TAH150B                     BA57-06.07      BAC4-05.26 30705C4A  

D322TAH150C                     BA57-07.07      BAC4-07.26 30705C4A  

D322TAH151A                     BA57-07.07      BAC4-13.26 30705C4A  

D322TAH151B                     BA57-08.07      BAC4-16.26 30705C4A  

D322TAH152A                     BA57-09.07      BAC6-04.26 30705C6A  

D322TAH152B                     BA57-09.07      BAC6-06.26 30705C6A  

D322TAH152C                     BA57-10.07      BAC6-08.26 30705C6A  

D322TAH153A                     BA57-10.07      BAC6-14.26 30705C6A  

D322TAH153B                     BA57-11.07      BAC6-16.26 30705C6A  

D322XS-M122                     BA57-01.07      BAM5-03.26 30705M5A  

D322XS-M122C                    BA57-01.07      BAM8-05.26 30705M8A  

D322XS-M122D                    BA57-02.07      BAM9-05.26 30705M9A  

D322XS-M122F                    BA57-03.07      BAN1-05.26 30705N1A  

D322XS-M122G                    BA57-03.07      BAN2-05.26 30705N2A  

DI5-21A/322LSLL140              BA57-05.07      BA21-10.14 3070521A  


D:\PRIME\CADUPD~1\PROJECT\L3\P7\M5\3070558A.CAD Outputs
------------------------------
     Description                Source               Destination(s)
D322AUT-M122                    BA58-13.26      BAM6-06.07 30705M6A  

D322AUT-M122C                   BA58-03.26      BAM8-06.07 30705M8A  

D322AUT-M122D                   BA58-06.26      BAM9-06.07 30705M9A  

D322AUT-M122F                   BA58-08.26      BAN1-06.07 30705N1A  

D322AUT-M122G                   BA58-11.26      BAN2-06.07 30705N2A  

D322AUT139                      BA58-02.26      BAA9-07.07 30705A9A  

D322FA100A-1                    BA58-02.26      BA57-13.07 3070557A  

D322FA100A-2                    BA58-05.26      BA57-14.07 3070557A  

D322FA100A-3                    BA58-08.26      BA57-15.07 3070557A  

D322FA100A-4                    BA58-10.26      BA57-15.07 3070557A  

D322FA100A-5                    BA58-13.26      BA57-16.07 3070557A  

D322RS100A                      BA58-15.26      BA57-12.07 3070557A  

D322SP-M122                     BA58-14.26      BAM6-03.07 30705M6A  

D322SP-M122C                    BA58-04.26      BAM8-03.07 30705M8A  

D322SP-M122D                    BA58-06.26      BAM9-03.07 30705M9A  

D322SP-M122F                    BA58-09.26      BAN1-03.07 30705N1A  

D322SP-M122G                    BA58-11.26      BAN2-03.07 30705N2A  

D322ST-M122                     BA58-15.26      BAM6-02.07 30705M6A  

D322ST-M122C                    BA58-04.26      BAM8-02.07 30705M8A  

D322ST-M122D                    BA58-07.26      BAM9-02.07 30705M9A  

D322ST-M122F                    BA58-10.26      BAN1-02.07 30705N1A  

D322ST-M122G                    BA58-12.26      BAN2-02.07 30705N2A  


D:\PRIME\CADUPD~1\PROJECT\L3\P7\M5\3070558A.CAD Inputs
------------------------------
D322AUX-M122                    BA58-15.07      BAM5-11.26 30705M5A  

D322SP100A                      BA58-03.07      BA57-12.26 3070557A  

D322ST100A-1                    BA58-02.07      BA57-12.26 3070557A  

DI1-1B/322AUX-M122D             BA58-07.07      BA01-05.22 3070501A  

DI3-1B/322AUX-M122F             BA58-10.07      BA01-07.22 3070501A  

DI4-1B/322AUX-M122G             BA58-12.07      BA01-08.22 3070501A  

DI7-1A/322AUX-M122C             BA58-04.07      BA01-11.14 3070501A  


D:\PRIME\CADUPD~1\PROJECT\L3\P7\M5\3070559A.CAD Outputs
------------------------------
     Description                Source               Destination(s)
D322AUT-M113                    BA59-12.26      BAM2-06.07 30705M2A  

D322AUT135                      BA59-14.26      BAA5-06.07 30705A5A  

D322FA100B-1                    BA59-11.26      BA62-13.07 3070562A  BA60-13.07 3070560A  

D322FA100B-2                    BA59-14.26      BA62-14.07 3070562A  BA60-14.07 3070560A  

D322SAP100B                     BA59-05.26      BA62-12.07 3070562A  BA60-12.07 3070560A  

D322SP-M113                     BA59-12.26      BAM2-03.07 30705M2A  

D322SP135                       BA59-15.26      BAA5-05.07 30705A5A  

D322ST-M113                     BA59-13.26      BAM2-02.07 30705M2A  

D322ST100B-3                    BA59-16.26      BA62-11.07 3070562A  BA60-11.07 3070560A  

D322ST135                       BA59-16.26      BAA5-04.07 30705A5A  


D:\PRIME\CADUPD~1\PROJECT\L3\P7\M5\3070559A.CAD Inputs
------------------------------
D322AUX-M122                    BA59-03.07      BAM5-11.26 30705M5A  

D322EV135                       BA59-16.07      BAA5-10.26 30705A5A  

D322PAH137-2                    BA59-07.07      BAA7-07.26 30705A7A  

D322SAL015-2                    BA59-02.07      BAA4-15.26 30705A4A  

D322SP100C                      BA59-14.07      BA60-10.26 3070560A  

D322SP100C-2                    BA59-15.07      BA61-01.26 3070561A  

D322SP100D                      BA59-15.07      BA62-10.26 3070562A  

D322SP100D-2                    BA59-16.07      BA63-01.26 3070563A  

D322ST100C-1                    BA59-11.07      BA60-09.26 3070560A  

D322ST100D-1                    BA59-12.07      BA62-09.26 3070562A  

D322XS-M113                     BA59-03.07      BAM2-05.26 30705M2A  

D322ZS130A                      BA59-04.07      BA90-04.26 3070590A  

D322ZS130B                      BA59-05.07      BA90-06.26 3070590A  

D322ZS130C                      BA59-05.07      BA90-09.26 3070590A  

D322ZS130D                      BA59-06.07      BA90-11.26 3070590A  

DI2-21A/322LSL136               BA59-08.07      BA21-07.14 3070521A  

DI4-21A/322TSH138               BA59-10.07      BA21-09.14 3070521A  

DI6-1A/322AUX-M113              BA59-13.07      BA01-10.14 3070501A  


D:\PRIME\CADUPD~1\PROJECT\L3\P7\M5\3070560A.CAD Outputs
------------------------------
     Description                Source               Destination(s)
D322SAP100C                     BA60-06.26      BA60-12.07 3070560A  

D322SP100C                      BA60-10.26      BA61-03.07 3070561A  BA59-14.07 3070559A  

D322ST100C-1                    BA60-09.26      BA59-11.07 3070559A  

D322ST100C-3                    BA60-11.26      BA61-02.07 3070561A  


D:\PRIME\CADUPD~1\PROJECT\L3\P7\M5\3070560A.CAD Inputs
------------------------------
D322FA100B-1                    BA60-13.07      BA59-11.26 3070559A  

D322FA100B-2                    BA60-14.07      BA59-14.26 3070559A  

D322FA100C-3                    BA60-15.07      BA61-02.26 3070561A  

D322FA100C-4                    BA60-15.07      BA61-05.26 3070561A  

D322FA100C-5                    BA60-16.07      BA61-08.26 3070561A  

D322FA100C-6                    BA60-16.07      BA61-10.26 3070561A  

D322FA100C-7                    BA60-17.07      BA61-13.26 3070561A  

D322PAH113A                     BA60-07.07      BA75-07.26 3070575A  

D322PAH113B                     BA60-07.07      BA75-09.26 3070575A  

D322RS100C                      BA60-10.07      BA61-16.26 3070561A  

D322SAP100B                     BA60-12.07      BA59-05.26 3070559A  

D322SAP100C                     BA60-12.07      BA60-06.26 3070560A  

D322ST100B-3                    BA60-11.07      BA59-16.26 3070559A  

D322XS-M102                     BA60-01.07      BAL4-03.26 30705L4A  

D322XS-M107A                    BA60-04.07      BAL6-05.26 30705L6A  

D322XS-M107B                    BA60-04.07      BAL7-05.26 30705L7A  

DI2-20A/322LSL112               BA60-06.07      BA20-06.14 3070520A  

DI5-19B/322ZSO104               BA60-03.07      BA19-09.23 3070519A  

DI6-20A/322TSH115               BA60-09.07      BA20-10.14 3070520A  


D:\PRIME\CADUPD~1\PROJECT\L3\P7\M5\3070561A.CAD Outputs
------------------------------
     Description                Source               Destination(s)
D322AUT-M102                    BA61-03.26      BAL4-06.07 30705L4A  

D322AUT-M107A                   BA61-11.26      BAL6-06.07 30705L6A  

D322AUT-M107B                   BA61-05.26      BAL7-06.07 30705L7A  

D322AUT110A2                    BA61-14.26      BA70-06.07 3070570A  

D322AUT111                      BA61-08.26      BA74-05.07 3070574A  

D322FA100C-3                    BA61-02.26      BA60-15.07 3070560A  

D322FA100C-4                    BA61-05.26      BA60-15.07 3070560A  

D322FA100C-5                    BA61-08.26      BA60-16.07 3070560A  

D322FA100C-6                    BA61-10.26      BA60-16.07 3070560A  

D322FA100C-7                    BA61-13.26      BA60-17.07 3070560A  

D322RS100C                      BA61-16.26      BA60-10.07 3070560A  

D322SP-M102                     BA61-03.26      BAL4-03.07 30705L4A  

D322SP-M107A                    BA61-12.26      BAL6-03.07 30705L6A  

D322SP-M107B                    BA61-06.26      BAL7-03.07 30705L7A  

D322SP100C-2                    BA61-01.26      BA59-15.07 3070559A  

D322SP110A                      BA61-14.26      BA70-03.07 3070570A  

D322SP111                       BA61-09.26      BA74-02.07 3070574A  

D322ST-M102                     BA61-04.26      BAL4-02.07 30705L4A  

D322ST-M107A                    BA61-12.26      BAL6-02.07 30705L6A  

D322ST-M107B                    BA61-07.26      BAL7-02.07 30705L7A  

D322ST110A                      BA61-15.26      BA70-05.07 3070570A  

D322ST111                       BA61-10.26      BA74-01.07 3070574A  


D:\PRIME\CADUPD~1\PROJECT\L3\P7\M5\3070561A.CAD Inputs
------------------------------
D322AUT110A                     BA61-15.07      BA70-12.26 3070570A  

D322FOR111                      BA61-10.07      BA74-07.26 3070574A  

D322SP100C                      BA61-03.07      BA60-10.26 3070560A  

D322ST100C-3                    BA61-02.07      BA60-11.26 3070560A  

DI1-14A/322AUX-M102             BA61-04.07      BA14-06.15 3070514A  

DI1-1A/322AUX-M107A             BA61-13.07      BA01-05.14 3070501A  

DI2-1A/322AUX-M107B             BA61-07.07      BA01-06.14 3070501A  


D:\PRIME\CADUPD~1\PROJECT\L3\P7\M5\3070562A.CAD Outputs
------------------------------
     Description                Source               Destination(s)
D322SAP100D                     BA62-05.26      BA62-12.07 3070562A  

D322SP100D                      BA62-10.26      BA63-03.07 3070563A  BA59-15.07 3070559A  

D322ST100D-1                    BA62-09.26      BA59-12.07 3070559A  

D322ST100D-3                    BA62-11.26      BA63-02.07 3070563A  


D:\PRIME\CADUPD~1\PROJECT\L3\P7\M5\3070562A.CAD Inputs
------------------------------
D322FA100B-1                    BA62-13.07      BA59-11.26 3070559A  

D322FA100B-2                    BA62-14.07      BA59-14.26 3070559A  

D322FA100D-3                    BA62-15.07      BA63-02.26 3070563A  

D322FA100D-4                    BA62-15.07      BA63-05.26 3070563A  

D322FA100D-5                    BA62-16.07      BA63-08.26 3070563A  

D322FA100D-6                    BA62-16.07      BA63-10.26 3070563A  

D322FA100D-7                    BA62-17.07      BA63-13.26 3070563A  

D322PAH123A                     BA62-06.07      BA88-01.26 3070588A  

D322PAH123B                     BA62-07.07      BA88-04.26 3070588A  

D322RS100D                      BA62-10.07      BA63-16.26 3070563A  

D322SAP100B                     BA62-12.07      BA59-05.26 3070559A  

D322SAP100D                     BA62-12.07      BA62-05.26 3070562A  

D322ST100B-3                    BA62-11.07      BA59-16.26 3070559A  

D322XS-M105                     BA62-01.07      BAL5-03.26 30705L5A  

D322XS-M107D                    BA62-03.07      BAL9-05.26 30705L9A  

D322XS-M107E                    BA62-04.07      BAM0-05.26 30705M0A  

DI1-20A/322ZSO106               BA62-02.07      BA20-05.14 3070520A  

DI4-20B/322TSH125               BA62-08.07      BA20-09.22 3070520A  

DI7-20A/322LSL122               BA62-05.07      BA20-11.14 3070520A  


D:\PRIME\CADUPD~1\PROJECT\L3\P7\M5\3070563A.CAD Outputs
------------------------------
     Description                Source               Destination(s)
D322AUT-M105                    BA63-03.26      BAL5-06.07 30705L5A  

D322AUT-M107D                   BA63-11.26      BAL9-06.07 30705L9A  

D322AUT-M107E                   BA63-05.26      BAM0-06.07 30705M0A  

D322AUT120A2                    BA63-14.26      BA81-06.07 3070581A  

D322AUT121                      BA63-08.26      BA86-05.07 3070586A  

D322FA100D-3                    BA63-02.26      BA62-15.07 3070562A  

D322FA100D-4                    BA63-05.26      BA62-15.07 3070562A  

D322FA100D-5                    BA63-08.26      BA62-16.07 3070562A  

D322FA100D-6                    BA63-10.26      BA62-16.07 3070562A  

D322FA100D-7                    BA63-13.26      BA62-17.07 3070562A  

D322RS100D                      BA63-16.26      BA62-10.07 3070562A  

D322SP-M105                     BA63-03.26      BAL5-03.07 30705L5A  

D322SP-M107D                    BA63-12.26      BAL9-03.07 30705L9A  

D322SP-M107E                    BA63-06.26      BAM0-03.07 30705M0A  

D322SP100D-2                    BA63-01.26      BA59-16.07 3070559A  

D322SP120A                      BA63-14.26      BA81-04.07 3070581A  

D322SP121                       BA63-09.26      BA86-02.07 3070586A  

D322ST-M105                     BA63-04.26      BAL5-02.07 30705L5A  

D322ST-M107D                    BA63-12.26      BAL9-02.07 30705L9A  

D322ST-M107E                    BA63-07.26      BAM0-02.07 30705M0A  

D322ST121                       BA63-10.26      BA86-01.07 3070586A  


D:\PRIME\CADUPD~1\PROJECT\L3\P7\M5\3070563A.CAD Inputs
------------------------------
D322AUT120A                     BA63-15.07      BA81-12.26 3070581A  

D322FOR121                      BA63-10.07      BA86-07.26 3070586A  

D322SP100D                      BA63-03.07      BA62-10.26 3070562A  

D322ST100D-3                    BA63-02.07      BA62-11.26 3070562A  

DI3-14A/322AUX-M105             BA63-04.07      BA14-08.15 3070514A  

DI4-1A/322AUX-M107E             BA63-07.07      BA01-08.14 3070501A  

DI5-14A/322AUX-M107D            BA63-13.07      BA14-10.15 3070514A  


D:\PRIME\CADUPD~1\PROJECT\L3\P7\M5\3070565A.CAD Outputs
------------------------------
     Description                Source               Destination(s)
D322SAL102                      BA65-06.26      BAL4-17.07 30705L4A  BA74-17.07 3070574A  

D322SP-111/110A                 BA65-04.26      BA74-03.07 3070574A  

D322ST-111/110A                 BA65-04.26      BA74-00.07 3070574A  BA70-02.07 3070570A  

D322ZAH103                      BA65-12.26      BA70-04.07 3070570A  BA69-05.07 3070569A  


D:\PRIME\CADUPD~1\PROJECT\L3\P7\M5\3070565A.CAD Inputs
------------------------------
AI3-11/322IT102                 BA65-02.07      BA11-04.18 3070511A  

D322SAP-111.1                   BA65-04.07      BA74-04.26 3070574A  

DI1-14A/322AUX-M102             BA65-08.07      BA14-06.15 3070514A  

DI3-19B/322SSL102               BA65-06.07      BA19-07.23 3070519A  

DI4-19B/322ZSH103               BA65-11.07      BA19-08.23 3070519A  

DI5-19B/322ZSO104               BA65-15.07      BA19-09.23 3070519A  


D:\PRIME\CADUPD~1\PROJECT\L3\P7\M5\3070566A.CAD Outputs
------------------------------
     Description                Source               Destination(s)
D322SAL105                      BA66-06.26      BAL5-17.07 30705L5A  BA86-17.07 3070586A  

D322SP-121/110B                 BA66-04.26      BA86-02.07 3070586A  

D322ST-121/110B                 BA66-03.26      BA86-00.07 3070586A  BA72-06.07 3070572A  

D322ZAH107                      BA66-13.26      BA81-05.07 3070581A  BA80-05.07 3070580A  


D:\PRIME\CADUPD~1\PROJECT\L3\P7\M5\3070566A.CAD Inputs
------------------------------
AI4-11/322IT105                 BA66-01.07      BA11-05.18 3070511A  

AI5-11/322IT107B                BA66-14.07      BA11-06.18 3070511A  

AI6-11/322IT107E                BA66-16.07      BA11-07.18 3070511A  

D322SAP-121                     BA66-04.07      BA86-04.26 3070586A  

DI1-20A/322ZSO106               BA66-10.07      BA20-05.14 3070520A  

DI3-14A/322AUX-M105             BA66-07.07      BA14-08.15 3070514A  

DI6-19B/322SSL105               BA66-05.07      BA19-10.23 3070519A  

DI7-19B/322ZSH107               BA66-12.07      BA19-11.23 3070519A  


D:\PRIME\CADUPD~1\PROJECT\L3\P7\M5\3070568A.CAD Outputs
------------------------------
     Description                Source               Destination(s)
DO2-39B/322SW-U/D               BA68-09.26      BA39-06.18 3070539A  


D:\PRIME\CADUPD~1\PROJECT\L3\P7\M5\3070568A.CAD Inputs
------------------------------
DI3-32B/322SW-UP/DOWN           BA68-09.07      BA32-07.22 3070532A  


D:\PRIME\CADUPD~1\PROJECT\L3\P7\M5\3070569A.CAD Outputs
------------------------------
     Description                Source               Destination(s)
D322IA110A                      BA69-07.26      BA70-15.07 3070570A  


D:\PRIME\CADUPD~1\PROJECT\L3\P7\M5\3070569A.CAD Inputs
------------------------------
D322AUT110A                     BA69-04.07      BA70-12.26 3070570A  

D322FOR111                      BA69-03.07      BA74-07.26 3070574A  

D322PAH113A                     BA69-07.07      BA75-07.26 3070575A  

D322ZAH103                      BA69-05.07      BA65-12.26 3070565A  

DI1-1A/322AUX-M107A             BA69-09.07      BA01-05.14 3070501A  


D:\PRIME\CADUPD~1\PROJECT\L3\P7\M5\3070570A.CAD Outputs
------------------------------
     Description                Source               Destination(s)
D322AUT110A                     BA70-12.26      BA69-04.07 3070569A  BA61-15.07 3070561A  

DO3-43A/322EV110A               BA70-08.26      BA43-07.06 3070543A  


D:\PRIME\CADUPD~1\PROJECT\L3\P7\M5\3070570A.CAD Inputs
------------------------------
D322AUT110A2                    BA70-06.07      BA61-14.26 3070561A  

D322IA110A                      BA70-15.07      BA69-07.26 3070569A  

D322SP110A                      BA70-03.07      BA61-14.26 3070561A  

D322ST-111/110A                 BA70-02.07      BA65-04.26 3070565A  

D322ST110A                      BA70-05.07      BA61-15.26 3070561A  

D322ZAH103                      BA70-04.07      BA65-12.26 3070565A  


D:\PRIME\CADUPD~1\PROJECT\L3\P7\M5\3070571A.CAD Outputs
------------------------------
     Description                Source               Destination(s)
D322IA110B                      BA71-09.26      BA72-15.07 3070572A  


D:\PRIME\CADUPD~1\PROJECT\L3\P7\M5\3070571A.CAD Inputs
------------------------------
D322EV135                       BA71-15.07      BAA5-10.26 30705A5A  

D322PAH113C                     BA71-13.07      BA75-12.26 3070575A  

D322PAH137-2                    BA71-17.07      BAA7-07.26 30705A7A  

DI1-30B/322ZS651B               BA71-07.07      BA30-05.22 3070530A  

DI3-1A/322AUX-M107C             BA71-11.07      BA01-07.14 3070501A  

DI7-30A/322ZS651A               BA71-04.07      BA30-11.14 3070530A  


D:\PRIME\CADUPD~1\PROJECT\L3\P7\M5\3070572A.CAD Outputs
------------------------------
     Description                Source               Destination(s)
DO4-43A/322EV110B               BA72-08.26      BA43-08.06 3070543A  


D:\PRIME\CADUPD~1\PROJECT\L3\P7\M5\3070572A.CAD Inputs
------------------------------
D322IA110B                      BA72-15.07      BA71-09.26 3070571A  

D322ST-121/110B                 BA72-06.07      BA66-03.26 3070566A  


D:\PRIME\CADUPD~1\PROJECT\L3\P7\M5\3070573A.CAD Outputs
------------------------------
     Description                Source               Destination(s)
D322IA111                       BA73-09.26      BA74-16.07 3070574A  


D:\PRIME\CADUPD~1\PROJECT\L3\P7\M5\3070573A.CAD Inputs
------------------------------
D322EV120B                      BA73-09.07      BA83-11.26 3070583A  

D322EV135                       BA73-07.07      BAA5-10.26 30705A5A  

D322PAH113B                     BA73-13.07      BA75-09.26 3070575A  

D322PAH137-2                    BA73-11.07      BAA7-07.26 30705A7A  

DI1-14A/322AUX-M102             BA73-05.07      BA14-06.15 3070514A  

DI2-1A/322AUX-M107B             BA73-15.07      BA01-06.14 3070501A  


D:\PRIME\CADUPD~1\PROJECT\L3\P7\M5\3070574A.CAD Outputs
------------------------------
     Description                Source               Destination(s)
D322FOR111                      BA74-07.26      BA74-06.07 3070574A  BA69-03.07 3070569A  BA61-10.07 3070561A  

D322REV111                      BA74-11.26      BA74-09.07 3070574A  

D322SAP-111.1                   BA74-04.26      BA65-04.07 3070565A  

DO1-45B/322EV111A               BA74-06.26      BA45-05.21 3070545A  

DO2-45B/322EV111B               BA74-10.26      BA45-06.21 3070545A  


D:\PRIME\CADUPD~1\PROJECT\L3\P7\M5\3070574A.CAD Inputs
------------------------------
D322AUT111                      BA74-05.07      BA61-08.26 3070561A  

D322FOR111                      BA74-06.07      BA74-07.26 3070574A  

D322IA111                       BA74-16.07      BA73-09.26 3070573A  

D322REV111                      BA74-09.07      BA74-11.26 3070574A  

D322SAL102                      BA74-17.07      BA65-06.26 3070565A  

D322SP-111/110A                 BA74-03.07      BA65-04.26 3070565A  

D322SP111                       BA74-02.07      BA61-09.26 3070561A  

D322ST-111/110A                 BA74-00.07      BA65-04.26 3070565A  

D322ST111                       BA74-01.07      BA61-10.26 3070561A  


D:\PRIME\CADUPD~1\PROJECT\L3\P7\M5\3070575A.CAD Outputs
------------------------------
     Description                Source               Destination(s)
D322PAH113A                     BA75-07.26      BA69-07.07 3070569A  BA60-07.07 3070560A  

D322PAH113B                     BA75-09.26      BA73-13.07 3070573A  BA60-07.07 3070560A  

D322PAH113C                     BA75-12.26      BA71-13.07 3070571A  


D:\PRIME\CADUPD~1\PROJECT\L3\P7\M5\3070575A.CAD Inputs
------------------------------
AI12-11/322IT113                BA75-04.07      BA11-13.18 3070511A  

DI2-20A/322LSL112               BA75-01.07      BA20-06.14 3070520A  

DI3-20A/322PSH113A              BA75-08.07      BA20-07.14 3070520A  

DI4-20A/322PSH113B              BA75-11.07      BA20-08.14 3070520A  

DI5-20A/322PSH113C              BA75-13.07      BA20-09.14 3070520A  

DI6-20A/322TSH115               BA75-16.07      BA20-10.14 3070520A  


D:\PRIME\CADUPD~1\PROJECT\L3\P7\M5\3070580A.CAD Outputs
------------------------------
     Description                Source               Destination(s)
D322IA120A                      BA80-08.26      BA81-14.07 3070581A  


D:\PRIME\CADUPD~1\PROJECT\L3\P7\M5\3070580A.CAD Inputs
------------------------------
D322AUT120A                     BA80-04.07      BA81-12.26 3070581A  

D322FOR121                      BA80-06.07      BA86-07.26 3070586A  

D322PAH123A                     BA80-08.07      BA88-01.26 3070588A  

D322ZAH107                      BA80-05.07      BA66-13.26 3070566A  

DI5-14A/322AUX-M107D            BA80-10.07      BA14-10.15 3070514A  


D:\PRIME\CADUPD~1\PROJECT\L3\P7\M5\3070581A.CAD Outputs
------------------------------
     Description                Source               Destination(s)
D322AUT120A                     BA81-12.26      BA80-04.07 3070580A  BA63-15.07 3070563A  

DO5-43A/322EV120A               BA81-08.26      BA43-09.06 3070543A  


D:\PRIME\CADUPD~1\PROJECT\L3\P7\M5\3070581A.CAD Inputs
------------------------------
D322AUT120A2                    BA81-06.07      BA63-14.26 3070563A  

D322IA120A                      BA81-14.07      BA80-08.26 3070580A  

D322SP120A                      BA81-04.07      BA63-14.26 3070563A  

D322ZAH107                      BA81-05.07      BA66-13.26 3070566A  


D:\PRIME\CADUPD~1\PROJECT\L3\P7\M5\3070582A.CAD Outputs
------------------------------
     Description                Source               Destination(s)
D322IA120B                      BA82-05.26      BA83-15.07 3070583A  

D322IA120C                      BA82-13.26      BA84-15.07 3070584A  


D:\PRIME\CADUPD~1\PROJECT\L3\P7\M5\3070582A.CAD Inputs
------------------------------
D322PAH123C                     BA82-03.07      BA88-07.26 3070588A  

D322PAH123D                     BA82-11.07      BA88-10.26 3070588A  

DI5-1A/322AUX-M107F             BA82-07.07      BA01-09.14 3070501A  

DI5-1A/322AUX-M107F             BA82-15.07      BA01-09.14 3070501A  

DI6-1B/322AUX-M203A             BA82-05.07      BA01-10.22 3070501A  

DI6-1B/322AUX-M203A             BA82-13.07      BA01-10.22 3070501A  


D:\PRIME\CADUPD~1\PROJECT\L3\P7\M5\3070583A.CAD Outputs
------------------------------
     Description                Source               Destination(s)
D322EV120B                      BA83-11.26      BAD8-11.07 30705D8A  BA73-09.07 3070573A  

DO6-43A/322EV120B               BA83-08.26      BA43-10.06 3070543A  


D:\PRIME\CADUPD~1\PROJECT\L3\P7\M5\3070583A.CAD Inputs
------------------------------
D322AUT120B                     BA83-06.07      BAD8-10.26 30705D8A  

D322IA120B                      BA83-15.07      BA82-05.26 3070582A  

D322SP120B                      BA83-05.07      BAD8-10.26 30705D8A  

D322ST120B                      BA83-04.07      BAD8-11.26 30705D8A  


D:\PRIME\CADUPD~1\PROJECT\L3\P7\M5\3070584A.CAD Outputs
------------------------------
     Description                Source               Destination(s)
D322EV120C                      BA84-11.26      BAD8-14.07 30705D8A  BA85-09.07 3070585A  

DO3-43B/322EV120C               BA84-08.26      BA43-07.21 3070543A  


D:\PRIME\CADUPD~1\PROJECT\L3\P7\M5\3070584A.CAD Inputs
------------------------------
D322AUT120C                     BA84-06.07      BAD8-12.26 30705D8A  

D322IA120C                      BA84-15.07      BA82-13.26 3070582A  

D322SP120C                      BA84-05.07      BAD8-13.26 30705D8A  

D322ST120C                      BA84-04.07      BAD8-14.26 30705D8A  


D:\PRIME\CADUPD~1\PROJECT\L3\P7\M5\3070585A.CAD Outputs
------------------------------
     Description                Source               Destination(s)
D322IA121                       BA85-09.26      BA86-16.07 3070586A  


D:\PRIME\CADUPD~1\PROJECT\L3\P7\M5\3070585A.CAD Inputs
------------------------------
D322EV120C                      BA85-09.07      BA84-11.26 3070584A  

D322EV135                       BA85-07.07      BAA5-10.26 30705A5A  

D322PAH123B                     BA85-13.07      BA88-04.26 3070588A  

D322PAH137-2                    BA85-11.07      BAA7-07.26 30705A7A  

DI3-14A/322AUX-M105             BA85-05.07      BA14-08.15 3070514A  

DI4-1A/322AUX-M107E             BA85-15.07      BA01-08.14 3070501A  


D:\PRIME\CADUPD~1\PROJECT\L3\P7\M5\3070586A.CAD Outputs
------------------------------
     Description                Source               Destination(s)
D322FOR121                      BA86-07.26      BA86-06.07 3070586A  BA80-06.07 3070580A  BA63-10.07 3070563A  

D322REV121                      BA86-11.26      BA86-09.07 3070586A  

D322SAP-121                     BA86-04.26      BA66-04.07 3070566A  

DO1-44B/322EV121A               BA86-06.26      BA44-05.21 3070544A  

DO2-44B/322EV121B               BA86-10.26      BA44-06.21 3070544A  


D:\PRIME\CADUPD~1\PROJECT\L3\P7\M5\3070586A.CAD Inputs
------------------------------
D322AUT121                      BA86-05.07      BA63-08.26 3070563A  

D322FOR121                      BA86-06.07      BA86-07.26 3070586A  

D322IA121                       BA86-16.07      BA85-09.26 3070585A  

D322REV121                      BA86-09.07      BA86-11.26 3070586A  

D322SAL105                      BA86-17.07      BA66-06.26 3070566A  

D322SP-121/110B                 BA86-02.07      BA66-04.26 3070566A  

D322SP121                       BA86-02.07      BA63-09.26 3070563A  

D322ST-121/110B                 BA86-00.07      BA66-03.26 3070566A  

D322ST121                       BA86-01.07      BA63-10.26 3070563A  


D:\PRIME\CADUPD~1\PROJECT\L3\P7\M5\3070587A.CAD Outputs
------------------------------
     Description                Source               Destination(s)

D:\PRIME\CADUPD~1\PROJECT\L3\P7\M5\3070587A.CAD Inputs
------------------------------
AI1-12/322IT122A                BA87-06.07      BA12-02.19 3070512A  

AI2-12/322IT122B                BA87-09.07      BA12-03.19 3070512A  

AI7-11/322IT122C                BA87-12.07      BA11-08.18 3070511A  

AI8-11/322IT122D                BA87-15.07      BA11-09.18 3070511A  

DI7-20A/322LSL122               BA87-03.07      BA20-11.14 3070520A  


D:\PRIME\CADUPD~1\PROJECT\L3\P7\M5\3070588A.CAD Outputs
------------------------------
     Description                Source               Destination(s)
D322PAH123A                     BA88-01.26      BA80-08.07 3070580A  BA62-06.07 3070562A  

D322PAH123B                     BA88-04.26      BA85-13.07 3070585A  BA62-07.07 3070562A  

D322PAH123C                     BA88-07.26      BAD2-05.07 30705D2A  BA82-03.07 3070582A  

D322PAH123D                     BA88-10.26      BAD2-06.07 30705D2A  BA82-11.07 3070582A  


D:\PRIME\CADUPD~1\PROJECT\L3\P7\M5\3070588A.CAD Inputs
------------------------------
DI1-20B/322PSH123A              BA88-02.07      BA20-06.22 3070520A  

DI2-20B/322PSH123B              BA88-05.07      BA20-07.22 3070520A  

DI3-20B/322PSH123C              BA88-08.07      BA20-08.22 3070520A  

DI4-20B/322TSH125               BA88-15.07      BA20-09.22 3070520A  

DI4-30B/322PSH123D              BA88-11.07      BA30-08.22 3070530A  


D:\PRIME\CADUPD~1\PROJECT\L3\P7\M5\3070590A.CAD Outputs
------------------------------
     Description                Source               Destination(s)
D322ZS130A                      BA90-04.26      BAA4-03.07 30705A4A  BA59-04.07 3070559A  

D322ZS130B                      BA90-06.26      BAA4-05.07 30705A4A  BA59-05.07 3070559A  

D322ZS130C                      BA90-09.26      BAA4-07.07 30705A4A  BA59-05.07 3070559A  

D322ZS130D                      BA90-11.26      BAA4-09.07 30705A4A  BA59-06.07 3070559A  


D:\PRIME\CADUPD~1\PROJECT\L3\P7\M5\3070590A.CAD Inputs
------------------------------
DI1-21A/322ZS130D               BA90-12.07      BA21-06.14 3070521A  

DI4-19A/322ZS130A               BA90-05.07      BA19-08.15 3070519A  

DI6-20B/322ZS130B               BA90-07.07      BA20-11.22 3070520A  

DI7-20B/322ZS130C               BA90-10.07      BA20-12.22 3070520A  


D:\PRIME\CADUPD~1\PROJECT\L3\P7\M5\30705A2A.CAD Outputs
------------------------------
     Description                Source               Destination(s)

D:\PRIME\CADUPD~1\PROJECT\L3\P7\M5\30705A2A.CAD Inputs
------------------------------
D322M131B                       BAA2-07.07      BAN6-07.26 30705N6A  

D322SAP-M131                    BAA2-04.07      BAN6-01.26 30705N6A  

DI4-22A/322SSL131               BAA2-06.07      BA22-08.14 3070522A  

DI5-22A/322ZS132                BAA2-14.07      BA22-09.14 3070522A  


D:\PRIME\CADUPD~1\PROJECT\L3\P7\M5\30705A4A.CAD Outputs
------------------------------
     Description                Source               Destination(s)
D322IA135                       BAA4-09.26      BAA5-16.07 30705A5A  

D322SAL015-2                    BAA4-15.26      BA59-02.07 3070559A  


D:\PRIME\CADUPD~1\PROJECT\L3\P7\M5\30705A4A.CAD Inputs
------------------------------
A322SY015                       BAA4-15.07      BA53-08.26 3070553A  

D322AUX-M122                    BAA4-17.07      BAM5-11.26 30705M5A  

D322PAH137-1                    BAA4-10.07      BAA7-09.26 30705A7A  

D322SAP122                      BAA4-16.07      BAM4-11.26 30705M4A  

D322ZS130A                      BAA4-03.07      BA90-04.26 3070590A  

D322ZS130B                      BAA4-05.07      BA90-06.26 3070590A  

D322ZS130C                      BAA4-07.07      BA90-09.26 3070590A  

D322ZS130D                      BAA4-09.07      BA90-11.26 3070590A  

DI6-1A/322AUX-M113              BAA4-12.07      BA01-10.14 3070501A  


D:\PRIME\CADUPD~1\PROJECT\L3\P7\M5\30705A5A.CAD Outputs
------------------------------
     Description                Source               Destination(s)
D322EV135                       BAA5-10.26      BA85-07.07 3070585A  BA73-07.07 3070573A  BA71-15.07 3070571A  BA59-16.07 3070559A  
                                                
DO7-43A/322EV135                BAA5-08.26      BA43-11.06 3070543A  


D:\PRIME\CADUPD~1\PROJECT\L3\P7\M5\30705A5A.CAD Inputs
------------------------------
D322-M113                       BAA5-15.07      BAM2-13.26 30705M2A  

D322AUT135                      BAA5-06.07      BA59-14.26 3070559A  

D322IA135                       BAA5-16.07      BAA4-09.26 30705A4A  

D322SP135                       BAA5-05.07      BA59-15.26 3070559A  

D322ST135                       BAA5-04.07      BA59-16.26 3070559A  


D:\PRIME\CADUPD~1\PROJECT\L3\P7\M5\30705A7A.CAD Outputs
------------------------------
     Description                Source               Destination(s)
D322PAH137-1                    BAA7-09.26      BAA4-10.07 30705A4A  

D322PAH137-2                    BAA7-07.26      BA85-11.07 3070585A  BA73-11.07 3070573A  BA71-17.07 3070571A  BA59-07.07 3070559A  
                                                

D:\PRIME\CADUPD~1\PROJECT\L3\P7\M5\30705A7A.CAD Inputs
------------------------------
DI2-21A/322LSL136               BAA7-04.07      BA21-07.14 3070521A  

DI3-21A/322PSH137               BAA7-10.07      BA21-08.14 3070521A  

DI4-21A/322TSH138               BAA7-15.07      BA21-09.14 3070521A  


D:\PRIME\CADUPD~1\PROJECT\L3\P7\M5\30705A9A.CAD Outputs
------------------------------
     Description                Source               Destination(s)
DO4-43B/322EV139                BAA9-08.26      BA43-08.21 3070543A  


D:\PRIME\CADUPD~1\PROJECT\L3\P7\M5\30705A9A.CAD Inputs
------------------------------
D322AUT139                      BAA9-07.07      BA58-02.26 3070558A  

DI5-30A/322LSH140               BAA9-07.07      BA30-09.14 3070530A  

DI5-30B/322LSL140               BAA9-05.07      BA30-09.22 3070530A  

DI5-31A/322ZSC139               BAA9-09.07      BA31-10.14 3070531A  


D:\PRIME\CADUPD~1\PROJECT\L3\P7\M5\30705B0A.CAD Outputs
------------------------------
     Description                Source               Destination(s)
D322SAP140                      BAB0-03.26      BAM9-16.07 30705M9A  BAM8-16.07 30705M8A  


D:\PRIME\CADUPD~1\PROJECT\L3\P7\M5\30705B0A.CAD Inputs
------------------------------
DI1-21B/322PSL141B              BAB0-12.07      BA21-06.22 3070521A  

DI2-21B/322PSL141C              BAB0-14.07      BA21-07.22 3070521A  

DI5-21A/322LSLL140              BAB0-02.07      BA21-10.14 3070521A  

DI5-30A/322LSH140               BAB0-04.07      BA30-09.14 3070530A  

DI5-30B/322LSL140               BAB0-06.07      BA30-09.22 3070530A  

DI6-21A/322PSL141D              BAB0-16.07      BA21-11.14 3070521A  

DI7-21A/322PSL141A              BAB0-10.07      BA21-12.14 3070521A  


D:\PRIME\CADUPD~1\PROJECT\L3\P7\M5\30705B6A.CAD Outputs
------------------------------
     Description                Source               Destination(s)
D322SAI143A                     BAB6-13.26      BAB7-12.07 30705B7A  


D:\PRIME\CADUPD~1\PROJECT\L3\P7\M5\30705B6A.CAD Inputs
------------------------------
D322PAH146                      BAB6-11.07      BAC2-07.26 30705C2A  

DI2-1B/322AUX-M122E             BAB6-13.07      BA01-06.22 3070501A  

DI2-22A/322ZS143A               BAB6-15.07      BA22-06.14 3070522A  

DI3-21B/322ZS142A               BAB6-03.07      BA21-08.22 3070521A  

DI4-21B/322ZS142B               BAB6-05.07      BA21-09.22 3070521A  

DI5-21B/322ZS142C               BAB6-07.07      BA21-10.22 3070521A  


D:\PRIME\CADUPD~1\PROJECT\L3\P7\M5\30705B7A.CAD Outputs
------------------------------
     Description                Source               Destination(s)
D322DN143                       BAB7-03.26      BAB9-05.07 30705B9A  

D322FA143                       BAB7-05.26      BAB9-08.07 30705B9A  

D322SP143                       BAB7-04.26      BAB9-07.07 30705B9A  

D322UP143                       BAB7-02.26      BAB9-06.07 30705B9A  

DO1-44A/322-143                 BAB7-14.26      BA44-05.06 3070544A  

DO8-43A/322EV143A               BAB7-08.26      BA43-12.06 3070543A  

LOCAL ENABLE 143                BAB7-13.26      BAB9-08.07 30705B9A  


D:\PRIME\CADUPD~1\PROJECT\L3\P7\M5\30705B7A.CAD Inputs
------------------------------
D322EV143B                      BAB7-03.07      BAB9-07.26 30705B9A  

D322INT143B                     BAB7-12.07      BAB9-09.26 30705B9A  

D322SAI143A                     BAB7-12.07      BAB6-13.26 30705B6A  

DI1-6B/322AUX-M122B             BAB7-06.07      BA06-04.21 3070506A  

DI2-22A/322ZS143A               BAB7-14.07      BA22-06.14 3070522A  

DI2-22A/322ZS143A               BAB7-08.07      BA22-06.14 3070522A  

DI3-22A/322ZS143B               BAB7-11.07      BA22-07.14 3070522A  

DO3-39B/322MCF-M131B            BAB7-04.07      BAN6-08.26 30705N6A  


D:\PRIME\CADUPD~1\PROJECT\L3\P7\M5\30705B9A.CAD Outputs
------------------------------
     Description                Source               Destination(s)
D322EV143B                      BAB9-07.26      BAB7-03.07 30705B7A  

D322INT143B                     BAB9-09.26      BAB7-12.07 30705B7A  

DO1-43B/322EV143B               BAB9-06.26      BA43-05.21 3070543A  


D:\PRIME\CADUPD~1\PROJECT\L3\P7\M5\30705B9A.CAD Inputs
------------------------------
D322DN143                       BAB9-05.07      BAB7-03.26 30705B7A  

D322FA143                       BAB9-08.07      BAB7-05.26 30705B7A  

D322PAH146                      BAB9-11.07      BAC2-07.26 30705C2A  

D322SP143                       BAB9-07.07      BAB7-04.26 30705B7A  

D322UP143                       BAB9-06.07      BAB7-02.26 30705B7A  

DI2-1B/322AUX-M122E             BAB9-12.07      BA01-06.22 3070501A  

DI2-22A/322ZS143A               BAB9-14.07      BA22-06.14 3070522A  

DI2-6B/322STC143                BAB9-04.07      BA06-05.21 3070506A  

DI3-22A/322ZS143B               BAB9-10.07      BA22-07.14 3070522A  

LOCAL ENABLE 143                BAB9-08.07      BAB7-13.26 30705B7A  


D:\PRIME\CADUPD~1\PROJECT\L3\P7\M5\30705C2A.CAD Outputs
------------------------------
     Description                Source               Destination(s)
D322PAH146                      BAC2-07.26      BAB9-11.07 30705B9A  BAB6-11.07 30705B6A  


D:\PRIME\CADUPD~1\PROJECT\L3\P7\M5\30705C2A.CAD Inputs
------------------------------
DI1-22A/322TSH147               BAC2-14.07      BA22-05.14 3070522A  

DI6-21B/322LSL145               BAC2-04.07      BA21-11.22 3070521A  

DI7-21B/322PSH146               BAC2-09.07      BA21-12.22 3070521A  


D:\PRIME\CADUPD~1\PROJECT\L3\P7\M5\30705C4A.CAD Outputs
------------------------------
     Description                Source               Destination(s)
D322TAH-M122A                   BAC4-09.26      BAM4-00.07 30705M4A  

D322TAH150A                     BAC4-03.26      BA57-06.07 3070557A  

D322TAH150B                     BAC4-05.26      BA57-06.07 3070557A  

D322TAH150C                     BAC4-07.26      BA57-07.07 3070557A  

D322TAH151A                     BAC4-13.26      BA57-07.07 3070557A  

D322TAH151B                     BAC4-16.26      BA57-08.07 3070557A  


D:\PRIME\CADUPD~1\PROJECT\L3\P7\M5\30705C4A.CAD Inputs
------------------------------
AI1-9/322TT151A                 BAC4-12.07      BA09-02.18 3070509A  

AI2-9/322TT151B                 BAC4-15.07      BA09-03.18 3070509A  

AI3-9/322TT150A                 BAC4-01.07      BA09-04.18 3070509A  

AI4-9/322TT150B                 BAC4-03.07      BA09-05.18 3070509A  

AI5-9/322TT150C                 BAC4-05.07      BA09-06.18 3070509A  

DI1-31B/322PSL155               BAC4-09.07      BA31-06.22 3070531A  


D:\PRIME\CADUPD~1\PROJECT\L3\P7\M5\30705C6A.CAD Outputs
------------------------------
     Description                Source               Destination(s)
D322TAH-M122B                   BAC6-09.26      BAM4-01.07 30705M4A  

D322TAH152A                     BAC6-04.26      BA57-09.07 3070557A  

D322TAH152B                     BAC6-06.26      BA57-09.07 3070557A  

D322TAH152C                     BAC6-08.26      BA57-10.07 3070557A  

D322TAH153A                     BAC6-14.26      BA57-10.07 3070557A  

D322TAH153B                     BAC6-16.26      BA57-11.07 3070557A  


D:\PRIME\CADUPD~1\PROJECT\L3\P7\M5\30705C6A.CAD Inputs
------------------------------
AI10-9/322TT152C                BAC6-07.07      BA09-11.18 3070509A  

AI6-9/322TT153A                 BAC6-13.07      BA09-07.18 3070509A  

AI7-9/322TT153B                 BAC6-15.07      BA09-08.18 3070509A  

AI8-9/322TT152A                 BAC6-03.07      BA09-09.18 3070509A  

AI9-9/322TT152B                 BAC6-05.07      BA09-10.18 3070509A  

DI2-31B/322PSL156               BAC6-10.07      BA31-07.22 3070531A  


D:\PRIME\CADUPD~1\PROJECT\L3\P7\M5\30705C8A.CAD Outputs
------------------------------
     Description                Source               Destination(s)

D:\PRIME\CADUPD~1\PROJECT\L3\P7\M5\30705C8A.CAD Inputs
------------------------------
DI1-31B/322PSL155               BAC8-03.07      BA31-06.22 3070531A  

DI2-31B/322PSL156               BAC8-07.07      BA31-07.22 3070531A  

DI3-31B/322LSL157               BAC8-11.07      BA31-08.22 3070531A  

DI7-31B/322LSL158               BAC8-15.07      BA31-12.22 3070531A  


D:\PRIME\CADUPD~1\PROJECT\L3\P7\M5\30705D2A.CAD Outputs
------------------------------
     Description                Source               Destination(s)
D322SAP200-1                    BAD2-06.26      BAD5-05.07 30705D5A  


D:\PRIME\CADUPD~1\PROJECT\L3\P7\M5\30705D2A.CAD Inputs
------------------------------
D322PAH123C                     BAD2-05.07      BA88-07.26 3070588A  

D322PAH123D                     BAD2-06.07      BA88-10.26 3070588A  

D322XS-M107F                    BAD2-02.07      BAM1-05.26 30705M1A  

D322XS-M203A                    BAD2-13.07      BAN8-05.26 30705N8A  

D322XS-M203B                    BAD2-14.07      BAN9-05.26 30705N9A  

DI4-20B/322TSH125               BAD2-08.07      BA20-09.22 3070520A  

DI6-22A/322PC201A               BAD2-10.07      BA22-10.14 3070522A  

DI7-20A/322LSL122               BAD2-04.07      BA20-11.14 3070520A  

DI7-22A/322PC201B               BAD2-12.07      BA22-11.14 3070522A  


D:\PRIME\CADUPD~1\PROJECT\L3\P7\M5\30705D3A.CAD Outputs
------------------------------
     Description                Source               Destination(s)
D322SAP200-2                    BAD3-08.26      BAD5-06.07 30705D5A  


D:\PRIME\CADUPD~1\PROJECT\L3\P7\M5\30705D3A.CAD Inputs
------------------------------
D322AUT-M208B                   BAD3-12.07      BAP1-15.26 30705P1A  

D322XS-M205                     BAD3-05.07      BAO2-05.26 30705O2A  

D322XS-M206                     BAD3-06.07      BAO3-05.26 30705O3A  

D322XS-M207                     BAD3-11.07      BAO5-01.26 30705O5A  

D322XS-M215                     BAD3-15.07      BAP6-05.26 30705P6A  

DI1-25B/322PC216                BAD3-17.07      BA25-05.22 3070525A  

DI2-22B/322PC204A               BAD3-02.07      BA22-07.22 3070522A  

DI3-22B/322PC204B               BAD3-04.07      BA22-08.22 3070522A  

DI3-3A/322AUX-M209              BAD3-14.07      BA03-07.14 3070503A  

DI5-22B/322XS206A               BAD3-08.07      BA22-10.22 3070522A  

DI6-22B/322XS206B               BAD3-10.07      BA22-11.22 3070522A  


D:\PRIME\CADUPD~1\PROJECT\L3\P7\M5\30705D5A.CAD Outputs
------------------------------
     Description                Source               Destination(s)
D322SP200                       BAD5-07.26      BAD8-01.07 30705D8A  BAD6-01.07 30705D6A  

D322ST200-1                     BAD5-06.26      BAD6-00.07 30705D6A  


D:\PRIME\CADUPD~1\PROJECT\L3\P7\M5\30705D5A.CAD Inputs
------------------------------
D322FA200-10                    BAD5-13.07      BAD8-09.26 30705D8A  

D322FA200-11                    BAD5-14.07      BAD8-12.26 30705D8A  

D322FA200-12                    BAD5-15.07      BAD8-15.26 30705D8A  

D322FA200-1                     BAD5-08.07      BAD6-00.26 30705D6A  

D322FA200-2                     BAD5-08.07      BAD6-03.26 30705D6A  

D322FA200-3                     BAD5-09.07      BAD6-06.26 30705D6A  

D322FA200-4                     BAD5-10.07      BAD6-09.26 30705D6A  

D322FA200-5                     BAD5-10.07      BAD6-12.26 30705D6A  

D322FA200-6                     BAD5-11.07      BAD6-14.26 30705D6A  

D322FA200-7                     BAD5-12.07      BAD8-01.26 30705D8A  

D322FA200-8                     BAD5-12.07      BAD8-03.26 30705D8A  

D322FA200-9                     BAD5-13.07      BAD8-06.26 30705D8A  

D322RS200                       BAD5-07.07      BAD8-17.26 30705D8A  

D322SAP200-1                    BAD5-05.07      BAD2-06.26 30705D2A  

D322SAP200-2                    BAD5-06.07      BAD3-08.26 30705D3A  

D322XS-M222                     BAD5-02.07      BAP7-05.26 30705P7A  

D322XS-M223                     BAD5-02.07      BAP8-05.26 30705P8A  

D322XS-M633                     BAD5-03.07      BAU1-05.26 30705U1A  

DI2-30A/322PC637A               BAD5-04.07      BA30-06.14 3070530A  

DI3-30A/322PC637B               BAD5-04.07      BA30-07.14 3070530A  

DI4-30A/322PC637C               BAD5-05.07      BA30-08.14 3070530A  


D:\PRIME\CADUPD~1\PROJECT\L3\P7\M5\30705D6A.CAD Outputs
------------------------------
     Description                Source               Destination(s)
D322AUT-M205                    BAD6-07.26      BAO2-06.07 30705O2A  

D322AUT-M206                    BAD6-04.26      BAO3-06.07 30705O3A  

D322AUT-M207                    BAD6-01.26      BAO5-05.07 30705O5A  

D322AUT-M222                    BAD6-12.26      BAP7-06.07 30705P7A  

D322AUT-M223                    BAD6-15.26      BAP8-06.07 30705P8A  

D322AUT-M633                    BAD6-09.26      BAU1-06.07 30705U1A  

D322FA200-1                     BAD6-00.26      BAD5-08.07 30705D5A  

D322FA200-2                     BAD6-03.26      BAD5-08.07 30705D5A  

D322FA200-3                     BAD6-06.26      BAD5-09.07 30705D5A  

D322FA200-4                     BAD6-09.26      BAD5-10.07 30705D5A  

D322FA200-5                     BAD6-12.26      BAD5-10.07 30705D5A  

D322FA200-6                     BAD6-14.26      BAD5-11.07 30705D5A  

D322SP-M205                     BAD6-07.26      BAO2-03.07 30705O2A  

D322SP-M206                     BAD6-04.26      BAO3-03.07 30705O3A  

D322SP-M207                     BAD6-02.26      BAO5-02.07 30705O5A  

D322SP-M222                     BAD6-13.26      BAP7-03.07 30705P7A  

D322SP-M223                     BAD6-16.26      BAP8-03.07 30705P8A  

D322SP-M633                     BAD6-10.26      BAU1-03.07 30705U1A  

D322ST-M205                     BAD6-08.26      BAO2-02.07 30705O2A  

D322ST-M206                     BAD6-05.26      BAO3-02.07 30705O3A  

D322ST-M207                     BAD6-02.26      BAO5-01.07 30705O5A  

D322ST-M222                     BAD6-14.26      BAP7-02.07 30705P7A  

D322ST-M223                     BAD6-16.26      BAP8-02.07 30705P8A  

D322ST-M633                     BAD6-11.26      BAU1-02.07 30705U1A  

D322ST200-5                     BAD6-17.26      BAD8-01.07 30705D8A  


D:\PRIME\CADUPD~1\PROJECT\L3\P7\M5\30705D6A.CAD Inputs
------------------------------
D322SP200                       BAD6-01.07      BAD5-07.26 30705D5A  

D322SP200-4                     BAD6-15.07      BAD8-00.26 30705D8A  

D322ST200-1                     BAD6-00.07      BAD5-06.26 30705D5A  

DI1-3A/322AUX-M205              BAD6-08.07      BA03-05.14 3070503A  

DI2-3A/322AUX-M206              BAD6-05.07      BA03-06.14 3070503A  

DI3-5A/322AUX-M633              BAD6-11.07      BA05-06.14 3070505A  

DI5-3A/322AUX-M222              BAD6-14.07      BA03-09.14 3070503A  

DI6-3A/322AUX-M223              BAD6-17.07      BA03-10.14 3070503A  

DI7-14A/322AUXF-M207            BAD6-03.07      BA14-12.15 3070514A  


D:\PRIME\CADUPD~1\PROJECT\L3\P7\M5\30705D8A.CAD Outputs
------------------------------
     Description                Source               Destination(s)
D322AUT-M107F                   BAD8-07.26      BAM1-06.07 30705M1A  

D322AUT-M203A                   BAD8-04.26      BAN8-06.07 30705N8A  

D322AUT-M203B                   BAD8-01.26      BAN9-06.07 30705N9A  

D322AUT-M215                    BAD8-15.26      BAP6-06.07 30705P6A  

D322AUT120B                     BAD8-10.26      BA83-06.07 3070583A  

D322AUT120C                     BAD8-12.26      BA84-06.07 3070584A  

D322FA200-10                    BAD8-09.26      BAD5-13.07 30705D5A  

D322FA200-11                    BAD8-12.26      BAD5-14.07 30705D5A  

D322FA200-12                    BAD8-15.26      BAD5-15.07 30705D5A  

D322FA200-7                     BAD8-01.26      BAD5-12.07 30705D5A  

D322FA200-8                     BAD8-03.26      BAD5-12.07 30705D5A  

D322FA200-9                     BAD8-06.26      BAD5-13.07 30705D5A  

D322RS200                       BAD8-17.26      BAD5-07.07 30705D5A  

D322SP-M107F                    BAD8-07.26      BAM1-03.07 30705M1A  

D322SP-M203A                    BAD8-05.26      BAN8-03.07 30705N8A  

D322SP-M203B                    BAD8-02.26      BAN9-03.07 30705N9A  

D322SP-M215                     BAD8-16.26      BAP6-03.07 30705P6A  

D322SP120B                      BAD8-10.26      BA83-05.07 3070583A  

D322SP120C                      BAD8-13.26      BA84-05.07 3070584A  

D322SP200-4                     BAD8-00.26      BAD6-15.07 30705D6A  

D322ST-M107F                    BAD8-08.26      BAM1-02.07 30705M1A  

D322ST-M203A                    BAD8-05.26      BAN8-02.07 30705N8A  

D322ST-M203B                    BAD8-03.26      BAN9-02.07 30705N9A  

D322ST-M215                     BAD8-17.26      BAP6-02.07 30705P6A  

D322ST120B                      BAD8-11.26      BA83-04.07 3070583A  

D322ST120C                      BAD8-14.26      BA84-04.07 3070584A  


D:\PRIME\CADUPD~1\PROJECT\L3\P7\M5\30705D8A.CAD Inputs
------------------------------
D322EV120B                      BAD8-11.07      BA83-11.26 3070583A  

D322EV120C                      BAD8-14.07      BA84-11.26 3070584A  

D322SP200                       BAD8-01.07      BAD5-07.26 30705D5A  

D322ST200-5                     BAD8-01.07      BAD6-17.26 30705D6A  

DI4-3A/322AUX-M215              BAD8-17.07      BA03-08.14 3070503A  

DI5-1A/322AUX-M107F             BAD8-08.07      BA01-09.14 3070501A  

DI6-1B/322AUX-M203A             BAD8-06.07      BA01-10.22 3070501A  

DI7-1B/322AUX-M203B             BAD8-03.07      BA01-11.22 3070501A  


D:\PRIME\CADUPD~1\PROJECT\L3\P7\M5\30705E1A.CAD Outputs
------------------------------
     Description                Source               Destination(s)
D322SAL203                      BAE1-13.26      BAN7-09.07 30705N7A  


D:\PRIME\CADUPD~1\PROJECT\L3\P7\M5\30705E1A.CAD Inputs
------------------------------
D322SAP-M203A                   BAE1-10.07      BAN8-11.26 30705N8A  

DI1-22B/322SSL203               BAE1-12.07      BA22-06.22 3070522A  

DI6-1B/322AUX-M203A             BAE1-14.07      BA01-10.22 3070501A  

DI6-22A/322PC201A               BAE1-03.07      BA22-10.14 3070522A  

DI7-22A/322PC201B               BAE1-05.07      BA22-11.14 3070522A  


D:\PRIME\CADUPD~1\PROJECT\L3\P7\M5\30705E2A.CAD Outputs
------------------------------
     Description                Source               Destination(s)
D322SAL205                      BAE2-14.26      BAO1-08.07 30705O1A  


D:\PRIME\CADUPD~1\PROJECT\L3\P7\M5\30705E2A.CAD Inputs
------------------------------
D322SAP-M205                    BAE2-11.07      BAO2-11.26 30705O2A  

DI1-3A/322AUX-M205              BAE2-15.07      BA03-05.14 3070503A  

DI2-22B/322PC204A               BAE2-04.07      BA22-07.22 3070522A  

DI3-22B/322PC204B               BAE2-07.07      BA22-08.22 3070522A  

DI4-22B/322SSL205               BAE2-13.07      BA22-09.22 3070522A  


D:\PRIME\CADUPD~1\PROJECT\L3\P7\M5\30705E3A.CAD Outputs
------------------------------
     Description                Source               Destination(s)
D322SAL207                      BAE3-13.26      BAO5-17.07 30705O5A  


D:\PRIME\CADUPD~1\PROJECT\L3\P7\M5\30705E3A.CAD Inputs
------------------------------
D322SAF-M207                    BAE3-10.07      BAO5-07.26 30705O5A  

D322SAR-M207                    BAE3-10.07      BAO5-11.26 30705O5A  

DI1-14B/322AUXR-M207            BAE3-14.07      BA14-06.23 3070514A  

DI5-22B/322XS206A               BAE3-03.07      BA22-10.22 3070522A  

DI6-22B/322XS206B               BAE3-05.07      BA22-11.22 3070522A  

DI7-14A/322AUXF-M207            BAE3-16.07      BA14-12.15 3070514A  

DI7-22B/322SSL207               BAE3-12.07      BA22-12.22 3070522A  


D:\PRIME\CADUPD~1\PROJECT\L3\P7\M5\30705E4A.CAD Outputs
------------------------------
     Description                Source               Destination(s)
332II-208A >70                  BAE4-02.26      BAP1-03.07 30705P1A  


D:\PRIME\CADUPD~1\PROJECT\L3\P7\M5\30705E4A.CAD Inputs
------------------------------
AI14-11/322IT208A               BAE4-02.07      BA11-15.18 3070511A  

D322SAP-M208A                   BAE4-05.07      BAO6-06.26 30705O6A  

DI1-25A/322SSL208               BAE4-08.07      BA25-05.14 3070525A  

DI2-14B/322AUX-M208A            BAE4-10.07      BA14-07.23 3070514A  


D:\PRIME\CADUPD~1\PROJECT\L3\P7\M5\30705E5A.CAD Outputs
------------------------------
     Description                Source               Destination(s)
D322SAL209                      BAE5-05.26      BAP4-08.07 30705P4A  


D:\PRIME\CADUPD~1\PROJECT\L3\P7\M5\30705E5A.CAD Inputs
------------------------------
D322SAP-M209                    BAE5-02.07      BAP5-11.26 30705P5A  

DI2-25A/322XS210                BAE5-11.07      BA25-06.14 3070525A  

DI3-3A/322AUX-M209              BAE5-06.07      BA03-07.14 3070503A  

DI4-31B/322XS210A               BAE5-13.07      BA31-09.22 3070531A  

DI5-25A/322SSL209               BAE5-04.07      BA25-09.14 3070525A  

DI5-31B/322XS210B               BAE5-15.07      BA31-10.22 3070531A  


D:\PRIME\CADUPD~1\PROJECT\L3\P7\M5\30705E6A.CAD Outputs
------------------------------
     Description                Source               Destination(s)

D:\PRIME\CADUPD~1\PROJECT\L3\P7\M5\30705E6A.CAD Inputs
------------------------------
DI3-25A/322PC211A               BAE6-02.07      BA25-07.14 3070525A  

DI3-31A/322ZS213                BAE6-14.07      BA31-08.14 3070531A  

DI4-25A/322PC211B               BAE6-04.07      BA25-08.14 3070525A  

DI6-25A/322XS212A               BAE6-08.07      BA25-10.14 3070525A  

DI7-25A/322XS212B               BAE6-10.07      BA25-11.14 3070525A  


D:\PRIME\CADUPD~1\PROJECT\L3\P7\M5\30705E7A.CAD Outputs
------------------------------
     Description                Source               Destination(s)
D322SAL215                      BAE7-09.26      BAP6-15.07 30705P6A  


D:\PRIME\CADUPD~1\PROJECT\L3\P7\M5\30705E7A.CAD Inputs
------------------------------
D322SAP-M215                    BAE7-06.07      BAP6-11.26 30705P6A  

DI1-25B/322PC216                BAE7-15.07      BA25-05.22 3070525A  

DI2-25B/322SSL215               BAE7-08.07      BA25-06.22 3070525A  

DI4-31A/322ZS214                BAE7-03.07      BA31-09.14 3070531A  

DI4-3A/322AUX-M215              BAE7-10.07      BA03-08.14 3070503A  


D:\PRIME\CADUPD~1\PROJECT\L3\P7\M5\30705E8A.CAD Outputs
------------------------------
     Description                Source               Destination(s)
D322SAL222                      BAE8-07.26      BAP7-17.07 30705P7A  


D:\PRIME\CADUPD~1\PROJECT\L3\P7\M5\30705E8A.CAD Inputs
------------------------------
AI9-11/322IT223                 BAE8-13.07      BA11-10.18 3070511A  

D322SAP-M222                    BAE8-04.07      BAP7-11.26 30705P7A  

DI3-25B/322SSL222               BAE8-06.07      BA25-07.22 3070525A  

DI5-3A/322AUX-M222              BAE8-08.07      BA03-09.14 3070503A  


D:\PRIME\CADUPD~1\PROJECT\L3\P7\M5\30705E9A.CAD Outputs
------------------------------
     Description                Source               Destination(s)
D322TAH-M208A                   BAE9-09.26      BAO6-16.07 30705O6A  


D:\PRIME\CADUPD~1\PROJECT\L3\P7\M5\30705E9A.CAD Inputs
------------------------------
AI11-9/322TT226A                BAE9-12.07      BA09-12.18 3070509A  

AI12-9/322TT226B                BAE9-14.07      BA09-13.18 3070509A  

AI13-9/322TT225A                BAE9-03.07      BA09-14.18 3070509A  

AI14-9/322TT225B                BAE9-05.07      BA09-15.18 3070509A  

AI15-9/322TT225C                BAE9-07.07      BA09-16.18 3070509A  


D:\PRIME\CADUPD~1\PROJECT\L3\P7\M5\30705F0A.CAD Outputs
------------------------------
     Description                Source               Destination(s)

D:\PRIME\CADUPD~1\PROJECT\L3\P7\M5\30705F0A.CAD Inputs
------------------------------

D:\PRIME\CADUPD~1\PROJECT\L3\P7\M5\30705F1A.CAD Outputs
------------------------------
     Description                Source               Destination(s)

D:\PRIME\CADUPD~1\PROJECT\L3\P7\M5\30705F1A.CAD Inputs
------------------------------
AI4-12/322WT324                 BAF1-05.07      BA12-05.19 3070512A  

CAPTURE0705                     BAF1-14.07      BA00-14.26 3070500A  

DI2-5A/322AUX-M632              BAF1-07.07      BA05-05.14 3070505A  

RESET0705                       BAF1-12.07      BA00-13.26 3070500A  


D:\PRIME\CADUPD~1\PROJECT\L3\P7\M5\30705F2A.CAD Outputs
------------------------------
     Description                Source               Destination(s)
D322SAP400-1                    BAF2-07.26      BAF4-04.07 30705F4A  


D:\PRIME\CADUPD~1\PROJECT\L3\P7\M5\30705F2A.CAD Inputs
------------------------------
DI1-26B/322XS407B               BAF2-05.07      BA26-06.23 3070526A  

DI2-26B/322XS407C               BAF2-07.07      BA26-07.23 3070526A  

DI3-26B/322XS407D               BAF2-09.07      BA26-08.23 3070526A  

DI5-26A/322PC406                BAF2-01.07      BA26-09.14 3070526A  

DI7-26A/322XS407A               BAF2-03.07      BA26-11.14 3070526A  


D:\PRIME\CADUPD~1\PROJECT\L3\P7\M5\30705F3A.CAD Outputs
------------------------------
     Description                Source               Destination(s)
D322SAP400-2                    BAF3-09.26      BAF4-09.07 30705F4A  


D:\PRIME\CADUPD~1\PROJECT\L3\P7\M5\30705F3A.CAD Inputs
------------------------------
DI1-27A/322PC410A               BAF3-05.07      BA27-05.13 3070527A  

DI1-27B/322XS412A               BAF3-11.07      BA27-05.21 3070527A  

DI2-27A/322PC410B               BAF3-07.07      BA27-06.13 3070527A  

DI2-27B/322XS412B               BAF3-13.07      BA27-06.21 3070527A  

DI3-27B/322XS412C               BAF3-15.07      BA27-07.21 3070527A  

DI4-27A/322XS409A               BAF3-01.07      BA27-08.13 3070527A  

DI4-27B/322XS412D               BAF3-17.07      BA27-08.21 3070527A  

DI5-27A/322XS409B               BAF3-03.07      BA27-09.13 3070527A  

DI6-27A/322PC411                BAF3-09.07      BA27-10.13 3070527A  


D:\PRIME\CADUPD~1\PROJECT\L3\P7\M5\30705F4A.CAD Outputs
------------------------------
     Description                Source               Destination(s)
D322SAP400-3                    BAF4-11.26      BAF7-07.07 30705F7A  


D:\PRIME\CADUPD~1\PROJECT\L3\P7\M5\30705F4A.CAD Inputs
------------------------------
D322SAP400-1                    BAF4-04.07      BAF2-07.26 30705F2A  

D322SAP400-2                    BAF4-09.07      BAF3-09.26 30705F3A  

D322XS-M405A                    BAF4-03.07      BAQ6-01.26 30705Q6A  

D322XS-M407                     BAF4-07.07      BAR0-05.26 30705R0A  

D322XS-M408A                    BAF4-08.07      BAR2-01.26 30705R2A  

DI3-26A/322ZS404A               BAF4-06.07      BA26-07.14 3070526A  

DI4-25B/322PC401A               BAF4-11.07      BA25-08.22 3070525A  

DI4-26A/322ZS404B               BAF4-02.07      BA26-08.14 3070526A  

DI5-25B/322PC401B               BAF4-13.07      BA25-09.22 3070525A  


D:\PRIME\CADUPD~1\PROJECT\L3\P7\M5\30705F5A.CAD Outputs
------------------------------
     Description                Source               Destination(s)
D322SAP400-4                    BAF5-10.26      BAF7-08.07 30705F7A  


D:\PRIME\CADUPD~1\PROJECT\L3\P7\M5\30705F5A.CAD Inputs
------------------------------
D322AUX-604                     BAF5-08.07      BAS4-02.26 30705S4A  

D322TAH613A                     BAF5-15.07      BAJ0-07.26 30705J0A  

D322TAH613B                     BAF5-17.07      BAJ0-13.26 30705J0A  

D322XS-M403                     BAF5-06.07      BAQ2-05.26 30705Q2A  

D322XS-M612                     BAF5-11.07      BAT0-05.26 30705T0A  

D322XS-M613A                    BAF5-12.07      BAT2-05.26 30705T2A  

D322XS-M613B                    BAF5-13.07      BAT3-05.26 30705T3A  

DI1-26A/322XS402B               BAF5-03.07      BA26-05.14 3070526A  

DI2-26A/322XS402C               BAF5-05.07      BA26-06.14 3070526A  

DI2-29A/322XS610                BAF5-10.07      BA29-06.13 3070529A  

DI7-25B/322XS402A               BAF5-01.07      BA25-11.22 3070525A  


D:\PRIME\CADUPD~1\PROJECT\L3\P7\M5\30705F6A.CAD Outputs
------------------------------
     Description                Source               Destination(s)
D322SAP400-5                    BAF6-06.26      BAF7-09.07 30705F7A  


D:\PRIME\CADUPD~1\PROJECT\L3\P7\M5\30705F6A.CAD Inputs
------------------------------
D322XS-M615                     BAF6-01.07      BAT5-06.26 30705T5A  

D322XS-M631                     BAF6-06.07      BAT7-05.26 30705T7A  

D322XS-M632                     BAF6-07.07      BAT9-05.26 30705T9A  

DI2-29B/322XS632A               BAF6-09.07      BA29-06.22 3070529A  

DI3-29B/322XS632B               BAF6-11.07      BA29-07.22 3070529A  

DI4-29B/322PC633A               BAF6-13.07      BA29-08.22 3070529A  

DI5-29A/322PC616                BAF6-03.07      BA29-09.13 3070529A  

DI5-29B/322PC633B               BAF6-15.07      BA29-09.22 3070529A  

DI7-29A/322PC630                BAF6-05.07      BA29-11.13 3070529A  


D:\PRIME\CADUPD~1\PROJECT\L3\P7\M5\30705F7A.CAD Outputs
------------------------------
     Description                Source               Destination(s)
D322FOR400                      BAF7-12.26      BAR2-01.07 30705R2A  BAQ6-01.07 30705Q6A  

D322REV400                      BAF7-13.26      BAR2-03.07 30705R2A  BAQ6-03.07 30705Q6A  

D322SP400                       BAF7-05.26      BAF9-03.07 30705F9A  BAF8-02.07 30705F8A  

D322ST400-1                     BAF7-02.26      BAF8-02.07 30705F8A  

D322ST400-3                     BAF7-04.26      BAF8-08.07 30705F8A  


D:\PRIME\CADUPD~1\PROJECT\L3\P7\M5\30705F7A.CAD Inputs
------------------------------
D322FA400-10                    BAF7-15.07      BAF9-13.26 30705F9A  

D322FA400-1                     BAF7-10.07      BAF8-02.26 30705F8A  

D322FA400-2                     BAF7-10.07      BAF8-05.26 30705F8A  

D322FA400-3                     BAF7-11.07      BAF8-08.26 30705F8A  

D322FA400-4                     BAF7-12.07      BAF8-11.26 30705F8A  

D322FA400-5                     BAF7-12.07      BAF8-13.26 30705F8A  

D322FA400-6                     BAF7-13.07      BAF9-02.26 30705F9A  

D322FA400-7                     BAF7-14.07      BAF9-05.26 30705F9A  

D322FA400-8                     BAF7-14.07      BAF9-08.26 30705F9A  

D322FA400-9                     BAF7-15.07      BAF9-10.26 30705F9A  

D322RS400                       BAF7-05.07      BAF9-15.26 30705F9A  

D322SAP400-3                    BAF7-07.07      BAF4-11.26 30705F4A  

D322SAP400-4                    BAF7-08.07      BAF5-10.26 30705F5A  

D322SAP400-5                    BAF7-09.07      BAF6-06.26 30705F6A  

DI1-30A/322XS635B               BAF7-07.07      BA30-05.14 3070530A  

DI3-26A/322ZS404A               BAF7-02.07      BA26-07.14 3070526A  

DI4-26A/322ZS404B               BAF7-04.07      BA26-08.14 3070526A  

DI7-29B/322XS635A               BAF7-06.07      BA29-11.22 3070529A  


D:\PRIME\CADUPD~1\PROJECT\L3\P7\M5\30705F8A.CAD Outputs
------------------------------
     Description                Source               Destination(s)
D322AUT-M403                    BAF8-11.26      BAQ2-06.07 30705Q2A  

D322AUT-M405A                   BAF8-08.26      BAQ6-11.07 30705Q6A  

D322AUT-M407                    BAF8-05.26      BAR0-06.07 30705R0A  

D322AUT-M408A                   BAF8-03.26      BAR2-11.07 30705R2A  

D322AUT-M632                    BAF8-14.26      BAT9-06.07 30705T9A  

D322FA400-1                     BAF8-02.26      BAF7-10.07 30705F7A  

D322FA400-2                     BAF8-05.26      BAF7-10.07 30705F7A  

D322FA400-3                     BAF8-08.26      BAF7-11.07 30705F7A  

D322FA400-4                     BAF8-11.26      BAF7-12.07 30705F7A  

D322FA400-5                     BAF8-13.26      BAF7-12.07 30705F7A  

D322SP-M403                     BAF8-12.26      BAQ2-03.07 30705Q2A  

D322SP-M405A                    BAF8-09.26      BAQ6-02.07 30705Q6A  

D322SP-M407                     BAF8-06.26      BAR0-03.07 30705R0A  

D322SP-M408A                    BAF8-03.26      BAR2-02.07 30705R2A  

D322SP-M632                     BAF8-15.26      BAT9-03.07 30705T9A  

D322ST-M403                     BAF8-13.26      BAQ2-02.07 30705Q2A  

D322ST-M405A                    BAF8-10.26      BAQ6-00.07 30705Q6A  

D322ST-M407                     BAF8-07.26      BAR0-02.07 30705R0A  

D322ST-M408A                    BAF8-04.26      BAR2-00.07 30705R2A  

D322ST-M632                     BAF8-15.26      BAT9-02.07 30705T9A  

D322ST400-4                     BAF8-16.26      BAF9-02.07 30705F9A  


D:\PRIME\CADUPD~1\PROJECT\L3\P7\M5\30705F8A.CAD Inputs
------------------------------
D322SP400                       BAF8-02.07      BAF7-05.26 30705F7A  

D322SP400-3                     BAF8-14.07      BAF9-02.26 30705F9A  

D322ST400-1                     BAF8-02.07      BAF7-02.26 30705F7A  

D322ST400-3                     BAF8-08.07      BAF7-04.26 30705F7A  

DI1-3B/322AUX-M407              BAF8-07.07      BA03-04.22 3070503A  

DI2-16B/322AUXF-M408A           BAF8-03.07      BA16-06.22 3070516A  

DI2-5A/322AUX-M632              BAF8-16.07      BA05-05.14 3070505A  

DI3-16A/322AUXF-M405A           BAF8-09.07      BA16-07.14 3070516A  

DI3-16B/322AUXR-M408A           BAF8-04.07      BA16-07.22 3070516A  

DI4-16A/322AUXR-M405A           BAF8-09.07      BA16-08.14 3070516A  

DI7-3A/322AUX-M403              BAF8-13.07      BA03-11.14 3070503A  


D:\PRIME\CADUPD~1\PROJECT\L3\P7\M5\30705F9A.CAD Outputs
------------------------------
     Description                Source               Destination(s)
D322AUT-M612                    BAF9-13.26      BAT0-06.07 30705T0A  

D322AUT-M613A                   BAF9-11.26      BAT2-06.07 30705T2A  

D322AUT-M613B                   BAF9-08.26      BAT3-06.07 30705T3A  

D322AUT-M615                    BAF9-06.26      BAT5-06.07 30705T5A  

D322AUT-M631                    BAF9-03.26      BAT7-06.07 30705T7A  

D322FA400-10                    BAF9-13.26      BAF7-15.07 30705F7A  

D322FA400-6                     BAF9-02.26      BAF7-13.07 30705F7A  

D322FA400-7                     BAF9-05.26      BAF7-14.07 30705F7A  

D322FA400-8                     BAF9-08.26      BAF7-14.07 30705F7A  

D322FA400-9                     BAF9-10.26      BAF7-15.07 30705F7A  

D322RS400                       BAF9-15.26      BAF7-05.07 30705F7A  

D322SP-M612                     BAF9-14.26      BAT0-03.07 30705T0A  

D322SP-M613A                    BAF9-11.26      BAT2-03.07 30705T2A  

D322SP-M613B                    BAF9-09.26      BAT3-03.07 30705T3A  

D322SP-M615                     BAF9-06.26      BAT5-04.07 30705T5A  

D322SP-M631                     BAF9-04.26      BAT7-03.07 30705T7A  

D322SP400-3                     BAF9-02.26      BAF8-14.07 30705F8A  

D322ST-M612                     BAF9-15.26      BAT0-03.07 30705T0A  

D322ST-M613A                    BAF9-12.26      BAT2-02.07 30705T2A  

D322ST-M613B                    BAF9-10.26      BAT3-02.07 30705T3A  

D322ST-M615                     BAF9-07.26      BAT5-03.07 30705T5A  

D322ST-M631                     BAF9-04.26      BAT7-02.07 30705T7A  


D:\PRIME\CADUPD~1\PROJECT\L3\P7\M5\30705F9A.CAD Inputs
------------------------------
D322SP400                       BAF9-03.07      BAF7-05.26 30705F7A  

D322ST400-4                     BAF9-02.07      BAF8-16.26 30705F8A  

DI4-3B/322AUX-M612              BAF9-15.07      BA03-07.22 3070503A  

DI4-5A/322AUX-M631              BAF9-04.07      BA05-07.14 3070505A  

DI5-3B/322AUX-M613A             BAF9-12.07      BA03-08.22 3070503A  

DI6-3B/322AUX-M613B             BAF9-10.07      BA03-09.22 3070503A  

DI7-3B/322AUX-M615              BAF9-07.07      BA03-10.22 3070503A  


D:\PRIME\CADUPD~1\PROJECT\L3\P7\M5\30705G1A.CAD Outputs
------------------------------
     Description                Source               Destination(s)

D:\PRIME\CADUPD~1\PROJECT\L3\P7\M5\30705G1A.CAD Inputs
------------------------------
DI1-26A/322XS402B               BAG1-13.07      BA26-05.14 3070526A  

DI2-26A/322XS402C               BAG1-15.07      BA26-06.14 3070526A  

DI4-25B/322PC401A               BAG1-04.07      BA25-08.22 3070525A  

DI5-25B/322PC401B               BAG1-06.07      BA25-09.22 3070525A  

DI7-25B/322XS402A               BAG1-11.07      BA25-11.22 3070525A  


D:\PRIME\CADUPD~1\PROJECT\L3\P7\M5\30705G2A.CAD Outputs
------------------------------
     Description                Source               Destination(s)
D322SAL403                      BAG2-09.26      BAQ1-07.07 30705Q1A  


D:\PRIME\CADUPD~1\PROJECT\L3\P7\M5\30705G2A.CAD Inputs
------------------------------
AI10-11/322IT403                BAG2-06.07      BA11-11.18 3070511A  

D322SAP-M403                    BAG2-07.07      BAQ2-11.26 30705Q2A  

DI6-25B/322SSL403               BAG2-08.07      BA25-10.22 3070525A  

DI7-3A/322AUX-M403              BAG2-10.07      BA03-11.14 3070503A  


D:\PRIME\CADUPD~1\PROJECT\L3\P7\M5\30705G3A.CAD Outputs
------------------------------
     Description                Source               Destination(s)
D322SAL405                      BAG3-05.26      BAQ5-05.07 30705Q5A  


D:\PRIME\CADUPD~1\PROJECT\L3\P7\M5\30705G3A.CAD Inputs
------------------------------
D322SAF-M405A                   BAG3-02.07      BAQ6-12.26 30705Q6A  

D322SAR-M405A                   BAG3-02.07      BAQ6-13.26 30705Q6A  

DI3-16A/322AUXF-M405A           BAG3-06.07      BA16-07.14 3070516A  

DI4-16A/322AUXR-M405A           BAG3-08.07      BA16-08.14 3070516A  

DI5-26A/322PC406                BAG3-13.07      BA26-09.14 3070526A  

DI6-26A/322SSL405               BAG3-04.07      BA26-10.14 3070526A  


D:\PRIME\CADUPD~1\PROJECT\L3\P7\M5\30705G4A.CAD Outputs
------------------------------
     Description                Source               Destination(s)
D322SAL407                      BAG4-05.26      BAQ9-09.07 30705Q9A  


D:\PRIME\CADUPD~1\PROJECT\L3\P7\M5\30705G4A.CAD Inputs
------------------------------
D322SAP-M407                    BAG4-02.07      BAR0-11.26 30705R0A  

DI1-26B/322XS407B               BAG4-10.07      BA26-06.23 3070526A  

DI1-3B/322AUX-M407              BAG4-06.07      BA03-04.22 3070503A  

DI2-26B/322XS407C               BAG4-12.07      BA26-07.23 3070526A  

DI3-26B/322XS407D               BAG4-14.07      BA26-08.23 3070526A  

DI3-27A/322SSL407               BAG4-04.07      BA27-07.13 3070527A  

DI7-26A/322XS407A               BAG4-08.07      BA26-11.14 3070526A  


D:\PRIME\CADUPD~1\PROJECT\L3\P7\M5\30705G5A.CAD Outputs
------------------------------
     Description                Source               Destination(s)
D322SAL408                      BAG5-04.26      BAR1-10.07 30705R1A  

D322ZAS408A/B                   BAG5-09.26      BAQ8-15.07 30705Q8A  


D:\PRIME\CADUPD~1\PROJECT\L3\P7\M5\30705G5A.CAD Inputs
------------------------------
D322SAF-M408A                   BAG5-01.07      BAR2-12.26 30705R2A  

D322SAR-M408A                   BAG5-01.07      BAR2-13.26 30705R2A  

DI2-16B/322AUXF-M408A           BAG5-05.07      BA16-06.22 3070516A  

DI3-16B/322AUXR-M408A           BAG5-07.07      BA16-07.22 3070516A  

DI5-26B/322ZS408B               BAG5-11.07      BA26-10.23 3070526A  

DI6-26B/322ZS408C               BAG5-14.07      BA26-11.23 3070526A  

DI7-27A/322SSL408               BAG5-03.07      BA27-11.13 3070527A  


D:\PRIME\CADUPD~1\PROJECT\L3\P7\M5\30705G6A.CAD Outputs
------------------------------
     Description                Source               Destination(s)

D:\PRIME\CADUPD~1\PROJECT\L3\P7\M5\30705G6A.CAD Inputs
------------------------------
DI4-27A/322XS409A               BAG6-07.07      BA27-08.13 3070527A  

DI5-27A/322XS409B               BAG6-10.07      BA27-09.13 3070527A  


D:\PRIME\CADUPD~1\PROJECT\L3\P7\M5\30705G7A.CAD Outputs
------------------------------
     Description                Source               Destination(s)

D:\PRIME\CADUPD~1\PROJECT\L3\P7\M5\30705G7A.CAD Inputs
------------------------------
DI1-27A/322PC410A               BAG7-04.07      BA27-05.13 3070527A  

DI2-27A/322PC410B               BAG7-06.07      BA27-06.13 3070527A  

DI6-27A/322PC411                BAG7-14.07      BA27-10.13 3070527A  


D:\PRIME\CADUPD~1\PROJECT\L3\P7\M5\30705G8A.CAD Outputs
------------------------------
     Description                Source               Destination(s)

D:\PRIME\CADUPD~1\PROJECT\L3\P7\M5\30705G8A.CAD Inputs
------------------------------
DI1-27B/322XS412A               BAG8-05.07      BA27-05.21 3070527A  

DI2-27B/322XS412B               BAG8-07.07      BA27-06.21 3070527A  

DI3-27B/322XS412C               BAG8-09.07      BA27-07.21 3070527A  

DI4-27B/322XS412D               BAG8-11.07      BA27-08.21 3070527A  


D:\PRIME\CADUPD~1\PROJECT\L3\P7\M5\30705G9A.CAD Outputs
------------------------------
     Description                Source               Destination(s)
D322SAP414A/B                   BAG9-04.26      BAR3-15.07 30705R3A  

D322SAP414C/D                   BAG9-10.26      BAR3-17.07 30705R3A  


D:\PRIME\CADUPD~1\PROJECT\L3\P7\M5\30705G9A.CAD Inputs
------------------------------
DI5-27B/322ZS414A               BAG9-06.07      BA27-09.21 3070527A  

DI6-27B/322ZS414B               BAG9-11.07      BA27-10.21 3070527A  


D:\PRIME\CADUPD~1\PROJECT\L3\P7\M5\30705H0A.CAD Outputs
------------------------------
     Description                Source               Destination(s)
DO1-SL45A/322HV-501A            BAH0-11.26      BA45-05.08 3070545A  

DO2-SL45A/322HV-501B            BAH0-13.26      BA45-06.08 3070545A  


D:\PRIME\CADUPD~1\PROJECT\L3\P7\M5\30705H0A.CAD Inputs
------------------------------
AI3-SL8/322AT-501               BAH0-11.07      BA08-05.20 3070508A  

AI6-8/322LT-654                 BAH0-07.07      BA08-08.20 3070508A  

AI7-8/322TT-501                 BAH0-09.07      BA08-08.20 3070508A  


D:\PRIME\CADUPD~1\PROJECT\L3\P7\M5\30705H1A.CAD Outputs
------------------------------
     Description                Source               Destination(s)
D322SAL600                      BAH1-09.26      BAS0-06.07 30705S0A  


D:\PRIME\CADUPD~1\PROJECT\L3\P7\M5\30705H1A.CAD Inputs
------------------------------
D322SAPM602A                    BAH1-06.07      BAS1-04.26 30705S1A  

DI2-18B/322AUXF-M602A           BAH1-10.07      BA18-07.22 3070518A  

DI6-30B/322SSL600               BAH1-08.07      BA30-10.22 3070530A  


D:\PRIME\CADUPD~1\PROJECT\L3\P7\M5\30705H2A.CAD Outputs
------------------------------
     Description                Source               Destination(s)
D322ST600A                      BAH2-05.26      BAH5-01.07 30705H5A  

D322ST600B                      BAH2-06.26      BAH5-02.07 30705H5A  

D322ST600C                      BAH2-07.26      BAR7-17.07 30705R7A  BAR6-14.07 30705R6A  BAN3-06.07 30705N3A  BAH7-12.07 30705H7A  
                                                

D:\PRIME\CADUPD~1\PROJECT\L3\P7\M5\30705H2A.CAD Inputs
------------------------------
D322AUX-604                     BAH2-08.07      BAS4-02.26 30705S4A  

D322FA600-1                     BAH2-12.07      BAH5-01.26 30705H5A  

D322FA600-2                     BAH2-12.07      BAH5-04.26 30705H5A  

D322FA600-3                     BAH2-13.07      BAH5-06.26 30705H5A  

D322FA600-4                     BAH2-14.07      BAH5-09.26 30705H5A  

D322FA600-5                     BAH2-14.07      BAH5-11.26 30705H5A  

D322PC603                       BAH2-09.07      BAS0-12.26 30705S0A  

D322RS600                       BAH2-05.07      BAH5-14.26 30705H5A  

D322XS-M131                     BAH2-02.07      BAN5-03.26 30705N5A  

D322XS-M601A                    BAH2-03.07      BAR6-01.26 30705R6A  

D322XS-M601B                    BAH2-03.07      BAR7-04.26 30705R7A  

D322XS-M601C                    BAH2-04.07      BAR8-01.26 30705R8A  

D322XS-M602A                    BAH2-05.07      BAS1-01.26 30705S1A  

DI2-28B/322XS605                BAH2-09.07      BA28-07.21 3070528A  

DI2-3B/322AUX-M602B             BAH2-06.07      BA03-05.22 3070503A  

DI4-3B/322AUX-M612              BAH2-11.07      BA03-07.22 3070503A  

DI5-22A/322ZS132                BAH2-06.07      BA22-09.14 3070522A  

DI5-28A/322ZS602A               BAH2-07.07      BA28-09.13 3070528A  

DI6-28A/322ZS602B               BAH2-08.07      BA28-10.13 3070528A  

DI6-28B/322LSH611               BAH2-10.07      BA28-11.21 3070528A  


D:\PRIME\CADUPD~1\PROJECT\L3\P7\M5\30705H5A.CAD Outputs
------------------------------
     Description                Source               Destination(s)
D322AUT-M131                    BAH5-12.26      BAN6-05.07 30705N6A  

D322AUT-M601A                   BAH5-09.26      BAR6-05.07 30705R6A  

D322AUT-M601B                   BAH5-07.26      BAR7-05.07 30705R7A  

D322AUT-M601C                   BAH5-04.26      BAR8-05.07 30705R8A  

D322AUT-M602A                   BAH5-02.26      BAS1-05.07 30705S1A  

D322FA600-1                     BAH5-01.26      BAH2-12.07 30705H2A  

D322FA600-2                     BAH5-04.26      BAH2-12.07 30705H2A  

D322FA600-3                     BAH5-06.26      BAH2-13.07 30705H2A  

D322FA600-4                     BAH5-09.26      BAH2-14.07 30705H2A  

D322FA600-5                     BAH5-11.26      BAH2-14.07 30705H2A  

D322RS600                       BAH5-14.26      BAH2-05.07 30705H2A  

D322SP-M131                     BAH5-13.26      BAN6-02.07 30705N6A  

D322SP-M601A                    BAH5-10.26      BAR6-02.07 30705R6A  

D322SP-M601B                    BAH5-07.26      BAR7-03.07 30705R7A  

D322SP-M601C                    BAH5-05.26      BAR8-02.07 30705R8A  

D322SP-M602A                    BAH5-02.26      BAS1-02.07 30705S1A  

D322ST-M131                     BAH5-13.26      BAN6-01.07 30705N6A  

D322ST-M601A                    BAH5-11.26      BAR6-01.07 30705R6A  

D322ST-M601B                    BAH5-08.26      BAR7-02.07 30705R7A  

D322ST-M601C                    BAH5-06.26      BAR8-01.07 30705R8A  

D322ST-M602A                    BAH5-03.26      BAS1-01.07 30705S1A  


D:\PRIME\CADUPD~1\PROJECT\L3\P7\M5\30705H5A.CAD Inputs
------------------------------
D322ST600A                      BAH5-01.07      BAH2-05.26 30705H2A  

D322ST600B                      BAH5-02.07      BAH2-06.26 30705H2A  

DI1-18A/322AUXF-M601A           BAH5-11.07      BA18-06.14 3070518A  

DI2-18B/322AUXF-M602A           BAH5-03.07      BA18-07.22 3070518A  

DI3-18A/322AUXF-M601B           BAH5-08.07      BA18-08.14 3070518A  

DI5-18A/322AUXF-M601C           BAH5-06.07      BA18-10.14 3070518A  

DO3-39B/322MCF-M131B            BAH5-14.07      BAN6-08.26 30705N6A  


D:\PRIME\CADUPD~1\PROJECT\L3\P7\M5\30705H6A.CAD Outputs
------------------------------
     Description                Source               Destination(s)
D322SAL601A                     BAH6-04.26      BAR6-17.07 30705R6A  

D322SAL601B                     BAH6-10.26      BAR7-17.07 30705R7A  

D322SAL601C                     BAH6-15.26      BAR8-17.07 30705R8A  


D:\PRIME\CADUPD~1\PROJECT\L3\P7\M5\30705H6A.CAD Inputs
------------------------------
D322SAR-M601A                   BAH6-01.07      BAR6-12.26 30705R6A  

D322SAR-M601B                   BAH6-07.07      BAR7-12.26 30705R7A  

D322SAR-M601C                   BAH6-12.07      BAR8-12.26 30705R8A  

DI1-18A/322AUXF-M601A           BAH6-04.07      BA18-06.14 3070518A  

DI2-18A/322AUXR-M601A           BAH6-04.07      BA18-07.14 3070518A  

DI2-28A/322SSL601A              BAH6-03.07      BA28-06.13 3070528A  

DI3-18A/322AUXF-M601B           BAH6-10.07      BA18-08.14 3070518A  

DI3-28A/322SSL601B              BAH6-09.07      BA28-07.13 3070528A  

DI4-18A/322AUXR-M601B           BAH6-10.07      BA18-09.14 3070518A  

DI4-28A/322SSL601C              BAH6-14.07      BA28-08.13 3070528A  

DI5-18A/322AUXF-M601C           BAH6-15.07      BA18-10.14 3070518A  

DI6-18A/322AUXR-M601C           BAH6-15.07      BA18-11.14 3070518A  


D:\PRIME\CADUPD~1\PROJECT\L3\P7\M5\30705H7A.CAD Outputs
------------------------------
     Description                Source               Destination(s)
D322SAI-M601C                   BAH7-10.26      BAR8-16.07 30705R8A  


D:\PRIME\CADUPD~1\PROJECT\L3\P7\M5\30705H7A.CAD Inputs
------------------------------
D322ST600C                      BAH7-12.07      BAH2-07.26 30705H2A  

DI2-18B/322AUXF-M602A           BAH7-11.07      BA18-07.22 3070518A  

DI5-28A/322ZS602A               BAH7-06.07      BA28-09.13 3070528A  

DI6-28A/322ZS602B               BAH7-08.07      BA28-10.13 3070528A  


D:\PRIME\CADUPD~1\PROJECT\L3\P7\M5\30705H8A.CAD Outputs
------------------------------
     Description                Source               Destination(s)

D:\PRIME\CADUPD~1\PROJECT\L3\P7\M5\30705H8A.CAD Inputs
------------------------------
DI1-28B/322PC603A               BAH8-06.07      BA28-06.21 3070528A  

DI7-28A/322ESP603B              BAH8-11.07      BA28-11.13 3070528A  


D:\PRIME\CADUPD~1\PROJECT\L3\P7\M5\30705H9A.CAD Outputs
------------------------------
     Description                Source               Destination(s)
D322SAL604                      BAH9-06.26      BAS3-12.07 30705S3A  


D:\PRIME\CADUPD~1\PROJECT\L3\P7\M5\30705H9A.CAD Inputs
------------------------------
AI13-11/322IT604A               BAH9-02.07      BA11-14.18 3070511A  

AI2-SL8/                        BAH9-10.07      BA08-04.20 3070508A  

D322AUX-604                     BAH9-06.07      BAS4-02.26 30705S4A  

D322SAP-M604A                   BAH9-04.07      BAS4-11.26 30705S4A  

DI3-28B/322SSL604               BAH9-05.07      BA28-08.21 3070528A  

DI6-5A/                         BAH9-12.07      BA05-09.14 3070505A  


D:\PRIME\CADUPD~1\PROJECT\L3\P7\M5\30705I2A.CAD Outputs
------------------------------
     Description                Source               Destination(s)

D:\PRIME\CADUPD~1\PROJECT\L3\P7\M5\30705I2A.CAD Inputs
------------------------------
DI1-31A/322XS605A               BAI2-10.07      BA31-06.14 3070531A  

DI2-28B/322XS605                BAI2-08.07      BA28-07.21 3070528A  

DI2-31A/322XS605B               BAI2-12.07      BA31-07.14 3070531A  


D:\PRIME\CADUPD~1\PROJECT\L3\P7\M5\30705I3A.CAD Outputs
------------------------------
     Description                Source               Destination(s)
D322EV606                       BAI3-06.26      BAS3-10.07 30705S3A  

DO2-43B/322EV606                BAI3-08.26      BA43-06.21 3070543A  


D:\PRIME\CADUPD~1\PROJECT\L3\P7\M5\30705I3A.CAD Inputs
------------------------------
D322MC-M604A                    BAI3-17.07      BAS4-06.26 30705S4A  

DI3-28B/322SSL604               BAI3-04.07      BA28-08.21 3070528A  

DI7-17B/322AUX-M604A            BAI3-16.07      BA17-12.22 3070517A  


D:\PRIME\CADUPD~1\PROJECT\L3\P7\M5\30705I4A.CAD Outputs
------------------------------
     Description                Source               Destination(s)

D:\PRIME\CADUPD~1\PROJECT\L3\P7\M5\30705I4A.CAD Inputs
------------------------------
DI5-28B/322ZS607B               BAI4-08.07      BA28-10.21 3070528A  


D:\PRIME\CADUPD~1\PROJECT\L3\P7\M5\30705I5A.CAD Outputs
------------------------------
     Description                Source               Destination(s)

D:\PRIME\CADUPD~1\PROJECT\L3\P7\M5\30705I5A.CAD Inputs
------------------------------
DI6-31B/322PSL608               BAI5-08.07      BA31-11.22 3070531A  


D:\PRIME\CADUPD~1\PROJECT\L3\P7\M5\30705I6A.CAD Outputs
------------------------------
     Description                Source               Destination(s)

D:\PRIME\CADUPD~1\PROJECT\L3\P7\M5\30705I6A.CAD Inputs
------------------------------
DI1-32A/322PSH609               BAI6-08.07      BA32-05.14 3070532A  


D:\PRIME\CADUPD~1\PROJECT\L3\P7\M5\30705I7A.CAD Outputs
------------------------------
     Description                Source               Destination(s)

D:\PRIME\CADUPD~1\PROJECT\L3\P7\M5\30705I7A.CAD Inputs
------------------------------
DI2-29A/322XS610                BAI7-08.07      BA29-06.13 3070529A  


D:\PRIME\CADUPD~1\PROJECT\L3\P7\M5\30705I8A.CAD Outputs
------------------------------
     Description                Source               Destination(s)

D:\PRIME\CADUPD~1\PROJECT\L3\P7\M5\30705I8A.CAD Inputs
------------------------------
DI6-28B/322LSH611               BAI8-08.07      BA28-11.21 3070528A  


D:\PRIME\CADUPD~1\PROJECT\L3\P7\M5\30705I9A.CAD Outputs
------------------------------
     Description                Source               Destination(s)

D:\PRIME\CADUPD~1\PROJECT\L3\P7\M5\30705I9A.CAD Inputs
------------------------------
AI11-11/322IT612                BAI9-03.07      BA11-12.18 3070511A  

D322SAP-M612                    BAI9-06.07      BAT0-11.26 30705T0A  

DI4-3B/322AUX-M612              BAI9-10.07      BA03-07.22 3070503A  

DI7-28B/322SSL612               BAI9-08.07      BA28-12.21 3070528A  


D:\PRIME\CADUPD~1\PROJECT\L3\P7\M5\30705J0A.CAD Outputs
------------------------------
     Description                Source               Destination(s)
D322TAH613A                     BAJ0-07.26      BAT1-13.07 30705T1A  BAF5-15.07 30705F5A  

D322TAH613B                     BAJ0-13.26      BAT1-11.07 30705T1A  BAF5-17.07 30705F5A  


D:\PRIME\CADUPD~1\PROJECT\L3\P7\M5\30705J0A.CAD Inputs
------------------------------
AI14-12/322TT613A               BAJ0-05.07      BA12-15.19 3070512A  

AI15-12/322TT613B               BAJ0-11.07      BA12-16.19 3070512A  


D:\PRIME\CADUPD~1\PROJECT\L3\P7\M5\30705J1A.CAD Outputs
------------------------------
     Description                Source               Destination(s)
DO5-39A/322LSL-613A             BAJ1-07.26      BA39-09.10 3070539A  


D:\PRIME\CADUPD~1\PROJECT\L3\P7\M5\30705J1A.CAD Inputs
------------------------------
DI1-19A/322LSH-613A             BAJ1-03.07      BA19-05.15 3070519A  

DI2-19A/322LSL-613A             BAJ1-07.07      BA19-06.15 3070519A  

DI3-19A/322LSLL-613A            BAJ1-11.07      BA19-07.15 3070519A  


D:\PRIME\CADUPD~1\PROJECT\L3\P7\M5\30705J2A.CAD Outputs
------------------------------
     Description                Source               Destination(s)

D:\PRIME\CADUPD~1\PROJECT\L3\P7\M5\30705J2A.CAD Inputs
------------------------------
DI4-29A/322XS614                BAJ2-08.07      BA29-08.13 3070529A  


D:\PRIME\CADUPD~1\PROJECT\L3\P7\M5\30705J3A.CAD Outputs
------------------------------
     Description                Source               Destination(s)
D322SAL615                      BAJ3-09.26      BAT4-07.07 30705T4A  


D:\PRIME\CADUPD~1\PROJECT\L3\P7\M5\30705J3A.CAD Inputs
------------------------------
D322SAP-M615                    BAJ3-06.07      BAT5-11.26 30705T5A  

DI6-29A/322SSL615               BAJ3-08.07      BA29-10.13 3070529A  

DI7-3B/322AUX-M615              BAJ3-10.07      BA03-10.22 3070503A  


D:\PRIME\CADUPD~1\PROJECT\L3\P7\M5\30705J4A.CAD Outputs
------------------------------
     Description                Source               Destination(s)

D:\PRIME\CADUPD~1\PROJECT\L3\P7\M5\30705J4A.CAD Inputs
------------------------------
DI5-29A/322PC616                BAJ4-08.07      BA29-09.13 3070529A  


D:\PRIME\CADUPD~1\PROJECT\L3\P7\M5\30705J5A.CAD Outputs
------------------------------
     Description                Source               Destination(s)

D:\PRIME\CADUPD~1\PROJECT\L3\P7\M5\30705J5A.CAD Inputs
------------------------------
DI7-29A/322PC630                BAJ5-08.07      BA29-11.13 3070529A  


D:\PRIME\CADUPD~1\PROJECT\L3\P7\M5\30705J6A.CAD Outputs
------------------------------
     Description                Source               Destination(s)
D322SAL631                      BAJ6-09.26      BAT6-07.07 30705T6A  


D:\PRIME\CADUPD~1\PROJECT\L3\P7\M5\30705J6A.CAD Inputs
------------------------------
D322SAP-M631                    BAJ6-06.07      BAT7-11.26 30705T7A  

DI1-29B/322SSL631               BAJ6-08.07      BA29-05.22 3070529A  

DI4-5A/322AUX-M631              BAJ6-10.07      BA05-07.14 3070505A  


D:\PRIME\CADUPD~1\PROJECT\L3\P7\M5\30705J7A.CAD Outputs
------------------------------
     Description                Source               Destination(s)
D322SAL632                      BAJ7-09.26      BAT8-07.07 30705T8A  


D:\PRIME\CADUPD~1\PROJECT\L3\P7\M5\30705J7A.CAD Inputs
------------------------------
D322SAP-M632                    BAJ7-06.07      BAT9-11.26 30705T9A  

DI2-5A/322AUX-M632              BAJ7-10.07      BA05-05.14 3070505A  

DI6-29B/322SSL632               BAJ7-08.07      BA29-10.22 3070529A  


D:\PRIME\CADUPD~1\PROJECT\L3\P7\M5\30705J8A.CAD Outputs
------------------------------
     Description                Source               Destination(s)

D:\PRIME\CADUPD~1\PROJECT\L3\P7\M5\30705J8A.CAD Inputs
------------------------------
DI2-29B/322XS632A               BAJ8-08.07      BA29-06.22 3070529A  

DI3-29B/322XS632B               BAJ8-11.07      BA29-07.22 3070529A  


D:\PRIME\CADUPD~1\PROJECT\L3\P7\M5\30705J9A.CAD Outputs
------------------------------
     Description                Source               Destination(s)

D:\PRIME\CADUPD~1\PROJECT\L3\P7\M5\30705J9A.CAD Inputs
------------------------------
D322SAP-M633                    BAJ9-03.07      BAU1-11.26 30705U1A  

DI3-5A/322AUX-M633              BAJ9-07.07      BA05-06.14 3070505A  

DI4-29B/322PC633A               BAJ9-10.07      BA29-08.22 3070529A  

DI5-29B/322PC633B               BAJ9-12.07      BA29-09.22 3070529A  


D:\PRIME\CADUPD~1\PROJECT\L3\P7\M5\30705K1A.CAD Outputs
------------------------------
     Description                Source               Destination(s)

D:\PRIME\CADUPD~1\PROJECT\L3\P7\M5\30705K1A.CAD Inputs
------------------------------
DI1-30A/322XS635B               BAK1-09.07      BA30-05.14 3070530A  

DI7-29B/322XS635A               BAK1-07.07      BA29-11.22 3070529A  


D:\PRIME\CADUPD~1\PROJECT\L3\P7\M5\30705K2A.CAD Outputs
------------------------------
     Description                Source               Destination(s)

D:\PRIME\CADUPD~1\PROJECT\L3\P7\M5\30705K2A.CAD Inputs
------------------------------
DI2-30A/322PC637A               BAK2-05.07      BA30-06.14 3070530A  

DI3-30A/322PC637B               BAK2-08.07      BA30-07.14 3070530A  

DI4-30A/322PC637C               BAK2-11.07      BA30-08.14 3070530A  


D:\PRIME\CADUPD~1\PROJECT\L3\P7\M5\30705K3A.CAD Outputs
------------------------------
     Description                Source               Destination(s)
D322TAH-M604A2                  BAK3-15.26      BAS3-14.07 30705S3A  


D:\PRIME\CADUPD~1\PROJECT\L3\P7\M5\30705K3A.CAD Inputs
------------------------------
AI10-12/322TT640B1              BAK3-06.07      BA12-11.19 3070512A  

AI11-12/322TT640B2              BAK3-08.07      BA12-12.19 3070512A  

AI12-12/322TT640C1              BAK3-10.07      BA12-13.19 3070512A  

AI13-12/322TT640C2              BAK3-12.07      BA12-14.19 3070512A  

AI8-12/322TT640A1               BAK3-02.07      BA12-09.19 3070512A  

AI9-12/322TT640A2               BAK3-04.07      BA12-10.19 3070512A  


D:\PRIME\CADUPD~1\PROJECT\L3\P7\M5\30705K4A.CAD Outputs
------------------------------
     Description                Source               Destination(s)
D322TAH641A                     BAK4-06.26      BAK5-02.07 30705K5A  

D322TAH641B                     BAK4-07.26      BAK5-04.07 30705K5A  


D:\PRIME\CADUPD~1\PROJECT\L3\P7\M5\30705K4A.CAD Inputs
------------------------------
AI5-12/322TT641A                BAK4-02.07      BA12-06.19 3070512A  

AI6-12/322TT641B                BAK4-04.07      BA12-07.19 3070512A  


D:\PRIME\CADUPD~1\PROJECT\L3\P7\M5\30705K5A.CAD Outputs
------------------------------
     Description                Source               Destination(s)
D322TAH-M604A1                  BAK5-15.26      BAS3-13.07 30705S3A  


D:\PRIME\CADUPD~1\PROJECT\L3\P7\M5\30705K5A.CAD Inputs
------------------------------
AI7-12/322TT642                 BAK5-06.07      BA12-08.19 3070512A  

D322TAH641A                     BAK5-02.07      BAK4-06.26 30705K4A  

D322TAH641B                     BAK5-04.07      BAK4-07.26 30705K4A  


D:\PRIME\CADUPD~1\PROJECT\L3\P7\M5\30705K6A.CAD Outputs
------------------------------
     Description                Source               Destination(s)

D:\PRIME\CADUPD~1\PROJECT\L3\P7\M5\30705K6A.CAD Inputs
------------------------------
DI1-30B/322ZS651B               BAK6-10.07      BA30-05.22 3070530A  

DI7-30A/322ZS651A               BAK6-07.07      BA30-11.14 3070530A  


D:\PRIME\CADUPD~1\PROJECT\L3\P7\M5\30705K7A.CAD Outputs
------------------------------
     Description                Source               Destination(s)

D:\PRIME\CADUPD~1\PROJECT\L3\P7\M5\30705K7A.CAD Inputs
------------------------------
321WI-004...                    BAK7-06.07      BAZ2-04.26 30705Z2A  

CAPTURE0705                     BAK7-12.07      BA00-14.26 3070500A  

DI3-3A/322AUX-M209              BAK7-07.07      BA03-07.14 3070503A  

RESET0705                       BAK7-10.07      BA00-13.26 3070500A  


D:\PRIME\CADUPD~1\PROJECT\L3\P7\M5\30705K8A.CAD Outputs
------------------------------
     Description                Source               Destination(s)

D:\PRIME\CADUPD~1\PROJECT\L3\P7\M5\30705K8A.CAD Inputs
------------------------------

D:\PRIME\CADUPD~1\PROJECT\L3\P7\M5\30705K9A.CAD Outputs
------------------------------
     Description                Source               Destination(s)
AO6-10/322LV-654                BAK9-05.26      BA10-10.12 3070510A  


D:\PRIME\CADUPD~1\PROJECT\L3\P7\M5\30705K9A.CAD Inputs
------------------------------
AI6-8/322LT-654                 BAK9-05.07      BA08-08.20 3070508A  

FB6-10/322LV-654                BAK9-08.07      BA10-10.12 3070510A  


D:\PRIME\CADUPD~1\PROJECT\L3\P7\M5\30705L2A.CAD Outputs
------------------------------
     Description                Source               Destination(s)
AO3-10/322SC999                 BAL2-08.26      BA10-06.12 3070510A  


D:\PRIME\CADUPD~1\PROJECT\L3\P7\M5\30705L2A.CAD Inputs
------------------------------
AI3-11/322IT102                 BAL2-08.07      BA11-04.18 3070511A  

DI1-14A/322AUX-M102             BAL2-14.07      BA14-06.15 3070514A  

DI2-1A/322AUX-M107B             BAL2-14.07      BA01-06.14 3070501A  

FB3-10/322SC999                 BAL2-10.07      BA10-07.12 3070510A  


D:\PRIME\CADUPD~1\PROJECT\L3\P7\M5\30705L3A.CAD Outputs
------------------------------
     Description                Source               Destination(s)
AO4-10/322XS-M113               BAL3-06.26      BA10-07.12 3070510A  

AO5-10/322SC999A                BAL3-08.26      BA10-09.12 3070510A  


D:\PRIME\CADUPD~1\PROJECT\L3\P7\M5\30705L3A.CAD Inputs
------------------------------
AI4-11/322IT105                 BAL3-08.07      BA11-05.18 3070511A  

DI3-14A/322AUX-M105             BAL3-14.07      BA14-08.15 3070514A  

DI4-1A/322AUX-M107E             BAL3-13.07      BA01-08.14 3070501A  

FB5-10/322SC999A                BAL3-10.07      BA10-09.12 3070510A  


D:\PRIME\CADUPD~1\PROJECT\L3\P7\M5\30705L4A.CAD Outputs
------------------------------
     Description                Source               Destination(s)
D322XS-M102                     BAL4-03.26      BA60-01.07 3070560A  

DO1-40A/322MC-M102              BAL4-08.26      BA40-05.06 3070540A  

DO2-40A/322LE-M102              BAL4-05.26      BA40-06.06 3070540A  


D:\PRIME\CADUPD~1\PROJECT\L3\P7\M5\30705L4A.CAD Inputs
------------------------------
D322AUT-M102                    BAL4-06.07      BA61-03.26 3070561A  

D322SAL102                      BAL4-17.07      BA65-06.26 3070565A  

D322SP-M102                     BAL4-03.07      BA61-03.26 3070561A  

D322ST-M102                     BAL4-02.07      BA61-04.26 3070561A  

DI1-13A/322SP-M102              BAL4-14.07      BA13-05.15 3070513A  

DI1-14A/322AUX-M102             BAL4-08.07      BA14-06.15 3070514A  

DI2-13A/322ST-M102              BAL4-11.07      BA13-06.15 3070513A  

DI2-14A/322XS-M102              BAL4-05.07      BA14-07.15 3070514A  

DI5-19B/322ZSO104               BAL4-16.07      BA19-09.23 3070519A  


D:\PRIME\CADUPD~1\PROJECT\L3\P7\M5\30705L5A.CAD Outputs
------------------------------
     Description                Source               Destination(s)
D322XS-M105                     BAL5-03.26      BA62-01.07 3070562A  

DO3-40A/322MC-M105              BAL5-08.26      BA40-07.06 3070540A  

DO4-40A/322LE-M105              BAL5-05.26      BA40-08.06 3070540A  


D:\PRIME\CADUPD~1\PROJECT\L3\P7\M5\30705L5A.CAD Inputs
------------------------------
D322AUT-M105                    BAL5-06.07      BA63-03.26 3070563A  

D322SAL105                      BAL5-17.07      BA66-06.26 3070566A  

D322SP-M105                     BAL5-03.07      BA63-03.26 3070563A  

D322ST-M105                     BAL5-02.07      BA63-04.26 3070563A  

DI1-20A/322ZSO106               BAL5-16.07      BA20-05.14 3070520A  

DI3-13A/322SP-M105              BAL5-14.07      BA13-07.15 3070513A  

DI3-14A/322AUX-M105             BAL5-08.07      BA14-08.15 3070514A  

DI4-13A/322ST-M105              BAL5-11.07      BA13-08.15 3070513A  

DI4-14A/322XS-M105              BAL5-05.07      BA14-09.15 3070514A  


D:\PRIME\CADUPD~1\PROJECT\L3\P7\M5\30705L6A.CAD Outputs
------------------------------
     Description                Source               Destination(s)
D322XS-M107A                    BAL6-05.26      BA60-04.07 3070560A  

DO1-37A/322MC-M107A             BAL6-08.26      BA37-06.11 3070537A  


D:\PRIME\CADUPD~1\PROJECT\L3\P7\M5\30705L6A.CAD Inputs
------------------------------
D322AUT-M107A                   BAL6-06.07      BA61-11.26 3070561A  

D322SAP-M107B.1                 BAL6-16.07      BAL7-17.26 30705L7A  

D322SP-M107A                    BAL6-03.07      BA61-12.26 3070561A  

D322ST-M107A                    BAL6-02.07      BA61-12.26 3070561A  

DI1-1A/322AUX-M107A             BAL6-08.07      BA01-05.14 3070501A  

DI1-2A/322XS-M107A              BAL6-05.07      BA02-05.14 3070502A  


D:\PRIME\CADUPD~1\PROJECT\L3\P7\M5\30705L7A.CAD Outputs
------------------------------
     Description                Source               Destination(s)
D322SAP-M107B.1                 BAL7-17.26      BAL6-16.07 30705L6A  

D322XS-M107B                    BAL7-05.26      BA60-04.07 3070560A  

DO2-37A/322MC-M107B             BAL7-08.26      BA37-07.11 3070537A  


D:\PRIME\CADUPD~1\PROJECT\L3\P7\M5\30705L7A.CAD Inputs
------------------------------
D322AUT-M107B                   BAL7-06.07      BA61-05.26 3070561A  

D322SP-M107B                    BAL7-03.07      BA61-06.26 3070561A  

D322ST-M107B                    BAL7-02.07      BA61-07.26 3070561A  

DI2-1A/322AUX-M107B             BAL7-08.07      BA01-06.14 3070501A  

DI2-20A/322LSL112               BAL7-17.07      BA20-06.14 3070520A  

DI2-2A/322XS-M107B              BAL7-05.07      BA02-06.14 3070502A  

DI6-20A/322TSH115               BAL7-15.07      BA20-10.14 3070520A  


D:\PRIME\CADUPD~1\PROJECT\L3\P7\M5\30705L8A.CAD Outputs
------------------------------
     Description                Source               Destination(s)
DO3-37A/322MC-M107C             BAL8-08.26      BA37-08.11 3070537A  


D:\PRIME\CADUPD~1\PROJECT\L3\P7\M5\30705L8A.CAD Inputs
------------------------------
DI2-20A/322LSL112               BAL8-15.07      BA20-06.14 3070520A  

DI3-1A/322AUX-M107C             BAL8-08.07      BA01-07.14 3070501A  

DI3-2A/322XS-M107C              BAL8-05.07      BA02-07.14 3070502A  

DI6-20A/322TSH115               BAL8-17.07      BA20-10.14 3070520A  


D:\PRIME\CADUPD~1\PROJECT\L3\P7\M5\30705L9A.CAD Outputs
------------------------------
     Description                Source               Destination(s)
D322XS-M107D                    BAL9-05.26      BA62-03.07 3070562A  

DO5-40A/322MC-M107D             BAL9-08.26      BA40-09.06 3070540A  


D:\PRIME\CADUPD~1\PROJECT\L3\P7\M5\30705L9A.CAD Inputs
------------------------------
D322AUT-M107D                   BAL9-06.07      BA63-11.26 3070563A  

D322SAP-M107E                   BAL9-16.07      BAM0-17.26 30705M0A  

D322SP-M107D                    BAL9-03.07      BA63-12.26 3070563A  

D322ST-M107D                    BAL9-02.07      BA63-12.26 3070563A  

DI5-14A/322AUX-M107D            BAL9-08.07      BA14-10.15 3070514A  

DI6-14A/322XS-M107D             BAL9-05.07      BA14-11.15 3070514A  


D:\PRIME\CADUPD~1\PROJECT\L3\P7\M5\30705M0A.CAD Outputs
------------------------------
     Description                Source               Destination(s)
D322SAP-M107E                   BAM0-17.26      BAL9-16.07 30705L9A  

D322XS-M107E                    BAM0-05.26      BA62-04.07 3070562A  

DO4-37A/322MC-M107E             BAM0-08.26      BA37-09.11 3070537A  


D:\PRIME\CADUPD~1\PROJECT\L3\P7\M5\30705M0A.CAD Inputs
------------------------------
D322AUT-M107E                   BAM0-06.07      BA63-05.26 3070563A  

D322SP-M107E                    BAM0-03.07      BA63-06.26 3070563A  

D322ST-M107E                    BAM0-02.07      BA63-07.26 3070563A  

DI4-1A/322AUX-M107E             BAM0-08.07      BA01-08.14 3070501A  

DI4-20B/322TSH125               BAM0-15.07      BA20-09.22 3070520A  

DI4-2A/322XS-M107E              BAM0-05.07      BA02-08.14 3070502A  

DI7-20A/322LSL122               BAM0-17.07      BA20-11.14 3070520A  


D:\PRIME\CADUPD~1\PROJECT\L3\P7\M5\30705M1A.CAD Outputs
------------------------------
     Description                Source               Destination(s)
D322XS-M107F                    BAM1-05.26      BAD2-02.07 30705D2A  

DO5-37A/322MC-M107F             BAM1-08.26      BA37-10.11 3070537A  


D:\PRIME\CADUPD~1\PROJECT\L3\P7\M5\30705M1A.CAD Inputs
------------------------------
D322AUT-M107F                   BAM1-06.07      BAD8-07.26 30705D8A  

D322SP-M107F                    BAM1-03.07      BAD8-07.26 30705D8A  

D322ST-M107F                    BAM1-02.07      BAD8-08.26 30705D8A  

DI4-20B/322TSH125               BAM1-15.07      BA20-09.22 3070520A  

DI5-1A/322AUX-M107F             BAM1-08.07      BA01-09.14 3070501A  

DI5-2A/322XS-M107F              BAM1-05.07      BA02-09.14 3070502A  

DI7-20A/322LSL122               BAM1-17.07      BA20-11.14 3070520A  


D:\PRIME\CADUPD~1\PROJECT\L3\P7\M5\30705M2A.CAD Outputs
------------------------------
     Description                Source               Destination(s)
D322-M113                       BAM2-13.26      BAA5-15.07 30705A5A  

D322XS-M113                     BAM2-05.26      BA59-03.07 3070559A  

DO6-37A/322MC-M113              BAM2-08.26      BA37-11.11 3070537A  


D:\PRIME\CADUPD~1\PROJECT\L3\P7\M5\30705M2A.CAD Inputs
------------------------------
AI1-12/322IT122A                BAM2-12.07      BA12-02.19 3070512A  

AI2-12/322IT122B                BAM2-14.07      BA12-03.19 3070512A  

D322AUT-M113                    BAM2-06.07      BA59-12.26 3070559A  

D322SP-M113                     BAM2-03.07      BA59-12.26 3070559A  

D322ST-M113                     BAM2-02.07      BA59-13.26 3070559A  

DI2-21A/322LSL136               BAM2-15.07      BA21-07.14 3070521A  

DI4-21A/322TSH138               BAM2-17.07      BA21-09.14 3070521A  

DI6-1A/322AUX-M113              BAM2-08.07      BA01-10.14 3070501A  

DI6-2A/322XS-M113               BAM2-05.07      BA02-10.14 3070502A  


D:\PRIME\CADUPD~1\PROJECT\L3\P7\M5\30705M3A.CAD Outputs
------------------------------
     Description                Source               Destination(s)
D322PSL141                      BAM3-07.26      BAM6-07.07 30705M6A  BAM6-04.07 30705M6A  

D322SA1-M122                    BAM3-08.26      BAM4-14.07 30705M4A  

D322SA2-M122                    BAM3-15.26      BAM4-15.07 30705M4A  BA57-00.07 3070557A  


D:\PRIME\CADUPD~1\PROJECT\L3\P7\M5\30705M3A.CAD Inputs
------------------------------
D322AUX-M122                    BAM3-17.07      BAM5-11.26 30705M5A  

DI1-21B/322PSL141B              BAM3-08.07      BA21-06.22 3070521A  

DI2-19B/322ZSC015B              BAM3-16.07      BA19-06.23 3070519A  

DI2-21B/322PSL141C              BAM3-10.07      BA21-07.22 3070521A  

DI6-21A/322PSL141D              BAM3-12.07      BA21-11.14 3070521A  

DI7-19A/322ZSC015A              BAM3-14.07      BA19-11.15 3070519A  

DI7-21A/322PSL141A              BAM3-06.07      BA21-12.14 3070521A  


D:\PRIME\CADUPD~1\PROJECT\L3\P7\M5\30705M4A.CAD Outputs
------------------------------
     Description                Source               Destination(s)
D322SAI-M122                    BAM4-07.26      BAM6-16.07 30705M6A  

D322SAP122                      BAM4-11.26      BAA4-16.07 30705A4A  BA53-07.07 3070553A  


D:\PRIME\CADUPD~1\PROJECT\L3\P7\M5\30705M4A.CAD Inputs
------------------------------
D322HS100A-3                    BAM4-12.07      BA57-16.26 3070557A  

D322SA1-M122                    BAM4-14.07      BAM3-08.26 30705M3A  

D322SA2-M122                    BAM4-15.07      BAM3-15.26 30705M3A  

D322SAP-M122C/D                 BAM4-06.07      BAM8-14.26 30705M8A  

D322TAH-M122A                   BAM4-00.07      BAC4-09.26 30705C4A  

D322TAH-M122B                   BAM4-01.07      BAC6-09.26 30705C6A  

DI3-1B/322AUX-M122F             BAM4-03.07      BA01-07.22 3070501A  

DI3-22A/322ZS143B               BAM4-17.07      BA22-07.14 3070522A  

DI3-5A/322AUX-M633              BAM4-10.07      BA05-06.14 3070505A  

DI4-1B/322AUX-M122G             BAM4-05.07      BA01-08.22 3070501A  

DI5-21A/322LSLL140              BAM4-08.07      BA21-10.14 3070521A  

E-STOP 322-M122                 BAM4-11.07      BAM5-09.26 30705M5A  

STATUS M131B                    BAM4-13.07      BAN6-15.26 30705N6A  


D:\PRIME\CADUPD~1\PROJECT\L3\P7\M5\30705M5A.CAD Outputs
------------------------------
     Description                Source               Destination(s)
D322AUX-M122                    BAM5-11.26      BAM7-08.04 30705M7A  BAM6-08.07 30705M6A  BAM3-17.07 30705M3A  BAA4-17.07 30705A4A  
                                                BA59-03.07 3070559A  BA58-15.07 3070558A  BA53-07.07 3070553A  

D322XS-M122                     BAM5-03.26      BAM6-05.07 30705M6A  BA57-01.07 3070557A  

E-STOP 322-M122                 BAM5-09.26      BAM4-11.07 30705M4A  


D:\PRIME\CADUPD~1\PROJECT\L3\P7\M5\30705M5A.CAD Inputs
------------------------------
DI1-6B/322AUX-M122B             BAM5-13.07      BA06-04.21 3070506A  

DI2-5B/322ES-M122               BAM5-09.07      BA05-05.22 3070505A  

DI3-5B/322AUX-M122A             BAM5-11.07      BA05-06.22 3070505A  

DI7-5B/322XS-M122A              BAM5-03.07      BA05-10.22 3070505A  

DI7-6A/322XS-M122B              BAM5-05.07      BA06-10.14 3070506A  


D:\PRIME\CADUPD~1\PROJECT\L3\P7\M5\30705M6A.CAD Outputs
------------------------------
     Description                Source               Destination(s)
322A100                         BAM6-06.26      BAU2-07.07 30705U2A  

D322FA-M122                     BAM6-09.26      BA55-07.07 3070555A  

D322M122                        BAM6-16.26      BAN4-15.07 30705N4A  

DO3-44A/322-M122 SERINE         BAM6-03.26      BA44-07.06 3070544A  

DO4-45B/322MCS-M122A            BAM6-13.26      BA45-08.21 3070545A  

DO5-45B/322MCS-M122B            BAM6-15.26      BA45-09.21 3070545A  

DO6-39B/322LE-M122              BAM6-05.26      BA39-10.18 3070539A  

DO8-37A/322MC-M122A             BAM6-08.26      BA37-13.11 3070537A  

DO8-37B/322MC-M122B             BAM6-11.26      BA37-13.20 3070537A  

INTERLOCK                       BAM6-16.26      BAN4-16.07 30705N4A  


D:\PRIME\CADUPD~1\PROJECT\L3\P7\M5\30705M6A.CAD Inputs
------------------------------
AI1-12/322IT122A                BAM6-13.07      BA12-02.19 3070512A  

AI2-12/322IT122B                BAM6-14.07      BA12-03.19 3070512A  

D322AUT-M122                    BAM6-06.07      BA58-13.26 3070558A  

D322AUX-M122                    BAM6-08.07      BAM5-11.26 30705M5A  

D322PSL141                      BAM6-07.07      BAM3-07.26 30705M3A  

D322PSL141                      BAM6-04.07      BAM3-07.26 30705M3A  

D322SAI-M122                    BAM6-16.07      BAM4-07.26 30705M4A  

D322SP-M122                     BAM6-03.07      BA58-14.26 3070558A  

D322ST-M122                     BAM6-02.07      BA58-15.26 3070558A  

D322XS-M122                     BAM6-05.07      BAM5-03.26 30705M5A  

DI7-6B/322ST-M122               BAM6-11.07      BA06-10.21 3070506A  

HOT 322-M122                    BAM6-15.07      BAM7-08.30 30705M7A  

LOAD SHEDDING                   BAM6-17.07      BA55-13.26 3070555A  


D:\PRIME\CADUPD~1\PROJECT\L3\P7\M5\30705M7A.CAD Outputs
------------------------------
     Description                Source               Destination(s)
HOT 322-M122                    BAM7-08.30      BAM6-15.07 30705M6A  


D:\PRIME\CADUPD~1\PROJECT\L3\P7\M5\30705M7A.CAD Inputs
------------------------------
D322AUX-M122                    BAM7-08.04      BAM5-11.26 30705M5A  


D:\PRIME\CADUPD~1\PROJECT\L3\P7\M5\30705M8A.CAD Outputs
------------------------------
     Description                Source               Destination(s)
D322SAP-M122C/D                 BAM8-14.26      BAM4-06.07 30705M4A  

D322XS-M122C                    BAM8-05.26      BA57-01.07 3070557A  

DO7-37A/322MC-M122C             BAM8-08.26      BA37-12.11 3070537A  


D:\PRIME\CADUPD~1\PROJECT\L3\P7\M5\30705M8A.CAD Inputs
------------------------------
D322AUT-M122C                   BAM8-06.07      BA58-03.26 3070558A  

D322SAP140                      BAM8-16.07      BAB0-03.26 30705B0A  

D322SP-M122C                    BAM8-03.07      BA58-04.26 3070558A  

D322ST-M122C                    BAM8-02.07      BA58-04.26 3070558A  

DI1-1B/322AUX-M122D             BAM8-15.07      BA01-05.22 3070501A  

DI7-1A/322AUX-M122C             BAM8-08.07      BA01-11.14 3070501A  

DI7-2A/322XS-M122C              BAM8-05.07      BA02-11.14 3070502A  


D:\PRIME\CADUPD~1\PROJECT\L3\P7\M5\30705M9A.CAD Outputs
------------------------------
     Description                Source               Destination(s)
D322XS-M122D                    BAM9-05.26      BA57-02.07 3070557A  

DO1-37B/322MC-M122D             BAM9-08.26      BA37-06.20 3070537A  


D:\PRIME\CADUPD~1\PROJECT\L3\P7\M5\30705M9A.CAD Inputs
------------------------------
D322AUT-M122D                   BAM9-06.07      BA58-06.26 3070558A  

D322SAP140                      BAM9-16.07      BAB0-03.26 30705B0A  

D322SP-M122D                    BAM9-03.07      BA58-06.26 3070558A  

D322ST-M122D                    BAM9-02.07      BA58-07.26 3070558A  

DI1-1B/322AUX-M122D             BAM9-08.07      BA01-05.22 3070501A  

DI1-2B/322XS-M122D              BAM9-05.07      BA02-05.21 3070502A  


D:\PRIME\CADUPD~1\PROJECT\L3\P7\M5\30705N0A.CAD Outputs
------------------------------
     Description                Source               Destination(s)
DO2-37B/322MC-M122E             BAN0-08.26      BA37-07.20 3070537A  


D:\PRIME\CADUPD~1\PROJECT\L3\P7\M5\30705N0A.CAD Inputs
------------------------------
DI1-22A/322TSH147               BAN0-16.07      BA22-05.14 3070522A  

DI2-1B/322AUX-M122E             BAN0-08.07      BA01-06.22 3070501A  

DI2-2B/322XS-M122E              BAN0-05.07      BA02-06.21 3070502A  

DI6-21B/322LSL145               BAN0-15.07      BA21-11.22 3070521A  


D:\PRIME\CADUPD~1\PROJECT\L3\P7\M5\30705N1A.CAD Outputs
------------------------------
     Description                Source               Destination(s)
D322XS-M122F                    BAN1-05.26      BA57-03.07 3070557A  

DO3-37B/322MC-M122F             BAN1-08.26      BA37-08.20 3070537A  


D:\PRIME\CADUPD~1\PROJECT\L3\P7\M5\30705N1A.CAD Inputs
------------------------------
D322AUT-M122F                   BAN1-06.07      BA58-08.26 3070558A  

D322SP-M122F                    BAN1-03.07      BA58-09.26 3070558A  

D322ST-M122F                    BAN1-02.07      BA58-10.26 3070558A  

DI3-1B/322AUX-M122F             BAN1-08.07      BA01-07.22 3070501A  

DI3-2B/322XS-M122F              BAN1-05.07      BA02-07.21 3070502A  


D:\PRIME\CADUPD~1\PROJECT\L3\P7\M5\30705N2A.CAD Outputs
------------------------------
     Description                Source               Destination(s)
D322XS-M122G                    BAN2-05.26      BA57-03.07 3070557A  

DO4-37B/322MC-M122G             BAN2-08.26      BA37-09.20 3070537A  


D:\PRIME\CADUPD~1\PROJECT\L3\P7\M5\30705N2A.CAD Inputs
------------------------------
D322AUT-M122G                   BAN2-06.07      BA58-11.26 3070558A  

D322SP-M122G                    BAN2-03.07      BA58-11.26 3070558A  

D322ST-M122G                    BAN2-02.07      BA58-12.26 3070558A  

DI4-1B/322AUX-M122G             BAN2-08.07      BA01-08.22 3070501A  

DI4-2B/322XS-M122G              BAN2-05.07      BA02-08.21 3070502A  


D:\PRIME\CADUPD~1\PROJECT\L3\P7\M5\30705N3A.CAD Outputs
------------------------------
     Description                Source               Destination(s)
D322SAIF-M131                   BAN3-07.26      BAN6-15.07 30705N6A  

D322SAIR-M131                   BAN3-11.26      BAN6-14.07 30705N6A  


D:\PRIME\CADUPD~1\PROJECT\L3\P7\M5\30705N3A.CAD Inputs
------------------------------
D322PC603                       BAN3-11.07      BAS0-12.26 30705S0A  

D322ST600C                      BAN3-06.07      BAH2-07.26 30705H2A  

DI1-18A/322AUXF-M601A           BAN3-03.07      BA18-06.14 3070518A  

DI2-18A/322AUXR-M601A           BAN3-05.07      BA18-07.14 3070518A  

DI5-22A/322ZS132                BAN3-08.07      BA22-09.14 3070522A  

SET FROM 322IT-M131A            BAN3-12.07      BAN5-09.26 30705N5A  


D:\PRIME\CADUPD~1\PROJECT\L3\P7\M5\30705N4A.CAD Outputs
------------------------------
     Description                Source               Destination(s)
DO5-37B/322MCF-M131             BAN4-08.26      BA37-10.20 3070537A  

DO8-38B/322MCR-M131             BAN4-13.26      BA38-12.19 3070538A  


D:\PRIME\CADUPD~1\PROJECT\L3\P7\M5\30705N4A.CAD Inputs
------------------------------
D322M122                        BAN4-15.07      BAM6-16.26 30705M6A  

DI5-1B/322AUXF-M131             BAN4-08.07      BA01-09.22 3070501A  

DI5-2B/322XS-M131               BAN4-05.07      BA02-09.21 3070502A  

DI7-5A/322AUXR-M131             BAN4-11.07      BA05-10.14 3070505A  

INTERLOCK                       BAN4-16.07      BAM6-16.26 30705M6A  


D:\PRIME\CADUPD~1\PROJECT\L3\P7\M5\30705N5A.CAD Outputs
------------------------------
     Description                Source               Destination(s)
D322XS-M131                     BAN5-03.26      BAH2-02.07 30705H2A  

DO7-39B/322MC-M131              BAN5-05.26      BA39-11.18 3070539A  

SET FROM 322IT-M131A            BAN5-09.26      BAN3-12.07 30705N3A  


D:\PRIME\CADUPD~1\PROJECT\L3\P7\M5\30705N5A.CAD Inputs
------------------------------
AI8-SL8/322IT-M131A             BAN5-08.07      BA08-09.20 3070508A  

DI1-17B/322XS-M131A             BAN5-04.07      BA17-06.22 3070517A  

DI2-17A/322TS-M131B             BAN5-08.07      BA17-06.14 3070517A  

DI5-22A/322ZS132                BAN5-07.07      BA22-09.14 3070522A  

DI6-17A/322LS-M131B             BAN5-06.07      BA17-10.14 3070517A  

STATUS M131B                    BAN5-05.07      BAN6-15.26 30705N6A  


D:\PRIME\CADUPD~1\PROJECT\L3\P7\M5\30705N6A.CAD Outputs
------------------------------
     Description                Source               Destination(s)
D322M131B                       BAN6-07.26      BAA2-07.07 30705A2A  

D322SAP-M131                    BAN6-01.26      BAA2-04.07 30705A2A  

DO3-39B/322MCF-M131B            BAN6-08.26      BAN6-01.07 30705N6A  BAH5-14.07 30705H5A  BAB7-04.07 30705B7A  BA39-07.18 3070539A  
                                                
DO4-39B/322MCR-M131B            BAN6-12.26      BA39-08.18 3070539A  

DO5-39B/322MC-M131B             BAN6-03.26      BA39-09.18 3070539A  

STATUS M131B                    BAN6-15.26      BAN5-05.07 30705N5A  BAM4-13.07 30705M4A  


D:\PRIME\CADUPD~1\PROJECT\L3\P7\M5\30705N6A.CAD Inputs
------------------------------
D322AUT-M131                    BAN6-05.07      BAH5-12.26 30705H5A  

D322SAIF-M131                   BAN6-15.07      BAN3-07.26 30705N3A  

D322SAIR-M131                   BAN6-14.07      BAN3-11.26 30705N3A  

D322SP-M131                     BAN6-02.07      BAH5-13.26 30705H5A  

D322ST-M131                     BAN6-01.07      BAH5-13.26 30705H5A  

DI2-17A/322TS-M131B             BAN6-16.07      BA17-06.14 3070517A  

DI3-17B/322AUX-M131B            BAN6-13.07      BA17-08.22 3070517A  

DI4-17A/322PS-M131B             BAN6-15.07      BA17-08.14 3070517A  

DI4-17A/322PS-M131B             BAN6-03.07      BA17-08.14 3070517A  

DI6-17A/322LS-M131B             BAN6-17.07      BA17-10.14 3070517A  

DO3-39B/322MCF-M131B            BAN6-01.07      BAN6-08.26 30705N6A  


D:\PRIME\CADUPD~1\PROJECT\L3\P7\M5\30705N7A.CAD Outputs
------------------------------
     Description                Source               Destination(s)
D322SAI-M203A                   BAN7-09.26      BAN8-17.07 30705N8A  


D:\PRIME\CADUPD~1\PROJECT\L3\P7\M5\30705N7A.CAD Inputs
------------------------------
D322SAL203                      BAN7-09.07      BAE1-13.26 30705E1A  

DI1-3A/322AUX-M205              BAN7-13.07      BA03-05.14 3070503A  

DI6-22A/322PC201A               BAN7-06.07      BA22-10.14 3070522A  

DI7-1B/322AUX-M203B             BAN7-11.07      BA01-11.22 3070501A  

DI7-22A/322PC201B               BAN7-08.07      BA22-11.14 3070522A  


D:\PRIME\CADUPD~1\PROJECT\L3\P7\M5\30705N8A.CAD Outputs
------------------------------
     Description                Source               Destination(s)
D322SAP-M203A                   BAN8-11.26      BAE1-10.07 30705E1A  

D322XS-M203A                    BAN8-05.26      BAD2-13.07 30705D2A  

DO6-37B/322MC-M203A             BAN8-08.26      BA37-11.20 3070537A  


D:\PRIME\CADUPD~1\PROJECT\L3\P7\M5\30705N8A.CAD Inputs
------------------------------
D322AUT-M203A                   BAN8-06.07      BAD8-04.26 30705D8A  

D322SAI-M203A                   BAN8-17.07      BAN7-09.26 30705N7A  

D322SP-M203A                    BAN8-03.07      BAD8-05.26 30705D8A  

D322ST-M203A                    BAN8-02.07      BAD8-05.26 30705D8A  

DI6-1B/322AUX-M203A             BAN8-08.07      BA01-10.22 3070501A  

DI6-2B/322XS-M203A              BAN8-05.07      BA02-10.21 3070502A  


D:\PRIME\CADUPD~1\PROJECT\L3\P7\M5\30705N9A.CAD Outputs
------------------------------
     Description                Source               Destination(s)
D322XS-M203B                    BAN9-05.26      BAD2-14.07 30705D2A  

DO7-37B/322MC-M203B             BAN9-08.26      BA37-12.20 3070537A  


D:\PRIME\CADUPD~1\PROJECT\L3\P7\M5\30705N9A.CAD Inputs
------------------------------
D322AUT-M203B                   BAN9-06.07      BAD8-01.26 30705D8A  

D322SP-M203B                    BAN9-03.07      BAD8-02.26 30705D8A  

D322ST-M203B                    BAN9-02.07      BAD8-03.26 30705D8A  

DI7-1B/322AUX-M203B             BAN9-08.07      BA01-11.22 3070501A  

DI7-2B/322XS-M203B              BAN9-05.07      BA02-11.21 3070502A  


D:\PRIME\CADUPD~1\PROJECT\L3\P7\M5\30705O1A.CAD Outputs
------------------------------
     Description                Source               Destination(s)
D322SAI-M205                    BAO1-08.26      BAO2-17.07 30705O2A  


D:\PRIME\CADUPD~1\PROJECT\L3\P7\M5\30705O1A.CAD Inputs
------------------------------
D322SAL205                      BAO1-08.07      BAE2-14.26 30705E2A  

DI2-22B/322PC204A               BAO1-05.07      BA22-07.22 3070522A  

DI3-22B/322PC204B               BAO1-07.07      BA22-08.22 3070522A  

DI5-22B/322XS206A               BAO1-10.07      BA22-10.22 3070522A  

DI6-22B/322XS206B               BAO1-12.07      BA22-11.22 3070522A  

DI7-14A/322AUXF-M207            BAO1-03.07      BA14-12.15 3070514A  


D:\PRIME\CADUPD~1\PROJECT\L3\P7\M5\30705O2A.CAD Outputs
------------------------------
     Description                Source               Destination(s)
D322SAP-M205                    BAO2-11.26      BAE2-11.07 30705E2A  

D322XS-M205                     BAO2-05.26      BAD3-05.07 30705D3A  

DO1-38A/322MC-M205              BAO2-08.26      BA38-05.10 3070538A  


D:\PRIME\CADUPD~1\PROJECT\L3\P7\M5\30705O2A.CAD Inputs
------------------------------
D322AUT-M205                    BAO2-06.07      BAD6-07.26 30705D6A  

D322SAI-M205                    BAO2-17.07      BAO1-08.26 30705O1A  

D322SP-M205                     BAO2-03.07      BAD6-07.26 30705D6A  

D322ST-M205                     BAO2-02.07      BAD6-08.26 30705D6A  

DI1-3A/322AUX-M205              BAO2-08.07      BA03-05.14 3070503A  

DI1-4A/322XS-M205               BAO2-05.07      BA04-05.15 3070504A  


D:\PRIME\CADUPD~1\PROJECT\L3\P7\M5\30705O3A.CAD Outputs
------------------------------
     Description                Source               Destination(s)
D322XS-M206                     BAO3-05.26      BAD3-06.07 30705D3A  

DO2-38A/322MC-M206              BAO3-08.26      BA38-06.10 3070538A  


D:\PRIME\CADUPD~1\PROJECT\L3\P7\M5\30705O3A.CAD Inputs
------------------------------
D322AUT-M206                    BAO3-06.07      BAD6-04.26 30705D6A  

D322SP-M206                     BAO3-03.07      BAD6-04.26 30705D6A  

D322ST-M206                     BAO3-02.07      BAD6-05.26 30705D6A  

DI2-3A/322AUX-M206              BAO3-08.07      BA03-06.14 3070503A  

DI2-4A/322XS-M206               BAO3-05.07      BA04-06.15 3070504A  


D:\PRIME\CADUPD~1\PROJECT\L3\P7\M5\30705O4A.CAD Outputs
------------------------------
     Description                Source               Destination(s)
D322SAP-M208                    BAO4-08.26      BAO5-16.07 30705O5A  


D:\PRIME\CADUPD~1\PROJECT\L3\P7\M5\30705O4A.CAD Inputs
------------------------------
DI3-3A/322AUX-M209              BAO4-14.07      BA03-07.14 3070503A  

DI4-6B/322AUXF-M208B            BAO4-08.07      BA06-07.21 3070506A  

DI5-6B/322AUXR-M208B            BAO4-12.07      BA06-08.21 3070506A  


D:\PRIME\CADUPD~1\PROJECT\L3\P7\M5\30705O5A.CAD Outputs
------------------------------
     Description                Source               Destination(s)
D322SAF-M207                    BAO5-07.26      BAE3-10.07 30705E3A  

D322SAR-M207                    BAO5-11.26      BAE3-10.07 30705E3A  

D322XS-M207                     BAO5-01.26      BAD3-11.07 30705D3A  

DO1-40B/322MCR-M207             BAO5-10.26      BA40-05.20 3070540A  

DO7-40A/322MCF-M207             BAO5-06.26      BA40-11.06 3070540A  


D:\PRIME\CADUPD~1\PROJECT\L3\P7\M5\30705O5A.CAD Inputs
------------------------------
D322AUT-M207                    BAO5-05.07      BAD6-01.26 30705D6A  

D322SAL207                      BAO5-17.07      BAE3-13.26 30705E3A  

D322SAP-M208                    BAO5-16.07      BAO4-08.26 30705O4A  

D322SP-M207                     BAO5-02.07      BAD6-02.26 30705D6A  

D322ST-M207                     BAO5-01.07      BAD6-02.26 30705D6A  

DI1-14B/322AUXR-M207            BAO5-09.07      BA14-06.23 3070514A  

DI6-30A/322ES-M207              BAO5-15.07      BA30-10.14 3070530A  

DI7-13A/322XS-M207              BAO5-04.07      BA13-11.15 3070513A  

DI7-14A/322AUXF-M207            BAO5-07.07      BA14-12.15 3070514A  


D:\PRIME\CADUPD~1\PROJECT\L3\P7\M5\30705O6A.CAD Outputs
------------------------------
     Description                Source               Destination(s)
D322SAP-M208A                   BAO6-06.26      BAE4-05.07 30705E4A  

DO2-40B/322MC-M208A             BAO6-11.26      BA40-06.20 3070540A  

DO3-40B/322MCS-M208A            BAO6-14.26      BA40-07.20 3070540A  

DO6-40A/322LE-M208A             BAO6-05.26      BA40-10.06 3070540A  


D:\PRIME\CADUPD~1\PROJECT\L3\P7\M5\30705O6A.CAD Inputs
------------------------------
D322TAH-M208A                   BAO6-16.07      BAE9-09.26 30705E9A  

DI2-13B/322XS-M208A             BAO6-05.07      BA13-06.23 3070513A  

DI2-14B/322AUX-M208A            BAO6-08.07      BA14-07.23 3070514A  

DI2-15A/322ES-208               BAO6-03.07      BA15-07.14 3070515A  

DI3-13B/322ST-M208A             BAO6-11.07      BA13-07.23 3070513A  

HOT 322-M208                    BAO6-15.07      BAO7-08.30 30705O7A  


D:\PRIME\CADUPD~1\PROJECT\L3\P7\M5\30705O7A.CAD Outputs
------------------------------
     Description                Source               Destination(s)
HOT 322-M208                    BAO7-08.30      BAO6-15.07 30705O6A  


D:\PRIME\CADUPD~1\PROJECT\L3\P7\M5\30705O7A.CAD Inputs
------------------------------
DI2-14B/322AUX-M208A            BAO7-08.04      BA14-07.23 3070514A  


D:\PRIME\CADUPD~1\PROJECT\L3\P7\M5\30705O8A.CAD Outputs
------------------------------
     Description                Source               Destination(s)
DO4-40B/322MCF-M208C            BAO8-12.26      BA40-08.20 3070540A  


D:\PRIME\CADUPD~1\PROJECT\L3\P7\M5\30705O8A.CAD Inputs
------------------------------
DI3-3A/322AUX-M209              BAO8-17.07      BA03-07.14 3070503A  

DI4-13B/322XS-M208B             BAO8-04.07      BA13-08.23 3070513A  

DI4-14B/322AUXF-M208B           BAO8-06.07      BA14-09.23 3070514A  

DI5-14B/322AUXR-M208B           BAO8-08.07      BA14-10.23 3070514A  


D:\PRIME\CADUPD~1\PROJECT\L3\P7\M5\30705P0A.CAD Outputs
------------------------------
     Description                Source               Destination(s)
D322MLK-M208B                   BAP0-15.26      BAP1-15.07 30705P1A  

D322SAI-M208B/C                 BAP0-04.26      BAP1-17.07 30705P1A  

D322SP-M208B                    BAP0-10.26      BAP1-01.07 30705P1A  

D322STF-M208B                   BAP0-07.26      BAP1-00.07 30705P1A  

D322STR-M208B                   BAP0-12.26      BAP1-02.07 30705P1A  


D:\PRIME\CADUPD~1\PROJECT\L3\P7\M5\30705P0A.CAD Inputs
------------------------------
D322AUT-M208B                   BAP0-00.07      BAP1-15.26 30705P1A  

D322AUT-M208B                   BAP0-13.07      BAP1-15.26 30705P1A  

D322FA-M208B                    BAP0-14.07      BAP1-14.26 30705P1A  

D322LE-M208B                    BAP0-17.07      BAP1-03.26 30705P1A  

DI2-14B/322AUX-M208A            BAP0-06.07      BA14-07.23 3070514A  

DI2-25A/322XS210                BAP0-02.07      BA25-06.14 3070525A  

DI3-3A/322AUX-M209              BAP0-04.07      BA03-07.14 3070503A  


D:\PRIME\CADUPD~1\PROJECT\L3\P7\M5\30705P1A.CAD Outputs
------------------------------
     Description                Source               Destination(s)
D322AUT-M208B                   BAP1-15.26      BAP0-13.07 30705P0A  BAP0-00.07 30705P0A  BAD3-12.07 30705D3A  

D322FA-M208B                    BAP1-14.26      BAP0-14.07 30705P0A  

D322LE-M208B                    BAP1-03.26      BAP0-17.07 30705P0A  

DO6-40B/322MCF-M208B            BAP1-06.26      BA40-10.20 3070540A  

DO6-43B/322LE-M208B             BAP1-02.26      BA43-10.21 3070543A  

DO7-40B/322MCR-M208B            BAP1-10.26      BA40-11.20 3070540A  


D:\PRIME\CADUPD~1\PROJECT\L3\P7\M5\30705P1A.CAD Inputs
------------------------------
332II-208A >70                  BAP1-03.07      BAE4-02.26 30705E4A  

D322MLK-M208B                   BAP1-15.07      BAP0-15.26 30705P0A  

D322SAI-M208B/C                 BAP1-17.07      BAP0-04.26 30705P0A  

D322SP-M208B                    BAP1-01.07      BAP0-10.26 30705P0A  

D322STF-M208B                   BAP1-00.07      BAP0-07.26 30705P0A  

D322STR-M208B                   BAP1-02.07      BAP0-12.26 30705P0A  

DI4-13B/322XS-M208B             BAP1-04.07      BA13-08.23 3070513A  

DI4-14B/322AUXF-M208B           BAP1-06.07      BA14-09.23 3070514A  

DI5-14B/322AUXR-M208B           BAP1-08.07      BA14-10.23 3070514A  

DI5-32A/322STF-M208B            BAP1-10.07      BA32-09.14 3070532A  


D:\PRIME\CADUPD~1\PROJECT\L3\P7\M5\30705P3A.CAD Outputs
------------------------------
     Description                Source               Destination(s)
DO1-41A/322MC-M208D             BAP3-08.26      BA41-05.06 3070541A  

DO7-43B/322LE-M208D             BAP3-05.26      BA43-11.21 3070543A  


D:\PRIME\CADUPD~1\PROJECT\L3\P7\M5\30705P3A.CAD Inputs
------------------------------
DI1-15A/322XS-M208D             BAP3-05.07      BA15-06.14 3070515A  

DI1-16A/322AUX-M208D            BAP3-08.07      BA16-05.14 3070516A  

DI6-32A/322SP-M208D             BAP3-14.07      BA32-10.14 3070532A  

DI7-32A/322ST-M208D             BAP3-11.07      BA32-11.14 3070532A  


D:\PRIME\CADUPD~1\PROJECT\L3\P7\M5\30705P4A.CAD Outputs
------------------------------
     Description                Source               Destination(s)
D322SAI-M209                    BAP4-09.26      BAP5-17.07 30705P5A  


D:\PRIME\CADUPD~1\PROJECT\L3\P7\M5\30705P4A.CAD Inputs
------------------------------
D322SAL209                      BAP4-08.07      BAE5-05.26 30705E5A  

DI3-25A/322PC211A               BAP4-05.07      BA25-07.14 3070525A  

DI4-25A/322PC211B               BAP4-07.07      BA25-08.14 3070525A  

DI6-25A/322XS212A               BAP4-10.07      BA25-10.14 3070525A  

DI7-25A/322XS212B               BAP4-12.07      BA25-11.14 3070525A  


D:\PRIME\CADUPD~1\PROJECT\L3\P7\M5\30705P5A.CAD Outputs
------------------------------
     Description                Source               Destination(s)
D322SAP-M209                    BAP5-11.26      BAE5-02.07 30705E5A  

DO3-38A/322MC-M209              BAP5-08.26      BA38-07.10 3070538A  


D:\PRIME\CADUPD~1\PROJECT\L3\P7\M5\30705P5A.CAD Inputs
------------------------------
D322SAI-M209                    BAP5-17.07      BAP4-09.26 30705P4A  

DI3-3A/322AUX-M209              BAP5-08.07      BA03-07.14 3070503A  

DI3-4A/322XS-M209               BAP5-05.07      BA04-07.15 3070504A  


D:\PRIME\CADUPD~1\PROJECT\L3\P7\M5\30705P6A.CAD Outputs
------------------------------
     Description                Source               Destination(s)
D322SAP-M215                    BAP6-11.26      BAE7-06.07 30705E7A  

D322XS-M215                     BAP6-05.26      BAD3-15.07 30705D3A  

DO4-38A/322MC-M215              BAP6-08.26      BA38-08.10 3070538A  


D:\PRIME\CADUPD~1\PROJECT\L3\P7\M5\30705P6A.CAD Inputs
------------------------------
D322AUT-M215                    BAP6-06.07      BAD8-15.26 30705D8A  

D322SAL215                      BAP6-15.07      BAE7-09.26 30705E7A  

D322SP-M215                     BAP6-03.07      BAD8-16.26 30705D8A  

D322ST-M215                     BAP6-02.07      BAD8-17.26 30705D8A  

DI1-25B/322PC216                BAP6-17.07      BA25-05.22 3070525A  

DI4-3A/322AUX-M215              BAP6-08.07      BA03-08.14 3070503A  

DI4-4A/322XS-M215               BAP6-05.07      BA04-08.15 3070504A  


D:\PRIME\CADUPD~1\PROJECT\L3\P7\M5\30705P7A.CAD Outputs
------------------------------
     Description                Source               Destination(s)
D322SAP-M222                    BAP7-11.26      BAE8-04.07 30705E8A  

D322XS-M222                     BAP7-05.26      BAD5-02.07 30705D5A  

DO5-38A/322MC-M222              BAP7-08.26      BA38-09.10 3070538A  


D:\PRIME\CADUPD~1\PROJECT\L3\P7\M5\30705P7A.CAD Inputs
------------------------------
D322AUT-M222                    BAP7-06.07      BAD6-12.26 30705D6A  

D322SAL222                      BAP7-17.07      BAE8-07.26 30705E8A  

D322SP-M222                     BAP7-03.07      BAD6-13.26 30705D6A  

D322ST-M222                     BAP7-02.07      BAD6-14.26 30705D6A  

DI3-5A/322AUX-M633              BAP7-16.07      BA05-06.14 3070505A  

DI5-3A/322AUX-M222              BAP7-08.07      BA03-09.14 3070503A  

DI5-4A/322XS-M222               BAP7-05.07      BA04-09.15 3070504A  


D:\PRIME\CADUPD~1\PROJECT\L3\P7\M5\30705P8A.CAD Outputs
------------------------------
     Description                Source               Destination(s)
D322XS-M223                     BAP8-05.26      BAD5-02.07 30705D5A  

DO6-38A/322MC-M223              BAP8-08.26      BA38-10.10 3070538A  


D:\PRIME\CADUPD~1\PROJECT\L3\P7\M5\30705P8A.CAD Inputs
------------------------------
D322AUT-M223                    BAP8-06.07      BAD6-15.26 30705D6A  

D322SP-M223                     BAP8-03.07      BAD6-16.26 30705D6A  

D322ST-M223                     BAP8-02.07      BAD6-16.26 30705D6A  

DI5-3A/322AUX-M222              BAP8-17.07      BA03-09.14 3070503A  

DI6-3A/322AUX-M223              BAP8-08.07      BA03-10.14 3070503A  

DI6-4A/322XS-M223               BAP8-05.07      BA04-10.15 3070504A  


D:\PRIME\CADUPD~1\PROJECT\L3\P7\M5\30705P9A.CAD Outputs
------------------------------
     Description                Source               Destination(s)
D322SAI1-M403                   BAP9-07.26      BAQ1-14.07 30705Q1A  


D:\PRIME\CADUPD~1\PROJECT\L3\P7\M5\30705P9A.CAD Inputs
------------------------------
DI1-3B/322AUX-M407              BAP9-09.07      BA03-04.22 3070503A  

DI3-16A/322AUXF-M405A           BAP9-13.07      BA16-07.14 3070516A  

DI3-26A/322ZS404A               BAP9-07.07      BA26-07.14 3070526A  

DI4-16A/322AUXR-M405A           BAP9-15.07      BA16-08.14 3070516A  

DI4-26A/322ZS404B               BAP9-11.07      BA26-08.14 3070526A  


D:\PRIME\CADUPD~1\PROJECT\L3\P7\M5\30705Q1A.CAD Outputs
------------------------------
     Description                Source               Destination(s)
D322SAI-M403                    BAQ1-07.26      BAQ2-17.07 30705Q2A  


D:\PRIME\CADUPD~1\PROJECT\L3\P7\M5\30705Q1A.CAD Inputs
------------------------------
D322SAI1-M403                   BAQ1-14.07      BAP9-07.26 30705P9A  

D322SAL403                      BAQ1-07.07      BAG2-09.26 30705G2A  

DI1-26A/322XS402B               BAQ1-11.07      BA26-05.14 3070526A  

DI2-26A/322XS402C               BAQ1-13.07      BA26-06.14 3070526A  

DI4-25B/322PC401A               BAQ1-04.07      BA25-08.22 3070525A  

DI5-25B/322PC401B               BAQ1-06.07      BA25-09.22 3070525A  

DI7-25B/322XS402A               BAQ1-09.07      BA25-11.22 3070525A  


D:\PRIME\CADUPD~1\PROJECT\L3\P7\M5\30705Q2A.CAD Outputs
------------------------------
     Description                Source               Destination(s)
D322SAP-M403                    BAQ2-11.26      BAG2-07.07 30705G2A  

D322XS-M403                     BAQ2-05.26      BAF5-06.07 30705F5A  

DO7-38A/322MC-M403              BAQ2-08.26      BA38-11.10 3070538A  


D:\PRIME\CADUPD~1\PROJECT\L3\P7\M5\30705Q2A.CAD Inputs
------------------------------
D322AUT-M403                    BAQ2-06.07      BAF8-11.26 30705F8A  

D322SAI-M403                    BAQ2-17.07      BAQ1-07.26 30705Q1A  

D322SP-M403                     BAQ2-03.07      BAF8-12.26 30705F8A  

D322ST-M403                     BAQ2-02.07      BAF8-13.26 30705F8A  

DI7-3A/322AUX-M403              BAQ2-08.07      BA03-11.14 3070503A  

DI7-4A/322XS-M403               BAQ2-05.07      BA04-11.15 3070504A  


D:\PRIME\CADUPD~1\PROJECT\L3\P7\M5\30705Q3A.CAD Outputs
------------------------------
     Description                Source               Destination(s)
D322AUX-M404                    BAQ3-06.26      BAQ4-08.07 30705Q4A  


D:\PRIME\CADUPD~1\PROJECT\L3\P7\M5\30705Q3A.CAD Inputs
------------------------------
D322FA404                       BAQ3-12.07      BAQ4-10.26 30705Q4A  

DI3-26A/322ZS404A               BAQ3-11.07      BA26-07.14 3070526A  

DI4-26A/322ZS404B               BAQ3-08.07      BA26-08.14 3070526A  

DI6-31A/322AUXF-M404            BAQ3-02.07      BA31-11.14 3070531A  

DI7-31A/322AUXR-M404            BAQ3-04.07      BA31-12.14 3070531A  


D:\PRIME\CADUPD~1\PROJECT\L3\P7\M5\30705Q4A.CAD Outputs
------------------------------
     Description                Source               Destination(s)
D322FA404                       BAQ4-10.26      BAQ3-12.07 30705Q3A  

DO6-42B/322CRC-M404             BAQ4-12.26      BA42-10.21 3070542A  

DO7-42B/322CRO-M404             BAQ4-08.26      BA42-11.21 3070542A  


D:\PRIME\CADUPD~1\PROJECT\L3\P7\M5\30705Q4A.CAD Inputs
------------------------------
D322AUX-M404                    BAQ4-08.07      BAQ3-06.26 30705Q3A  

DI3-26A/322ZS404A               BAQ4-12.07      BA26-07.14 3070526A  

DI4-26A/322ZS404B               BAQ4-15.07      BA26-08.14 3070526A  

DI6-18B/322XS-M404              BAQ4-05.07      BA18-11.22 3070518A  


D:\PRIME\CADUPD~1\PROJECT\L3\P7\M5\30705Q5A.CAD Outputs
------------------------------
     Description                Source               Destination(s)
D322SAI-M405A                   BAQ5-06.26      BAQ6-16.07 30705Q6A  


D:\PRIME\CADUPD~1\PROJECT\L3\P7\M5\30705Q5A.CAD Inputs
------------------------------
D322SAL405                      BAQ5-05.07      BAG3-05.26 30705G3A  

DI1-26B/322XS407B               BAQ5-09.07      BA26-06.23 3070526A  

DI2-26B/322XS407C               BAQ5-11.07      BA26-07.23 3070526A  

DI3-26B/322XS407D               BAQ5-13.07      BA26-08.23 3070526A  

DI5-26A/322PC406                BAQ5-04.07      BA26-09.14 3070526A  

DI7-26A/322XS407A               BAQ5-07.07      BA26-11.14 3070526A  


D:\PRIME\CADUPD~1\PROJECT\L3\P7\M5\30705Q6A.CAD Outputs
------------------------------
     Description                Source               Destination(s)
D322SAF-M405A                   BAQ6-12.26      BAG3-02.07 30705G3A  

D322SAR-M405A                   BAQ6-13.26      BAG3-02.07 30705G3A  

D322XS-M405A                    BAQ6-01.26      BAF4-03.07 30705F4A  

DO3-41A/322MCF-M405A            BAQ6-06.26      BA41-07.06 3070541A  

DO4-41A/322MCR-M405A            BAQ6-10.26      BA41-08.06 3070541A  


D:\PRIME\CADUPD~1\PROJECT\L3\P7\M5\30705Q6A.CAD Inputs
------------------------------
D322AUT-M405A                   BAQ6-11.07      BAF8-08.26 30705F8A  

D322FOR400                      BAQ6-01.07      BAF7-12.26 30705F7A  

D322REV400                      BAQ6-03.07      BAF7-13.26 30705F7A  

D322SAI-M405A                   BAQ6-16.07      BAQ5-06.26 30705Q5A  

D322SP-M405A                    BAQ6-02.07      BAF8-09.26 30705F8A  

D322ST-M405A                    BAQ6-00.07      BAF8-10.26 30705F8A  

DI3-15A/322XS-M405A             BAQ6-05.07      BA15-08.14 3070515A  

DI3-16A/322AUXF-M405A           BAQ6-07.07      BA16-07.14 3070516A  

DI4-16A/322AUXR-M405A           BAQ6-09.07      BA16-08.14 3070516A  


D:\PRIME\CADUPD~1\PROJECT\L3\P7\M5\30705Q7A.CAD Outputs
------------------------------
     Description                Source               Destination(s)
D322AUXF-M405B                  BAQ7-08.26      BAQ8-06.07 30705Q8A  

D322AUXR-M405B                  BAQ7-14.26      BAQ8-09.07 30705Q8A  

D322XS-M405B                    BAQ7-02.26      BAQ8-03.07 30705Q8A  


D:\PRIME\CADUPD~1\PROJECT\L3\P7\M5\30705Q7A.CAD Inputs
------------------------------
DI1-16B/322AUXR-M405C           BAQ7-17.07      BA16-05.22 3070516A  

DI5-15A/322XS-M405B             BAQ7-02.07      BA15-10.14 3070515A  

DI5-16A/322AUXF-M405B           BAQ7-08.07      BA16-09.14 3070516A  

DI6-16A/322AUXR-M405B           BAQ7-14.07      BA16-10.14 3070516A  

DI7-15A/322XS-M405C             BAQ7-05.07      BA15-12.14 3070515A  

DI7-16A/322AUXF-M405C           BAQ7-11.07      BA16-11.14 3070516A  


D:\PRIME\CADUPD~1\PROJECT\L3\P7\M5\30705Q8A.CAD Outputs
------------------------------
     Description                Source               Destination(s)
DO1-41B/322MCR-M405C            BAQ8-08.26      BA41-05.21 3070541A  

DO5-41A/322MCF-M405B            BAQ8-06.26      BA41-09.06 3070541A  

DO6-41A/322MCR-M405B            BAQ8-10.26      BA41-10.06 3070541A  

DO7-41A/322MCF-M405C            BAQ8-04.26      BA41-11.06 3070541A  


D:\PRIME\CADUPD~1\PROJECT\L3\P7\M5\30705Q8A.CAD Inputs
------------------------------
D322AUXF-M405B                  BAQ8-06.07      BAQ7-08.26 30705Q7A  

D322AUXR-M405B                  BAQ8-09.07      BAQ7-14.26 30705Q7A  

D322XS-M405B                    BAQ8-03.07      BAQ7-02.26 30705Q7A  

D322ZAS408A/B                   BAQ8-15.07      BAG5-09.26 30705G5A  

D322ZAS408C/D                   BAQ8-17.07      BAR5-10.26 30705R5A  


D:\PRIME\CADUPD~1\PROJECT\L3\P7\M5\30705Q9A.CAD Outputs
------------------------------
     Description                Source               Destination(s)
D322SAI-M407                    BAQ9-07.26      BAR0-17.07 30705R0A  


D:\PRIME\CADUPD~1\PROJECT\L3\P7\M5\30705Q9A.CAD Inputs
------------------------------
D322SAL407                      BAQ9-09.07      BAG4-05.26 30705G4A  

DI1-27A/322PC410A               BAQ9-06.07      BA27-05.13 3070527A  

DI2-16B/322AUXF-M408A           BAQ9-11.07      BA16-06.22 3070516A  

DI2-27A/322PC410B               BAQ9-08.07      BA27-06.13 3070527A  

DI3-16B/322AUXR-M408A           BAQ9-13.07      BA16-07.22 3070516A  

DI4-27A/322XS409A               BAQ9-02.07      BA27-08.13 3070527A  

DI5-27A/322XS409B               BAQ9-04.07      BA27-09.13 3070527A  


D:\PRIME\CADUPD~1\PROJECT\L3\P7\M5\30705R0A.CAD Outputs
------------------------------
     Description                Source               Destination(s)
D322SAP-M407                    BAR0-11.26      BAG4-02.07 30705G4A  

D322XS-M407                     BAR0-05.26      BAF4-07.07 30705F4A  

DO1-38B/322MC-M407              BAR0-08.26      BA38-05.19 3070538A  


D:\PRIME\CADUPD~1\PROJECT\L3\P7\M5\30705R0A.CAD Inputs
------------------------------
D322AUT-M407                    BAR0-06.07      BAF8-05.26 30705F8A  

D322SAI-M407                    BAR0-17.07      BAQ9-07.26 30705Q9A  

D322SP-M407                     BAR0-03.07      BAF8-06.26 30705F8A  

D322ST-M407                     BAR0-02.07      BAF8-07.26 30705F8A  

DI1-3B/322AUX-M407              BAR0-08.07      BA03-04.22 3070503A  

DI1-4B/322XS-M407               BAR0-05.07      BA04-05.22 3070504A  


D:\PRIME\CADUPD~1\PROJECT\L3\P7\M5\30705R1A.CAD Outputs
------------------------------
     Description                Source               Destination(s)
D322SAI-M408A                   BAR1-07.26      BAR2-16.07 30705R2A  


D:\PRIME\CADUPD~1\PROJECT\L3\P7\M5\30705R1A.CAD Inputs
------------------------------
D322SAL408                      BAR1-10.07      BAG5-04.26 30705G5A  

DI1-27B/322XS412A               BAR1-01.07      BA27-05.21 3070527A  

DI2-27B/322XS412B               BAR1-03.07      BA27-06.21 3070527A  

DI3-27B/322XS412C               BAR1-05.07      BA27-07.21 3070527A  

DI4-27B/322XS412D               BAR1-07.07      BA27-08.21 3070527A  

DI6-27A/322PC411                BAR1-09.07      BA27-10.13 3070527A  


D:\PRIME\CADUPD~1\PROJECT\L3\P7\M5\30705R2A.CAD Outputs
------------------------------
     Description                Source               Destination(s)
D322SAF-M408A                   BAR2-12.26      BAG5-01.07 30705G5A  

D322SAR-M408A                   BAR2-13.26      BAG5-01.07 30705G5A  

D322XS-M408A                    BAR2-01.26      BAF4-08.07 30705F4A  

DO2-41B/322MCF-M408A            BAR2-06.26      BA41-06.21 3070541A  

DO3-41B/322MCR-M408A            BAR2-10.26      BA41-07.21 3070541A  


D:\PRIME\CADUPD~1\PROJECT\L3\P7\M5\30705R2A.CAD Inputs
------------------------------
D322AUT-M408A                   BAR2-11.07      BAF8-03.26 30705F8A  

D322FOR400                      BAR2-01.07      BAF7-12.26 30705F7A  

D322REV400                      BAR2-03.07      BAF7-13.26 30705F7A  

D322SAI-M408A                   BAR2-16.07      BAR1-07.26 30705R1A  

D322SP-M408A                    BAR2-02.07      BAF8-03.26 30705F8A  

D322ST-M408A                    BAR2-00.07      BAF8-04.26 30705F8A  

DI2-15B/322XS-M408A             BAR2-05.07      BA15-07.23 3070515A  

DI2-16B/322AUXF-M408A           BAR2-07.07      BA16-06.22 3070516A  

DI3-16B/322AUXR-M408A           BAR2-09.07      BA16-07.22 3070516A  


D:\PRIME\CADUPD~1\PROJECT\L3\P7\M5\30705R3A.CAD Outputs
------------------------------
     Description                Source               Destination(s)
DO4-41B/322MCF-M408B            BAR3-06.26      BA41-08.21 3070541A  

DO5-41B/322MCR-M408B            BAR3-10.26      BA41-09.21 3070541A  

DO6-41B/322MCF-M408C            BAR3-04.26      BA41-10.21 3070541A  

DO7-41B/322MCR-M408C            BAR3-08.26      BA41-11.21 3070541A  


D:\PRIME\CADUPD~1\PROJECT\L3\P7\M5\30705R3A.CAD Inputs
------------------------------
D322AUXF-M408B                  BAR3-06.07      BAR4-08.26 30705R4A  

D322AUXR-M408B                  BAR3-09.07      BAR4-14.26 30705R4A  

D322SAP414A/B                   BAR3-15.07      BAG9-04.26 30705G9A  

D322SAP414C/D                   BAR3-17.07      BAG9-10.26 30705G9A  

D322XS-M408B                    BAR3-03.07      BAR4-02.26 30705R4A  


D:\PRIME\CADUPD~1\PROJECT\L3\P7\M5\30705R4A.CAD Outputs
------------------------------
     Description                Source               Destination(s)
D322AUXF-M408B                  BAR4-08.26      BAR3-06.07 30705R3A  

D322AUXR-M408B                  BAR4-14.26      BAR3-09.07 30705R3A  

D322XS-M408B                    BAR4-02.26      BAR3-03.07 30705R3A  


D:\PRIME\CADUPD~1\PROJECT\L3\P7\M5\30705R4A.CAD Inputs
------------------------------
DI4-15B/322XS-M408B             BAR4-02.07      BA15-09.23 3070515A  

DI4-16B/322AUXF-M408B           BAR4-08.07      BA16-08.22 3070516A  

DI5-16B/322AUXR-M408B           BAR4-14.07      BA16-09.22 3070516A  

DI6-15B/322XS-M408C             BAR4-05.07      BA15-11.23 3070515A  

DI6-16B/322AUXF-M408C           BAR4-11.07      BA16-10.22 3070516A  

DI7-16B/322AUXR-M408C           BAR4-17.07      BA16-11.22 3070516A  


D:\PRIME\CADUPD~1\PROJECT\L3\P7\M5\30705R5A.CAD Outputs
------------------------------
     Description                Source               Destination(s)
D322ZAS408C/D                   BAR5-10.26      BAQ8-17.07 30705Q8A  


D:\PRIME\CADUPD~1\PROJECT\L3\P7\M5\30705R5A.CAD Inputs
------------------------------
DI6-26B/322ZS408C               BAR5-10.07      BA26-11.23 3070526A  


D:\PRIME\CADUPD~1\PROJECT\L3\P7\M5\30705R6A.CAD Outputs
------------------------------
     Description                Source               Destination(s)
D322SAR-M601A                   BAR6-12.26      BAH6-01.07 30705H6A  

D322XS-M601A                    BAR6-01.26      BAH2-03.07 30705H2A  

DO1-42A/322MCF-M601A            BAR6-06.26      BA42-05.06 3070542A  

DO2-42A/322MCR-M601A            BAR6-10.26      BA42-06.06 3070542A  


D:\PRIME\CADUPD~1\PROJECT\L3\P7\M5\30705R6A.CAD Inputs
------------------------------
D322AUT-M601A                   BAR6-05.07      BAH5-09.26 30705H5A  

D322PC603                       BAR6-14.07      BAS0-12.26 30705S0A  

D322SAL601A                     BAR6-17.07      BAH6-04.26 30705H6A  

D322SP-M601A                    BAR6-02.07      BAH5-10.26 30705H5A  

D322ST-M601A                    BAR6-01.07      BAH5-11.26 30705H5A  

D322ST600C                      BAR6-14.07      BAH2-07.26 30705H2A  

DI1-17A/322XS-M601A             BAR6-04.07      BA17-05.14 3070517A  

DI1-18A/322AUXF-M601A           BAR6-07.07      BA18-06.14 3070518A  

DI2-18A/322AUXR-M601A           BAR6-09.07      BA18-07.14 3070518A  

DI3-18A/322AUXF-M601B           BAR6-16.07      BA18-08.14 3070518A  


D:\PRIME\CADUPD~1\PROJECT\L3\P7\M5\30705R7A.CAD Outputs
------------------------------
     Description                Source               Destination(s)
D322SAR-M601B                   BAR7-12.26      BAH6-07.07 30705H6A  

D322XS-M601B                    BAR7-04.26      BAH2-03.07 30705H2A  

DO3-42A/322MCF-M601B            BAR7-06.26      BA42-07.06 3070542A  

DO4-42A/322MCR-M601B            BAR7-10.26      BA42-08.06 3070542A  


D:\PRIME\CADUPD~1\PROJECT\L3\P7\M5\30705R7A.CAD Inputs
------------------------------
D322AUT-M601B                   BAR7-05.07      BAH5-07.26 30705H5A  

D322PC603                       BAR7-15.07      BAS0-12.26 30705S0A  

D322SAL601B                     BAR7-17.07      BAH6-10.26 30705H6A  

D322SP-M601B                    BAR7-03.07      BAH5-07.26 30705H5A  

D322ST-M601B                    BAR7-02.07      BAH5-08.26 30705H5A  

D322ST600C                      BAR7-17.07      BAH2-07.26 30705H2A  

DI3-17A/322XS-M601B             BAR7-04.07      BA17-07.14 3070517A  

DI3-18A/322AUXF-M601B           BAR7-07.07      BA18-08.14 3070518A  

DI4-18A/322AUXR-M601B           BAR7-09.07      BA18-09.14 3070518A  

DI5-18A/322AUXF-M601C           BAR7-16.07      BA18-10.14 3070518A  


D:\PRIME\CADUPD~1\PROJECT\L3\P7\M5\30705R8A.CAD Outputs
------------------------------
     Description                Source               Destination(s)
D322SAR-M601C                   BAR8-12.26      BAH6-12.07 30705H6A  

D322XS-M601C                    BAR8-01.26      BAH2-04.07 30705H2A  

DO5-42A/322MCF-M601C            BAR8-06.26      BA42-09.06 3070542A  

DO6-42A/322MCR-M601C            BAR8-10.26      BA42-10.06 3070542A  


D:\PRIME\CADUPD~1\PROJECT\L3\P7\M5\30705R8A.CAD Inputs
------------------------------
D322AUT-M601C                   BAR8-05.07      BAH5-04.26 30705H5A  

D322PC603                       BAR8-15.07      BAS0-12.26 30705S0A  

D322SAI-M601C                   BAR8-16.07      BAH7-10.26 30705H7A  

D322SAL601C                     BAR8-17.07      BAH6-15.26 30705H6A  

D322SP-M601C                    BAR8-02.07      BAH5-05.26 30705H5A  

D322ST-M601C                    BAR8-01.07      BAH5-06.26 30705H5A  

DI5-17A/322XS-M601C             BAR8-04.07      BA17-09.14 3070517A  

DI5-18A/322AUXF-M601C           BAR8-07.07      BA18-10.14 3070518A  

DI6-18A/322AUXR-M601C           BAR8-09.07      BA18-11.14 3070518A  


D:\PRIME\CADUPD~1\PROJECT\L3\P7\M5\30705R9A.CAD Outputs
------------------------------
     Description                Source               Destination(s)
DO1-42B/322MCR-M601D            BAR9-10.26      BA42-05.21 3070542A  

DO7-42A/322MCF-M601D            BAR9-06.26      BA42-11.06 3070542A  


D:\PRIME\CADUPD~1\PROJECT\L3\P7\M5\30705R9A.CAD Inputs
------------------------------
DI1-18B/322AUXR-M601D           BAR9-09.07      BA18-06.22 3070518A  

DI5-28A/322ZS602A               BAR9-15.07      BA28-09.13 3070528A  

DI6-28A/322ZS602B               BAR9-17.07      BA28-10.13 3070528A  

DI7-17A/322XS-M601D             BAR9-03.07      BA17-11.14 3070517A  

DI7-18A/322AUXF-M601D           BAR9-06.07      BA18-12.14 3070518A  


D:\PRIME\CADUPD~1\PROJECT\L3\P7\M5\30705S0A.CAD Outputs
------------------------------
     Description                Source               Destination(s)
D322PC603                       BAS0-12.26      BAR8-15.07 30705R8A  BAR7-15.07 30705R7A  BAR6-14.07 30705R6A  BAN3-11.07 30705N3A  
                                                BAH2-09.07 30705H2A  

D322SAI-M602A                   BAS0-06.26      BAS1-17.07 30705S1A  


D:\PRIME\CADUPD~1\PROJECT\L3\P7\M5\30705S0A.CAD Inputs
------------------------------
D322AUX-604                     BAS0-03.07      BAS4-02.26 30705S4A  

D322SAL600                      BAS0-06.07      BAH1-09.26 30705H1A  

DI1-28B/322PC603A               BAS0-14.07      BA28-06.21 3070528A  

DI2-28B/322XS605                BAS0-08.07      BA28-07.21 3070528A  

DI2-3B/322AUX-M602B             BAS0-01.07      BA03-05.22 3070503A  

DI4-3B/322AUX-M612              BAS0-05.07      BA03-07.22 3070503A  

DI6-28B/322LSH611               BAS0-10.07      BA28-11.21 3070528A  

DI7-28A/322ESP603B              BAS0-12.07      BA28-11.13 3070528A  


D:\PRIME\CADUPD~1\PROJECT\L3\P7\M5\30705S1A.CAD Outputs
------------------------------
     Description                Source               Destination(s)
D322SAPM602A                    BAS1-04.26      BAH1-06.07 30705H1A  

D322XS-M602A                    BAS1-01.26      BAH2-05.07 30705H2A  

DO2-42B/322MCF-M602A            BAS1-06.26      BA42-06.21 3070542A  

DO3-42B/322MCR-M602A            BAS1-10.26      BA42-07.21 3070542A  


D:\PRIME\CADUPD~1\PROJECT\L3\P7\M5\30705S1A.CAD Inputs
------------------------------
D322AUT-M602A                   BAS1-05.07      BAH5-02.26 30705H5A  

D322SAI-M602A                   BAS1-17.07      BAS0-06.26 30705S0A  

D322SP-M602A                    BAS1-02.07      BAH5-02.26 30705H5A  

D322ST-M602A                    BAS1-01.07      BAH5-03.26 30705H5A  

DI2-17B/322XS-M602A             BAS1-04.07      BA17-07.22 3070517A  

DI2-18B/322AUXF-M602A           BAS1-07.07      BA18-07.22 3070518A  

DI3-18B/322AUXR-M602A           BAS1-09.07      BA18-08.22 3070518A  


D:\PRIME\CADUPD~1\PROJECT\L3\P7\M5\30705S2A.CAD Outputs
------------------------------
     Description                Source               Destination(s)
DO2-38B/322MC-M602B             BAS2-08.26      BA38-06.19 3070538A  


D:\PRIME\CADUPD~1\PROJECT\L3\P7\M5\30705S2A.CAD Inputs
------------------------------
DI2-3B/322AUX-M602B             BAS2-08.07      BA03-05.22 3070503A  

DI2-4B/322XS-M602B              BAS2-05.07      BA04-06.22 3070504A  


D:\PRIME\CADUPD~1\PROJECT\L3\P7\M5\30705S3A.CAD Outputs
------------------------------
     Description                Source               Destination(s)
D322SAI-M604A                   BAS3-10.26      BAZ1-08.07 30705Z1A  BAS4-17.07 30705S4A  


D:\PRIME\CADUPD~1\PROJECT\L3\P7\M5\30705S3A.CAD Inputs
------------------------------
D322EV606                       BAS3-10.07      BAI3-06.26 30705I3A  

D322SAL604                      BAS3-12.07      BAH9-06.26 30705H9A  

D322TAH-M604A1                  BAS3-13.07      BAK5-15.26 30705K5A  

D322TAH-M604A2                  BAS3-14.07      BAK3-15.26 30705K3A  

DI1-32A/322PSH609               BAS3-07.07      BA32-05.14 3070532A  

DI2-32A/322AUX-M604C            BAS3-12.07      BA32-06.14 3070532A  

DI3-3B/322AUX-M604B             BAS3-09.07      BA03-06.22 3070503A  

DI6-31B/322PSL608               BAS3-05.07      BA31-11.22 3070531A  


D:\PRIME\CADUPD~1\PROJECT\L3\P7\M5\30705S4A.CAD Outputs
------------------------------
     Description                Source               Destination(s)
D322AUX-604                     BAS4-02.26      BAT5-11.07 30705T5A  BAS5-08.04 30705S5A  BAS0-03.07 30705S0A  BAH9-06.07 30705H9A  
                                                BAH2-08.07 30705H2A  BAF5-08.07 30705F5A  

D322FA-M604A                    BAS4-12.26      BA55-08.07 3070555A  

D322MC-M604A                    BAS4-06.26      BAI3-17.07 30705I3A  

D322SAP-M604A                   BAS4-11.26      BAH9-04.07 30705H9A  

DO4-42B/322MC-M604A             BAS4-08.26      BA42-08.21 3070542A  

DO4-44B/322MCS-M604A            BAS4-13.26      BA44-08.21 3070544A  

DO5-42B/322LE-M604A             BAS4-05.26      BA42-09.21 3070542A  

DO5-SL45A/322AUX-M604A          BAS4-01.26      BA45-09.08 3070545A  


D:\PRIME\CADUPD~1\PROJECT\L3\P7\M5\30705S4A.CAD Inputs
------------------------------
D322SAI-M604A                   BAS4-17.07      BAS3-10.26 30705S3A  

DI5-17B/322XS-M604A             BAS4-05.07      BA17-10.22 3070517A  

DI5-18B/322ST-M604A             BAS4-11.07      BA18-10.22 3070518A  

DI7-17B/322AUX-M604A            BAS4-08.07      BA17-12.22 3070517A  

HOT 322-M604                    BAS4-15.07      BAS5-08.30 30705S5A  

LOAD SHEDDING                   BAS4-16.07      BA55-13.26 3070555A  


D:\PRIME\CADUPD~1\PROJECT\L3\P7\M5\30705S5A.CAD Outputs
------------------------------
     Description                Source               Destination(s)
HOT 322-M604                    BAS5-08.30      BAZ1-05.07 30705Z1A  BAS4-15.07 30705S4A  


D:\PRIME\CADUPD~1\PROJECT\L3\P7\M5\30705S5A.CAD Inputs
------------------------------
D322AUX-604                     BAS5-08.04      BAS4-02.26 30705S4A  


D:\PRIME\CADUPD~1\PROJECT\L3\P7\M5\30705S7A.CAD Outputs
------------------------------
     Description                Source               Destination(s)
DO3-38B/322MC-M604B             BAS7-08.26      BA38-07.19 3070538A  


D:\PRIME\CADUPD~1\PROJECT\L3\P7\M5\30705S7A.CAD Inputs
------------------------------
DI3-3B/322AUX-M604B             BAS7-08.07      BA03-06.22 3070503A  

DI3-4B/322XS-M604B              BAS7-05.07      BA04-07.22 3070504A  


D:\PRIME\CADUPD~1\PROJECT\L3\P7\M5\30705S8A.CAD Outputs
------------------------------
     Description                Source               Destination(s)
DO5-43B/322MC-M604C             BAS8-08.26      BA43-09.21 3070543A  


D:\PRIME\CADUPD~1\PROJECT\L3\P7\M5\30705S8A.CAD Inputs
------------------------------
DI2-32A/322AUX-M604C            BAS8-08.07      BA32-06.14 3070532A  

DI3-32A/322XS-M604C             BAS8-05.07      BA32-07.14 3070532A  


D:\PRIME\CADUPD~1\PROJECT\L3\P7\M5\30705S9A.CAD Outputs
------------------------------
     Description                Source               Destination(s)
D322SAI-M612                    BAS9-12.26      BAT0-13.07 30705T0A  


D:\PRIME\CADUPD~1\PROJECT\L3\P7\M5\30705S9A.CAD Inputs
------------------------------
DI2-29A/322XS610                BAS9-14.07      BA29-06.13 3070529A  

DI5-3B/322AUX-M613A             BAS9-11.07      BA03-08.22 3070503A  

SET FROM 322IT-M612             BAS9-12.07      BAT0-15.26 30705T0A  


D:\PRIME\CADUPD~1\PROJECT\L3\P7\M5\30705T0A.CAD Outputs
------------------------------
     Description                Source               Destination(s)
D322SAP-M612                    BAT0-11.26      BAI9-06.07 30705I9A  

D322XS-M612                     BAT0-05.26      BAF5-11.07 30705F5A  

DO4-38B/322MC-M612              BAT0-08.26      BA38-08.19 3070538A  

SET FROM 322IT-M612             BAT0-15.26      BAS9-12.07 30705S9A  


D:\PRIME\CADUPD~1\PROJECT\L3\P7\M5\30705T0A.CAD Inputs
------------------------------
AI9-SL8/322IT-M612              BAT0-14.07      BA08-10.20 3070508A  

D322AUT-M612                    BAT0-06.07      BAF9-13.26 30705F9A  

D322SAI-M612                    BAT0-13.07      BAS9-12.26 30705S9A  

D322SP-M612                     BAT0-03.07      BAF9-14.26 30705F9A  

D322ST-M612                     BAT0-03.07      BAF9-15.26 30705F9A  

DI4-3B/322AUX-M612              BAT0-08.07      BA03-07.22 3070503A  

DI4-4B/322XS-M612               BAT0-05.07      BA04-08.22 3070504A  


D:\PRIME\CADUPD~1\PROJECT\L3\P7\M5\30705T1A.CAD Outputs
------------------------------
     Description                Source               Destination(s)
D322SAI-M613A                   BAT1-07.26      BAT2-17.07 30705T2A  


D:\PRIME\CADUPD~1\PROJECT\L3\P7\M5\30705T1A.CAD Inputs
------------------------------
D322TAH613A                     BAT1-13.07      BAJ0-07.26 30705J0A  

D322TAH613B                     BAT1-11.07      BAJ0-13.26 30705J0A  

DI4-5A/322AUX-M631              BAT1-09.07      BA05-07.14 3070505A  

DI5-3B/322AUX-M613A             BAT1-05.07      BA03-08.22 3070503A  

DI6-3B/322AUX-M613B             BAT1-03.07      BA03-09.22 3070503A  

DI7-3B/322AUX-M615              BAT1-07.07      BA03-10.22 3070503A  


D:\PRIME\CADUPD~1\PROJECT\L3\P7\M5\30705T2A.CAD Outputs
------------------------------
     Description                Source               Destination(s)
D322XS-M613A                    BAT2-05.26      BAF5-12.07 30705F5A  

DO6-39A/322MC-M613A             BAT2-08.26      BA39-10.10 3070539A  


D:\PRIME\CADUPD~1\PROJECT\L3\P7\M5\30705T2A.CAD Inputs
------------------------------
D322AUT-M613A                   BAT2-06.07      BAF9-11.26 30705F9A  

D322SAI-M613A                   BAT2-17.07      BAT1-07.26 30705T1A  

D322SP-M613A                    BAT2-03.07      BAF9-11.26 30705F9A  

D322ST-M613A                    BAT2-02.07      BAF9-12.26 30705F9A  

DI5-3B/322AUX-M613A             BAT2-08.07      BA03-08.22 3070503A  

DI5-4B/322XS-M613A              BAT2-05.07      BA04-09.22 3070504A  


D:\PRIME\CADUPD~1\PROJECT\L3\P7\M5\30705T3A.CAD Outputs
------------------------------
     Description                Source               Destination(s)
D322XS-M613B                    BAT3-05.26      BAF5-13.07 30705F5A  

DO6-38B/322MC-M613B             BAT3-08.26      BA38-10.19 3070538A  


D:\PRIME\CADUPD~1\PROJECT\L3\P7\M5\30705T3A.CAD Inputs
------------------------------
D322AUT-M613B                   BAT3-06.07      BAF9-08.26 30705F9A  

D322SP-M613B                    BAT3-03.07      BAF9-09.26 30705F9A  

D322ST-M613B                    BAT3-02.07      BAF9-10.26 30705F9A  

DI6-3B/322AUX-M613B             BAT3-08.07      BA03-09.22 3070503A  

DI6-4B/322XS-M613B              BAT3-05.07      BA04-10.22 3070504A  


D:\PRIME\CADUPD~1\PROJECT\L3\P7\M5\30705T4A.CAD Outputs
------------------------------
     Description                Source               Destination(s)
D322SAI-M615                    BAT4-06.26      BAT5-12.07 30705T5A  


D:\PRIME\CADUPD~1\PROJECT\L3\P7\M5\30705T4A.CAD Inputs
------------------------------
D322SAL615                      BAT4-07.07      BAJ3-09.26 30705J3A  

DI5-29A/322PC616                BAT4-06.07      BA29-09.13 3070529A  


D:\PRIME\CADUPD~1\PROJECT\L3\P7\M5\30705T5A.CAD Outputs
------------------------------
     Description                Source               Destination(s)
D322SAP-M615                    BAT5-11.26      BAJ3-06.07 30705J3A  

D322XS-M615                     BAT5-06.26      BAF6-01.07 30705F6A  

DO7-38B/322MC-M615              BAT5-08.26      BA38-11.19 3070538A  


D:\PRIME\CADUPD~1\PROJECT\L3\P7\M5\30705T5A.CAD Inputs
------------------------------
D322AUT-M615                    BAT5-06.07      BAF9-06.26 30705F9A  

D322AUX-604                     BAT5-11.07      BAS4-02.26 30705S4A  

D322SAI-M615                    BAT5-12.07      BAT4-06.26 30705T4A  

D322SP-M615                     BAT5-04.07      BAF9-06.26 30705F9A  

D322ST-M615                     BAT5-03.07      BAF9-07.26 30705F9A  

DI7-3B/322AUX-M615              BAT5-08.07      BA03-10.22 3070503A  

DI7-4B/322XS-M615               BAT5-06.07      BA04-11.22 3070504A  


D:\PRIME\CADUPD~1\PROJECT\L3\P7\M5\30705T6A.CAD Outputs
------------------------------
     Description                Source               Destination(s)
D322SAI-M631                    BAT6-07.26      BAT7-17.07 30705T7A  


D:\PRIME\CADUPD~1\PROJECT\L3\P7\M5\30705T6A.CAD Inputs
------------------------------
D322SAL631                      BAT6-07.07      BAJ6-09.26 30705J6A  

DI2-29B/322XS632A               BAT6-09.07      BA29-06.22 3070529A  

DI2-5A/322AUX-M632              BAT6-04.07      BA05-05.14 3070505A  

DI3-29B/322XS632B               BAT6-11.07      BA29-07.22 3070529A  

DI7-29A/322PC630                BAT6-06.07      BA29-11.13 3070529A  


D:\PRIME\CADUPD~1\PROJECT\L3\P7\M5\30705T7A.CAD Outputs
------------------------------
     Description                Source               Destination(s)
D322SAP-M631                    BAT7-11.26      BAJ6-06.07 30705J6A  

D322XS-M631                     BAT7-05.26      BAF6-06.07 30705F6A  

DO1-39A/322MC-M631              BAT7-08.26      BA39-05.10 3070539A  

DO3-SL45A/322AUX-M631           BAT7-04.26      BA45-07.08 3070545A  


D:\PRIME\CADUPD~1\PROJECT\L3\P7\M5\30705T7A.CAD Inputs
------------------------------
D322AUT-M631                    BAT7-06.07      BAF9-03.26 30705F9A  

D322SAI-M631                    BAT7-17.07      BAT6-07.26 30705T6A  

D322SP-M631                     BAT7-03.07      BAF9-04.26 30705F9A  

D322ST-M631                     BAT7-02.07      BAF9-04.26 30705F9A  

DI1-6A/322XS-M631               BAT7-05.07      BA06-04.14 3070506A  

DI4-5A/322AUX-M631              BAT7-08.07      BA05-07.14 3070505A  


D:\PRIME\CADUPD~1\PROJECT\L3\P7\M5\30705T8A.CAD Outputs
------------------------------
     Description                Source               Destination(s)
D322SAI-M632                    BAT8-06.26      BAT9-17.07 30705T9A  


D:\PRIME\CADUPD~1\PROJECT\L3\P7\M5\30705T8A.CAD Inputs
------------------------------
D322SAL632                      BAT8-07.07      BAJ7-09.26 30705J7A  

DI1-30A/322XS635B               BAT8-11.07      BA30-05.14 3070530A  

DI4-29B/322PC633A               BAT8-04.07      BA29-08.22 3070529A  

DI5-29B/322PC633B               BAT8-06.07      BA29-09.22 3070529A  

DI7-29B/322XS635A               BAT8-09.07      BA29-11.22 3070529A  

DI7-3A/322AUX-M403              BAT8-02.07      BA03-11.14 3070503A  


D:\PRIME\CADUPD~1\PROJECT\L3\P7\M5\30705T9A.CAD Outputs
------------------------------
     Description                Source               Destination(s)
D322SAP-M632                    BAT9-11.26      BAJ7-06.07 30705J7A  

D322XS-M632                     BAT9-05.26      BAF6-07.07 30705F6A  

DO2-39A/322MC-M632              BAT9-08.26      BA39-06.10 3070539A  


D:\PRIME\CADUPD~1\PROJECT\L3\P7\M5\30705T9A.CAD Inputs
------------------------------
D322AUT-M632                    BAT9-06.07      BAF8-14.26 30705F8A  

D322SAI-M632                    BAT9-17.07      BAT8-06.26 30705T8A  

D322SP-M632                     BAT9-03.07      BAF8-15.26 30705F8A  

D322ST-M632                     BAT9-02.07      BAF8-15.26 30705F8A  

DI2-5A/322AUX-M632              BAT9-08.07      BA05-05.14 3070505A  

DI2-6A/322XS-M632               BAT9-05.07      BA06-05.14 3070506A  


D:\PRIME\CADUPD~1\PROJECT\L3\P7\M5\30705U0A.CAD Outputs
------------------------------
     Description                Source               Destination(s)
D322SAI-M633                    BAU0-08.26      BAU1-17.07 30705U1A  


D:\PRIME\CADUPD~1\PROJECT\L3\P7\M5\30705U0A.CAD Inputs
------------------------------
DI1-3A/322AUX-M205              BAU0-03.07      BA03-05.14 3070503A  

DI2-30A/322PC637A               BAU0-05.07      BA30-06.14 3070530A  

DI3-30A/322PC637B               BAU0-07.07      BA30-07.14 3070530A  

DI4-30A/322PC637C               BAU0-09.07      BA30-08.14 3070530A  


D:\PRIME\CADUPD~1\PROJECT\L3\P7\M5\30705U1A.CAD Outputs
------------------------------
     Description                Source               Destination(s)
D322SAP-M633                    BAU1-11.26      BAJ9-03.07 30705J9A  

D322XS-M633                     BAU1-05.26      BAD5-03.07 30705D5A  

DO3-39A/322MC-M633              BAU1-08.26      BA39-07.10 3070539A  

DO4-SL45A/322AUX-M633           BAU1-04.26      BA45-08.08 3070545A  


D:\PRIME\CADUPD~1\PROJECT\L3\P7\M5\30705U1A.CAD Inputs
------------------------------
D322AUT-M633                    BAU1-06.07      BAD6-09.26 30705D6A  

D322SAI-M633                    BAU1-17.07      BAU0-08.26 30705U0A  

D322SP-M633                     BAU1-03.07      BAD6-10.26 30705D6A  

D322ST-M633                     BAU1-02.07      BAD6-11.26 30705D6A  

DI3-5A/322AUX-M633              BAU1-08.07      BA05-06.14 3070505A  

DI3-6A/322XS-M633               BAU1-05.07      BA06-06.14 3070506A  


D:\PRIME\CADUPD~1\PROJECT\L3\P7\M5\30705U2A.CAD Outputs
------------------------------
     Description                Source               Destination(s)
DO1-39B/322MC-M100              BAU2-08.26      BA39-05.18 3070539A  


D:\PRIME\CADUPD~1\PROJECT\L3\P7\M5\30705U2A.CAD Inputs
------------------------------
322A100                         BAU2-07.07      BAM6-06.26 30705M6A  

DI1-5B/322AUX-M100              BAU2-08.07      BA05-04.22 3070505A  


D:\PRIME\CADUPD~1\PROJECT\L3\P7\M5\30705U3A.CAD Outputs
------------------------------
     Description                Source               Destination(s)
DO2-44A/322MC-M634              BAU3-08.26      BA44-06.06 3070544A  


D:\PRIME\CADUPD~1\PROJECT\L3\P7\M5\30705U3A.CAD Inputs
------------------------------
AI4-SL8/322IT-M634              BAU3-14.07      BA08-06.20 3070508A  

DI4-6A/322AUX-M634              BAU3-08.07      BA06-07.14 3070506A  

DI5-31A/322ZSC139               BAU3-04.07      BA31-10.14 3070531A  

DI5-6A/322XS-M634               BAU3-06.07      BA06-08.14 3070506A  


D:\PRIME\CADUPD~1\PROJECT\L3\P7\M5\30705Z1A.CAD Outputs
------------------------------
     Description                Source               Destination(s)

D:\PRIME\CADUPD~1\PROJECT\L3\P7\M5\30705Z1A.CAD Inputs
------------------------------
D322SAI-M604A                   BAZ1-08.07      BAS3-10.26 30705S3A  

DI7-17B/322AUX-M604A            BAZ1-09.07      BA17-12.22 3070517A  

DI7-6A/322XS-M122B              BAZ1-10.07      BA06-10.14 3070506A  

HOT 322-M604                    BAZ1-05.07      BAS5-08.30 30705S5A  

LOAD SHEDDING                   BAZ1-06.07      BA55-13.26 3070555A  


D:\PRIME\CADUPD~1\PROJECT\L3\P7\M5\30705Z2A.CAD Outputs
------------------------------
     Description                Source               Destination(s)
321WI-004...                    BAZ2-04.26      BAK7-06.07 30705K7A  


D:\PRIME\CADUPD~1\PROJECT\L3\P7\M5\30705Z2A.CAD Inputs
------------------------------
CAPTURE0705                     BAZ2-08.07      BA00-14.26 3070500A  

RESET0705                       BAZ2-06.07      BA00-13.26 3070500A  

