file,bytes,sha1,sheetId,title,records,decodedRecords,unknownRecords,recordBytes,residualBytes,unresolvedFields,engineeringObjects,functionBlocks,junctions,ioObjects,deviceTags,loopTags,irefs,orefs,connections,danglingWires,descriptions,parameters,specEntries,fcDecoded,unresolvedXrefs,trailerClean,warnings,coverage
2030500C.CAD,4081,0ae909c377f7,2030500,PLANT LOOP,98,98,0,2644,0,40,100,10,1,0,2,2,0,2,14,0,71,57,8,7,0,true,4,1
2030504C.CAD,2296,01b60a1e919d,2030504,DIGITAL INPUT SLAVE,54,54,0,1974,0,17,81,16,0,14,14,14,0,14,14,0,23,20,2,2,0,true,2,1
2030508C.CAD,2116,6ff30e53cf43,2030508,DIGITAL INPUT SLAVE,50,50,0,1794,0,15,73,14,0,12,12,12,0,12,12,0,23,18,2,2,0,true,2,1
2030510C.CAD,2239,df58852a0897,2030510,DIGITAL INPUT SLAVE,52,52,0,1918,0,15,79,16,0,14,14,14,0,14,14,0,21,14,2,2,5,true,2,1
2030512C.CAD,2240,62208f583084,2030512,DIGITAL INPUT SLAVE,52,52,0,1918,0,15,79,16,0,14,14,14,0,14,14,0,21,16,2,2,4,true,2,1
2030519C.CAD,2240,263c00000e98,2030519,DIGITAL INPUT SLAVE,52,52,0,1918,0,15,79,16,0,14,14,14,0,14,14,0,21,18,2,2,2,true,2,1
2030520C.CAD,2268,0f2f2cd8ba4c,2030520,DIGITAL INPUT SLAVE,53,53,0,1946,0,16,80,16,0,14,14,14,0,14,14,0,22,19,2,2,1,true,2,1
2030541C.CAD,4152,9f4970add514,2030541,NOT USED,107,107,0,3644,0,35,136,21,2,15,15,15,0,15,22,0,61,41,3,3,1,true,2,1
2030542C.CAD,3623,76f38826f3e3,2030542,NOT USED,86,86,0,3060,0,35,115,21,2,15,15,15,0,15,22,0,40,43,3,3,2,true,2,1
2030543C.CAD,3260,e499286cff10,2030543,NOT USED,75,75,0,2752,0,24,104,21,2,15,15,15,0,15,22,0,29,43,3,3,2,true,2,1
2030544C.CAD,3372,a681eff994f2,2030544,NOT USED,79,79,0,2864,0,28,108,21,2,15,15,15,0,15,22,0,33,42,3,3,0,true,2,1
2030545C.CAD,3567,7abfb555cf6b,2030545,NOT USED,83,83,0,2976,0,31,112,21,2,15,15,15,0,15,22,0,37,42,3,3,0,true,2,1
2030546C.CAD,3316,571537ee4f7c,2030546,NOT USED,77,77,0,2808,0,26,106,21,2,15,15,15,0,15,22,0,31,44,3,3,0,true,2,1
2030547C.CAD,3232,120fb25d2a7b,2030547,NOT USED,74,74,0,2724,0,23,103,21,2,15,15,15,0,15,22,0,28,43,3,3,0,true,2,1
2030570C.CAD,3882,30bc496afa71,2030570,DESIGN DATA,107,107,0,3262,0,32,116,26,6,2,5,5,5,1,23,0,50,76,15,15,0,true,4,1
2030572C.CAD,6427,510a3f96c49f,2030572,DESIGN DATA,184,184,0,5406,0,76,199,48,12,2,9,9,4,4,61,0,61,171,34,33,1,true,4,1
2030577C.CAD,5763,362ae7362d73,2030577,XMTR SELECT,158,158,0,4690,0,53,165,44,9,3,4,4,4,1,38,0,65,173,28,28,0,true,4,1
2030578C.CAD,4404,bcee9b45c30e,2030578,DRUM LEVEL CONTROL,119,119,0,3828,0,38,141,25,11,2,12,12,7,5,31,0,50,68,9,9,0,true,4,1
20305A5C.CAD,4053,aaf8f53e695a,20305A5,FINAL STEAM TEMPERATURE,113,113,0,3442,0,36,131,30,8,2,10,10,5,5,35,0,38,75,17,17,0,true,2,1
20305D9C.CAD,1483,72b02df28f1b,20305D9,PHOSPHATE TANK LEVEL,37,37,0,1148,0,7,39,5,1,1,2,2,1,1,2,0,27,4,1,1,0,true,3,1
20305E1C.CAD,1675,b759909254bb,20305E1,HYDRAZINE TANK LEVEL,45,45,0,1340,0,8,47,5,1,1,2,2,1,1,2,0,35,4,1,1,0,true,3,1
20305E2C.CAD,1530,95a6b4c92cc2,20305E2,SODIUM HYDROXIDE LEVEL,40,40,0,1222,0,5,42,5,1,1,2,2,1,1,3,0,29,4,1,1,0,true,2,1
20305J5C.CAD,4661,6e5898050408,20305J5,DESIGN DATA,129,129,0,3928,0,42,139,33,7,3,6,6,5,1,30,0,57,106,18,18,0,true,4,1
20305K5C.CAD,4641,195b54b3c781,20305K5,DESIGN DATA,128,128,0,3908,0,42,138,33,7,3,6,6,5,1,30,0,56,106,18,18,0,true,4,1
20305P7C.CAD,2263,c37eb698f3d1,20305P7,NO.2 TURBINE GENERATOR,58,58,0,1826,0,16,64,12,3,1,4,4,3,1,11,0,30,32,6,6,0,true,4,1
20305S4C.CAD,4969,6f15f44c465d,20305S4,EXT.1 AUTO CLOSE,138,138,0,4418,0,47,154,36,8,4,8,8,6,4,33,0,59,66,17,17,0,true,4,1
1020200A.CAD,442,a943fdd3525d,1020200A,,4,4,0,114,0,0,4,2,0,0,0,0,0,0,0,0,2,6,1,1,0,true,0,1
1030200A.CAD,398,0ce6c7b0e214,1030200A,,2,2,0,70,0,0,2,2,0,0,0,0,0,0,0,0,0,6,1,1,0,true,0,1
2121000A.CAD,3966,796075126819,2121000,PLANT LOOP,127,127,0,3416,0,42,129,11,2,0,2,2,0,2,17,0,95,60,9,8,0,true,3,1
2121001A.CAD,3419,e441ba9342e1,2121001,DIGITAL OUTPUT SLAVE,74,74,0,2502,0,16,103,17,0,15,15,15,15,0,15,0,41,23,2,2,0,true,2,1
2121002A.CAD,3419,8774a1e3e563,2121002,DIGITAL OUTPUT SLAVE,77,77,0,2618,0,17,108,18,0,16,16,16,16,0,16,0,42,24,2,2,0,true,2,1
2121003A.CAD,3419,387d0e47768c,2121003,DIGITAL OUTPUT SLAVE,77,77,0,2620,0,17,108,18,0,16,16,16,16,0,16,0,42,24,2,2,0,true,2,1
2121004A.CAD,3419,d526617784ec,2121004,DIGITAL OUTPUT SLAVE,77,77,0,2620,0,17,108,18,0,16,16,16,16,0,16,0,42,24,2,2,0,true,2,1
2121005A.CAD,3419,53e5b6f3b7b3,2121005,DIGITAL OUTPUT SLAVE,77,77,0,2618,0,17,108,18,0,16,16,16,16,0,16,0,42,24,2,2,0,true,2,1
2121006A.CAD,5581,37b1176fbfb6,2121006,NOT USED,122,122,0,4308,0,42,177,34,1,14,28,28,28,0,37,0,49,62,2,2,0,true,2,1
2121007A.CAD,4019,fbd96c2d265c,2121007,NOT USED,90,90,0,3054,0,31,122,23,0,8,16,16,17,0,26,0,40,49,2,2,0,true,2,1
2121008A.CAD,3863,cfc8627d2aad,2121008,NOT USED,81,81,0,2908,0,25,110,21,2,15,15,15,0,15,20,0,37,42,3,3,0,true,3,1
2121009A.CAD,3887,0ec21b3a881d,2121009,NOT USED,83,83,0,2960,0,28,112,21,2,15,15,15,0,15,20,0,39,41,3,3,1,true,3,1
2121010A.CAD,3723,58ecec655528,2121010,NOT USED,77,77,0,2796,0,24,106,21,2,15,15,15,0,15,20,0,33,42,3,3,0,true,2,1
2121016A.CAD,3575,8e2877df719c,2121016,DIGITAL INPUT SLAVE,84,84,0,2736,0,24,111,19,0,14,14,14,0,14,17,0,47,31,5,5,1,true,3,1
2121017A.CAD,3463,974ac8e5d381,2121017,DIGITAL INPUT SLAVE,80,80,0,2624,0,25,107,19,0,14,14,14,0,14,17,0,43,32,5,5,0,true,3,1
2121018A.CAD,3575,8e1e5678d97d,2121018,DIGITAL INPUT SLAVE,80,80,0,2644,0,27,107,19,0,14,14,14,0,14,17,0,43,32,5,5,0,true,3,1
2121019A.CAD,3575,7ea0aabd0d3c,2121019,DIGITAL INPUT SLAVE,82,82,0,2694,0,28,109,18,0,14,14,14,0,14,16,0,47,28,4,4,0,true,3,1
2121020A.CAD,3855,61da04302d8e,2121020,DIGITAL INPUT SLAVE,86,86,0,2834,0,34,113,16,0,14,14,14,0,14,14,0,55,20,2,2,0,true,3,1
2121021A.CAD,2903,62de6be1435f,2121021,DIGITAL INPUT SLAVE,61,61,0,2134,0,19,88,16,0,14,14,14,0,14,14,0,30,18,2,2,2,true,3,1
2121022A.CAD,2594,e355d78365d2,2121022,DIGITAL INPUT SLAVE,64,64,0,2272,0,18,91,16,0,14,14,14,0,14,14,0,33,18,2,2,2,true,2,1
2121023A.CAD,3127,703f0fa5c489,2121023,DIGITAL INPUT SLAVE,69,69,0,2360,0,23,96,16,0,14,14,14,0,14,14,0,38,19,2,2,1,true,3,1
2121024A.CAD,2532,ba745c134629,2121024,DIGITAL INPUT SLAVE,65,65,0,2210,0,21,90,15,0,13,13,13,0,13,13,0,36,19,2,2,0,true,2,1
2121025A.CAD,2875,dfab5efc255d,2121025,DIGITAL INPUT SLAVE,58,58,0,2076,0,18,85,16,0,14,14,14,0,14,14,0,27,18,2,2,2,true,3,1
2121026A.CAD,3099,e66adcaa4ea2,2121026,DIGITAL INPUT SLAVE,62,62,0,2188,0,22,89,16,0,14,14,14,0,14,14,0,31,19,2,2,1,true,3,1
2121027A.CAD,2568,75289d453327,2121027,DIGITAL INPUT SLAVE,65,65,0,2246,0,22,92,16,0,14,14,14,0,14,14,0,34,19,2,2,1,true,2,1
2121028A.CAD,2819,7cd16e65b459,2121028,DIGITAL INPUT SLAVE,55,55,0,1996,0,15,82,16,0,14,14,14,0,14,14,0,24,18,2,2,2,true,2,1
2121029A.CAD,2372,470842445f93,2121029,DIGITAL INPUT SLAVE,58,58,0,2050,0,15,85,16,0,14,14,14,0,14,14,0,27,16,2,2,4,true,2,1
2121030A.CAD,3191,d7e5149579c6,2121030A,DIGITAL OUTPUT SLAVE,61,61,0,2202,0,17,92,18,0,16,16,16,16,0,16,0,26,24,2,2,0,true,2,1
2121031A.CAD,2868,aa41900586f0,2121031,DIGITAL OUTPUT SLAVE,73,73,0,2514,0,16,104,18,0,16,16,16,16,0,16,0,38,24,2,2,0,true,1,1
2121035A.CAD,3344,68beed40c1e1,2121035A,NOT USED,78,78,0,2836,0,24,107,21,2,15,15,15,0,15,20,0,34,42,3,3,2,true,2,1
2121036A.CAD,3371,141f3352f07b,2121036,NOT USED,62,62,0,1978,0,15,75,11,1,7,7,7,7,0,10,0,39,18,1,1,0,true,3,1
2121037A.CAD,3201,6c3961aaef16,2121037,MILL EXPANSION,66,66,0,2354,0,21,97,18,2,14,16,16,0,16,16,0,29,18,2,2,4,true,3,1
2121038A.CAD,2650,0a91ae498f35,2121038,MILL EXPANSION,65,65,0,2328,0,22,96,18,2,14,16,16,0,16,18,0,26,22,2,2,0,true,2,1
2121039A.CAD,3301,7f0982429951,2121039,MILL EXPANSION,70,70,0,2466,0,23,101,18,2,14,16,16,0,16,16,0,33,20,2,2,2,true,3,1
2121040A.CAD,3211,6e630aa80257,2121040,MILL EXPANSION,67,67,0,2382,0,21,98,18,2,14,16,16,0,16,16,0,30,21,2,2,1,true,3,1
2121041A.CAD,3053,2213610a396d,2121041,MILL EXPANSION,64,64,0,2208,0,15,91,16,0,12,14,14,12,2,14,0,33,22,2,2,0,true,2,1
2121042A.CAD,2143,da44ffd129d0,2121042,MILL EXPANSION,48,48,0,1566,0,9,63,10,0,6,8,8,6,2,8,0,29,16,2,2,0,true,2,1
2121044A.CAD,3306,37a3f2500c3d,2121044,NOT USED,78,78,0,2798,0,22,107,21,2,15,15,15,0,15,22,0,32,34,3,3,4,true,1,1
2121050A.CAD,3060,d04dbc33de56,2121050,BURNER SYSTEM MODULE BUS I/O,63,63,0,2706,0,16,90,11,0,7,19,16,0,9,9,0,42,9,2,0,0,true,3,1
2121051A.CAD,3171,ec04f244ef28,2121051,NO. 2 POWER BOILER,66,66,0,2304,0,15,90,15,0,1,13,13,13,0,14,0,35,42,2,2,0,true,2,1
2121059A.CAD,1702,9cb40bdbc4f7,2121059,MILL EXPANSION,49,49,0,1386,0,4,51,6,1,1,2,2,1,1,4,0,36,7,2,2,0,true,1,1
2121060A.CAD,1710,542a8f331b5c,2121060,MILL EXPANSION,45,45,0,1376,0,4,47,10,0,2,2,2,2,0,4,0,29,12,4,4,0,true,1,1
2121061A.CAD,1982,e3c6eb8e2e28,2121061,MILL EXPANSION,53,53,0,1584,0,7,55,11,2,2,2,2,2,0,7,0,31,23,5,5,0,true,1,1
2121062A.CAD,2250,e2da1186199f,2121062A,MILL EXPANSION,60,60,0,1898,0,6,64,15,0,3,3,3,3,0,6,0,37,15,6,6,0,true,1,1
2121063A.CAD,2654,49f15088821e,2121063,MILL EXPANSION,70,70,0,2228,0,10,80,20,0,4,6,6,4,2,10,0,38,34,8,8,0,true,1,1
2121064A.CAD,2274,d9a9d9ca6204,2121064,MILL EXPANSION,63,63,0,1922,0,6,67,15,0,3,3,3,3,0,6,0,40,15,6,6,0,true,1,1
2121065A.CAD,1636,0c859f500b43,2121065,MILL EXPANSION,45,45,0,1320,0,4,47,6,1,1,2,2,1,1,4,0,32,7,2,2,0,true,1,1
2121066A.CAD,3798,e6015a7f0061,2121066,MILL EXPANSION,102,102,0,3308,0,15,118,30,0,6,9,9,6,3,15,0,55,51,12,12,0,true,1,1
2121067A.CAD,3778,9d6a123fe67c,2121067,MILL EXPANSION,102,102,0,3288,0,15,118,30,0,6,9,9,6,3,15,0,55,51,12,12,0,true,1,1
2121069A.CAD,1412,867b62402c78,2121069,DRUM PRESSURE SWITCH,38,38,0,1104,0,1,38,4,0,1,1,1,1,0,1,0,31,3,1,1,0,true,1,1
2121070A.CAD,2154,22ebf9daff15,2121070,DRUM LEVEL SWITCH,59,59,0,1802,0,12,67,12,3,2,5,5,2,3,12,0,30,17,5,5,0,true,1,1
2121071A.CAD,2496,4bdc8963dd01,2121071,MILL EXPANSION,67,67,0,1998,0,18,71,13,4,3,3,3,1,2,17,0,31,40,5,5,0,true,2,1
2121072A.CAD,2454,b02bb9a7206b,2121072,MILL EXPANSION,68,68,0,2064,0,16,78,14,4,1,6,6,1,5,16,0,32,27,6,6,1,true,1,1
2121074A.CAD,5274,e5b467342e1a,2121074,OIL MASTER CONTROL,158,158,0,4598,0,61,179,36,12,0,11,11,9,3,57,0,51,95,20,20,0,true,2,1
2121075A.CAD,1450,7f0fe2a9158f,2121075,FURNACE PRESSURE SWITCH,39,39,0,1142,0,1,39,4,0,1,1,1,1,0,1,0,32,3,1,1,0,true,1,1
2121076A.CAD,1414,07a69832b65b,2121076,INSTRUMENT AIR PRESSURE,38,38,0,1106,0,1,38,4,0,1,1,1,1,0,1,0,31,3,1,1,0,true,1,1
2121077A.CAD,1194,5774919067ad,2121077,MILL EXPANSION,30,30,0,866,0,1,30,3,0,1,1,1,1,0,1,0,24,7,1,1,0,true,1,1
2121078A.CAD,1252,9d758b037485,2121078,MILL EXPANSION,33,33,0,924,0,1,33,3,0,1,1,1,1,0,1,0,27,7,1,1,0,true,1,1
2121079A.CAD,1174,eb329078eeaf,2121079,MILL EXPANSION,29,29,0,846,0,1,29,3,0,1,1,1,1,0,1,0,23,7,1,1,0,true,1,1
2121080A.CAD,3756,1b71fb898f24,2121080,MILL EXPANSION,104,104,0,3104,0,36,118,28,7,3,8,8,6,2,35,0,32,90,18,18,0,true,2,1
2121081A.CAD,3088,b85c5df38669,2121081,MILL EXPANSION,86,86,0,2520,0,25,96,20,5,1,6,6,5,1,24,0,35,64,12,12,0,true,2,1
2121082A.CAD,2992,d5374ee51c4b,2121082,MILL EXPANSION,80,80,0,2420,0,22,90,20,5,2,6,6,4,2,22,0,31,63,12,12,0,true,1,1
2121083A.CAD,3738,798d09b462d4,2121083,MILL EXPANSION,105,105,0,3096,0,34,115,28,5,1,6,6,4,2,33,0,37,89,20,20,0,true,2,1
2121084A.CAD,1350,d61e986c1734,2121084,MILL EXPANSION,34,34,0,1022,0,3,36,4,1,1,2,2,1,1,3,0,24,8,1,1,0,true,1,1
2121085A.CAD,2844,2c73c83b7f69,2121085,MILL EXPANSION,76,76,0,2294,0,20,86,18,3,1,6,6,5,1,19,0,34,58,10,10,1,true,2,1
2121086A.CAD,2340,33c72b212f92,2121086,MILL EXPANSION,63,63,0,1870,0,18,70,12,3,0,5,5,3,1,15,0,31,37,7,6,0,true,4,1
2121087A.CAD,2034,59cc85b1d826,2121087,MILL EXPANSION,55,55,0,1594,0,13,59,10,3,1,3,3,3,0,12,0,28,31,5,5,0,true,2,1
2121098A.CAD,5114,730a33e41b54,2121098,START UP BNR PRESSURE CONTROL,150,150,0,4400,0,56,160,37,12,4,6,6,4,2,55,0,44,93,24,24,0,true,2,1
2121099A.CAD,5210,4a0953394a71,2121099,LOAD BNR PRESSURE CONTROL,154,154,0,4496,0,56,164,37,12,4,6,6,4,2,55,0,48,93,24,24,0,true,2,1
21210A1A.CAD,3136,714b97ccccdb,21210A1,START UP BNR OIL FLOW,85,85,0,2608,0,23,94,21,6,2,5,5,5,1,22,0,34,56,10,10,0,true,2,1
21210A2A.CAD,2566,9a6f0988b536,21210A2,LOAD BNR OIL FLOW,71,71,0,2092,0,19,77,15,5,1,4,4,2,2,17,0,32,43,9,9,0,true,2,1
21210A3A.CAD,2736,30cd82511f80,21210A3,OIL FLOW TOTALIZER,77,77,0,2236,0,22,83,14,5,0,4,4,3,1,21,0,35,46,9,9,0,true,2,1
21210A4A.CAD,4004,395fd2ae55bb,21210A4,LOAD BURNERS OIL FLOW CONTROL,110,110,0,3472,0,39,134,23,5,0,13,13,9,4,33,0,47,59,9,9,0,true,3,1
21210A5A.CAD,2610,840f80e47ef6,21210A5,MILL EXPANSION,61,61,0,2234,0,9,73,22,0,6,7,7,6,1,9,0,28,24,3,3,0,true,1,1
21210A6A.CAD,2024,bc7ce1f12373,21210A6,FUEL OIL TANK LEVEL,53,53,0,1600,0,12,57,8,3,2,3,3,2,1,12,0,28,26,2,2,0,true,1,1
21210A7A.CAD,4510,d20a64467ba8,21210A7,EMER. TRIP & FIRE FUSES OK,129,129,0,4064,0,42,141,29,8,6,7,7,1,6,27,0,63,41,9,9,0,true,3,1
21210A8A.CAD,2760,07821754e775,21210A8,BOILER MAIN SAFETY SYSTEM,71,71,0,2452,0,11,83,20,4,6,7,7,1,6,11,0,34,9,1,1,0,true,1,1
21210A9A.CAD,2418,24535f7eb0b2,21210A9,NO. 2 POWER BOILER,60,60,0,2094,0,6,70,17,0,5,6,6,5,1,6,0,35,9,1,1,0,true,1,1
21210B0A.CAD,2672,ee8e4fc1d359,21210B0,NO. 2 POWER BOILER,69,69,0,2338,0,9,79,18,1,5,6,6,5,1,8,0,40,12,2,2,0,true,2,1
21210B1A.CAD,3848,5e49a727c541,21210B1,PURGE COMPLETE,101,101,0,3464,0,25,124,28,6,6,13,13,5,7,24,0,41,27,6,5,0,true,2,1
21210B2A.CAD,2903,8aaf783ec1b8,21210B2,OIL BURNER INTERLOCKS,63,63,0,2302,0,21,75,20,4,6,7,7,1,6,7,0,30,10,1,1,0,true,2,1
21210B3A.CAD,4166,298d9920366f,21210B3,START BNR NO. 1 INTERFACE,116,116,0,3678,0,34,128,33,8,6,7,7,3,4,34,0,39,47,13,13,0,true,1,1
21210B4A.CAD,4164,746a3c82da68,21210B4,START UP BURNER 1 CONTROL,117,117,0,3596,0,35,129,31,7,5,7,7,6,1,34,0,43,63,14,14,0,true,2,1
21210B5A.CAD,4122,bc2470ef8980,21210B5,START BNR NO. 2 INTERFACE,114,114,0,3634,0,33,126,33,7,6,7,7,3,4,33,0,39,47,13,13,0,true,1,1
21210B6A.CAD,4270,9889ee33b216,21210B6,START UP BURNER 2 CONTROL,121,121,0,3702,0,35,133,31,7,5,7,7,6,1,34,0,47,63,14,14,0,true,2,1
21210B7A.CAD,4357,b218fef9d000,21210B7,START BNR NO. 3 INTERFACE,108,108,0,3564,0,40,120,33,8,6,7,7,3,4,26,0,39,47,13,13,0,true,2,1
21210B8A.CAD,4407,b1c8d4d944c1,21210B8,START UP BURNER 3 CONTROL,109,109,0,3486,0,39,121,31,7,5,7,7,6,1,27,0,42,63,14,14,0,true,3,1
21210B9A.CAD,4363,a09b2512a019,21210B9,START BNR NO. 4 INTERFACE,108,108,0,3570,0,40,120,33,8,6,7,7,3,4,26,0,39,47,13,13,0,true,2,1
21210C0A.CAD,4086,d416661cfc6c,21210C0,START UP BURNER 4 CONTROL,114,114,0,3518,0,35,126,31,7,5,7,7,6,1,34,0,40,63,14,14,0,true,2,1
21210C1A.CAD,4064,28a9b7cbe5d9,21210C1,START BNR NO. 5 INTERFACE,112,112,0,3576,0,33,124,33,7,6,7,7,3,4,33,0,37,47,13,13,0,true,1,1
21210C2A.CAD,4134,97092705a4f0,21210C2,START UP BURNER 5 CONTROL,116,116,0,3566,0,35,128,31,7,5,7,7,6,1,34,0,42,63,14,14,0,true,2,1
21210C3A.CAD,6516,b21e515d912d,21210C3,BED TEMP.,184,184,0,5798,0,66,213,55,13,6,17,17,10,4,62,0,52,100,34,31,0,true,3,1
21210C4A.CAD,3228,22304717aed2,21210C4,BOILER MAIN SAFETY SYSTEM,89,89,0,2802,0,28,99,20,6,3,6,6,1,5,23,0,38,30,7,7,3,true,3,1
21210C5A.CAD,3304,f4280cddf22c,21210C5,BOILER PURGE,96,96,0,2846,0,34,109,21,7,2,8,8,5,2,31,0,35,43,14,13,0,true,3,1
21210C6A.CAD,3636,27c8d0e466f0,21210C6,BOILER PURGE,104,104,0,3078,0,39,114,27,5,0,5,5,6,1,36,0,34,61,18,18,0,true,3,1
21210C7A.CAD,7374,dd0447d28b8b,21210C7,NO. 2 POWER BOILER,229,229,0,6576,0,87,250,65,20,6,12,12,10,1,86,0,56,126,46,45,0,true,2,1
21210C8A.CAD,4596,7ef405198f5d,21210C8,FLUE GAS PATH,139,139,0,4046,0,46,153,36,10,2,8,8,8,0,46,0,45,68,24,24,0,true,1,1
21210C9A.CAD,2312,e6f2f7aa345a,21210C9,START UP BNR OIL TEMP. CONTROL,62,62,0,1846,0,16,66,10,5,2,3,3,2,1,16,0,29,35,4,4,0,true,1,1
21210D0A.CAD,2244,665f521197b2,21210D0,LOAD BNR OIL TEMP. CONTROL,59,59,0,1778,0,16,63,10,5,2,3,3,2,1,16,0,26,36,4,4,0,true,1,1
21210D1A.CAD,2582,518f78c65947,21210D1,NO. 2 POWER BOILER,62,62,0,2258,0,7,74,20,0,6,7,7,6,1,7,0,33,10,1,1,0,true,1,1
21210D2A.CAD,2816,2c241fe5e784,21210D2,NO. 2 POWER BOILER,70,70,0,2482,0,10,82,21,1,6,7,7,6,1,9,0,37,13,2,2,0,true,2,1
21210D3A.CAD,4090,db6b0036a523,21210D3,LOAD BNR NO. 1 INTERFACE,113,113,0,3602,0,33,125,33,7,6,7,7,3,4,33,0,38,47,13,13,0,true,1,1
21210D4A.CAD,5136,aa5a34847a42,21210D4,LOAD BURNER 1 CONTROL,148,148,0,4514,0,49,164,37,11,5,9,9,7,2,47,0,51,75,17,17,0,true,2,1
21210D5A.CAD,2130,b51a94c2215a,21210D5,MILL EXPANSION,52,52,0,1676,0,13,63,11,1,3,6,6,6,1,13,0,25,31,4,4,1,true,1,1
21210D6A.CAD,2062,fcd98ba77881,21210D6,MILL EXPANSION,53,53,0,1638,0,17,61,11,2,1,5,5,2,3,14,0,24,23,4,4,0,true,3,1
21210D7A.CAD,2176,b367c26284c6,21210D7,MILL EXPANSION,57,57,0,1690,0,19,63,12,2,3,4,4,3,1,17,0,24,32,6,6,0,true,2,1
21210D8A.CAD,4062,3fd3df535605,21210D8,LOAD BNR NO. 2 INTERFACE,112,112,0,3574,0,33,124,33,7,6,7,7,3,4,33,0,37,47,13,13,0,true,1,1
21210D9A.CAD,4898,831933b2e9ce,21210D9,LOAD BURNER 2 CONTROL,140,140,0,4260,0,50,156,38,11,5,9,9,7,2,48,0,41,78,18,18,0,true,2,1
21210E0A.CAD,4062,f0c03ca9ff6e,21210E0,LOAD BNR NO. 3 INTERFACE,112,112,0,3574,0,33,124,33,7,6,7,7,3,4,33,0,37,47,13,13,0,true,1,1
21210E1A.CAD,4704,24ee17cf27cb,21210E1,LOAD BURNER 3 CONTROL,135,135,0,4082,0,49,151,35,11,5,9,9,7,2,47,0,40,75,17,17,0,true,2,1
21210E2A.CAD,4082,62ac048d1ca0,21210E2,LOAD BNR NO. 4 INTERFACE,113,113,0,3594,0,33,125,33,7,6,7,7,3,4,33,0,38,48,13,13,0,true,1,1
21210E3A.CAD,4830,fe42e49eb05d,21210E3,LOAD BURNER 4 CONTROL,138,138,0,4208,0,49,154,37,11,5,9,9,7,2,47,0,41,75,17,17,0,true,2,1
21210E4A.CAD,4148,d09d7612e793,21210E4,LOAD BNR NO. 5 INTERFACE,115,115,0,3660,0,33,127,33,7,6,7,7,3,4,33,0,40,47,13,13,0,true,1,1
21210E5A.CAD,4918,6e5fd17cf9f5,21210E5,LOAD BURNER 5 CONTROL,142,142,0,4296,0,49,158,37,11,5,9,9,7,2,47,0,45,75,17,17,0,true,2,1
21210E6A.CAD,4108,f9d4911593ed,21210E6,LOAD BNR NO. 6 INTERFACE,114,114,0,3620,0,33,126,33,7,6,7,7,3,4,33,0,39,47,13,13,0,true,1,1
21210E7A.CAD,4872,2ee44a241af0,21210E7,LOAD BURNER 6 CONTROL,139,139,0,4250,0,49,155,37,12,5,9,9,7,2,47,0,41,75,17,17,0,true,2,1
21210E8A.CAD,1446,5ebe25fec417,21210E8,GAS IGNITOR HEADER PRESSURE,37,37,0,1138,0,3,39,5,1,1,2,2,1,1,3,0,26,4,1,1,0,true,1,1
21210E9A.CAD,3490,9d97469a482d,21210E9,FUEL OIL TEMPERATURE,97,97,0,3030,0,29,117,23,9,1,11,11,1,10,29,0,34,49,10,10,0,true,1,1
21210F0A.CAD,4980,b48243fbc70f,21210F0,NO. 2 POWER BOILER,146,146,0,4250,0,54,154,37,11,4,5,5,4,1,54,0,42,94,25,25,0,true,1,1
21210F1A.CAD,2312,991d7d3ac16b,21210F1,NO. 2 POWER BOILER,62,62,0,1846,0,16,66,10,5,2,3,3,2,1,16,0,29,36,4,4,0,true,1,1
21210F2A.CAD,2606,6b8d046990b0,21210F2,NO. 2 POWER BOILER,69,69,0,2066,0,19,75,13,5,2,4,4,3,1,19,0,30,52,6,6,0,true,1,1
21210F3A.CAD,3616,db7b6b93366f,21210F3,REMOTE STOP SIGNAL,90,90,0,3176,0,21,118,26,1,2,15,15,12,3,21,0,40,40,7,7,0,true,1,1
21210F4A.CAD,1298,0cb2f60499fd,21210F4,SOOTBLOWER SYSTEM STATUS,33,33,0,990,0,1,33,4,0,1,1,1,1,0,1,0,26,3,1,1,0,true,1,1
21210F5A.CAD,1302,449c019ff1b5,21210F5,SOOTBLOWER PLC STATUS,33,33,0,994,0,1,33,4,0,1,1,1,1,0,1,0,26,3,1,1,0,true,1,1
21210F6A.CAD,3622,f552a82a14f5,21210F6,SOOTBLOWING SEQ 1,97,97,0,3174,0,26,111,28,5,5,8,8,4,4,26,0,36,41,10,10,0,true,1,1
21210F7A.CAD,3630,50a42aa76757,21210F7,SOOTBLOWING SEQ 2,97,97,0,3182,0,26,111,28,5,5,8,8,4,4,26,0,36,41,10,10,0,true,1,1
21210F8A.CAD,3212,27e4dcb68ad7,21210F8,SOOTBLOWING SEQ 3,86,86,0,2782,0,23,98,23,5,4,7,7,3,4,23,0,33,35,8,8,0,true,1,1
21210F9A.CAD,3214,8eb76d56122b,21210F9A,SOOTBLOWING SEQ 4,86,86,0,2784,0,23,98,23,5,4,7,7,3,4,23,0,33,35,8,8,0,true,1,1
21210G0A.CAD,4000,09fe94292f10,21210G0,SOOTBLOWER INLET STEAM FLOW,109,109,0,3234,0,38,118,28,6,1,6,6,4,1,35,0,38,106,19,18,0,true,3,1
21210G1A.CAD,1414,c0bbe2a24f02,21210G1,SOOTBLOWER INLET STEAM PRESSURE,36,36,0,1074,0,3,36,5,1,1,1,1,1,0,3,0,25,11,2,2,0,true,1,1
21210G2A.CAD,2214,187173b161fe,21210G2,MILL EXPANSION,59,59,0,1762,0,16,65,10,4,2,4,4,2,2,16,0,27,33,4,4,0,true,1,1
21210G3A.CAD,1506,b2fc3063e403,21210G3,NO. 2 POWER BOILER,39,39,0,1150,0,4,39,6,1,1,1,1,1,0,4,0,26,14,3,3,0,true,1,1
21210G4A.CAD,1506,d1cc1975e2aa,21210G4,NO. 2 POWER BOILER,39,39,0,1150,0,4,39,6,1,1,1,1,1,0,4,0,26,14,3,3,0,true,1,1
21210G5A.CAD,1510,5d6a15c408f4,21210G5,NO. 2 POWER BOILER,39,39,0,1154,0,4,39,6,1,1,1,1,1,0,4,0,26,14,3,3,0,true,1,1
21210G6A.CAD,1510,1bb1a27b125e,21210G6,NO. 2 POWER BOILER,39,39,0,1154,0,4,39,6,1,1,1,1,1,0,4,0,26,14,3,3,0,true,1,1
21210H0A.CAD,3842,90a7de58cdfa,21210H0,START BNR OIL PUMP N0. 1,112,112,0,3290,0,41,124,26,8,2,7,7,5,2,39,0,37,56,15,15,0,true,3,1
21210H1A.CAD,4002,4a22cc0f2d4e,21210H1,MILL EXPANSION,113,113,0,3438,0,39,124,31,7,3,7,7,5,1,38,0,35,60,19,18,0,true,2,1
21210H2A.CAD,3902,795a986498d8,21210H2,START BNR OIL PUMP NO. 2,113,113,0,3350,0,41,125,27,8,2,7,7,5,2,39,0,37,56,15,15,0,true,3,1
21210H3A.CAD,4750,0cb5b8d5e3ad,21210H3,START BNR OIL PUMP NO. 2,133,133,0,4164,0,46,148,39,8,5,9,9,7,1,45,0,39,66,21,20,0,true,2,1
21210H4A.CAD,4008,87a8c2a5b96b,21210H4,LOAD BNR OIL PUMP NO. 1,116,116,0,3456,0,43,130,28,9,2,8,8,5,3,41,0,36,57,15,15,0,true,3,1
21210H5A.CAD,4956,86bd55017c68,21210H5,LOAD BNR OIL PUMP NO. 1,140,140,0,4374,0,48,157,40,9,5,10,10,7,2,47,0,42,67,21,20,0,true,2,1
21210H6A.CAD,4004,205a576c31cf,21210H6,LOAD BNR OIL PUMP NO. 2,116,116,0,3452,0,43,130,28,9,2,8,8,5,3,41,0,36,57,15,15,0,true,3,1
21210H7A.CAD,4124,a3725dd91e72,21210H7,LOAD BNR OIL PUMP NO. 2,118,118,0,3572,0,41,130,31,8,3,7,7,6,1,41,0,36,61,18,18,0,true,1,1
21210H8A.CAD,3958,9611d0454788,21210H8,WASTE OIL PUMP,112,112,0,3450,0,36,122,30,7,5,6,6,5,1,36,0,37,48,14,14,0,true,1,1
21210H9A.CAD,3772,23d2ab659750,21210H9,OIL TRANSFER PUMP NO.1,104,104,0,3266,0,33,116,29,6,5,7,7,5,2,32,0,35,47,13,13,0,true,2,1
21210I0A.CAD,3196,0ebcb5973878,21210I0,OIL TRANSFER PUMP NO. 2,88,88,0,2716,0,27,96,23,4,3,5,5,4,1,26,0,33,41,11,11,0,true,2,1
21210I1A.CAD,2642,fa77f5e1683c,21210I1,NO 1 FUEL OIL HEATER,71,71,0,2186,0,18,77,18,2,2,4,4,3,1,18,0,31,35,9,9,0,true,1,1
21210I2A.CAD,2650,6336dd9ada7b,21210I2,NO 2 FUEL OIL HEATER,71,71,0,2194,0,18,77,18,2,2,4,4,3,1,18,0,31,35,9,9,0,true,1,1
21210I3A.CAD,2642,d14c279f8feb,21210I3,NO 3 FUEL OIL HEATER,71,71,0,2186,0,18,77,18,2,2,4,4,3,1,18,0,31,35,9,9,0,true,1,1
21210I4A.CAD,2642,86a4e48fd27d,21210I4,NO 4 FUEL OIL HEATER,71,71,0,2186,0,18,77,18,2,2,4,4,3,1,18,0,31,35,9,9,0,true,1,1
21210I5A.CAD,2642,d2ce6c34662b,21210I5,NO 5 FUEL OIL HEATER,71,71,0,2186,0,18,77,18,2,2,4,4,3,1,18,0,31,35,9,9,0,true,1,1
21210I6A.CAD,4770,89bdfdc177d4,21210I6,MILL EXPANSION,135,135,0,4194,0,47,155,38,11,4,11,11,7,4,47,0,37,61,19,19,2,true,1,1
21210I7A.CAD,4898,a8176c8ec2c1,21210I7,MILL EXPANSION,138,138,0,4290,0,50,160,40,10,4,12,12,9,3,50,0,36,71,22,22,1,true,1,1
21210I8A.CAD,1578,ca9329c4b510,21210I8,MILL EXPANSION,39,39,0,1206,0,5,41,8,0,2,2,2,1,1,4,0,25,15,2,2,0,true,2,1
21210I9A.CAD,1808,edf1ce1cd5f2,21210I9,MILL EXPANSION,47,47,0,1406,0,9,49,9,3,2,2,2,1,1,8,0,25,21,3,3,0,true,2,1
21210K1A.CAD,2864,7709785fdc75,21210K1,MILL EXPANSION,77,77,0,2416,0,21,87,20,5,3,6,6,4,2,21,0,29,35,8,8,0,true,1,1
21210K2A.CAD,1974,a797ed67ccf0,21210K2,MILL EXPANSION,52,52,0,1550,0,12,56,7,3,3,3,3,2,1,12,0,28,24,2,2,0,true,1,1
21210K3A.CAD,1628,c667ff629104,21210K3,MILL EXPANSION,42,42,0,1256,0,6,44,8,1,1,2,2,1,1,6,0,25,16,4,4,0,true,1,1
21210K4A.CAD,2112,2bd839a02a77,21210K4,NO. 1 SHREDDED PEAT XFER CONVEYOR,55,55,0,1766,0,10,61,13,1,2,4,4,3,1,9,0,30,14,4,4,0,true,2,1
21210K5A.CAD,1304,d5a0cc79573f,21210K5,NO1 SHRD PEAT XFER CONV PC,33,33,0,996,0,1,33,4,0,1,1,1,1,0,1,0,26,3,1,1,0,true,1,1
21210K6A.CAD,2156,f06629a4726a,21210K6,NO. 2 SHREDDED PEAT XFER CONVEYOR,56,56,0,1810,0,10,62,13,1,2,4,4,3,1,9,0,31,14,4,4,0,true,2,1
21210K7A.CAD,1306,3ca9d356b249,21210K7,NO2 SHRD PEAT XFER CONV PC,33,33,0,998,0,1,33,4,0,1,1,1,1,0,1,0,26,3,1,1,0,true,1,1
21210K8A.CAD,2116,f61a2c2a1312,21210K8,NO. 3 SHREDDED PEAT XFER CONVEYOR,55,55,0,1770,0,10,61,13,1,2,4,4,3,1,9,0,30,14,4,4,0,true,2,1
21210K9A.CAD,1306,6cbc9c1f6ed8,21210K9,NO2 SHRD PEAT XFER CONV PC,33,33,0,998,0,1,33,4,0,1,1,1,1,0,1,0,26,3,1,1,0,true,1,1
21210KOA.CAD,1954,33f3bc6b79c5,21210KOA,PEAT BIN SCREW FEEDER,51,51,0,1608,0,8,55,12,0,2,3,3,3,0,7,0,30,13,4,4,0,true,2,1
21210L0A.CAD,2116,5a441c155562,21210L0,NO. 4 SHREDDED PEAT XFER CONVEYOR,55,55,0,1770,0,10,61,13,1,2,4,4,3,1,9,0,30,14,4,4,0,true,2,1
21210L1A.CAD,1306,bb286abc428d,21210L1,NO4 SHRD PEAT XFER CONV PC,33,33,0,998,0,1,33,4,0,1,1,1,1,0,1,0,26,3,1,1,0,true,1,1
21210L2A.CAD,2188,03294aad152e,21210L2,COAL STORAGE BELT FEEDER,59,59,0,1842,0,10,65,13,1,2,4,4,3,1,9,0,34,14,4,4,0,true,2,1
21210L3A.CAD,2196,4668d6e5a5bd,21210L3,COAL SCREEN INFEED BELT CONVEYOR,59,59,0,1850,0,10,65,13,1,2,4,4,3,1,9,0,34,14,4,4,0,true,2,1
21210L4A.CAD,2190,63cc5c840519,21210L4,COAL CRUSHER ROLLER SCREEN,59,59,0,1844,0,10,65,13,1,2,4,4,3,1,9,0,34,14,4,4,0,true,2,1
21210L5A.CAD,2176,6beeac6b666c,21210L5,COAL CRUSHER,59,59,0,1830,0,10,65,13,1,2,4,4,3,1,9,0,34,14,4,4,0,true,2,1
21210L6A.CAD,2200,8ec75577ecaa,21210L6,NO. 1 CRUSHED COAL XFER CONVEYOR,59,59,0,1854,0,10,65,13,1,2,4,4,3,1,9,0,34,14,4,4,0,true,2,1
21210L7A.CAD,2196,f2314e996467,21210L7,NO.2 CRUSHED COAL XFER CONVEYOR,59,59,0,1850,0,10,65,13,1,2,4,4,3,1,9,0,34,14,4,4,0,true,2,1
21210L8A.CAD,2192,9ee93e42474c,21210L8,SAND BIN BUCKET ELEVATOR,59,59,0,1846,0,10,65,13,1,2,4,4,3,1,9,0,34,14,4,4,0,true,2,1
21210L9A.CAD,2422,6f1d918b1afc,21210L9,PEAT BIN SCREW FEEDER POSITION,64,64,0,2084,0,4,70,16,0,4,4,4,4,0,4,0,42,12,4,4,0,true,1,1
21210M0A.CAD,1398,a0b1857a5f7a,21210M0,PEAT SCREW FEEDER HYDR OIL LEVEL,37,37,0,1090,0,1,37,4,0,1,1,1,1,0,1,0,30,3,1,1,0,true,1,1
21210M1A.CAD,1746,852b1c7e122b,21210M1,PEAT SCREW FEEDER HYDR UNIT TEMP.,46,46,0,1428,0,2,48,8,0,2,2,2,2,0,2,0,34,6,2,2,0,true,1,1
21210M2A.CAD,1348,632ae8b181b3,21210M2,MILL EXPANSION,36,36,0,1040,0,1,36,4,0,1,1,1,1,0,1,0,29,4,1,1,0,true,1,1
21210M3A.CAD,1398,7c4b5796c6b9,21210M3,PEAT SHREDDER OUTFEED BELT LEVEL,37,37,0,1090,0,1,37,4,0,1,1,1,1,0,1,0,30,3,1,1,0,true,1,1
21210M4A.CAD,2708,7bec89a077d7,21210M4,SHREDDED PEAT WEIGHT,76,76,0,2220,0,20,82,15,5,1,4,4,4,0,19,0,35,43,8,8,0,true,2,1
21210M5A.CAD,3166,a2215b323254,21210M5,COAL WEIGHTOMETER,87,87,0,2648,0,26,98,20,5,2,7,7,4,2,24,0,36,51,11,10,0,true,3,1
21210M6A.CAD,2404,24af33645ee1,21210M6,BARK WEIGHTOMETER,66,66,0,1936,0,15,70,13,3,1,3,3,3,0,14,0,34,37,7,7,0,true,2,1
21210N0A.CAD,3730,52d7fcb04eb9,21210N0,MILL EXPANSION,111,111,0,3146,0,43,121,26,10,6,6,6,4,2,42,0,31,61,17,17,0,true,2,1
21210N1A.CAD,1890,89d9415bfbf7,21210N1,MILL EXPANSION,52,52,0,1568,0,9,56,10,2,2,3,3,2,1,8,0,30,9,2,2,0,true,2,1
21210N2A.CAD,2278,630a2f0449e4,21210N2,PEAT BIN SCREW FEEDER HYDR UNIT,63,63,0,1954,0,13,69,12,3,3,4,4,3,1,12,0,34,6,1,1,1,true,2,1
21210N3A.CAD,3114,83895152dd51,21210N3,PEAT BIN SCREW FEEDER HYDR UNIT,84,84,0,2622,0,21,92,22,3,4,5,5,3,2,21,0,36,42,11,11,0,true,1,1
21210N4A.CAD,3434,919c01e32cda,21210N4,PEAT BIN SCREW FEEDER,95,95,0,2938,0,30,105,26,5,3,6,6,3,3,28,0,34,44,12,12,0,true,2,1
21210N5A.CAD,2464,b589dbf7b2d9,21210N5,NO. 1 SHREDDED PEAT XFER CONVEYOR,65,65,0,2132,0,9,73,16,2,4,5,5,4,1,9,0,36,13,3,3,0,true,1,1
21210N6A.CAD,3566,2409d14049d5,21210N6,NO. 1 SHREDDED PEAT XFER CONVEYOR,100,100,0,3082,0,30,112,24,6,4,7,7,4,3,30,0,38,43,11,11,0,true,1,1
21210N7A.CAD,3506,3f46d50ad7fa,21210N7,NO. 2 SHREDDED PEAT XFER VONVEYOR,96,96,0,3142,0,15,108,24,4,6,7,7,6,1,15,0,51,18,5,5,0,true,1,1
21210N8A.CAD,3442,78c01c574e13,21210N8,NO. 2 SHREDDED PEAT XFER CONVEYOR,95,95,0,2972,0,27,107,23,5,4,7,7,4,3,27,0,38,41,10,10,0,true,1,1
21210N9A.CAD,2862,a0be49c284cc,21210N9,NO. 3 SHREDDED PEAT XFER CONVEYOR,79,79,0,2488,0,16,87,20,3,4,5,5,4,1,15,0,39,20,6,6,0,true,2,1
21210O0A.CAD,3482,7fb508a30acc,21210O0,NO. 3 SHREDDED PEAT XFER CONVEYOR,97,97,0,3012,0,28,109,23,6,3,7,7,4,3,28,0,38,41,10,10,0,true,1,1
21210O1A.CAD,2326,d83d39b71e9c,21210O1,NO. 4 SHREDDED PEAT XFER CONVEYOR,63,63,0,1994,0,10,69,14,2,3,4,4,3,1,9,0,36,12,3,3,0,true,2,1
21210O2A.CAD,7170,0606020459c9,21210O2,NO. 4 SHREDDED PEAT XFER CONVEYOR,214,214,0,6326,0,92,238,55,22,6,13,13,9,4,92,0,43,128,35,35,0,true,1,1
21210O3A.CAD,3760,49437af63e0a,21210O3,NO. 4 SHREDDED PEAT XFER CONVEYOR,112,112,0,3126,0,34,118,25,8,0,4,4,1,3,34,0,43,82,21,21,0,true,1,1
21210O4A.CAD,2588,d5ba77d7c0f9,21210O4,COAL STORAGE BELT FEEDER,70,70,0,2246,0,11,78,17,3,4,5,5,4,1,11,0,37,15,4,4,0,true,1,1
21210O5A.CAD,3594,565423834603,21210O5,COAL STORAGE BELT FEEDER,101,101,0,3110,0,30,113,24,6,4,7,7,4,3,30,0,39,43,11,11,0,true,1,1
21210O6A.CAD,2872,ec0f0c7dd9ea,21210O6,COAL SCREEN INFEED BELT CONVEYOR,79,79,0,2508,0,19,90,18,5,4,7,7,4,2,17,0,37,15,5,4,0,true,3,1
21210O7A.CAD,3572,3b42c65ceb7f,21210O7,COAL SCREEN INFEED BELT CONVEYOR,100,100,0,3088,0,30,112,24,6,4,7,7,4,3,30,0,38,43,11,11,0,true,1,1
21210O8A.CAD,3622,0aacb4a02992,21210O8,COAL CRUSHER ROLLER SCREEN,101,101,0,3138,0,30,113,24,6,5,7,7,4,3,30,0,39,43,11,11,0,true,1,1
21210O9A.CAD,3512,cf6dcc3bc24e,21210O9,COAL CRUSHER,99,99,0,3028,0,30,111,24,6,5,7,7,4,3,30,0,37,43,11,11,0,true,1,1
21210P0A.CAD,3856,9b2b044a6102,21210P0,NO. 1 CRUSHED COAL XFER CONVEYOR,105,105,0,3442,0,22,121,31,5,6,9,9,8,1,22,0,45,32,10,10,0,true,1,1
21210P1A.CAD,3346,60d910e5d7bc,21210P1,NO. 1 CRUSHED COAL XFER CONVEYOR,93,93,0,2876,0,26,103,22,5,3,6,6,4,2,26,0,38,40,10,10,0,true,1,1
21210P2A.CAD,2750,0bcfe15c3c55,21210P2,NO. 2 CRUSHED COAL XFER CONVEYOR,75,75,0,2356,0,14,82,18,3,4,5,5,3,1,13,0,39,21,8,7,0,true,2,1
21210P3A.CAD,3316,5a363c718489,21210P3,NO. 2 CRUSHED COAL XFER CONVEYOR,92,92,0,2846,0,26,102,22,5,3,6,6,4,2,26,0,37,40,10,10,0,true,1,1
21210P4A.CAD,3530,0ff1cca17dca,21210P4,NO. 1 BARK XFER CHAIN CONVEYOR,100,100,0,3106,0,27,110,28,5,5,6,6,5,1,26,0,39,34,11,11,0,true,2,1
21210P5A.CAD,2984,06baedfeb933,21210P5,NO. 1 BARK XFER CHAIN CONVEYOR,83,83,0,2524,0,22,89,19,4,3,4,4,3,1,22,0,36,35,9,9,0,true,1,1
21210P6A.CAD,3596,234dbc491cea,21210P6,NO. 2 BARK XFER CHAIN CONVEYOR,99,99,0,3162,0,25,113,29,4,4,8,8,6,2,24,0,40,40,12,12,1,true,2,1
21210P7A.CAD,3238,00726c243013,21210P7,NO. 2 BARK XFER CHAIN CONVEYOR,89,89,0,2778,0,25,99,21,5,3,6,6,3,3,25,0,36,37,9,9,0,true,1,1
21210P8A.CAD,2891,789172f49224,21210P8,NO. 3 BARK XFER CHAIN CONVEYOR,76,76,0,2326,0,21,82,19,3,3,4,4,3,1,14,0,38,26,9,9,0,true,3,1
21210P9A.CAD,2932,e6c482c9ebaa,21210P9,NO. 3 BARK XFER CHAIN CONVEYOR,79,79,0,2472,0,26,85,19,4,3,4,4,3,1,18,0,36,35,9,9,0,true,2,1
21210Q0A.CAD,2255,8f6c8ab6cccf,21210Q0,BARK FLOW DIVIDING GATE,59,59,0,1806,0,15,63,12,2,2,3,3,3,0,9,0,34,16,5,5,0,true,2,1
21210Q1A.CAD,4773,8706d3ec198e,21210Q1,BARK FLOW DIVIDING GATE,125,125,0,3966,0,46,139,37,8,7,8,8,5,3,33,0,45,65,18,18,0,true,3,1
21210Q2A.CAD,5112,3f0a57b99fd9,21210Q2,NO. 2 BARK XFER CHAIN CONVEYOR,150,150,0,4486,0,55,162,40,13,6,7,7,4,3,55,0,40,71,23,23,0,true,1,1
21210Q3A.CAD,3191,d13fb638510c,21210Q3,SAND SCREW FEEDER,83,83,0,2612,0,28,89,21,4,4,4,4,3,1,18,0,38,35,9,9,0,true,2,1
21210Q4A.CAD,3352,4dbe6f1244de,21210Q4,SAND BIN BUCKET ELEVATOR,93,93,0,2866,0,27,102,22,5,3,6,6,3,2,26,0,38,39,11,10,0,true,2,1
21210Q5A.CAD,1407,6c243c71aba8,21210Q5,MILL EXPANSION,37,37,0,1042,0,7,37,6,0,1,1,1,1,0,4,0,25,8,3,3,0,true,2,1
21210Q6A.CAD,4866,69d3d26bbbb2,21210Q6,TRAVEL TIME ALARM,134,134,0,4360,0,37,157,40,7,5,12,12,8,5,36,0,49,57,14,14,0,true,2,1
21210Q7Q.CAD,3870,51fe28b5c858,21210Q7,PEAT BIN SCREW FEEDER HYDR UNIT,111,111,0,3404,0,38,127,27,9,2,9,9,5,4,37,0,36,43,13,13,0,true,2,1
21210R1A.CAD,3550,c1bdfcd7552a,21210R1,MILL EXPANSION,97,97,0,3138,0,25,117,24,9,8,11,11,2,9,25,0,37,34,5,5,0,true,1,1
21210R2A.CAD,4234,5ac035426791,21210R2,MILL EXPANSION,121,121,0,3820,0,30,144,31,9,8,12,12,2,11,30,0,49,42,10,10,0,true,1,1
21210R3A.CAD,1896,89255e80db19,21210R3,MILL EXPANSION,48,48,0,1558,0,4,54,12,0,4,4,4,4,0,4,0,30,16,4,4,0,true,1,1
21210Z0A.CAD,3834,2e9a164c1a8d,21210Z0,MILL EXPANSION,102,102,0,3304,0,32,130,31,2,0,15,15,12,3,32,0,35,62,16,16,0,true,1,1
21210Z1A.CAD,4568,ef38fb73875b,21210Z1,MILL EXPANSION,97,97,0,2972,0,23,96,47,5,0,0,0,0,0,19,0,25,177,43,41,0,true,3,1
21210Z2A.CAD,3140,d9e519bbd895,21210Z2A,MILL EXPANSION,76,76,0,2416,0,25,88,25,7,4,9,9,4,0,19,0,24,74,20,15,0,true,3,1
21210Z3A.CAD,2484,07b0a58c8645,21210Z3,MILL EXPANSION,51,51,0,1446,0,6,50,19,2,0,0,0,0,0,5,0,24,109,18,18,0,true,2,1
21210Z4A.CAD,2128,9f1158b50e57,21210Z4,MILL EXPANSION,36,36,0,1006,0,1,35,11,0,0,0,0,0,0,0,0,24,96,11,11,0,true,1,1
2120500A.CAD,2786,da178ef14a0b,2120500,PLANT LOOP,85,85,0,2244,0,17,87,10,1,0,2,2,0,2,15,0,57,58,8,7,0,true,3,1
2120503A.CAD,3643,f0c691664d0e,2120503,DIGITAL INPUT SLAVE,67,67,0,2332,0,27,94,16,0,14,14,14,0,14,14,0,36,19,2,2,3,true,3,1
2120504A.CAD,2541,3b9f8a890710,2120504,DIGITAL INPUT SLAVE,63,63,0,2220,0,22,90,16,0,14,14,14,0,14,14,0,32,19,2,2,1,true,2,1
2120505A.CAD,2681,5664e9d7819d,2120505,DIGITAL INPUT SLAVE,68,68,0,2360,0,27,95,16,0,14,14,14,0,14,14,0,37,20,2,2,0,true,2,1
2120506A.CAD,2648,d8d297e0e146,2120506,DIGITAL INPUT SLAVE,66,66,0,2270,0,26,91,15,0,13,13,13,0,13,13,0,37,18,2,2,1,true,2,1
2120507A.CAD,2965,03075ba70041,2120507,DIGITAL INPUT SLAVE,58,58,0,2076,0,17,85,16,0,14,14,14,0,14,14,0,27,20,2,2,0,true,3,1
2120508A.CAD,3469,591d1f7bc273,2120508,DIGITAL INPUT SLAVE,68,68,0,2356,0,27,95,16,0,14,14,14,0,14,14,0,37,20,2,2,0,true,3,1
2120509A.CAD,3473,3f35c44db6eb,2120509,DIGITAL INPUT SLAVE,68,68,0,2358,0,28,95,16,0,14,14,14,0,14,14,0,37,19,2,2,1,true,3,1
2120510A.CAD,2883,580f56fb8bef,2120510,DIGITAL INPUT SLAVE,57,57,0,2050,0,17,84,16,0,14,14,14,0,14,14,0,26,20,2,2,0,true,3,1
2120511A.CAD,3739,6687273d449e,2120511,DIGITAL INPUT SLAVE,73,73,0,2498,0,33,100,16,0,14,14,14,0,14,14,0,42,18,2,2,2,true,3,1
2120512A.CAD,2911,a0d484cdc317,2120512,DIGITAL INPUT SLAVE,57,57,0,2050,0,17,84,16,0,14,14,14,0,14,14,0,26,18,2,2,2,true,3,1
2120515A.CAD,3637,a9a1d781ea79,2120515,DIGITAL INPUT SLAVE,70,70,0,2412,0,30,97,16,0,14,14,14,0,14,14,0,39,20,2,2,0,true,3,1
2120516A.CAD,2482,66ddb5344e95,2120516,DIGITAL INPUT SLAVE,61,61,0,2160,0,20,88,16,0,14,14,14,0,14,14,0,30,20,2,2,0,true,2,1
2120517A.CAD,2561,b42701fb455e,2120517,DIGITAL INPUT SLAVE,65,65,0,2240,0,25,90,15,0,13,13,13,0,13,13,0,36,18,2,2,1,true,2,1
2120518A.CAD,2540,f44b89ca6c16,2120518,DIGITAL INPUT SLAVE,63,63,0,2218,0,22,90,16,0,14,14,14,0,14,14,0,32,20,2,2,0,true,2,1
2120519A.CAD,3173,4485ac327a3f,2120519,DIGITAL INPUT SLAVE,64,64,0,2246,0,23,91,16,0,14,14,14,0,14,14,0,33,19,2,2,1,true,3,1
2120520A.CAD,2921,1992afd08d80,2120520,DIGITAL INPUT SLAVE,59,59,0,2106,0,19,86,16,0,14,14,14,0,14,14,0,28,19,2,2,1,true,3,1
2120521A.CAD,3083,f594f3f548d7,2120521,DIGITAL INPUT SLAVE,63,63,0,2218,0,23,90,16,0,14,14,14,0,14,14,0,32,15,2,2,5,true,3,1
2120522A.CAD,2371,6e6c1ec4ba65,2120522,DIGITAL INPUT SLAVE,57,57,0,2050,0,16,84,16,0,14,14,14,0,14,14,0,26,20,2,2,0,true,2,1
2120523A.CAD,3529,9c3082bab766,2120523,DIGITAL INPUT SLAVE,69,69,0,2386,0,29,96,16,0,14,14,14,0,14,14,0,38,18,2,2,2,true,3,1
2120524A.CAD,2254,962f2dac4780,2120524,DIGITAL INPUT SLAVE,54,54,0,1932,0,14,79,15,0,13,13,13,0,13,13,0,25,16,2,2,3,true,2,1
2120530A.CAD,2741,871bb2e750c3,2120530,DIGITAL INPUT SLAVE,55,55,0,1992,0,15,82,16,0,14,14,14,0,14,14,0,24,19,2,2,1,true,2,1
2120531A.CAD,2745,f4bd22062f7f,2120531,DIGITAL INPUT SLAVE,57,57,0,2048,0,17,84,16,0,14,14,14,0,14,14,0,26,20,2,2,0,true,3,1
2120532A.CAD,2341,5b9e28c6ec07,2120532,DIGITAL INPUT SLAVE,56,56,0,2020,0,15,83,16,0,14,14,14,0,14,14,0,25,19,2,2,1,true,2,1
2120533A.CAD,2455,47a589e09e4c,2120533,DIGITAL INPUT SLAVE,60,60,0,2134,0,19,87,16,0,14,14,14,0,14,14,0,29,20,2,2,0,true,2,1
2120534A.CAD,1295,133e3077741f,2120534,DIGITAL INPUT SLAVE,28,28,0,974,0,7,37,7,0,5,5,5,0,5,5,0,15,11,2,2,0,true,2,1
2120535A.CAD,688,94136308874e,2120535A,,6,6,0,198,0,1,6,3,0,0,0,0,0,0,1,0,2,22,2,2,0,true,1,1
2120538A.CAD,2452,6d9b10de0d8d,2120538,DIGITAL OUTPUT SLAVE,62,62,0,2098,0,12,85,14,0,12,12,12,12,0,12,0,35,20,2,2,0,true,1,1
2120539A.CAD,3311,42cda570428b,2120539,DIGITAL OUTPUT SLAVE,72,72,0,2472,0,16,101,17,0,15,15,15,15,0,15,0,39,23,2,2,0,true,2,1
2120540A.CAD,2738,e3c585bc483a,2120540,DIGITAL OUTPUT SLAVE,68,68,0,2384,0,15,97,17,0,15,15,15,15,0,15,0,35,23,2,2,0,true,1,1
2120541A.CAD,1962,b6e6861f489b,2120541,DIGITAL OUTPUT SLAVE,49,49,0,1608,0,8,64,10,0,6,8,8,8,0,8,0,30,16,2,2,0,true,1,1
2120542A.CAD,3061,ab4b5bf598c4,2120542,DIGITAL OUTPUT SLAVE,66,66,0,2240,0,14,91,15,0,13,13,13,13,0,13,0,37,21,2,2,0,true,2,1
2120543A.CAD,2733,00638ffb2935,2120543,DIGITAL OUTPUT SLAVE,60,60,0,2008,0,12,81,13,0,11,11,11,11,0,11,0,35,19,2,2,0,true,2,1
2120544A.CAD,2788,9077359f6dde,2120544,DIGITAL OUTPUT SLAVE,69,69,0,2434,0,16,100,18,0,16,16,16,16,0,16,0,34,24,2,2,0,true,1,1
2120545A.CAD,2439,85c22a18a08a,2120545,DIGITAL OUTPUT SLAVE,60,60,0,2086,0,14,85,15,0,13,13,13,13,0,13,0,31,21,2,2,0,true,2,1
2120546A.CAD,2466,d93808075f84,2120546,DIGITAL OUTPUT SLAVE,61,61,0,2112,0,13,86,15,0,12,13,13,13,0,13,0,32,21,2,2,0,true,1,1
2120547A.CAD,2905,3b39351ac60d,2120547,DIGITAL OUTPUT SLAVE,61,61,0,2036,0,12,82,13,0,11,11,11,11,0,11,0,36,19,2,2,0,true,2,1
2120548A.CAD,2447,ef840dd1995b,2120548,DIGITAL OUTPUT SLAVE,54,54,0,1778,0,10,71,11,0,9,9,9,9,0,9,0,33,17,2,2,0,true,2,1
2120549A.CAD,3324,6e5ec6fae3f6,2120549,NOT USED,78,78,0,2816,0,22,107,21,2,15,15,15,0,15,22,0,32,42,3,3,0,true,1,1
2120550A.CAD,3304,f1d7a7f54053,2120550,NOT USED,77,77,0,2796,0,22,106,21,2,15,15,15,0,15,22,0,31,40,3,3,1,true,1,1
2120551A.CAD,3755,36b6306d408a,2120551,NOT USED,75,75,0,2764,0,24,104,21,2,15,15,15,0,15,20,0,31,42,3,3,0,true,2,1
2120552A.CAD,3094,a60ad2a0d937,2120552,NOT USED,69,69,0,2586,0,22,98,21,2,15,15,15,0,15,22,0,23,17,3,3,13,true,1,1
2120553A.CAD,3062,8330c34541d0,2120553,NOT USED,67,67,0,2554,0,24,96,21,2,15,15,15,0,15,20,0,23,14,3,3,15,true,2,1
2120554A.CAD,3958,6455196c5144,2120554,NOT USED,101,101,0,3468,0,30,140,26,1,10,20,20,20,0,30,0,43,53,2,2,0,true,1,1
2120555A.CAD,4446,929729683bb1,2120555,NOT USED,111,111,0,3956,0,36,160,32,1,16,24,24,26,0,36,0,41,60,2,2,0,true,1,1
2120556A.CAD,4401,1481d11957ad,2120556,NOT USED,86,86,0,3072,0,35,115,21,2,15,15,15,0,15,20,0,42,42,3,3,3,true,3,1
2120557A.CAD,3384,c0638617169b,2120557,NOT USED,79,79,0,2876,0,28,108,21,2,15,15,15,0,15,20,0,35,43,3,3,0,true,3,1
2120559A.CAD,3979,5dc5d0c5a81b,2120559,NOT USED,79,79,0,2876,0,28,108,21,2,15,15,15,0,15,20,0,35,45,3,3,0,true,3,1
2120560A.CAD,3747,7dfd78b2385b,2120560,NOT USED,75,75,0,2764,0,24,104,21,2,15,15,15,0,15,20,0,31,39,3,3,2,true,2,1
2120561A.CAD,1415,ac5b4672a054,2120561,WHT LIQ MEASURING TANK LEVEL,33,33,0,986,0,5,33,4,0,1,1,1,1,0,1,0,26,4,1,1,0,true,2,1
2120562A.CAD,1455,add1a61c3372,2120562,MILL EXPANSION,34,34,0,1026,0,5,36,5,0,1,2,2,1,1,2,0,25,4,1,1,0,true,2,1
2120563A.CAD,2897,bb5872df48b0,2120563,MILL EXPANSION,69,69,0,2240,0,16,77,19,4,5,5,5,3,2,14,0,30,31,6,6,0,true,2,1
2120564A.CAD,1343,781b6322252e,2120564,MILL EXPANSION,32,32,0,942,0,4,32,4,0,1,1,1,1,0,1,0,25,3,1,1,0,true,2,1
2120565A.CAD,4936,acaff46568b0,2120565,WOOD LIMIT,144,144,0,4204,0,60,163,30,15,1,11,11,7,3,58,0,39,98,20,19,0,true,3,1
2120566A.CAD,1793,717581dc4f79,2120566,NO. 2 POWER BOILER,41,41,0,1296,0,7,43,8,0,2,2,2,2,0,2,0,29,6,2,2,0,true,2,1
2120567A.CAD,1906,7fdcace9229d,2120567,NO. 2 POWER BOILER,49,49,0,1588,0,6,55,10,2,2,4,4,2,2,6,0,29,8,2,2,0,true,1,1
2120568A.CAD,2448,45180399deed,2120568,MILL EXPANSION,67,67,0,1968,0,16,71,13,5,1,3,3,3,0,16,0,31,41,8,8,0,true,1,1
2120569A.CAD,3040,b3527b448270,2120569,NO. 2 POWER BOILER,82,82,0,2600,0,21,96,21,4,2,8,8,3,5,19,0,36,38,11,10,0,true,3,1
2120570A.CAD,1618,ba7318b9f79b,2120570,NO. 2 POWER BOILER,41,41,0,1300,0,2,43,8,0,2,2,2,2,0,2,0,29,6,2,2,0,true,1,1
2120571A.CAD,1816,ebb05037d3a3,2120571,COAL BIN LEVEL,46,46,0,1498,0,4,52,10,0,2,4,4,2,2,4,0,30,8,2,2,0,true,1,1
2120572A.CAD,4242,f409b32620bc,2120572,COAL FEEDER NO. 1,115,115,0,3594,0,37,133,30,8,4,10,10,7,3,37,0,38,85,15,15,0,true,1,1
2120573A.CAD,3088,71669e98b087,2120573,COAL FEEDER NO. 2,83,83,0,2600,0,23,95,20,6,3,7,7,4,3,23,0,32,46,8,8,0,true,1,1
2120574A.CAD,1084,520a5dc4f465,2120574,MILL EXPANSION,24,24,0,756,0,1,24,4,0,1,1,1,1,0,1,0,17,7,1,1,0,true,1,1
2120575A.CAD,3724,b270ca914542,2120575,SOLID FUEL FEEDER NO. 1,105,105,0,3212,0,34,119,23,8,3,8,8,5,3,31,0,41,52,10,10,0,true,2,1
2120576A.CAD,1960,4b6f9d03e80b,2120576,SAND BIN AIR LOCK FEEDER,52,52,0,1614,0,10,58,11,1,2,4,4,3,1,9,0,29,14,4,4,0,true,2,1
2120577A.CAD,3750,e6a6257940f0,2120577,SOLID FUEL FEEDER NO. 2,106,106,0,3238,0,34,120,23,8,3,8,8,5,3,31,0,42,52,10,10,0,true,2,1
2120578A.CAD,4914,539feffc936f,2120578,SOLID FUEL FEEDING ALLOWED ON LINE 2,136,136,0,4344,0,45,154,42,6,5,11,11,7,2,41,0,45,64,23,21,0,true,3,1
2120579A.CAD,2054,d905aca65993,2120579,MILL EXPANSION,51,51,0,1654,0,11,59,13,2,2,5,5,2,3,11,0,23,25,5,5,0,true,1,1
2120580A.CAD,3372,c5621ca5a494,2120580,NO. 2 POWER BOILER,96,96,0,2874,0,33,106,23,7,3,6,6,4,2,32,0,32,43,13,13,0,true,2,1
2120581A.CAD,3140,3452ce2e7f1c,2120581,NO. 2 POWER BOILER,89,89,0,2656,0,29,95,22,6,3,4,4,3,1,28,0,31,37,12,12,0,true,2,1
2120582A.CAD,2408,760f82bc3f57,2120582,NO. 1A FUEL FEED AIR LOCK,63,63,0,2052,0,12,71,17,1,3,5,5,4,1,11,0,32,17,5,5,0,true,2,1
2120583A.CAD,2436,dc60c4b710b7,2120583,NO. 1B FUEL FEED AIR LOCK,64,64,0,2080,0,12,72,17,1,3,5,5,4,1,11,0,33,17,5,5,0,true,2,1
2120584A.CAD,2896,3db086df01cd,2120584,NO. 2A FUEL FEED AIR LOCK,76,76,0,2498,0,15,86,22,2,4,6,6,5,1,14,0,36,27,7,7,0,true,2,1
2120585A.CAD,2846,e974fe2d0da2,2120585,NO. 2B FUEL FEED AIR LOCK,75,75,0,2448,0,15,85,21,2,4,6,6,5,1,14,0,36,27,7,7,0,true,2,1
2120586A.CAD,2850,22da6fbe8fad,2120586,NO. 1A FUEL FEED SCREW FEEDER,75,75,0,2452,0,15,85,21,2,4,6,6,5,1,14,0,36,27,7,7,0,true,2,1
2120587A.CAD,2850,6f701b27b867,2120587,NO. 1B FUEL FEED SCREW FEEDER,75,75,0,2452,0,15,85,21,2,4,6,6,5,1,14,0,36,27,7,7,0,true,2,1
2120588A.CAD,2850,70dd296ff40e,2120588,NO. 2A FUEL FEED SCREW FEEDER,75,75,0,2452,0,15,85,21,2,4,6,6,5,1,14,0,36,27,7,7,0,true,2,1
2120589A.CAD,2900,06a9af3b66e4,2120589,NO. 2B FUEL FEED SCREW FEEDER,76,76,0,2502,0,15,86,22,2,4,6,6,5,1,14,0,36,27,7,7,0,true,2,1
2120590A.CAD,2580,141c1fe51c86,2120590,BOILER BANK AIR LOCK FEEDER,68,68,0,2192,0,13,76,18,2,3,5,5,4,1,12,0,34,24,6,6,0,true,2,1
2120591A.CAD,2580,5ba8315d9df8,2120591,BOILER BANK ASH SCREW CONVEYOR,68,68,0,2192,0,13,76,18,2,3,5,5,4,1,12,0,34,24,6,6,0,true,2,1
2120592A.CAD,2090,e1a4065d0643,2120592,NORTH ESP ASH SCREW CONVEYOR,55,55,0,1744,0,10,61,13,1,2,4,4,3,1,9,0,30,14,4,4,0,true,2,1
2120593A.CAD,6112,440b2d877f02,2120593,SAND BED TEMP. MONITOR,184,184,0,5488,0,77,210,45,23,4,14,14,4,10,77,0,37,73,23,23,0,true,1,1
2120594A.CAD,6112,cc750fcdcdf4,2120594,SAND BED TEMP. MONITOR,184,184,0,5488,0,77,210,45,23,4,14,14,4,10,77,0,37,73,23,23,0,true,1,1
2120595A.CAD,3000,9cd617a17a87,2120595,SAND BED INPUT TEMP ALARM,81,81,0,2568,0,22,99,17,3,0,10,10,8,2,22,0,37,39,7,7,0,true,1,1
2120596A.CAD,6241,3923f2658c39,2120596,SAND BED TEMP. MONITOR,178,178,0,5636,0,66,222,45,14,0,23,23,14,9,63,0,54,99,22,22,0,true,2,1
2120597A.CAD,3299,6664901d8c3e,2120597,NO. 2 POWER BOILER,51,51,0,1602,0,13,59,7,4,1,5,5,2,3,11,0,27,28,2,2,1,true,2,1
2120598A.CAD,4774,b4823961d0be,2120598,FREEZE AIR TEMP. COMPENSATION,137,137,0,4082,0,50,155,33,8,3,10,10,7,3,46,0,48,94,15,15,0,true,2,1
2120599A.CAD,2090,0296caed1c9f,2120599,SOUTH ESP ASH SCREW CONVEYOR,55,55,0,1744,0,10,61,13,1,2,4,4,3,1,9,0,30,14,4,4,0,true,2,1
21205A0A.CAD,2090,2bad7b5813c0,21205A0,NORTH ESP ASH SCREW CONVEYOR,55,55,0,1744,0,10,61,13,1,2,4,4,3,1,9,0,30,14,4,4,0,true,2,1
21205A1A.CAD,2090,2792860b9759,21205A1,SOUTH ESP ASH SCREW CONVEYOR,55,55,0,1744,0,10,61,13,1,2,4,4,3,1,9,0,30,14,4,4,0,true,2,1
21205A3A.CAD,1892,72579e6a7ac2,21205A3,NO. 2 POWER BOILER,49,49,0,1574,0,6,57,9,2,1,5,5,3,2,6,0,30,8,2,2,1,true,1,1
21205A4A.CAD,1280,763bad503cec,21205A4,COAL BIN LEVEL,33,33,0,972,0,1,33,4,0,1,1,1,1,0,1,0,26,3,1,1,0,true,1,1
21205A5A.CAD,2626,70047f0a106a,21205A5,THIS CONNECTION SHOULD NOT USE ANYMORE,68,68,0,2270,0,11,76,17,1,3,5,5,4,1,10,0,38,16,5,5,1,true,2,1
21205A6A.CAD,3768,a30ee8e0cb31,21205A6,SLURRY TANK LEVEL,109,109,0,3202,0,37,117,25,9,4,5,5,4,1,37,0,36,58,14,14,0,true,1,1
21205A7A.CAD,2080,da98671abb76,21205A7,ASH RECIR ELEVATOR,55,55,0,1734,0,10,61,13,1,2,4,4,3,1,9,0,30,14,4,4,0,true,2,1
21205A8A.CAD,2086,1d8be7fdc020,21205A8,MAIN ESP SCREW CONVEYOR,55,55,0,1740,0,10,61,13,1,2,4,4,3,1,9,0,30,14,4,4,0,true,2,1
21205A9A.CAD,2852,31009b34980d,21205A9,NO. 2 POWER BOILER,72,72,0,2514,0,10,86,22,2,6,8,8,4,4,10,0,36,19,4,4,0,true,1,1
21205B0A.CAD,3722,8dc561dd5a1d,21205B0,SECONDARY AIR PRESSURE CONTROL,99,99,0,3196,0,26,115,24,7,4,9,9,5,4,26,0,40,55,8,8,0,true,1,1
21205B1A.CAD,1424,f2a05610894b,21205B1,SECONDARY AIR INLET FLOW,37,37,0,1084,0,3,37,5,1,1,1,1,1,0,3,0,26,11,2,2,0,true,1,1
21205B2A.CAD,3910,f3a492322598,21205B2,SECONDARY AIR INLET FLOW,111,111,0,3306,0,32,119,31,6,4,5,5,4,1,32,0,40,79,19,19,0,true,1,1
21205B3A.CAD,1616,9d61bde63e04,21205B3,ALSO USED ON 282-223.0,42,42,0,1264,0,5,44,7,1,1,2,2,1,1,5,0,27,15,3,3,0,true,1,1
21205B4A.CAD,3575,971398c0a7a2,21205B4,SECONDARY AIR CONTROL,99,99,0,3020,0,32,114,21,7,2,8,8,5,4,30,0,39,62,9,9,0,true,3,1
21205B5A.CAD,4028,1d8990fd10ff,21205B5,TERTIARY AIR CONTROL,108,108,0,3414,0,37,127,28,8,4,10,10,6,5,35,0,35,77,12,12,0,true,3,1
21205B6A.CAD,3296,7bcef200de0c,21205B6,PRIMARY UNDERFIRE AIR FLOW,94,94,0,2736,0,32,100,21,8,2,4,4,3,1,30,0,33,58,13,13,0,true,2,1
21205B7A.CAD,3240,aec238c409f5,21205B7,AIR TO COAL,85,85,0,2568,0,21,95,18,2,0,6,6,5,1,21,0,42,92,12,12,0,true,1,1
21205B8A.CAD,2900,a3523d5015a4,21205B8,PRIMARY AIR FLOW CONTROL,79,79,0,2450,0,27,93,15,5,1,8,8,5,3,23,0,34,37,5,5,0,true,3,1
21205B9A.CAD,2428,8a9e29fb6950,21205B9,PRIMARY UNDERFIRE AIR PRESSURE,64,64,0,2004,0,9,68,15,3,3,3,3,3,0,9,0,35,33,6,6,0,true,1,1
21205C0A.CAD,2318,4841af1353bb,21205C0,STEAM AIR HEATER,63,63,0,1852,0,16,67,10,5,2,3,3,2,1,16,0,30,36,4,4,0,true,1,1
21205C1A.CAD,2492,32e774e0d8b5,21205C1,AIR HTR OUTLET AIR TEMPERATURE,64,64,0,2068,0,9,68,15,3,3,3,3,3,0,9,0,35,33,6,6,0,true,1,1
21205C2A.CAD,1890,4bc619452190,21205C2,NO. 2 POWER BOILER,49,49,0,1508,0,6,51,10,2,2,2,2,2,0,6,0,29,24,4,4,0,true,1,1
21205C3A.CAD,1426,2b267a73b709,21205C3,STACK INLET FLUE GAS TEMP.,37,37,0,1086,0,3,37,5,1,1,1,1,1,0,3,0,26,11,2,2,0,true,1,1
21205C4A.CAD,9072,e0aedebe62dd,21205C4,Sheet OA,266,266,0,7858,0,118,291,63,26,1,14,14,8,5,107,0,68,203,44,40,1,true,4,1
21205C5A.CAD,1716,13277d3eef3e,21205C5,AIR HEATER OUTLET FLUE GAS TEMP,44,44,0,1346,0,4,46,8,1,2,2,2,2,0,4,0,29,18,3,3,0,true,1,1
21205C6A.CAD,5448,db657bacd1c7,21205C6,MAY BE ON RATIO CONTROL AT ANY GIVEN TIME,160,160,0,4750,0,58,179,33,14,2,10,10,7,4,55,0,56,99,17,17,0,true,3,1
21205C7A.CAD,5438,45e6c6764e6f,21205C7,PRIMARY AIR SOUTH GRATE FLOW CONTROL,161,161,0,4740,0,58,180,33,15,2,10,10,7,4,55,0,56,99,17,17,0,true,3,1
21205C8A.CAD,1942,468c90c2ef9e,21205C8,NO. 2 POWER BOILER,51,51,0,1560,0,6,53,10,2,2,2,2,2,0,6,0,31,22,4,4,0,true,1,1
21205C9A.CAD,3088,87cdd0658c4d,21205C9,O2 TRIM CONTROL,87,87,0,2608,0,25,92,21,6,2,3,3,3,1,25,0,33,38,11,11,0,true,1,1
21205D0A.CAD,4220,86aa000b2c51,21205D0,OPERATOR ADJUSTABLE O2 BIAS,121,121,0,3420,0,48,130,27,9,0,6,6,3,2,44,0,39,105,19,18,0,true,5,1
21205D1A.CAD,1400,6a167b2035ec,21205D1,FLUE GAS OXYGEN,36,36,0,1060,0,6,36,5,1,1,1,1,1,0,2,0,26,10,2,2,0,true,2,1
21205D2A.CAD,3844,774cd22c528b,21205D2,ID FAN NO. 1 CONTROL,112,112,0,3314,0,37,126,21,11,3,8,8,4,4,36,0,42,50,9,9,0,true,2,1
21205D3A.CAD,4140,ab25fbc61462,21205D3,ID FAN NO. 2 CONTROL,119,119,0,3580,0,38,135,25,11,3,9,9,5,4,37,0,44,57,10,10,0,true,2,1
21205D4A.CAD,2771,2e988887e7c6,21205D4,NO. 2 POWER BOILER,63,63,0,2078,0,14,69,18,2,4,4,4,4,0,6,0,35,24,6,6,0,true,2,1
21205D5A.CAD,2773,1b6be96d80de,21205D5,NO. 2 POWER BOILER,67,67,0,2188,0,14,73,18,2,4,4,4,4,0,6,0,39,26,6,6,0,true,2,1
21205D6A.CAD,1405,d5b3a077fcd0,21205D6,ESP 1 HEATER SYSTEM,33,33,0,978,0,5,33,4,0,1,1,1,1,0,1,0,26,3,1,1,0,true,2,1
21205D7A.CAD,1407,01c62e445168,21205D7,ESP 1 FLY-ASH LEVEL,33,33,0,978,0,5,33,4,0,1,1,1,1,0,1,0,26,3,1,1,0,true,2,1
21205D8A.CAD,3085,60810e8e9fe4,21205D8,NO. 2 POWER BOILER,71,71,0,2376,0,18,81,20,4,4,6,6,4,2,10,0,35,22,6,6,0,true,2,1
21205D9A.CAD,1405,a8ff7c8a230a,21205D9,ESP 2 HEATER SYSTEM,33,33,0,978,0,5,33,4,0,1,1,1,1,0,1,0,26,3,1,1,0,true,2,1
21205E0A.CAD,1407,2c1dbff0a306,21205E0,ESP 2 FLY-ASH LEVEL,33,33,0,978,0,5,33,4,0,1,1,1,1,0,1,0,26,3,1,1,0,true,2,1
21205E1A.CAD,2798,4c1f5d2fdd7e,21205E1,NO. 2 POWER BOILER,75,75,0,2440,0,14,85,20,4,4,6,6,4,2,14,0,35,22,6,6,0,true,1,1
21205E2A.CAD,2033,7cc42a38b202,21205E2,NO. 2 POWER BOILER,47,47,0,1476,0,9,49,10,2,2,2,2,2,0,4,0,29,21,4,4,0,true,2,1
21205E3A.CAD,1858,903953d1bb1b,21205E3,NO. 2 POWER BOILER,47,47,0,1476,0,9,49,10,2,2,2,2,2,0,4,0,29,21,4,4,0,true,2,1
21205E4A.CAD,2033,a19e48acbb44,21205E4,NO. 2 POWER BOILER,47,47,0,1476,0,9,49,10,2,2,2,2,2,0,4,0,29,22,4,4,0,true,2,1
21205E5A.CAD,2033,aae58f1fa629,21205E5,NO. 2 POWER BOILER,47,47,0,1476,0,9,49,10,2,2,2,2,2,0,4,0,29,22,4,4,0,true,2,1
21205E6A.CAD,2201,09e3d8744d4a,21205E6,MILL EXPANSION,48,48,0,1572,0,14,54,13,3,3,4,4,3,1,9,0,21,21,6,6,0,true,2,1
21205E7A.CAD,2351,c800738ad945,21205E7,MILL EXPANSION,51,51,0,1722,0,11,57,16,3,3,4,4,3,1,9,0,21,21,6,6,0,true,2,1
21205E8A.CAD,2517,2ffa5f73dac6,21205E8,PRI AIR MTR WINDING TEMP,58,58,0,1852,0,14,62,15,3,3,3,3,3,0,6,0,32,33,6,6,0,true,2,1
21205E9A.CAD,2017,48f0d9bdff07,21205E9,PRI AIR MTR BRG TEMP,47,47,0,1456,0,10,49,10,2,2,2,2,2,0,4,0,29,22,4,4,0,true,2,1
21205F0A.CAD,2017,6f03e049a450,21205F0,PRI AIR FAN BRG TEMP,47,47,0,1456,0,10,49,10,2,2,2,2,2,0,4,0,29,22,4,4,0,true,2,1
21205F1A.CAD,2513,6717114cf728,21205F1,SEC AIR MTR WINDING TEMP,59,59,0,1882,0,14,63,15,3,3,3,3,3,0,6,0,33,33,6,6,0,true,2,1
21205F2A.CAD,2031,94c7bd2e828a,21205F2,NO. 2 POWER BOILER,47,47,0,1470,0,9,49,10,2,2,2,2,2,0,4,0,29,22,4,4,0,true,2,1
21205F3A.CAD,2031,4c476c936de0,21205F3,NO. 2 POWER BOILER,47,47,0,1470,0,9,49,10,2,2,2,2,2,0,4,0,29,22,4,4,0,true,2,1
21205F4A.CAD,2515,bc94b17b7d6d,21205F4,NO1 ID MTR WINDING TEMP,58,58,0,1854,0,14,62,15,3,3,3,3,3,0,6,0,32,33,6,6,0,true,2,1
21205F5A.CAD,2017,f01a04c33936,21205F5,NO1 ID MTR BRG TEMP,47,47,0,1456,0,10,49,10,2,2,2,2,2,0,4,0,29,22,4,4,0,true,2,1
21205F6A.CAD,2017,c8725a569f78,21205F6,NO1 ID FAN BRG TEMP,47,47,0,1456,0,10,49,10,2,2,2,2,2,0,4,0,29,22,4,4,0,true,2,1
21205F7A.CAD,2513,c7345bb68f9f,21205F7,NO2 ID MTR WINDING TEMP,58,58,0,1852,0,14,62,15,3,3,3,3,3,0,6,0,32,33,6,6,0,true,2,1
21205F8A.CAD,2017,8f64489adc29,21205F8,NO2 ID MTR BRG TEMP,51,51,0,1560,0,12,53,12,2,2,2,2,2,0,6,0,29,28,6,6,0,true,2,1
21205F9A.CAD,2017,102dbb1b5cc9,21205F9,NO2 ID FAN BRG TEMP,47,47,0,1456,0,10,49,10,2,2,2,2,2,0,4,0,29,22,4,4,0,true,2,1
21205G0A.CAD,2031,733bd3f44648,21205G0,NO. 2 POWER BOILER,47,47,0,1474,0,9,49,10,2,2,2,2,2,0,4,0,29,20,4,4,0,true,2,1
21205G1A.CAD,2033,07ae86fad6d1,21205G1,NO. 2 POWER BOILER,47,47,0,1476,0,9,49,10,2,2,2,2,2,0,4,0,29,20,4,4,0,true,2,1
21205G2A.CAD,2900,e4b3109a743b,21205G2,MILL EXPANSION,75,75,0,2402,0,21,85,20,2,4,7,7,2,3,16,0,35,40,9,7,0,true,4,1
21205G3A.CAD,2183,b04d90e4f1ab,21205G3,FUEL OIL TANK LEVEL,51,51,0,1578,0,12,55,8,3,2,3,3,2,1,9,0,29,24,2,2,0,true,2,1
21205G4A.CAD,2648,e1e87f1a0f99,21205G4,FUEL OIL TANK LEVEL,71,71,0,2182,0,20,81,14,5,2,6,6,2,4,20,0,30,37,5,5,0,true,1,1
21205G5A.CAD,3868,d8246e96b580,21205G5,BOILER MAIN SAFETY SYSTEM,124,124,0,3514,0,49,125,6,1,0,2,2,0,1,7,0,108,12,5,4,0,true,3,1
21205G6A.CAD,1816,80decd867d69,21205G6,BOILER MAIN SAFETY SYSTEM,51,51,0,1462,0,13,52,6,1,0,2,2,0,1,7,0,35,12,5,4,0,true,3,1
21205H1A.CAD,2758,6b11441ebcd7,21205H1A,PRIMARY AIR FLOW CONTROL,75,75,0,2274,0,22,85,14,6,3,6,6,2,4,22,0,31,40,5,5,0,true,1,1
21205H7A.CAD,1314,8a9023aeeb0d,21205H7,MILL EXPANSION,32,32,0,1006,0,3,34,5,1,1,2,2,1,1,3,0,21,4,1,1,1,true,1,1
21205H8A.CAD,1670,c221c5bb98a1,21205H8,MILL EXPANSION,41,41,0,1324,0,5,45,9,1,2,3,3,2,1,5,0,24,14,3,3,1,true,1,1
21205H9A.CAD,2136,50183ff7791c,21205H9,MILL EXPANSION,56,56,0,1708,0,16,62,12,4,2,4,4,1,3,16,0,22,27,6,6,0,true,1,1
21205I0A.CAD,2990,2b38a42cd517,21205I0,MILL EXPANSION,85,85,0,2490,0,30,89,21,6,2,3,3,2,1,29,0,27,42,13,13,0,true,2,1
21205I1A.CAD,2564,991ee329ac8e,21205I1,MILL EXPANSION,71,71,0,2100,0,23,73,17,6,2,2,2,1,1,20,0,26,34,10,10,0,true,3,1
21205I2A.CAD,2588,d434a9bf42a6,21205I2,NO 1 HYDR PUMP INTERLOCK,70,70,0,2236,0,15,78,17,3,4,5,5,4,1,14,0,34,16,3,3,0,true,2,1
21205I3A.CAD,4880,452e1c48cb43,21205I3,SOLID FUEL HYDRAULIC OIL PUMP 1,139,139,0,4324,0,48,155,39,10,6,9,9,6,3,48,0,40,61,18,18,0,true,1,1
21205I4A.CAD,5326,9bd3e13a0be9,21205I4,PRESET NUMBER OF CYCLES OF THE PISTON,143,143,0,4830,0,41,171,43,8,7,15,15,10,5,40,0,50,57,14,14,0,true,2,1
21205I5A.CAD,6674,31df0137e1e6,21205I5,SOLID FUEL HYDRAULIC OIL PUMP 1,192,192,0,6042,0,67,223,57,15,8,16,16,10,6,66,0,53,88,26,26,0,true,2,1
21205I6A.CAD,3547,a27e696c0f6b,21205I6,SOLID FUEL HYDRAULIC OIL PUMP 1,82,82,0,2690,0,24,96,22,1,3,8,8,6,2,14,0,43,48,7,7,0,true,4,1
21205I7A.CAD,2588,049bf662f2ef,21205I7,NO 2 HYDR PUMP INTERLOCK,70,70,0,2236,0,15,78,17,3,4,5,5,4,1,14,0,34,16,3,3,0,true,2,1
21205I8A.CAD,4876,d740d6c2e306,21205I8,SOLID FUEL HYDRAULIC OIL PUMP 2,139,139,0,4320,0,48,155,39,10,6,9,9,6,3,48,0,40,61,18,18,0,true,1,1
21205I9A.CAD,5124,fc8a2328ca43,21205I9,PRESET NUMBER OF CYCLES OF THE PISTON,138,138,0,4666,0,40,166,42,7,7,15,15,10,5,38,0,49,54,13,13,0,true,2,1
21205J0A.CAD,6602,b7a7a6c0bd42,21205J0,SOLID FUEL HYDRAULIC OIL PUMP 2,188,188,0,5994,0,63,217,58,13,8,15,15,11,5,63,0,52,86,26,26,0,true,1,1
21205J1A.CAD,3032,0c506dc08a57,21205J1,SOLID FUEL HYDRAULIC OIL PUMP 2,77,77,0,2554,0,17,91,22,1,3,8,8,6,2,15,0,37,48,7,7,0,true,3,1
21205J2A.CAD,2322,16c443c8a1b6,21205J2,HYDRAULIC OIL PUMP 1 COOLING FAN,63,63,0,1950,0,15,69,15,2,2,4,4,3,1,14,0,30,24,6,6,0,true,2,1
21205J3A.CAD,3568,e07ea87fdd66,21205J3,HYDRAULIC OIL PUMP 1 COOLING FAN,102,102,0,3058,0,34,110,27,6,3,5,5,4,1,33,0,34,47,14,14,0,true,2,1
21205J4A.CAD,2330,b918177af014,21205J4,HYDRAULIC OIL PUMP 2 COOLING FAN,63,63,0,1958,0,15,69,15,2,2,4,4,3,1,14,0,30,23,6,6,0,true,2,1
21205J5A.CAD,3566,16c9abe8d43a,21205J5,HYDRAULIC OIL PUMP 2 COOLING FAN,102,102,0,3056,0,34,110,27,6,3,5,5,4,1,33,0,34,48,14,14,0,true,2,1
21205J6A.CAD,2178,62605c24f9fb,21205J6,NO. 1 COAL CHAIN FEEDER,60,60,0,1832,0,15,68,11,3,1,5,5,4,1,14,0,30,14,3,3,0,true,2,1
21205J7A.CAD,3798,952aa70452ea,21205J7,NO. 1 COAL CHAIN FEEDER,110,110,0,3284,0,38,120,27,9,3,6,6,3,3,38,0,34,48,14,14,1,true,1,1
21205J8A.CAD,2325,81cb9395a35d,21205J8,NO. 1 COAL CHAIN FDR COOLING FAN,53,53,0,1722,0,13,59,12,1,2,4,4,3,1,7,0,31,23,4,4,0,true,2,1
21205J9A.CAD,2447,ede4746b24b1,21205J9,NO. 2 COAL CHAIN FEEDER,57,57,0,1790,0,16,65,11,3,1,5,5,4,1,11,0,30,14,3,3,0,true,3,1
21205K0A.CAD,3920,cc0fc277b6d9,21205K0,NO. 2 COAL CHAIN FEEDER,114,114,0,3396,0,41,124,29,9,3,6,6,3,3,40,0,34,51,15,15,1,true,2,1
21205K1A.CAD,1135,9b51cb2cf964,21205K1,MILL EXPANSION,24,24,0,758,0,4,24,4,0,1,1,1,1,0,1,0,17,7,1,1,0,true,2,1
21205K2A.CAD,3850,2c9056c4b625,21205K2,NO. 2 COAL CHAIN FDR COOLING FAN,116,116,0,3308,0,45,122,27,11,2,4,4,3,1,44,0,32,52,17,17,0,true,2,1
21205K3A.CAD,2383,42aba2977806,21205K3,SAND BIN AIR LOCK FEEDER,56,56,0,1666,0,17,60,8,7,1,3,3,2,1,12,0,27,10,2,2,0,true,3,1
21205K4A.CAD,3433,15451357b692,21205K4,SAND BIN AIR LOCK FEEDER,82,82,0,2638,0,29,92,22,5,3,6,6,4,2,21,0,32,40,10,10,0,true,2,1
21205K5A.CAD,3326,69f931e13f26,21205K5,NO. 1 FUEL CHAIN FEEDER,93,93,0,2872,0,29,107,25,2,3,8,8,7,1,27,0,37,45,13,13,0,true,2,1
21205K6A.CAD,4302,7c5684ec5df3,21205K6,NO. 1 FUEL CHAIN FEEDER,119,119,0,3792,0,40,135,34,9,5,9,9,4,5,39,0,35,50,14,14,1,true,2,1
21205K8A.CAD,2068,ffc87b5cfe06,21205K8,NO. 1 FUEL CHAIN FDR COOLING FAN,52,52,0,1680,0,8,58,12,1,2,4,4,3,1,8,0,29,22,4,4,0,true,1,1
21205K9A.CAD,3498,f46cb910312e,21205K9,NO. 2 FUEL CHAIN FEEDER,98,98,0,3044,0,32,114,26,4,3,9,9,7,2,30,0,36,46,13,13,0,true,2,1
21205L0A.CAD,3926,b817ac5d0dbf,21205L0,NO. 2 FUEL CHAIN FEEDER,110,110,0,3424,0,38,122,29,9,3,7,7,3,4,37,0,33,46,13,13,1,true,2,1
21205L1A.CAD,2068,af45ea5c655a,21205L1,NO. 2 FUEL CHAIN FDR COOLING FAN,52,52,0,1680,0,8,58,12,1,2,4,4,3,1,8,0,29,22,4,4,0,true,1,1
21205L2A.CAD,3191,67c062f6d646,21205L2,NO. 1 BARK BIN FLOW EQUALIZER,78,78,0,2452,0,29,84,21,4,3,4,4,3,1,20,0,31,38,10,10,0,true,3,1
21205L3A.CAD,3191,e703181aba64,21205L3,NO. 2 BARK BIN FLOW EQUALIZER,79,79,0,2480,0,29,85,21,4,3,4,4,3,1,20,0,32,38,10,10,0,true,3,1
21205L4A.CAD,3231,f67cb50a9b7e,21205L4,NO. 1 FUEL CHAIN FLOW EQUALIZER,78,78,0,2458,0,29,84,21,4,3,4,4,3,1,20,0,31,38,10,10,0,true,3,1
21205L5A.CAD,2966,e57defd2c096,21205L5,NO. 2 FUEL CHAIN FLOW EQUALIZER,81,81,0,2496,0,25,87,21,4,3,4,4,3,1,24,0,30,38,10,10,0,true,2,1
21205L6A.CAD,2146,1c3d474d3211,21205L6,NO. 1A FUEL FEED AIR LOCK,64,64,0,1808,0,21,68,8,7,1,3,3,2,1,20,0,27,10,2,2,0,true,2,1
21205L7A.CAD,5254,6d3d16d026dd,21205L7,NO. 1A FUEL FEED AIR LOCK,158,158,0,4628,0,60,176,41,14,2,10,10,5,5,60,0,41,86,27,27,0,true,1,1
21205L8A.CAD,8358,7c7e50492cfb,21205L8,NO. 1A FUEL FEED AIR LOCK,241,241,0,7528,0,96,277,71,23,9,19,19,12,7,96,0,49,126,34,34,1,true,1,1
21205L9A.CAD,2389,908e80e6a0b0,21205L9,NO. 1B FUEL FEED AIR LOCK,54,54,0,1648,0,17,58,9,5,1,3,3,2,1,11,0,27,10,2,2,0,true,3,1
21205M0A.CAD,5224,d5477dcb860a,21205M0,NO. 1B FUEL FEED AIR LOCK,157,157,0,4598,0,60,175,41,14,2,10,10,5,5,60,0,40,86,27,27,0,true,1,1
21205M1A.CAD,8372,a395fa3ce3f9,21205M1,NO. 1B FUEL FEED AIR LOCK,242,242,0,7542,0,96,278,71,23,9,19,19,12,7,96,0,50,126,34,34,1,true,1,1
21205M2A.CAD,2421,cdb5272eaa83,21205M2,NO. 2A FUEL FEED AIR LOCK,53,53,0,1622,0,17,57,9,5,1,3,3,2,1,11,0,26,10,2,2,0,true,3,1
21205M3A.CAD,5094,82c4f399d2aa,21205M3,NO. 2A FUEL FEED AIR LOCK,151,151,0,4468,0,60,169,41,14,2,10,10,5,5,60,0,34,86,27,27,0,true,1,1
21205M4A.CAD,8340,2205dfd8658e,21205M4,NO. 2A FUEL FEED AIR LOCK,239,239,0,7510,0,96,275,72,23,9,19,19,12,7,96,0,46,126,34,34,1,true,1,1
21205M5A.CAD,2389,0413a3189b26,21205M5,NO. 2B FUEL FEED AIR LOCK,56,56,0,1692,0,17,60,8,7,1,3,3,2,1,12,0,27,10,2,2,0,true,3,1
21205M6A.CAD,5106,22c9a202d2ab,21205M6,NO. 2B FUEL FEED AIR LOCK,151,151,0,4480,0,60,169,41,14,2,10,10,5,5,60,0,34,86,27,27,0,true,1,1
21205M7A.CAD,8318,013a4f202e54,21205M7,NO. 2B FUEL FEED AIR LOCK,238,238,0,7488,0,96,274,71,23,9,19,19,12,7,96,0,46,127,34,34,1,true,1,1
21205M8A.CAD,2173,6ae927972baf,21205M8,NO. 1A FUEL FEED SCREW FEEDER,52,52,0,1488,0,15,54,5,8,0,2,2,1,1,12,0,25,9,2,2,0,true,3,1
21205M9A.CAD,7488,fabb5b7a243c,21205M9,MILL EXPANSION,218,218,0,6668,0,87,242,64,21,9,13,13,8,5,87,0,44,118,33,33,1,true,1,1
21205N0A.CAD,2173,a0c0108727a4,21205N0,NO. 1B FUEL FEED SCREW FEEDER,52,52,0,1488,0,15,54,5,8,0,2,2,1,1,12,0,25,9,2,2,0,true,3,1
21205N1A.CAD,7520,c5e57e9274e8,21205N1,NO. 1B FUEL FEED SCREW FEEDER,219,219,0,6700,0,87,243,64,21,9,13,13,8,5,87,0,45,119,33,33,0,true,1,1
21205N2A.CAD,2173,5354d40d5332,21205N2,NO. 2A FUEL FEED SCREW FEEDER,52,52,0,1488,0,15,54,5,8,0,2,2,1,1,12,0,25,9,2,2,0,true,3,1
21205N3A.CAD,7522,0812a522966e,21205N3,NO. 2A FUEL FEED SCREW FEEDER,219,219,0,6702,0,87,243,64,21,9,13,13,8,5,87,0,45,119,33,33,0,true,1,1
21205N4A.CAD,2173,971559a94f14,21205N4,NO. 2B FUEL FEED SCREW FEEDER,52,52,0,1484,0,15,54,5,8,0,2,2,1,1,12,0,25,9,2,2,0,true,3,1
21205N5A.CAD,7564,b8a17f799ef4,21205N5,USED FOR DO8-40B/282LE-M117,220,220,0,6744,0,87,244,64,21,9,13,13,8,5,87,0,46,119,33,33,1,true,1,1
21205N6A.CAD,2314,4a13879ff381,21205N6,THIS CONNECTION SHOULD NOT USE ANYMORE,67,67,0,1976,0,21,71,8,7,1,3,3,2,1,20,0,30,10,2,2,0,true,2,1
21205N7A.CAD,3479,920cd9399674,21205N7,BOILER BANK AIR LOCK FEEDER,82,82,0,2650,0,29,92,22,5,3,6,6,4,2,21,0,32,40,10,10,0,true,2,1
21205N8A.CAD,2389,20f0e8070582,21205N8,BOILER BANK ASH SCREW CONV,56,56,0,1692,0,17,60,8,7,1,3,3,2,1,12,0,27,10,2,2,0,true,3,1
21205N9A.CAD,3082,7aa61db721fa,21205N9,BOILER BANK ASH SCREW CONV,83,83,0,2612,0,26,93,22,5,3,6,6,4,2,26,0,28,40,10,10,0,true,1,1
21205O0A.CAD,2133,4e022c9d7c59,21205O0,NORTH ESP ASH SCREW CONVEYOR,48,48,0,1464,0,13,52,7,4,1,3,3,2,1,8,0,27,6,1,1,0,true,3,1
21205O1A.CAD,3158,4acc381c3235,21205O1,NORTH ESP ASH SCREW CONVEYOR,86,86,0,2688,0,26,96,22,5,3,6,6,4,2,26,0,31,40,10,10,0,true,1,1
21205O2A.CAD,2449,7c4a657406bf,21205O2,SOUTH ESP ASH SCREW CONVEYOR,57,57,0,1722,0,18,61,8,7,1,3,3,2,1,12,0,28,10,2,2,0,true,4,1
21205O3A.CAD,3623,7e2c90bbc6b0,21205O3,SOUTH ESP ASH SCREW CONVEYOR,85,85,0,2764,0,31,97,23,5,3,7,7,4,3,22,0,33,41,10,10,0,true,3,1
21205O4A.CAD,2783,cddd51c64dfd,21205O4,MILL EXPANSION,60,60,0,2072,0,21,69,19,3,3,5,5,5,1,16,0,20,32,7,7,0,true,2,1
21205O5A.CAD,2133,3df8637525ac,21205O5,NORTH ESP ASH SCREW CONVEYOR,50,50,0,1510,0,14,54,7,5,1,3,3,2,1,9,0,27,6,1,1,0,true,3,1
21205O6A.CAD,3437,f50361a4829a,21205O6,NORTH ESP ASH SCREW CONVEYOR,83,83,0,2670,0,29,93,22,5,3,6,6,4,2,21,0,33,40,10,10,0,true,2,1
21205O7A.CAD,2391,71dea876c53d,21205O7,SOUTH ESP ASH SCREW CONVEYOR,56,56,0,1682,0,17,60,8,7,1,3,3,2,1,12,0,27,10,2,2,0,true,3,1
21205O8A.CAD,3441,bd676dc25d35,21205O8,SOUTH ESP ASH SCREW CONVEYOR,82,82,0,2646,0,29,92,22,5,3,6,6,4,2,21,0,32,40,10,10,0,true,2,1
21205O9A.CAD,3328,a13388700677,21205O9,ASH SLURRY MIXING AGITATOR,91,91,0,2822,0,31,100,25,5,3,6,6,2,3,29,0,30,44,13,12,1,true,3,1
21205P0A.CAD,2471,6aeec5979f42,21205P0,ASH SLURRY PUMP NO.1,57,57,0,1686,0,18,61,8,7,1,3,3,2,1,13,0,27,10,2,2,0,true,3,1
21205P1A.CAD,5063,034abe352261,21205P1,ASH SLURRY PUMP NO.1,130,130,0,4122,0,55,142,41,10,6,7,7,5,2,40,0,37,66,21,21,0,true,3,1
21205P2A.CAD,2471,062e5da26fd9,21205P2,ASH SLURRY PUMP NO.2,55,55,0,1656,0,17,59,8,7,1,3,3,2,1,12,0,26,10,2,2,0,true,3,1
21205P3A.CAD,4791,acfeb7790fa7,21205P3,ASH SLURRY PUMP NO.2,130,130,0,4054,0,48,142,36,10,6,7,7,5,2,37,0,45,59,18,18,0,true,3,1
21205P4A.CAD,2423,a9fbd30e7698,21205P4,ASH RECIRC CHAIN CONV,57,57,0,1696,0,18,61,8,7,1,3,3,2,1,13,0,27,10,2,2,1,true,3,1
21205P5A.CAD,3392,7e06c5e82951,21205P5,NOW USED FOR 282HS-M305A,93,93,0,2902,0,31,102,24,6,3,6,6,2,3,29,0,32,42,12,11,0,true,3,1
21205P6A.CAD,2509,a8012aaf4cc8,21205P6,SOLID FUEL FEEDING PERMITTED,60,60,0,1768,0,18,66,8,7,0,4,4,3,1,15,0,28,13,3,3,0,true,3,1
21205P7A.CAD,3427,783b48186c1c,21205P7,ASH RECIR ELEVATOR,82,82,0,2632,0,29,92,22,5,3,6,6,4,2,21,0,32,40,10,10,0,true,2,1
21205P8A.CAD,2497,0f87b1710b6d,21205P8,MAIN ESP SCREW CONVEYOR,62,62,0,1828,0,18,66,10,8,1,3,3,2,1,15,0,27,14,4,4,0,true,3,1
21205P9A.CAD,3467,50d1d58be3fc,21205P9,MAIN ESP SCREW CONVEYOR,82,82,0,2638,0,29,92,22,5,3,6,6,4,2,21,0,32,40,10,10,0,true,2,1
21205Q0A.CAD,3445,5d596f6b4e7d,21205Q0,NORTH ESP NO.1 AIR LOCK FEEDER,82,82,0,2642,0,30,90,23,4,4,5,5,4,1,20,0,33,39,10,10,0,true,2,1
21205Q1A.CAD,3411,9271f0150404,21205Q1,NORTH ESP NO.2 AIR LOCK FEEDER,83,83,0,2672,0,30,91,23,4,4,5,5,4,1,20,0,34,39,10,10,0,true,2,1
21205Q2A.CAD,3395,10cd19d58800,21205Q2,NORTH ESP NO.3 AIR LOCK FEEDER,81,81,0,2592,0,28,89,22,4,4,5,5,4,1,20,0,33,39,10,10,0,true,2,1
21205Q3A.CAD,3335,1a1170fca8b9,21205Q3,NORTH ESP NO.4 AIR LOCK FEEDER,80,80,0,2566,0,28,88,22,4,4,5,5,4,1,20,0,32,39,10,10,0,true,2,1
21205Q4A.CAD,3409,e4894c2d0ac5,21205Q4,SOUTH ESP NO.1 AIR LOCK FEEDER,82,82,0,2640,0,30,90,23,4,4,5,5,4,1,20,0,33,39,10,10,0,true,2,1
21205Q5A.CAD,3445,b40d26d57d16,21205Q5,SOUTH ESP NO.2 AIR LOCK FEEDER,82,82,0,2642,0,30,90,23,4,4,5,5,4,1,20,0,33,39,10,10,0,true,2,1
21205Q6A.CAD,3411,2c41bb53733c,21205Q6,SOUTH ESP NO.3 AIR LOCK FEEDER,83,83,0,2672,0,30,91,23,4,4,5,5,4,1,20,0,34,39,10,10,0,true,2,1
21205Q7A.CAD,3413,f3c777784f64,21205Q7,SOUTH ESP NO. 4 AIR LOCK FEEDER,82,82,0,2644,0,30,90,23,4,4,5,5,4,1,20,0,33,39,10,10,0,true,2,1
21205Q8A.CAD,2919,21859c6eb1c4,21205Q8,MILL EXPANSION,72,72,0,2216,0,24,76,19,5,3,3,3,2,1,18,0,28,34,9,9,0,true,3,1
21205Q9A.CAD,4078,66e54aa2184d,21205Q9,MILL EXPANSION,116,116,0,3546,0,39,126,32,9,5,6,6,6,1,39,0,33,55,16,16,0,true,1,1
21205R0A.CAD,4788,171219a599dd,21205R0,PRIMARY AIR FAN,129,129,0,4292,0,43,157,40,4,4,16,16,11,3,36,0,47,54,17,15,0,true,4,1
21205R1A.CAD,4512,c1bd6624ee51,21205R1,STOP 282HS-M301 MUST BE BY PASS TO 282HS-M223A / 224A,127,127,0,3974,0,43,141,35,9,5,8,8,3,5,42,0,39,58,16,16,0,true,2,1
21205R2A.CAD,4178,f082d28f15bf,21205R2,SECONDARY AIR FAN,110,110,0,3720,0,31,138,33,4,4,16,16,11,3,29,0,42,44,13,11,0,true,2,1
21205R3A.CAD,5606,ddc4e9e83983,21205R3,STOP 282HS-M306 MUST BE BY PASS TO 282HS-M223A / 224A,155,155,0,5030,0,54,182,45,12,5,15,15,4,10,51,0,45,70,20,19,0,true,4,1
21205R4A.CAD,5830,a57d7531c9b3,21205R4,NO. 2 POWER BOILER,164,164,0,5316,0,51,192,51,11,9,15,15,11,4,49,0,51,75,18,18,0,true,2,1
21205R5A.CAD,3920,584bb1b97963,21205R5,NO. 2 POWER BOILER,112,112,0,3428,0,41,126,30,7,3,9,9,5,2,38,0,35,46,16,14,0,true,3,1
21205R6A.CAD,5028,cb412aec71f7,21205R6,NO. 2 POWER BOILER,142,142,0,4472,0,51,162,40,12,5,11,11,4,7,50,0,38,65,18,18,0,true,2,1
21205R7A.CAD,3962,bc9f05f42766,21205R7,NO. 2 POWER BOILER,113,113,0,3470,0,40,127,30,8,3,9,9,5,2,37,0,36,46,16,14,0,true,3,1
21205R8A.CAD,4854,2b98c2469db1,21205R8,NO. 2 POWER BOILER,137,137,0,4298,0,50,158,40,11,5,11,11,4,7,49,0,36,65,18,18,0,true,2,1
21205R9A.CAD,3061,7ffd2d62fcbc,21205R9,NORTH ESP INLET DAMPER,73,73,0,2370,0,24,81,20,3,4,5,5,5,0,13,0,35,29,6,6,0,true,3,1
21205S0A.CAD,6438,7002c8ec2c1e,21205S0,NORTH ESP INLET DAMPER,183,183,0,5714,0,68,204,57,14,8,11,11,9,3,66,0,44,101,27,27,0,true,3,1
21205S1A.CAD,3061,906785933177,21205S1,NORTH ESP OUTLET DAMPER,78,78,0,2520,0,24,86,20,3,4,5,5,5,0,13,0,40,29,6,6,0,true,3,1
21205S2A.CAD,6482,6f495aa6ce9b,21205S2,NORTH ESP OUTLET DAMPER,184,184,0,5758,0,68,205,57,14,8,11,11,9,3,66,0,45,101,27,27,0,true,3,1
21205S3A.CAD,3065,65346020d410,21205S3,NORTH ESP ID OUTLET DAMPER,73,73,0,2374,0,24,81,20,3,4,5,5,5,0,13,0,35,29,6,6,0,true,3,1
21205S4A.CAD,6424,ffdbcc9a8e8c,21205S4,NORTH ESP ID OUTLET DAMPER,182,182,0,5700,0,68,203,57,14,8,11,11,9,3,66,0,43,101,27,27,0,true,3,1
21205S5A.CAD,2840,2e8147550dd0,21205S5,ESP BYPASS DAMPER,76,76,0,2414,0,17,84,20,3,4,5,5,5,0,16,0,35,29,6,6,0,true,2,1
21205S6A.CAD,5260,e64b576f167f,21205S6,ESP BYPASS DAMPER,149,149,0,4682,0,51,165,47,10,8,9,9,6,3,50,0,40,67,20,20,0,true,2,1
21205S7A.CAD,3061,346643152b82,21205S7,SOUTH ESP INLET DAMPER,73,73,0,2370,0,24,81,20,3,4,5,5,5,0,13,0,35,29,6,6,0,true,3,1
21205S8A.CAD,6464,d8d2df1cb197,21205S8,TORQUE CLOSE,184,184,0,5740,0,68,205,57,14,8,11,11,9,3,66,0,45,101,27,27,0,true,3,1
21205S9A.CAD,2846,3061f9c86712,21205S9,SOUTH ESP OUTLET DAMPER,76,76,0,2420,0,17,84,20,3,4,5,5,5,0,16,0,35,29,6,6,0,true,2,1
21205T0A.CAD,6514,9a8ffd86fa69,21205T0,TORQUE CLOSE,186,186,0,5790,0,68,207,57,14,8,11,11,9,3,66,0,47,106,27,27,0,true,3,1
21205T1A.CAD,3063,e319da97c820,21205T1,SOUTH ESP ID OUTLET DAMPER,73,73,0,2374,0,24,81,20,3,4,5,5,5,0,13,0,35,29,6,6,0,true,3,1
21205T2A.CAD,6624,aca41d22f15f,21205T2,SOUTH ESP ID OUTLET DAMPER,190,190,0,5886,0,72,211,58,16,8,11,11,9,3,70,0,44,103,28,28,0,true,3,1
21205T3A.CAD,2917,8b8e9cc88c1b,21205T3,GAS RECIR SHUTOFF DAMPER,66,66,0,2198,0,19,74,19,2,4,5,5,5,0,9,0,34,24,6,6,0,true,2,1
21205T4A.CAD,4536,6c75d90cdfa5,21205T4,GAS RECIR SHUTOFF DAMPER,130,130,0,3994,0,45,142,37,10,6,7,7,4,3,44,0,37,58,16,16,0,true,2,1
21205T5A.CAD,5038,1d865dabb0d9,21205T5,ESP 1 MAIN POWER,145,145,0,4422,0,56,164,42,9,3,10,10,9,2,55,0,37,81,24,24,0,true,2,1
21205T6A.CAD,6132,fa1b00a5a833,21205T6,NO. 2 POWER BOILER,179,179,0,5498,0,71,205,51,16,5,14,14,7,7,68,0,42,89,26,26,0,true,3,1
21205T7A.CAD,2716,d77a2815f442,21205T7,NO. 2 POWER BOILER,73,73,0,2256,0,19,79,19,3,3,4,4,3,1,19,0,30,36,9,9,0,true,1,1
21205T8A.CAD,2722,67b5dbfc3f2b,21205T8,ESP 1 GIRDER HEATER,73,73,0,2262,0,19,79,19,3,3,4,4,3,1,19,0,30,36,9,9,0,true,1,1
21205T9A.CAD,5136,24f3b49816e2,21205T9,ESP 2 MAIN POWER,148,148,0,4520,0,56,167,43,9,3,10,10,9,2,55,0,39,81,24,24,0,true,2,1
21205U0A.CAD,6146,eb0fa3ad51fb,21205U0,NO. 2 POWER BOILER,180,180,0,5512,0,71,206,51,16,5,14,14,7,7,68,0,43,93,26,26,0,true,3,1
21205U1A.CAD,2943,29487f24c7ba,21205U1,NO. 2 POWER BOILER,70,70,0,2214,0,24,76,19,3,3,4,4,3,1,16,0,30,35,9,9,0,true,2,1
21205U2A.CAD,2953,27580243f704,21205U2,ESP 2 GIRDER HEATER,70,70,0,2224,0,24,76,19,3,3,4,4,3,1,16,0,30,36,9,9,0,true,2,1
21205U3A.CAD,3698,2117666618fa,21205U3,USED FOR 282HS-M117,103,103,0,3178,0,33,112,29,6,4,5,5,4,2,32,0,34,46,14,14,2,true,2,1
21205U4A.CAD,3692,5a2deadb3628,21205U4,MILL EXPANSION,103,103,0,3164,0,34,112,30,6,4,5,5,4,2,33,0,32,49,15,15,1,true,2,1
21205U5A.CAD,1602,75fbdda85c9b,21205U5,MILL EXPANSION,41,41,0,1222,0,7,44,5,1,2,3,3,2,0,6,0,27,15,3,2,0,true,2,1
21205U6A.CAD,2512,0e469d93c368,21205U6,ESP 2 GIRDER HEATER,64,64,0,2078,0,16,74,15,2,3,6,6,5,1,14,0,31,29,6,6,0,true,2,1
21205U7A.CAD,1624,fadf1d52b5d5,21205U7A,AIRLOCK FEEDER INTERLOCK,34,34,0,1278,0,10,44,16,0,3,5,5,4,1,9,0,9,15,4,4,0,true,2,1
21205U8A.CAD,3190,da555a768a65,21205U8A,NO.3 FUEL FEEDER AIR LOCK,83,83,0,2678,0,35,101,27,8,5,9,9,5,4,35,0,13,47,12,12,1,true,1,1
21205U9A.CAD,1668,b1f3b313c94d,21205U9A,EQUALIZING BIN,36,36,0,1242,0,14,44,16,1,3,4,4,2,2,13,0,6,26,7,7,1,true,2,1
21205V1A.CAD,3272,48ff1ea6a7b3,21205V1A,MILL EXPANSION,81,81,0,2860,0,18,101,24,9,8,11,11,2,9,16,0,30,34,5,5,0,true,2,1
21205V2A.CAD,3612,5e49194fafd8,21205V2A,MILL EXPANSION,97,97,0,3198,0,28,117,29,8,7,11,11,1,10,28,0,30,40,10,10,0,true,1,1
21205V3A.CAD,1770,526f1287df89,21205V3A,NO.2A FUEL FEEDER AIR LOCK,39,39,0,1414,0,12,49,17,1,3,5,5,4,1,11,0,10,17,5,5,0,true,2,1
21205V4A.CAD,3554,67916e711b1f,21205V4A,,96,96,0,2994,0,45,114,31,11,5,9,9,4,5,44,0,10,55,15,15,1,true,2,1
21205V5A.CAD,1244,de5e74ad1d30,21205V5A,LUB OIL COOLER,24,24,0,832,0,7,28,7,0,3,3,3,2,1,7,0,8,21,4,4,0,true,1,1
21205Z0A.CAD,9906,16505f0b8b24,21205Z0,MILL EXPANSION,239,239,0,7936,0,104,241,103,35,0,2,2,2,0,75,0,24,240,98,71,0,true,3,1
21205Z1A.CAD,8680,c8caf6145368,21205Z1A,MILL EXPANSION,242,242,0,6704,0,92,245,87,41,2,2,2,2,0,90,0,23,319,82,82,0,true,2,1
21205Z2A.CAD,4626,b7b360514642,21205Z2,MILL EXPANSION,148,148,0,3996,0,70,158,36,17,3,6,6,6,0,70,0,23,75,30,30,0,true,1,1
21205Z3A.CAD,1909,01ecdff95b6b,21205Z3,MILL EXPANSION,46,46,0,1362,0,13,48,7,4,1,2,2,1,1,9,0,24,23,2,2,0,true,3,1
21205Z4A.CAD,3320,028195b10c6b,21205Z4,MILL EXPANSION,99,99,0,2638,0,33,97,28,14,0,0,0,0,0,33,0,22,76,26,26,0,true,1,1
21205Z5A.CAD,6492,4caf04795d4f,21205Z5,MILL EXPANSION,171,171,0,5694,0,59,223,59,1,0,27,27,25,2,59,0,50,121,32,32,0,true,1,1
21205Z6A.CAD,2044,da75f7c0fda6,21205Z6A,MILL EXPANSION,51,51,0,1626,0,4,57,12,0,4,4,4,4,0,4,0,33,28,4,4,0,true,1,1
2150200A.CAD,398,52120262e054,2150200A,,2,2,0,70,0,0,2,2,0,0,0,0,0,0,0,0,0,5,1,1,0,true,0,1
2150201A.CAD,640,87e647230c1e,2150201A,WL Transfer Pump To Dig,8,8,0,326,0,2,11,3,0,0,2,2,0,1,1,0,4,1,1,0,0,true,2,1
2150202A.CAD,922,2fb4209027ab,2150202A,COOLING WATER TO DIGESTER,11,11,0,576,0,6,20,7,0,0,6,6,0,3,3,0,1,2,3,0,3,true,2,1
2150203A.CAD,514,380f874b5763,2150203A,,4,4,0,200,0,2,7,3,0,0,2,2,0,1,1,0,0,1,1,0,0,true,2,1
2150204A.CAD,588,a61b1d0467e7,2150204A,,6,6,0,274,0,2,9,3,0,0,2,2,0,1,1,0,2,1,1,0,0,true,2,1
2150205A.CAD,614,bcff8e993938,2150205A,MSDD FC-129,7,7,0,300,0,2,10,3,0,0,2,2,0,1,1,0,3,0,1,0,1,true,2,1
2150206A.CAD,1132,ea709aae7dcd,2150206A,FILTRATE FLOW & W/S ALARM,15,15,0,770,0,8,27,9,0,0,8,8,0,4,4,0,2,1,4,0,4,true,2,1
2150207A.CAD,584,fe59fe16718b,2150207A,STEAM FLOW TO BLEACHING,6,6,0,270,0,2,9,3,0,0,2,2,0,1,1,0,2,1,1,0,1,true,2,1
2150208A.CAD,582,0b387e360ea9,2150208A,STEAM FLOW TO DIGESTER,6,6,0,268,0,2,9,3,0,0,2,2,0,1,1,0,2,0,1,0,1,true,2,1
2150209A.CAD,584,18206ae58ffc,2150209A,STEAM FLOW TO P.MACHINE,6,6,0,270,0,2,9,3,0,0,2,2,0,1,1,0,2,0,1,0,1,true,2,1
2150210A.CAD,582,cfe1fb29d217,2150210A,BLOW VALVE ANUNCIATOR,6,6,0,268,0,2,9,3,0,0,2,2,0,1,1,0,2,1,1,0,1,true,2,1
2150211A.CAD,580,8a5073702222,2150211A,BLEACHING ANUNCIATOR,6,6,0,266,0,2,9,3,0,0,2,2,0,1,1,0,2,1,1,0,1,true,2,1
2150212A.CAD,944,8241f90a8033,2150212A,C12 COMBUSTION FLOW,12,12,0,598,0,6,20,7,0,0,5,5,0,3,3,0,2,1,3,0,3,true,2,1
2150213A.CAD,972,33319e7b2e9b,2150213A,C102 COMBUSTION FLOW,13,13,0,626,0,6,22,7,0,0,6,6,0,3,3,0,3,0,3,0,3,true,2,1
2150214A.CAD,972,cbace5ea4780,2150214A,BLEACHING STACK FLOW,13,13,0,626,0,6,22,7,0,0,6,6,0,3,3,0,3,0,3,0,3,true,2,1
2150215A.CAD,614,ee2cbca714dc,2150215A,BLEACHING STACK TEMPERATUR,7,7,0,300,0,2,10,3,0,0,2,2,0,1,1,0,3,0,1,0,1,true,2,1
2150216A.CAD,606,75c468cdf97a,2150216A,PM ACID SEWER FLOW,7,7,0,292,0,2,10,3,0,0,2,2,0,1,1,0,3,0,1,0,1,true,2,1
2150217A.CAD,614,76ede4b4dfa1,2150217A,BLEACHING ALKALI SEWER FLOW,7,7,0,300,0,2,10,3,0,0,2,2,0,1,1,0,3,0,1,0,1,true,2,1
2150219A.CAD,606,81c4fb860e4f,2150219A,CP ACID CONDUCTIVITY,7,7,0,292,0,2,10,3,0,0,2,2,0,1,1,0,3,1,1,0,0,true,2,1
2150220A.CAD,1338,ed09a2a536e5,2150220A,CP ALKALI SEWER CONDUCT,19,19,0,960,0,10,34,11,0,0,10,10,0,5,5,0,3,4,5,0,1,true,2,1
2150221A.CAD,522,e9e22de5d70a,2150221A,PM INSTRUMENT AIR PRESS,5,5,0,208,0,1,6,2,0,0,1,1,0,0,0,0,3,0,1,0,0,true,1,1
2150222A.CAD,764,a6a1d5cf197d,2150222A,WL TOTOL TO DIG TODAY,9,9,0,434,0,4,15,5,0,0,4,4,0,2,2,0,2,0,2,0,2,true,2,1
2150223A.CAD,1900,eb5e0e98a3c7,2150223A,FLOW CONT COND DIGESTER,21,21,0,1362,0,16,38,17,0,0,16,16,0,1,1,0,3,1,15,0,0,true,2,1
2150224A.CAD,608,8446a4773bac,2150224A,,4,4,0,262,0,3,7,4,0,0,3,3,0,0,0,0,0,0,3,0,0,true,1,1
2160500A.CAD,884,18c7422ea482,2160500,ANNUNCIATOR PANEL DRIVER,10,10,0,380,0,0,8,5,0,0,0,0,0,0,0,0,3,47,5,4,0,true,0,1
2160503A.CAD,2888,00553f1f3d9a,2160503,MILL EXPANSION,74,74,0,2566,0,54,96,14,0,0,12,12,0,12,12,0,46,9,2,2,9,true,2,1
2160505A.CAD,2456,fd72195b3ef1,2160505,MILL EXPANSION,56,56,0,2102,0,16,86,18,0,16,16,16,16,0,16,0,20,24,2,2,0,true,1,1
2160506A.CAD,1896,d93219ef650f,2160506,DIGITAL OUTPUT SLAVE,41,41,0,1542,0,11,61,13,0,11,11,11,11,0,11,0,15,19,2,2,0,true,1,1
2160520A.CAD,4722,106754ddd4a7,2160520,MILL EXPANSION,77,77,0,4136,0,49,146,47,0,0,47,47,0,23,23,0,6,23,24,0,0,true,3,1
2160530A.CAD,2233,4fe484d896f4,2160530,MILL EXPANSION,61,61,0,1872,0,50,65,5,1,0,3,3,0,3,6,0,47,14,1,1,0,true,3,1
2160531A.CAD,4946,1f7f76c83fec,2160531,MILL EXPANSION,117,117,0,4422,0,45,175,44,0,1,31,31,27,1,42,0,30,56,16,13,0,true,2,1
2160532A.CAD,2734,f5bf46957741,2160532,DRUM LEVEL ALARM,73,73,0,2254,0,34,88,24,6,1,8,8,6,2,34,0,8,46,16,16,0,true,1,1
2160533A.CAD,2556,7845e1b15905,2160533A,COOLING WATER TEMP. HIGH,68,68,0,2090,0,32,81,22,6,1,7,7,5,2,32,0,7,43,15,15,0,true,1,1
2160534A.CAD,2920,a00da0ff78e0,2160534,ESP 1&2 INLET TEMP. LOW,77,77,0,2440,0,35,96,26,6,1,10,10,7,3,35,0,9,48,16,16,0,true,1,1
2160535A.CAD,2540,e0d3fcf803be,2160535,DRUM LEVEL TRIP,68,68,0,2074,0,32,81,22,6,1,7,7,5,2,32,0,7,43,15,15,0,true,1,1
2160536A.CAD,2998,2a716d830b31,2160536,MAIN STEAM TEMPERATURE LOW,79,79,0,2510,0,36,98,27,6,1,10,10,7,3,36,0,9,50,17,17,0,true,1,1
2160537A.CAD,2566,f0e5bde151fa,2160537,SH 3 R/L TEMPERATURE HIGH,68,68,0,2100,0,32,81,22,6,1,7,7,5,2,32,0,7,43,15,15,0,true,1,1
2160538A.CAD,2798,1d51f7861d19,2160538,NOSE TUBE TEMP HIGH,74,74,0,2324,0,34,91,25,6,1,9,9,6,3,34,0,8,47,16,16,0,true,1,1
2160539A.CAD,2556,2bfa93c7c305,2160539,HBL SPRAY GUN PRESS H/L,68,68,0,2090,0,32,81,22,6,1,7,7,5,2,32,0,7,43,15,15,0,true,1,1
2160540A.CAD,2602,af988d6725e8,2160540,FURNACE PRESSURE H/L,68,68,0,2136,0,31,83,23,5,1,8,8,6,2,31,0,8,44,15,15,0,true,1,1
2160541A.CAD,2554,9cb8ed734dda,2160541,MIXING TANK LEVEL LOW,68,68,0,2088,0,32,81,22,6,1,7,7,5,2,32,0,7,43,15,15,0,true,1,1
2160542A.CAD,2548,ec13e6d55c16,2160542,BLACK SOLID LOW,68,68,0,2082,0,32,81,22,6,1,7,7,5,2,32,0,7,43,15,15,0,true,1,1
2160543A.CAD,2584,79532f47a63e,2160543,DISOLVING TANK LEVEL H/L,69,69,0,2118,0,32,82,22,6,1,7,7,5,2,32,0,8,43,15,15,0,true,1,1
2160544A.CAD,2646,31820fb351f8,2160544,PRIMARY FAN TRIP,71,71,0,2172,0,33,84,23,6,1,7,7,5,2,33,0,8,45,16,16,0,true,1,1
2160545A.CAD,2580,f6dca4a7e31c,2160545,SECONDARY FAN TRIP,69,69,0,2114,0,32,82,22,6,1,7,7,5,2,32,0,8,43,15,15,0,true,1,1
2160546A.CAD,2582,72a4b73e6412,2160546,BL PUMP TRIP,69,69,0,2116,0,32,82,22,6,1,7,7,5,2,32,0,8,43,15,15,0,true,1,1
2160547A.CAD,2562,903ec88b8307,2160547,MAIN STEAM PRESS HIGH,68,68,0,2096,0,32,81,22,6,1,7,7,5,2,32,0,7,43,15,15,0,true,1,1
2160548A.CAD,2556,992de8d6269a,2160548,IGINITION GAS PRESS LOW,68,68,0,2090,0,32,81,22,6,1,7,7,5,2,32,0,7,43,15,15,0,true,1,1
2160549A.CAD,2564,ad9e799f4829,2160549,BB FLUE GAS TEMP. HIGH,68,68,0,2098,0,32,81,22,6,1,7,7,5,2,32,0,7,43,15,15,0,true,1,1
2160550A.CAD,2752,eb9b00bcd2a2,2160550,SOOT BLOWER TRIP,74,74,0,2272,0,34,88,24,6,1,8,8,6,2,34,0,8,46,16,16,0,true,1,1
2160551A.CAD,2606,92f47d8267a5,2160551,FLAME INCINERATOR OFF,69,69,0,2120,0,34,81,23,6,1,7,7,4,2,33,0,6,44,17,16,0,true,2,1
2160552A.CAD,2676,3e330edc8a35,2160552,,72,72,0,2210,0,31,83,21,12,0,6,6,5,1,31,0,7,42,15,15,0,true,1,1
2160553A.CAD,594,49478431a494,2160553,EVAPORATOR AUDIBLE ALARM,6,6,0,284,0,2,8,2,0,1,2,2,0,1,1,0,2,1,1,0,0,true,2,1
2160554A.CAD,592,a9944f632cfd,2160554,WASHING AUDIBLE ALARM,6,6,0,282,0,2,8,2,0,1,2,2,0,1,1,0,2,1,1,0,0,true,2,1
2160555A.CAD,592,cc547f0fd7ae,2160555,DIG. BLOW VALVE ALARM,6,6,0,282,0,2,8,2,0,1,2,2,0,1,1,0,2,1,1,0,0,true,2,1
2160556A.CAD,592,e1745d2b9608,2160556,BLEACHING ANNUNCIATOR,6,6,0,282,0,2,8,2,0,1,2,2,0,1,1,0,2,1,1,0,0,true,2,1
2160557A.CAD,592,8e512e4de994,2160557,LIME KILN ANNUNCIATOR,6,6,0,282,0,2,8,2,0,1,2,2,0,1,1,0,2,1,1,0,0,true,2,1
2160558A.CAD,970,0e38d89dc41a,2160558,RECOVERY STACK TRS ALARM,16,16,0,590,0,7,20,7,0,1,3,3,1,1,6,0,2,14,5,4,0,true,2,1
2030503C.CAD,2184,ce65a3eef6c4,2030503,MILL EXPANSION,50,50,0,1862,0,14,77,16,0,14,14,14,0,14,14,0,19,19,2,2,1,true,1,1
2030505C.CAD,2212,36227545105e,2030505,DIGITAL INPUT SLAVE,51,51,0,1890,0,14,78,16,0,14,14,14,0,14,14,0,20,20,2,2,0,true,1,1
2030506C.CAD,2212,997a0e96a147,2030506,DIGITAL INPUT SLAVE,51,51,0,1890,0,14,78,16,0,14,14,14,0,14,14,0,20,20,2,2,0,true,1,1
2030507C.CAD,2212,2ef5abe6ccbd,2030507,DIGITAL INPUT SLAVE,51,51,0,1890,0,14,78,16,0,14,14,14,0,14,14,0,20,14,2,2,6,true,1,1
2030509C.CAD,2122,0bdb6571e66c,2030509,DIGITAL INPUT SLAVE,49,49,0,1800,0,13,74,15,0,13,13,13,0,13,13,0,20,17,2,2,2,true,1,1
2030510C.CAD,2184,a4b381bc7129,2030510,Lube Oil Cooler,51,51,0,1862,0,14,76,15,0,13,13,13,0,13,13,0,22,14,2,2,5,true,2,1
2030511C.CAD,2212,bee8db7485f7,2030511,DIGITAL INPUT SLAVE,51,51,0,1890,0,14,78,16,0,14,14,14,0,14,14,0,20,14,2,2,6,true,1,1
2030517C.CAD,2144,14e81b6b5d26,2030517,NOT USED,50,50,0,1636,0,11,59,11,0,5,5,5,0,5,10,0,28,27,3,3,0,true,2,1
2030518C.CAD,2254,32f4cceb3b03,2030518,DIGITAL INPUT SLAVE,52,52,0,1932,0,14,79,16,0,14,14,14,0,14,14,0,21,7,2,2,13,true,1,1
2030521C.CAD,2212,1dbf64cbd290,2030521,DIGITAL INPUT SLAVE,51,51,0,1890,0,14,78,16,0,14,14,14,0,14,14,0,20,12,2,2,8,true,1,1
2030522C.CAD,1852,f16d83233919,2030522,DIGITAL INPUT SLAVE,43,43,0,1530,0,10,62,12,0,10,10,10,0,10,10,0,20,16,2,2,0,true,1,1
2030523C.CAD,2212,4cf4a5d2afd2,2030523,DIGITAL INPUT SLAVE,51,51,0,1890,0,14,78,16,0,14,14,14,0,14,14,0,20,14,2,2,6,true,1,1
2030524C.CAD,2212,693007983124,2030524,DIGITAL INPUT SLAVE,51,51,0,1890,0,14,78,16,0,14,14,14,0,14,14,0,20,6,2,2,14,true,1,1
2030525C.CAD,4334,7d502eb3bddc,2030525,NOT USED,110,110,0,3844,0,35,159,31,1,13,25,25,25,0,35,0,42,59,2,2,0,true,1,1
2030526C.CAD,3572,157376392caa,2030526,NOT USED,90,90,0,3082,0,28,125,24,1,11,18,18,18,0,28,0,36,50,2,2,0,true,1,1
2030531C.CAD,1768,3d7d9b698934,2030531,DIGITAL OUTPUT SLAVE,44,44,0,1414,0,7,57,9,0,7,7,7,7,0,7,0,27,15,2,2,0,true,1,1
2030532C.CAD,2328,a70b23889e89,2030532,DIGITAL OUTPUT SLAVE,59,59,0,1974,0,12,82,14,0,12,12,12,12,0,12,0,32,20,2,2,0,true,1,1
2030533C.CAD,2216,6123d7b3d6b7,2030533,DIGITAL OUTPUT SLAVE,56,56,0,1862,0,11,77,13,0,11,11,11,11,0,11,0,31,19,2,2,0,true,1,1
2030534C.CAD,983,aeef92710f0a,2030534,DIGITAL OUTPUT SLAVE,23,23,0,630,0,1,22,2,0,0,0,0,0,0,0,0,20,8,2,2,0,true,1,1
2030535C.CAD,2552,47d80f1885be,2030535,DIGITAL OUTPUT SLAVE,65,65,0,2198,0,14,92,16,0,14,14,14,14,0,14,0,34,22,2,2,0,true,1,1
2030536C.CAD,1656,bcf15e978a66,2030536,DIGITAL OUTPUT SLAVE,41,41,0,1302,0,6,52,8,0,6,6,6,6,0,6,0,26,14,2,2,0,true,1,1
2030541C.CAD,4152,4e82a1facce0,2030541,NOT USED,107,107,0,3644,0,35,136,21,2,15,15,15,0,15,22,0,61,40,3,3,1,true,2,1
2030545C.CAD,3484,96bec11aaff4,2030545,NOT USED,83,83,0,2976,0,31,112,21,2,15,15,15,0,15,22,0,37,42,3,3,0,true,2,1
2030546C.CAD,3316,c15e0be4f73f,2030546,NOT USED,77,77,0,2808,0,26,106,21,2,15,15,15,0,15,22,0,31,44,3,3,0,true,2,1
2030548C.CAD,3204,a2ac38cd3a80,2030548,NOT USED,73,73,0,2696,0,22,102,21,2,15,15,15,0,15,22,0,27,40,3,3,2,true,1,1
2030561C.CAD,2421,5cb227ba60bd,2030561,NO. 2 POWER BOILER,63,63,0,1942,0,17,67,14,4,1,3,3,3,0,12,0,31,42,8,8,0,true,3,1
2030562C.CAD,3650,fefac3dce444,2030562,DA PRESSURE CONTROL,105,105,0,3032,0,34,111,19,10,2,4,4,3,1,33,1,41,69,11,11,0,true,3,1
2030563C.CAD,5946,09cc13a8c460,2030563,DA LEVEL CONTROL,173,173,0,5158,0,55,191,42,14,4,10,10,5,5,53,0,62,111,23,23,0,true,2,1
2030564C.CAD,1371,f7b33e62aeea,2030564,POWER BOILERII,32,32,0,1006,0,5,34,6,1,1,2,2,1,1,3,0,20,12,2,2,0,true,2,1
2030565C.CAD,1837,81471f76f99b,2030565,DEAERATOR LEVEL,44,44,0,1424,0,9,48,9,1,2,3,3,2,1,3,0,29,7,2,2,0,true,2,1
2030566C.CAD,3895,89800d81e07e,2030566,DA DUMP VALVE,105,105,0,3266,0,38,113,30,6,3,5,5,4,1,30,0,37,60,19,19,0,true,2,1
2030567C.CAD,1389,f6768736949a,2030567,FEEDWATER TEMPERATURE,34,34,0,1024,0,6,34,5,1,1,1,1,1,0,2,0,24,11,2,2,0,true,2,1
2030568C.CAD,2869,8f8a81de8d42,2030568,POWER BOILERII,78,78,0,2392,0,24,86,15,5,5,5,5,4,1,18,0,38,37,6,6,0,true,3,1
2030573C.CAD,2739,fa33393cef33,2030573,FEEDWATER TEMP,69,69,0,2214,0,17,77,16,1,3,5,5,3,2,9,0,41,62,5,5,1,true,2,1
2030574C.CAD,5022,3ab1285f02ac,2030574,SOOTBLOWER STM FLOW,147,147,0,4282,0,54,160,34,12,0,9,9,2,4,50,0,49,114,27,24,0,true,3,1
2030579C.CAD,2937,55ca72d96913,2030579,THREE ELEMENT SELECT,77,77,0,2436,0,19,89,16,6,0,7,7,4,3,16,0,37,40,8,8,1,true,3,1
2030580C.CAD,2991,987deb287d20,2030580,NO. 2 POWER BOILER,83,83,0,2452,0,25,89,14,7,1,4,4,3,1,20,0,40,42,7,7,0,true,3,1
2030581C.CAD,1619,490d8cfd6d90,2030581,ECON. INLET TEMPERATURE,41,41,0,1264,0,8,43,7,3,1,2,2,1,1,4,0,25,14,3,3,0,true,2,1
2030583C.CAD,1525,0274fbcc5a0f,2030583,ECON. OUTLET TEMPERATURE,40,40,0,1160,0,6,40,5,1,1,1,1,1,0,2,0,30,11,2,2,0,true,2,1
2030584C.CAD,1515,b170f394b835,2030584,DRUM PRESSURE,40,40,0,1150,0,6,40,5,1,1,1,1,1,0,2,0,30,11,2,2,0,true,2,1
2030585C.CAD,2917,a3ba2d0cb434,2030585,POWER BOILERII,73,73,0,2170,0,20,79,13,5,3,4,4,3,1,17,0,36,36,6,6,0,true,3,1
2030586C.CAD,1393,cdd4dfc583d5,2030586,S.H. #1 SOUTH OUTLET TEMP.,34,34,0,1028,0,6,34,5,1,1,1,1,1,0,2,0,24,11,2,2,0,true,2,1
2030587C.CAD,1295,ca890dd219c6,2030587,S.H. #1 NORTH OUTLET TEMP,30,30,0,930,0,6,30,5,1,1,1,1,1,0,2,0,20,10,2,2,0,true,2,1
2030588C.CAD,2780,46f003084b78,2030588,SH # 2 SOUTH TEMPERATURE CONTROL,73,73,0,2294,0,22,83,15,4,2,6,6,4,2,18,0,34,48,7,7,0,true,2,1
2030589C.CAD,3122,0aa8a773a137,2030589,S.H. #2 SOUTH INLET TEMP,83,83,0,2636,0,22,95,23,5,3,7,7,3,4,22,0,31,46,11,11,0,true,1,1
2030590C.CAD,6231,112b9bba4331,2030590,SH # 2 NORTH TEMPERATURE CONTROL,74,74,0,2316,0,22,84,15,4,2,6,6,4,2,18,0,35,48,7,7,0,true,2,1
2030595C.CAD,2806,eac6af3561ec,2030595,S.H. #2 NORTH INLET TEMP.,77,77,0,2356,0,18,85,18,5,3,5,5,2,3,18,0,34,38,9,9,0,true,1,1
2030596C.CAD,1540,d04dc20e3c64,2030596,S.H. #2 SOUTH OUTLET TEMP.,41,41,0,1184,0,3,41,6,1,1,1,1,1,0,3,0,29,14,3,3,0,true,1,1
2030597C.CAD,4277,96af6cf4a46a,2030597,SH # 2 NORTH TEMPERATURE CONTROL,115,115,0,3472,0,34,125,26,8,2,6,6,5,1,30,0,49,109,18,18,0,true,2,1
2030598C.CAD,4225,0551f3e02851,2030598,SH # 2 SOUTH TEMPERATURE CONTROL,113,113,0,3402,0,35,123,26,8,2,6,6,5,1,31,0,46,109,18,18,0,true,2,1
2030599C.CAD,1540,0b7bec906a57,2030599,S.H. #2 NORTH OUTLET TEMP.,41,41,0,1184,0,3,41,6,1,1,1,1,1,0,3,0,29,14,3,3,0,true,1,1
20305A1C.CAD,6603,a0aace1b3dda,20305A1,SH # 3 SOUTH TEMPERATURE CONTROL,90,90,0,2754,0,27,100,18,6,2,6,6,4,2,22,0,42,57,9,9,0,true,2,1
20305A2C.CAD,1518,775ea4f90995,20305A2,S.H. #3 SOUTH INLET TEMP.,41,41,0,1178,0,3,41,5,1,1,1,1,1,0,3,0,30,11,2,2,0,true,1,1
20305A3C.CAD,1529,08e2435c97a9,20305A3,S.H. #3 NORTH INLET TEMP.,40,40,0,1164,0,6,40,5,1,1,1,1,1,0,2,0,30,11,2,2,0,true,2,1
20305A4C.CAD,3305,7eec932915a5,20305A4,SH # 3 NORTH TEMPERATURE CONTROL,87,87,0,2684,0,27,97,18,6,2,6,6,4,2,22,0,39,57,9,9,0,true,2,1
20305A5C.CAD,4053,2881b859158d,20305A5,FINAL STEAM TEMPERATURE,113,113,0,3442,0,36,131,30,8,2,10,10,5,5,35,0,38,77,17,17,0,true,2,1
20305A6C.CAD,2227,8b503cf8d3c0,20305A6,START UP VENT MOV,60,60,0,1778,0,14,64,9,5,2,3,3,2,1,9,0,35,26,3,3,0,true,3,1
20305A7C.CAD,2267,131f38f2b8d6,20305A7,MAIN STEAM MOV,62,62,0,1824,0,15,66,10,5,2,3,3,2,1,10,0,35,29,4,4,0,true,3,1
20305A8C.CAD,2746,c4f51a231c54,20305A8,START UP VENT MOV,76,76,0,2236,0,21,80,14,6,3,3,3,1,2,18,0,36,34,8,8,0,true,2,1
20305A9C.CAD,3337,7a5e251e505a,20305A9,BLOWDOWN TANK INLET VALVE,80,80,0,2296,0,27,82,16,9,1,2,2,1,1,21,0,32,41,10,10,0,true,3,1
20305B1C.CAD,2293,b9ffc3758590,20305B1,BLOW-DOWN TANK TEMP. CONTROL,57,57,0,1772,0,16,61,10,5,2,3,3,2,1,11,0,29,36,4,4,0,true,2,1
20305B2C.CAD,1508,a55b3090eb5c,20305B2,NO. 2 POWER BOILER,41,41,0,1168,0,3,41,5,1,1,1,1,1,0,3,0,30,10,2,2,0,true,1,1
20305B3C.CAD,1525,809e9752bc09,20305B3,DRUM WATER CONDUCTIVITY,40,40,0,1160,0,6,40,5,1,1,1,1,1,0,2,0,30,10,2,2,0,true,2,1
20305B4C.CAD,1336,28bab5335b30,20305B4,MILL EXPANSION,36,36,0,1008,0,1,36,3,0,1,1,1,1,0,1,0,30,7,1,1,0,true,1,1
20305B6C.CAD,1535,36a0a9f841c3,20305B6,SH #2 SOUTH ATTEMPERATOR WTR FLOW,39,39,0,1122,0,4,39,4,1,1,1,1,1,0,2,0,30,10,2,2,0,true,2,1
20305B7C.CAD,2962,2c393694db7b,20305B7,SH # 2 SOUTH TEMPERATURE CONTROL,78,78,0,2434,0,24,88,16,5,2,6,6,4,2,19,0,36,52,7,7,0,true,3,1
20305B8C.CAD,3022,685762600bdf,20305B8,SH # 2 NORTH TEMPERATURE CONTROL,79,79,0,2494,0,24,89,17,5,2,6,6,4,2,19,0,36,51,7,7,0,true,3,1
20305B9C.CAD,1535,7f04ef60e18d,20305B9,SH #2 NORTH ATTEMPERATOR WTR FLOW,40,40,0,1170,0,6,40,5,1,1,1,1,1,0,2,0,30,10,2,2,0,true,2,1
20305C1C.CAD,1527,d456c1822383,20305C1,S.H. #2 SOUTH ATTEMP. FLOW,40,40,0,1162,0,6,40,5,1,1,1,1,1,0,2,0,30,10,2,2,0,true,2,1
20305C2C.CAD,1368,296205ce597a,20305C2,S.H. #2 NORTH ATTEMP. FLOW,34,34,0,1028,0,6,34,5,1,1,1,1,1,0,2,0,24,9,2,2,0,true,2,1
20305C3C.CAD,1594,094231c8794f,20305C3,S.H. #3 SOUTH OUTLET TEMP.,40,40,0,1238,0,8,42,7,2,1,2,2,1,1,4,0,25,15,3,3,0,true,2,1
20305C4C.CAD,4481,8e57661ce732,20305C4,SH # 3 SOUTH TEMPERATURE CONTROL,123,123,0,3702,0,36,135,25,10,2,7,7,5,2,32,0,54,99,16,16,0,true,2,1
20305C5C.CAD,1594,29f82f0d754d,20305C5,S.H. #3 NORTH OUTLET TEMP.,40,40,0,1238,0,8,42,7,2,1,2,2,1,1,4,0,25,15,3,3,0,true,2,1
20305C6C.CAD,4442,c51f7f6cc346,20305C6,NO. 2 POWER BOILER,128,128,0,3728,0,41,140,25,10,2,7,7,5,2,41,0,50,98,16,16,0,true,1,1
20305C7C.CAD,2289,b3b233fff772,20305C7,BLOW-DOWN TANK LEVEL CONTROL,57,57,0,1772,0,16,61,10,5,2,3,3,2,1,11,0,29,35,4,4,0,true,2,1
20305C8C.CAD,1433,0c25dd7e8f94,20305C8,F.W. PRESSURE BEFORE PUMP,35,35,0,1098,0,6,37,5,1,1,2,2,1,1,2,0,25,4,1,1,0,true,2,1
20305C9C.CAD,1273,7e4e1bb596a2,20305C9,F.W. PRESSURE AFTER PUMP,31,31,0,940,0,5,31,4,0,1,1,1,1,0,1,0,24,3,1,1,0,true,2,1
20305D1C.CAD,1890,cbe5f33c6e1d,20305D1,POWER BOILERII,47,47,0,1554,0,6,53,12,0,2,4,4,3,1,6,0,27,14,4,4,0,true,1,1
20305D2C.CAD,1561,2e23064d5a50,20305D2,POWER BOILERII,36,36,0,1180,0,6,38,8,0,2,2,2,2,0,2,0,24,6,2,2,0,true,2,1
20305D3C.CAD,1826,5ff66cbfafd7,20305D3,POWER BOILERII,48,48,0,1508,0,3,52,9,0,2,3,3,2,1,3,0,34,8,2,2,0,true,1,1
20305D4C.CAD,3802,2fad1c4d35b2,20305D4,NO. 2 POWER BOILER,110,110,0,3246,0,42,118,28,8,2,5,5,3,2,41,0,31,62,19,19,0,true,2,1
20305D5C.CAD,2550,0753e68a761b,20305D5,POWER BOILERII,66,66,0,2086,0,16,74,17,6,2,5,5,2,3,14,0,27,39,10,10,0,true,2,1
20305D6C.CAD,2388,c0cc85200d2c,20305D6,NO. 2 POWER BOILER,64,64,0,1976,0,11,72,13,2,2,5,5,2,3,11,0,36,33,6,6,0,true,1,1
20305D7C.CAD,1393,4a02a7b28970,20305D7,S.H. #1 SOUTH OUTLET TEMP.,34,34,0,1028,0,6,34,5,1,1,1,1,1,0,2,0,24,11,2,2,0,true,2,1
20305D8C.CAD,1529,c22274982883,20305D8,S.H. #1 NORTH OUTLET TEMP,40,40,0,1164,0,6,40,5,1,1,1,1,1,0,2,0,30,11,2,2,0,true,2,1
20305E3C.CAD,1505,59b4fde3997d,20305E3,S.H. TUBE TEMPERATURE,39,39,0,1140,0,6,39,5,1,1,1,1,1,0,2,0,29,11,2,2,0,true,2,1
20305E4C.CAD,1389,f76258bd7418,20305E4,S.H. TUBE TEMPERATURE,34,34,0,1024,0,6,34,5,1,1,1,1,1,0,2,0,24,11,2,2,0,true,2,1
20305E5C.CAD,1525,1f73dc22b123,20305E5,S.H. TUBE TEMPERATURE,40,40,0,1160,0,6,40,5,1,1,1,1,1,0,2,0,30,11,2,2,0,true,2,1
20305E6C.CAD,1389,7863dd98cf3e,20305E6,S.H. TUBE TEMPERATURE,34,34,0,1024,0,6,34,5,1,1,1,1,1,0,2,0,24,11,2,2,0,true,2,1
20305E7C.CAD,1525,333f34a3c7eb,20305E7,S.H. TUBE TEMPERATURE,40,40,0,1160,0,6,40,5,1,1,1,1,1,0,2,0,30,11,2,2,0,true,2,1
20305E8C.CAD,1389,dc54bfd29cfb,20305E8,S.H. TUBE TEMPERATURE,34,34,0,1024,0,6,34,5,1,1,1,1,1,0,2,0,24,11,2,2,0,true,2,1
20305E9C.CAD,1525,a3fdfe75c79b,20305E9,S.H. TUBE TEMPERATURE,40,40,0,1160,0,6,40,5,1,1,1,1,1,0,2,0,30,11,2,2,0,true,2,1
20305F1C.CAD,1389,ae3e3631e49f,20305F1,S.H. TUBE TEMPERATURE,34,34,0,1024,0,6,34,5,1,1,1,1,1,0,2,0,24,11,2,2,0,true,2,1
20305F2C.CAD,1525,01da32f6c57a,20305F2,S.H. TUBE TEMPERATURE,40,40,0,1160,0,6,40,5,1,1,1,1,1,0,2,0,30,11,2,2,0,true,2,1
20305F3C.CAD,1447,2ff73746e276,20305F3,S.H. TUBE TEMPERATURE,34,34,0,1024,0,6,34,5,1,1,1,1,1,0,2,0,24,11,2,2,0,true,2,1
20305F4C.CAD,1533,9496232ae282,20305F4,NO. 2 POWER BOILER,41,41,0,1194,0,6,41,5,1,1,1,1,1,0,2,0,31,11,2,2,0,true,2,1
20305F5C.CAD,3951,6171c6fdf590,20305F5,DRUM METAL TEMPERATURE ALARM,110,110,0,3464,0,40,120,30,6,6,6,6,6,0,26,0,46,44,12,12,0,true,2,1
20305F6C.CAD,1533,631823b15e45,20305F6,NO. 2 POWER BOILER,41,41,0,1194,0,6,41,5,1,1,1,1,1,0,2,0,31,11,2,2,0,true,2,1
20305F7C.CAD,1397,5ca6acb991ea,20305F7,NO. 2 POWER BOILER,35,35,0,1058,0,6,35,5,1,1,1,1,1,0,2,0,25,11,2,2,0,true,2,1
20305F8C.CAD,1397,94122e15e887,20305F8,NO. 2 POWER BOILER,35,35,0,1058,0,6,35,5,1,1,1,1,1,0,2,0,25,11,2,2,0,true,2,1
20305F9C.CAD,1397,3d3382dd35eb,20305F9,NO. 2 POWER BOILER,35,35,0,1058,0,6,35,5,1,1,1,1,1,0,2,0,25,11,2,2,0,true,2,1
20305G1C.CAD,1397,0742e66f7ee8,20305G1,NO. 2 POWER BOILER,35,35,0,1058,0,6,35,5,1,1,1,1,1,0,2,0,25,11,2,2,0,true,2,1
20305G2C.CAD,1831,c7a6236e0bb1,20305G2,MILL EXPANSION,46,46,0,1434,0,10,50,9,2,1,3,3,1,2,6,0,27,18,4,4,0,true,2,1
20305G3C.CAD,1806,febd5f370796,20305G3,MILL EXPANSION,46,46,0,1434,0,10,50,9,2,1,3,3,1,2,6,0,27,19,4,4,0,true,2,1
20305G4C.CAD,1541,90da6be31534,20305G4,MILL EXPANSION,40,40,0,1186,0,7,40,6,2,1,1,1,1,0,3,0,27,15,3,3,0,true,2,1
20305G5C.CAD,1525,354276cefdd3,20305G5,MILL EXPANSION,39,39,0,1166,0,7,39,6,2,1,1,1,1,0,3,0,26,15,3,3,0,true,2,1
20305G6C.CAD,1521,12055c5cba90,20305G6,MILL EXPANSION,39,39,0,1166,0,7,39,6,2,1,1,1,1,0,3,0,26,15,3,3,0,true,2,1
20305G7C.CAD,1858,eed53f579f28,20305G7,MILL EXPANSION,47,47,0,1486,0,11,51,10,2,1,3,3,1,2,6,0,27,18,4,4,0,true,2,1
20305G8C.CAD,1808,4f6bc2c66cac,20305G8,MILL EXPANSION,46,46,0,1436,0,10,50,9,2,1,3,3,1,2,6,0,27,18,4,4,0,true,2,1
20305G9C.CAD,1503,484bb90f5197,20305G9,MILL EXPANSION,38,38,0,1134,0,7,38,6,2,1,1,1,1,0,3,0,25,17,3,3,0,true,2,1
20305H2C.CAD,2584,7d0de3ddcbc4,20305H2,MILL EXPANSION,69,69,0,2082,0,20,75,18,3,2,4,4,2,2,19,0,27,48,11,11,1,true,2,1
20305H5C.CAD,3376,75277d9510f5,20305H5,BFP NO. 1 PERM/TRIP LOGIC,92,92,0,2944,0,25,112,24,0,1,11,11,10,1,23,0,43,40,11,11,0,true,2,1
20305H6C.CAD,6098,7e6d54e4238e,20305H6,BOILER FEED PUMP NO. 1,180,180,0,5330,0,71,194,50,16,4,8,8,4,4,70,0,42,105,33,33,0,true,2,1
20305H7C.CAD,2049,5ea8214cb297,20305H7,BFP NO. 1 DRIVE LOGIC,53,53,0,1706,0,10,59,12,1,3,4,4,2,2,6,0,32,16,4,4,0,true,2,1
20305H8C.CAD,4980,5a456aad792b,20305H8,HYDRAZINE AGITATOR,144,144,0,4396,0,49,156,40,10,6,7,7,5,2,49,0,43,66,21,21,0,true,1,1
20305H9C.CAD,5011,9b8e5317e140,20305H9,HYDRAZINE DOSING PUMP NO. 1,135,135,0,4296,0,53,147,40,10,6,7,7,5,2,39,0,44,66,21,21,0,true,2,1
20305I1C.CAD,5011,7fb0ed2a48df,20305I1,HYDRAZINE DOSING PUMP NO. 2,135,135,0,4296,0,53,147,40,10,6,7,7,5,2,39,0,44,66,21,21,0,true,2,1
20305I2C.CAD,5001,580e1bdc3947,20305I2,PHOSPHATE AGITATOR,135,135,0,4286,0,53,147,40,10,6,7,7,5,2,39,0,44,66,21,21,0,true,2,1
20305I3C.CAD,4880,9da489bb41ca,20305I3,PHOSPHATE DOSING PUMP NO. 1,135,135,0,4296,0,53,147,40,10,6,7,7,5,2,39,0,44,66,21,21,0,true,2,1
20305I4C.CAD,3298,fc956fd3d2dc,20305I4,MILL EXPANSION,90,90,0,2780,0,29,96,24,4,3,5,5,2,1,27,0,33,43,14,12,0,true,2,1
20305I5C.CAD,1369,df89075b9435,20305I5,MILL EXPANSION,35,35,0,1030,0,5,35,5,1,1,1,1,1,0,2,0,25,10,2,2,0,true,2,1
20305I6C.CAD,5001,5ea448f648ca,20305I6,HYDROXIDE AGITATOR,135,135,0,4286,0,53,147,40,10,6,7,7,5,2,39,0,44,66,21,21,0,true,2,1
20305I7C.CAD,5024,34268d0c3146,20305I7,HYDROXIDE DOSING PUMP NO. 1,145,145,0,4440,0,49,157,40,10,6,7,7,5,2,49,0,44,66,21,21,0,true,1,1
20305I8C.CAD,5011,848e4c1e2a4f,20305I8,HYDROXIDE DOSING PUMP NO. 2,135,135,0,4296,0,53,147,40,10,6,7,7,5,2,39,0,44,66,21,21,0,true,2,1
20305I9C.CAD,2955,bdb34eeb9bca,20305I9,BFP NO. 1 AUX L.O. PUMP,80,80,0,2486,0,30,84,21,4,3,3,3,2,1,20,0,33,36,10,10,0,true,3,1
20305J0C.CAD,3169,e1b5d686915b,20305J0,BFP NO. 2 L.O. PUMP,87,87,0,2672,0,34,91,24,4,3,3,3,2,1,24,0,33,44,13,13,0,true,3,1
20305J1C.CAD,5998,48a033c23505,20305J1,DESIGN DATA,171,171,0,5042,0,58,185,47,10,3,8,8,6,2,56,0,56,161,31,31,1,true,2,1
20305J2C.CAD,1746,7acebe36b1d0,20305J2,HP STEAM INLET PRESSURE,45,45,0,1390,0,7,49,8,2,1,3,3,1,2,7,0,26,15,3,3,1,true,1,1
20305J3C.CAD,1667,ab02bf5eb31f,20305J3,HP STEAM INLET TEMPERATURE,42,42,0,1312,0,8,44,7,2,1,2,2,1,1,4,0,27,14,3,3,0,true,2,1
20305J4C.CAD,4978,6127fd803d0f,20305J4,MILL EXPANSION,139,139,0,4412,0,39,158,39,9,7,11,11,6,4,38,0,51,63,20,19,0,true,2,1
20305J6C.CAD,1397,0b77dabee5f0,20305J6,MP EXT. 1 STEAM PRESSURE,35,35,0,1058,0,6,35,5,1,1,1,1,1,0,2,0,25,11,2,2,0,true,2,1
20305J7C.CAD,1439,e3315dbd3191,20305J7,MP EXT. 2 STEAM PRESSURE,36,36,0,1100,0,6,36,5,1,1,1,1,1,0,2,0,26,11,2,2,0,true,2,1
20305J8C.CAD,1397,6c3c40426ea7,20305J8,MP EXT. 3 STEAM PRESSURE,35,35,0,1058,0,6,35,5,1,1,1,1,1,0,2,0,25,11,2,2,0,true,2,1
20305J9C.CAD,1283,522434589f90,20305J9,MP STEAM OUTLET PRESSURE,32,32,0,976,0,5,32,4,0,1,1,1,1,0,1,0,25,3,1,1,0,true,2,1
20305K1C.CAD,2523,a3c6d2dfdf98,20305K1,MP STM OUTLET PRESSURE CONTROL,65,65,0,2042,0,18,71,12,6,2,4,4,2,2,13,0,32,39,5,5,0,true,2,1
20305K2C.CAD,1401,46beb880979b,20305K2,MP STEAM OUTLET TEMPERATURE,35,35,0,1062,0,6,35,5,1,1,1,1,1,0,2,0,25,11,2,2,0,true,2,1
20305K3C.CAD,3905,f7a58c9076d3,20305K3,STEAM FLOW GAIN,107,107,0,3312,0,33,119,28,4,2,7,7,6,1,25,0,48,84,15,15,0,true,3,1
20305K4C.CAD,4440,ba9c5a2d1001,20305K4C,MP DE-S.H. STM OUTLET TEMP CONTROL,119,119,0,3786,0,38,137,30,10,2,10,10,6,4,32,0,45,81,16,16,0,true,3,1
20305K5C.CAD,4750,203df78fa4af,20305K5,DESIGN DATA,135,135,0,4016,0,41,145,33,7,3,6,6,5,1,37,0,56,106,18,18,0,true,3,1
20305K6C.CAD,3681,6dec325fe528,20305K6,NO. 2 TURBINE GENERATOR,96,96,0,3140,0,27,110,23,7,4,8,8,4,4,19,0,45,51,8,8,0,true,2,1
20305K7C.CAD,2236,e1fa42d9e716,20305K7,L.P. PRESSURE CONTROL,60,60,0,1746,0,19,63,9,6,1,3,3,1,1,18,0,25,35,6,5,0,true,2,1
20305K8C.CAD,1403,c44d50d07854,20305K8,NO. 2 TURBINE GENERATOR,35,35,0,1064,0,6,35,5,1,1,1,1,1,0,2,0,25,11,2,2,0,true,2,1
20305K9C.CAD,3844,f107a51be24b,20305K9,LP DE-S.H. STM OUTLET TEMP CONTROL,105,105,0,3250,0,33,117,28,4,2,7,7,6,1,25,0,46,84,15,15,0,true,3,1
20305L0C.CAD,4342,a9e25a44943b,20305L0,LP DE-S.H. STM OUTLET TEMP CONTROL,115,115,0,3688,0,38,133,30,10,2,10,10,6,4,32,0,41,81,16,16,0,true,3,1
20305L1C.CAD,1427,3a021ba1e26a,20305L1,COOLING WTR INLET TEMPERATURE,35,35,0,1072,0,7,35,6,1,1,1,1,1,0,3,0,23,14,3,3,0,true,2,1
20305L2C.CAD,1784,ed0331589a73,20305L2,COOLING WTR OUTLET TEMPERATURE,44,44,0,1384,0,7,48,10,1,2,3,3,2,1,7,0,24,26,5,5,0,true,1,1
20305L3C.CAD,2691,a03232cc096e,20305L3,POWER BOILERII,70,70,0,2220,0,23,78,16,5,5,5,5,4,1,18,0,29,37,6,6,0,true,3,1
20305L4C.CAD,3779,444a13d47de6,20305L4,MILL EXPANSION,98,98,0,3098,0,26,110,24,6,0,5,5,9,0,24,0,42,86,15,15,0,true,2,1
20305L7C.CAD,1277,b4a9ffd1c7b1,20305L7,GEN COOLING WATER LEAK,32,32,0,970,0,5,32,4,0,1,1,1,1,0,1,0,25,3,1,1,0,true,2,1
20305L8C.CAD,1407,395715d57950,20305L8,GEN COOLING AIR INLET TEMPERATURE,35,35,0,1068,0,6,35,5,1,1,1,1,1,0,2,0,25,11,2,2,0,true,2,1
20305L9C.CAD,1407,fbb13b9d9fd6,20305L9,GEN COOLING AIR OUTLET TEMPERATURE,35,35,0,1068,0,6,35,5,1,1,1,1,1,0,2,0,25,11,2,2,0,true,2,1
20305M0C.CAD,1385,9a39181c68a3,20305M0,MILL EXPANSION,35,35,0,1036,0,5,37,5,1,2,2,2,2,0,3,0,24,13,3,3,0,true,2,1
20305M1C.CAD,1659,1144faaa4f10,20305M1,LUBE OIL SUPPLY PRESSURE,42,42,0,1304,0,8,44,7,2,1,2,2,1,1,4,0,27,14,3,3,0,true,2,1
20305M2C.CAD,1753,8f562a6a30f8,20305M2,LUBE OIL COOLER OUTLET TEMPERATURE,44,44,0,1398,0,9,48,8,2,1,3,3,1,2,5,0,27,16,3,3,0,true,2,1
20305M3C.CAD,1407,f7ecf7027cba,20305M3,NO. 2 TURBINE GENERATOR,35,35,0,1068,0,6,35,5,1,1,1,1,1,0,2,0,25,11,2,2,0,true,2,1
20305M4C.CAD,1407,d9e7b69f9a86,20305M4,NO. 2 TURBINE GENERATOR,35,35,0,1068,0,6,35,5,1,1,1,1,1,0,2,0,25,11,2,2,0,true,2,1
20305M5C.CAD,1407,4758ad237954,20305M5,NO. 2 TURBINE GENERATOR,35,35,0,1068,0,6,35,5,1,1,1,1,1,0,2,0,25,11,2,2,0,true,2,1
20305M6C.CAD,1275,879aa426db72,20305M6,LUBE OIL PRESSURE,32,32,0,968,0,5,32,4,0,1,1,1,1,0,1,0,25,3,1,1,0,true,2,1
20305M7C.CAD,1273,13c0f2fd3916,20305M7,LUBE OIL PRESSURE,32,32,0,966,0,5,32,4,0,1,1,1,1,0,1,0,25,4,1,1,0,true,2,1
20305M8C.CAD,1407,8555cf6cac86,20305M8,NO. 2 TURBINE GENERATOR,35,35,0,1068,0,6,35,5,1,1,1,1,1,0,2,0,25,11,2,2,0,true,2,1
20305M9C.CAD,1407,91aa025f7e94,20305M9,NO. 2 TURBINE GENERATOR,35,35,0,1068,0,6,35,5,1,1,1,1,1,0,2,0,25,11,2,2,0,true,2,1
20305N1C.CAD,1528,d27fbbed3844,20305N1,TTV OIL PRESSURE,38,38,0,1190,0,2,40,7,0,2,2,2,2,0,2,0,27,10,2,2,0,true,1,1
20305N2C.CAD,1279,3c75990b591c,20305N2,LUBE OIL RESERVOIR LEVEL,32,32,0,972,0,5,32,4,0,1,1,1,1,0,1,0,25,3,1,1,0,true,2,1
20305N3C.CAD,1267,1e2c751286ff,20305N3,TTV POSITION,32,32,0,960,0,5,32,4,0,1,1,1,1,0,1,0,25,4,1,1,0,true,2,1
20305N4C.CAD,1550,b56b258dde24,20305N4,CONTROL OIL PRESSURE,39,39,0,1194,0,5,41,7,1,1,2,2,1,1,5,0,24,14,3,3,0,true,1,1
20305N5C.CAD,1275,5a43d6df3fca,20305N5,CONTROL OIL PRESSURE,32,32,0,968,0,5,32,4,0,1,1,1,1,0,1,0,25,4,1,1,0,true,2,1
20305N6C.CAD,2505,760e2d52948c,20305N6,TURBINE SPEED,65,65,0,2136,0,15,71,17,1,4,4,4,4,0,5,0,40,19,5,5,0,true,2,1
20305N7C.CAD,2737,8f7b4fcaf8a7,20305N7,TURBINE AXIAL POSITION,71,71,0,2352,0,17,79,19,2,4,5,5,4,1,7,0,41,24,6,6,0,true,2,1
20305N8C.CAD,1360,42b9022f8445,20305N8,CASE/ROTOR DIFF. EXPANSION,34,34,0,1020,0,3,34,5,1,1,1,1,1,0,3,0,23,11,2,2,0,true,1,1
20305N9C.CAD,1277,40b1de14b2cb,20305N9,TURBINE GOVERNOR ALARM,32,32,0,970,0,5,32,4,0,1,1,1,1,0,1,0,25,3,1,1,0,true,2,1
20305P1C.CAD,1653,d5ec6cc3b816,20305P1,DIFFERENTIAL EXPANSION,42,42,0,1336,0,8,44,8,0,2,2,2,2,0,2,0,30,6,2,2,0,true,2,1
20305P2C.CAD,2748,b96981432929,20305P2,NO. 2 TURBINE GENERATOR,71,71,0,2362,0,17,79,19,2,4,5,5,4,1,7,0,41,23,6,6,0,true,2,1
20305P3C.CAD,2748,cd1824adc06a,20305P3,NO. 2 TURBINE GENERATOR,71,71,0,2362,0,17,79,19,2,4,5,5,4,1,7,0,41,23,6,6,0,true,2,1
20305P4C.CAD,1399,387d8e45d5a8,20305P4,STATOR WINDING TEMPERATURE,35,35,0,1060,0,6,35,5,1,1,1,1,1,0,2,0,25,11,2,2,0,true,2,1
20305P5C.CAD,2748,6a380dde6e7e,20305P5,NO. 2 TURBINE GENERATOR,71,71,0,2362,0,17,79,19,2,4,5,5,4,1,7,0,41,23,6,6,0,true,2,1
20305P6C.CAD,2844,da870300963f,20305P6,NO. 2 TURBINE GENERATOR,74,74,0,2442,0,18,82,20,2,4,5,5,4,1,8,0,42,25,7,7,0,true,2,1
20305P8C.CAD,1395,5fee28fe858c,20305P8,GENERATOR OUTPUT POWER,35,35,0,1056,0,6,35,5,1,1,1,1,1,0,2,0,25,10,2,2,0,true,2,1
20305P9C.CAD,1965,ed68a4b8d8f4,20305P9,GENERATOR OUTPUT POWER FACTOR,49,49,0,1430,0,14,49,10,2,1,1,1,1,0,10,0,25,45,7,7,0,true,2,1
20305Q1C.CAD,1397,1b83e8a1a39d,20305Q1,GENERATOR OUTPUT CURRENT,35,35,0,1058,0,6,35,5,1,1,1,1,1,0,2,0,25,10,2,2,0,true,2,1
20305Q2C.CAD,1397,c50c32d752e6,20305Q2,GENERATOR OUTPUT VOLTAGE,35,35,0,1058,0,6,35,5,1,1,1,1,1,0,2,0,25,10,2,2,0,true,2,1
20305Q3C.CAD,1907,e5e8dbc2415e,20305Q3,GENERATOR OUTPUT FREQUENCY,51,51,0,1558,0,9,53,9,1,2,2,2,2,0,3,0,36,14,3,3,0,true,2,1
20305Q4C.CAD,1281,5b9619d11061,20305Q4,GENERATOR VOLTAGE FAILURE,32,32,0,974,0,5,32,4,0,1,1,1,1,0,1,0,25,3,1,1,0,true,2,1
20305Q5C.CAD,1787,82a2ccfcea10,20305Q5,GENERATOR OUTPUT VOLTAGE,48,48,0,1470,0,8,50,8,0,2,2,2,2,0,2,0,36,6,2,2,0,true,2,1
20305Q6C.CAD,1271,40172ec12152,20305Q6,GENERATOR STATUS,32,32,0,964,0,5,32,4,0,1,1,1,1,0,1,0,25,3,1,1,0,true,2,1
20305Q7C.CAD,1271,3e5ef96e2477,20305Q7,GOVERNOR STATUS,32,32,0,964,0,5,32,4,0,1,1,1,1,0,1,0,25,3,1,1,0,true,2,1
20305Q8C.CAD,1279,cbf762cd923a,20305Q8,MANUAL TRIP  PUSHBUTTON,32,32,0,972,0,5,32,4,0,1,1,1,1,0,1,0,25,3,1,1,0,true,2,1
20305Q9C.CAD,1393,ab4e59bd673b,20305Q9,GEN. EXCITER CURRENT,35,35,0,1054,0,6,35,5,1,1,1,1,1,0,2,0,25,10,2,2,0,true,2,1
20305R1C.CAD,1393,c9d2fff54a24,20305R1,GEN. EXCITER VOLTAGE,35,35,0,1054,0,6,35,5,1,1,1,1,1,0,2,0,25,10,2,2,0,true,2,1
20305R2C.CAD,1279,47b177be1295,20305R2,LOSS OF EXCITATION FAULT,32,32,0,972,0,5,32,4,0,1,1,1,1,0,1,0,25,3,1,1,0,true,2,1
20305R3C.CAD,1653,cce1abaccf09,20305R3,GEN/STATOR EARTH FAULT,42,42,0,1336,0,8,44,8,0,2,2,2,2,0,2,0,30,6,2,2,0,true,2,1
20305R4C.CAD,1411,8dc12f8cf255,20305R4,VOLTAGE CONTROL O/C,38,38,0,1104,0,5,38,4,0,1,1,1,1,0,1,0,31,3,1,1,0,true,2,1
20305R5C.CAD,1283,c390dc9efe03,20305R5,AUTO CHANGEOVER TO MVR MODE,32,32,0,976,0,5,32,4,0,1,1,1,1,0,1,0,25,3,1,1,0,true,2,1
20305R6C.CAD,1275,9433c7e1350a,20305R6,MVR FUSE BLOWN FAULT,32,32,0,968,0,5,32,4,0,1,1,1,1,0,1,0,25,3,1,1,0,true,2,1
20305R7C.CAD,1283,7cf253fa68e1,20305R7,GEN NEGATIVE PHASE SEQ FAULT,32,32,0,976,0,5,32,4,0,1,1,1,1,0,1,0,25,3,1,1,0,true,2,1
20305R8C.CAD,1277,9ff1b04923a8,20305R8,GEN DIFFERENTIAL FAULT,32,32,0,970,0,5,32,4,0,1,1,1,1,0,1,0,25,3,1,1,0,true,2,1
20305R9C.CAD,1279,fbd78e68c6f5,20305R9,GEN REVERSE POWER FAULT,32,32,0,972,0,5,32,4,0,1,1,1,1,0,1,0,25,3,1,1,0,true,2,1
20305S1C.CAD,1647,6f2526f10ac4,20305S1,NO. 2 TURBINE GENERATOR,42,42,0,1330,0,8,44,8,0,2,2,2,2,0,2,0,30,6,2,2,0,true,2,1
20305S2C.CAD,4971,205293114884,20305S2,NO. 2 TURBINE GENERATOR,139,139,0,4408,0,51,151,38,13,7,7,7,5,2,34,0,52,61,16,16,0,true,3,1
20305S3C.CAD,7515,06340a07301b,20305S3,HP TRIP/THROTTLE VALVE,140,140,0,4560,0,50,156,40,10,7,9,9,6,3,33,0,55,59,16,16,0,true,3,1
20305S5C.CAD,5837,d9c18aa7bbcf,20305S5,EXT.1 AUTO CLOSE,165,165,0,5250,0,60,183,43,17,7,10,10,8,2,43,0,60,69,18,18,0,true,3,1
20305S6C.CAD,2787,3980813b18a9,20305S6,EXT.2 AUTO CLOSE,78,78,0,2354,0,23,84,17,6,1,4,4,2,2,19,0,34,33,11,11,0,true,2,1
20305S7C.CAD,5831,000f62736b5c,20305S7,EXT.2 AUTO CLOSE,165,165,0,5244,0,60,183,43,17,7,10,10,8,2,43,0,60,69,18,18,0,true,3,1
20305S8C.CAD,4892,041a0b7c0706,20305S8,NO. 2 TURBINE GENERATOR,143,143,0,4328,0,50,155,39,13,7,7,7,5,2,48,0,41,61,16,16,0,true,2,1
20305S9C.CAD,4858,dfe3b82d37ec,20305S9,NO. 2 TURBINE GENERATOR,142,142,0,4294,0,48,154,38,13,7,7,7,5,2,47,0,42,61,16,16,0,true,2,1
20305T1C.CAD,3863,0423223ab1b4,20305T1,GLAND STM. CONDENSER FAN,106,106,0,3336,0,39,114,29,9,4,5,5,3,2,28,0,38,53,15,15,0,true,3,1
20305T2C.CAD,3863,96ceb7ee6069,20305T2,VAPOR EXTRACTOR,106,106,0,3336,0,39,114,29,9,4,5,5,3,2,28,0,38,53,15,15,0,true,3,1
20305T3C.CAD,5473,ceb8a37f1254,20305T3,MAIN OIL PUMP,153,153,0,4822,0,55,167,45,14,7,8,8,6,2,45,0,47,83,26,26,0,true,2,1
20305T4C.CAD,5599,ca02d97213c3,20305T4,AUXILIARY OIL PUMP,155,155,0,4958,0,61,169,47,14,7,8,8,6,2,45,0,47,81,25,25,0,true,2,1
20305T5C.CAD,2187,4f26ece18d6c,20305T5,EMERGENCY OIL PUMP,56,56,0,1806,0,14,60,13,1,3,3,3,3,0,5,0,35,16,3,3,0,true,3,1
20305T6C.CAD,5139,94e2565aea52,20305T6,TURNING DEVICE MOTOR,136,136,0,4388,0,51,148,39,12,7,7,7,5,2,34,0,49,64,17,17,0,true,3,1
20305Y1C.CAD,3534,b62528ccc040,20305Y1,POWER BOILERII,104,104,0,2786,0,51,102,23,13,0,0,0,0,0,49,0,17,87,22,21,0,true,3,1
20305Y2C.CAD,2052,c3c406989fb1,20305Y2,POWER BOILERII,56,56,0,1538,0,22,56,10,5,1,1,1,1,0,21,0,18,42,8,8,0,true,2,1
20305Y3C.CAD,1965,cf58a5f1978c,20305Y3,POWER BOILERII,50,50,0,1402,0,19,48,9,6,0,0,0,0,0,16,0,17,41,8,8,0,true,3,1
20305Y4C.CAD,1295,4e5d2ded3a8e,20305Y4,NO. 2 POWER BOILER,36,36,0,956,0,5,34,3,1,0,0,0,0,0,2,0,28,9,2,2,0,true,3,1
20305Y5C.CAD,1303,aa6dbbce5124,20305Y5,FEEDWATER CONDUCTIVITY,36,36,0,964,0,5,34,3,1,0,0,0,0,0,2,0,28,9,2,2,0,true,3,1
20305Y6C.CAD,1179,a201f1e5a9cf,20305Y6,NO. 2 POWER BOILER,30,30,0,840,0,5,28,3,1,0,0,0,0,0,2,0,22,10,2,2,0,true,3,1
20305Y7C.CAD,1488,91fe93833c8e,20305Y7,MILL EXPANSION,38,38,0,1120,0,8,40,7,0,1,2,2,1,1,6,0,23,17,4,4,0,true,2,1
20305Z1C.CAD,4056,27869a9d44a6,20305Z1C,MILL EXPANSION,115,115,0,3168,0,43,114,42,19,0,0,0,0,0,42,0,11,129,39,39,0,true,2,1
20305Z2C.CAD,5248,671127d7e424,20305Z2,MILL EXPANSION,140,140,0,4596,0,43,181,44,0,0,21,21,20,1,43,0,52,90,23,23,0,true,1,1
20305Z3C.CAD,4384,766ac178c95c,20305Z3,MILL EXPANSION,113,113,0,3768,0,41,150,40,2,0,19,19,16,3,41,0,29,82,21,21,0,true,1,1
20305Z4C.CAD,4892,7274bb568844,20305Z4,Not Connection.,64,64,0,2872,0,25,63,43,1,0,0,0,0,0,4,0,15,172,42,22,0,true,4,1
20305Z5C.CAD,7244,171aca657035,20305Z5,Not Connection.,128,128,0,4718,0,47,127,77,9,0,0,0,0,0,26,0,15,326,74,55,0,true,4,1
2531000C.CAD,3562,d0a01c14b555,2531000,PLANT LOOP,113,113,0,3020,0,42,119,12,1,0,4,4,0,4,21,0,77,59,8,7,1,true,2,1
2531001C.CAD,3638,6d3f16f250c8,2531001,INITIAL RELEASE,138,138,0,3280,0,28,146,6,0,5,5,5,5,0,27,0,103,16,1,1,0,true,2,1
2531002C.CAD,2517,387c0dfe6f5d,2531002,INITIAL RELEASE,74,74,0,2160,0,10,86,8,0,7,7,7,7,0,7,0,57,20,1,1,0,true,3,1
2531003C.CAD,3745,bfb50cc17e62,2531003,INITIAL RELEASE,139,139,0,3360,0,29,149,7,0,6,6,6,6,0,28,0,102,17,1,1,0,true,2,1
2531004C.CAD,3933,ca4ab1cfe193,2531004,INITIAL RELEASE,147,147,0,3576,0,32,157,7,0,6,6,6,6,0,28,0,110,17,1,1,0,true,3,1
2531005C.CAD,4169,fbbb1d4d883f,2531005,INITIAL RELEASE,153,153,0,3812,0,34,167,9,0,8,8,8,8,0,30,0,112,19,1,1,0,true,3,1
2531006C.CAD,3905,031bede7d35b,2531006,INITIAL RELEASE,146,146,0,3548,0,31,156,7,0,6,6,6,6,0,28,0,109,17,1,1,0,true,3,1
2531007C.CAD,3905,132b26c4d84b,2531007,INITIAL RELEASE,146,146,0,3548,0,31,156,7,0,6,6,6,6,0,28,0,109,18,1,1,0,true,3,1
2531008C.CAD,4387,7f7fc839147d,2531008,INITIAL RELEASE,153,153,0,3814,0,34,167,9,0,8,8,8,8,0,30,0,112,20,1,1,0,true,3,1
2531009C.CAD,3648,a93a64b7085e,2531009,INITIAL RELEASE,138,138,0,3290,0,28,146,6,0,5,5,5,5,0,27,0,103,17,1,1,0,true,2,1
2531010C.CAD,4057,5326901b4d30,2531010,INITIAL RELEASE,147,147,0,3576,0,32,157,7,0,6,6,6,6,0,28,0,110,18,1,1,0,true,3,1
2531011C.CAD,3961,d397b8317f17,2531011,INITIAL RELEASE,148,148,0,3604,0,33,158,7,0,6,6,6,6,0,28,0,111,18,1,1,0,true,3,1
2531012C.CAD,4241,b41e6d6206a0,2531012,INITIAL RELEASE,148,148,0,3638,0,31,160,8,0,7,7,7,7,0,29,0,109,19,1,1,0,true,2,1
2531013C.CAD,3676,627e84882f7c,2531013,INITIAL RELEASE,139,139,0,3318,0,29,147,6,0,5,5,5,5,0,27,0,104,18,1,1,0,true,2,1
2531014C.CAD,4293,5d67a6e5bd30,2531014,INITIAL RELEASE,154,154,0,3840,0,35,168,9,0,8,8,8,8,0,30,0,113,21,1,1,0,true,3,1
2531015C.CAD,3962,9c6dade30419,2531015,INITIAL RELEASE,148,148,0,3604,0,33,158,7,0,6,6,6,6,0,28,0,111,17,1,1,0,true,3,1
2531016C.CAD,3882,828e8a878305,2531016,INITIAL RELEASE,146,146,0,3524,0,29,154,6,0,5,5,5,5,0,27,0,111,17,1,1,0,true,2,1
2531017C.CAD,3890,d88f51a403c8,2531017,INITIAL RELEASE,143,143,0,3532,0,30,157,9,0,8,8,8,8,0,30,0,102,20,1,1,0,true,1,1
2531018C.CAD,2751,3a2f321918c6,2531018,INITIAL RELEASE,81,81,0,2394,0,14,95,10,0,8,8,8,8,0,8,0,61,20,1,1,0,true,3,1
2531019C.CAD,2751,5062a023c3d5,2531019,INITIAL RELEASE,81,81,0,2394,0,14,95,10,0,8,8,8,8,0,8,0,61,20,1,1,0,true,3,1
2531020C.CAD,2543,07ac25f4ef96,2531020,INITIAL RELEASE,76,76,0,2186,0,12,86,8,0,6,6,6,6,0,6,0,60,18,1,1,0,true,3,1
2531021C.CAD,2306,5766a219dd69,2531021,INITIAL RELEASE,66,66,0,1926,0,8,73,8,0,4,5,5,4,0,5,0,51,15,3,1,0,true,3,1
2531022C.CAD,3761,19dcf07a0ec1,2531022,INITIAL RELEASE,115,115,0,3412,0,17,141,16,0,14,14,14,0,14,14,0,83,20,2,2,0,true,3,1
2531023C.CAD,3635,7c3885da5ced,2531023,INITIAL RELEASE,112,112,0,3314,0,16,138,16,0,14,14,14,0,14,14,0,80,20,2,2,0,true,2,1
2531024C.CAD,3893,2dde5522ff84,2531024,INITIAL RELEASE,119,119,0,3572,0,18,149,18,0,16,16,16,0,16,16,0,83,22,2,2,0,true,2,1
2531025C.CAD,3210,1faffc7ff2a8,2531025,INITIAL RELEASE,97,97,0,2888,0,14,123,16,0,14,14,14,0,14,14,0,65,20,2,2,0,true,1,1
2531026C.CAD,3617,0d8e4cea00f5,2531026,INITIAL RELEASE,111,111,0,3296,0,16,137,16,0,14,14,14,0,14,14,0,79,20,2,2,0,true,2,1
2531027C.CAD,3713,c81424af81f3,2531027,INITIAL RELEASE,115,115,0,3392,0,16,141,16,0,14,14,14,0,14,14,0,83,20,2,2,0,true,2,1
2531028C.CAD,3673,86175a70ca76,2531028,INITIAL RELEASE,113,113,0,3352,0,17,139,16,0,14,14,14,0,14,14,0,81,20,2,2,0,true,3,1
2531029C.CAD,3265,5f5cd346a255,2531029,INITIAL RELEASE,99,99,0,2944,0,16,125,16,0,14,14,14,0,14,14,0,67,20,2,2,3,true,2,1
2531030C.CAD,3889,2959b9bb0442,2531030,INITIAL RELEASE,121,121,0,3478,0,16,145,15,0,13,13,13,0,13,13,0,91,19,2,2,0,true,3,1
2531031C.CAD,2834,e6eecceb1134,2531031,INITIAL RELEASE,81,81,0,2512,0,14,105,15,0,13,13,13,0,13,13,0,51,19,2,2,0,true,2,1
2531032C.CAD,3685,3fba120a507a,2531032,INITIAL RELEASE,104,104,0,3332,0,18,134,18,0,16,16,16,16,0,16,0,68,24,2,2,0,true,2,1
2531033C.CAD,3561,58bf30efa46e,2531033,INITIAL RELEASE,97,97,0,3090,0,17,125,17,0,15,15,15,15,0,15,0,63,23,2,2,0,true,2,1
2531034C.CAD,2934,719ad085e3d8,2531034,INITIAL RELEASE,80,80,0,2580,0,14,106,16,0,14,14,14,14,0,14,0,48,22,2,2,0,true,1,1
2531035C.CAD,2552,bbe859984320,2531035,INITIAL RELEASE,68,68,0,2198,0,12,90,14,0,12,12,12,12,0,12,0,40,20,2,2,0,true,1,1
2531036C.CAD,2215,199c440df0ac,2531036,INITIAL RELEASE,61,61,0,1800,0,8,71,7,0,6,6,6,6,0,6,0,46,10,1,1,0,true,2,1
2531037C.CAD,2205,6d4db4d9db15,2531037,INITIAL RELEASE,61,61,0,1790,0,8,71,7,0,6,6,6,6,0,6,0,46,10,1,1,0,true,2,1
2531038C.CAD,2362,fb6a58391cd5,2531038,INITIAL RELEASE,67,67,0,2036,0,8,81,9,0,8,8,8,8,0,8,0,48,12,1,1,0,true,1,1
2531039C.CAD,2233,1bd030572700,2531039,INITIAL RELEASE,61,61,0,1790,0,8,71,7,0,6,6,6,6,0,6,0,46,10,1,1,0,true,2,1
2531040C.CAD,3929,55b9e1702244,2531040,INITIAL RELEASE,120,120,0,3608,0,21,150,18,0,16,16,16,0,16,16,0,84,22,2,2,0,true,3,1
2531041C.CAD,1000,2e61ee188a2b,2531041C,,12,12,0,492,0,5,18,7,0,3,3,3,0,3,5,0,0,19,3,3,0,true,1,1
2531042C.CAD,2209,e7d6eaa0aa9a,2531042C,,54,54,0,1758,0,27,70,18,6,3,8,8,2,6,25,0,5,35,8,8,1,true,3,1
2531090C.CAD,3257,6066db15ca4c,2531090,LOW ALARM POINT LIMIT VALUE,95,95,0,2824,0,16,101,13,3,1,4,4,3,1,14,0,63,33,6,6,0,true,3,1
2531091C.CAD,3094,54394faddeaf,2531091,LOW ALARM POINT LIMIT VALUE,90,90,0,2660,0,13,94,12,2,1,3,3,3,0,12,0,62,31,6,6,0,true,2,1
2531092C.CAD,3526,799c6b46ab28,2531092,LOW ALARM POINT LIMIT VALUE,103,103,0,3046,0,18,109,15,4,1,4,4,3,1,17,0,65,42,8,8,0,true,2,1
2531093C.CAD,3758,8c9e5c685fcd,2531093,LOW ALARM POINT LIMIT VALUE,111,111,0,3204,0,23,113,18,6,1,2,2,2,0,22,0,63,57,12,12,0,true,2,1
2531094C.CAD,3302,bba775f0eac7,2531094,LOW ALARM POINT LIMIT VALUE,97,97,0,2850,0,14,101,13,3,1,3,3,3,0,13,0,66,37,6,6,0,true,2,1
25310A0C.CAD,4670,d3c317f5ab45,25310A0,NO.1 LIQ FLASH TANK,151,151,0,4218,0,31,159,14,4,4,5,5,3,2,31,0,100,32,4,4,0,true,2,1
25310A1C.CAD,6788,189b79dc766e,25310A1,CONCENTRATOR LEVEL,210,210,0,6108,0,63,231,28,13,7,11,11,6,6,63,0,104,79,12,12,1,true,2,1
25310A3C.CAD,5598,d2cef5d50e25,25310A3,PID CONTROL,182,182,0,5080,0,48,194,21,10,3,7,7,3,4,47,0,102,45,8,8,0,true,3,1
25310A4C.CAD,5124,7bc05eca0f15,25310A4,PID CONTROL,165,165,0,4646,0,39,177,18,7,3,7,7,2,5,39,0,99,40,6,6,0,true,2,1
25310A5C.CAD,4988,a63c8005f424,25310A5,PID CONTROL,162,162,0,4510,0,38,172,16,7,3,6,6,2,4,38,0,99,39,6,6,0,true,2,1
25310A6C.CAD,5008,875f11c6d44e,25310A6,PID CONTROL,162,162,0,4530,0,38,172,17,6,3,6,6,2,4,37,0,100,38,6,6,0,true,3,1
25310A7C.CAD,3066,62f8543124ff,25310A7,NO.2 DRAIN FLASH TK,100,100,0,2630,0,29,104,11,4,3,3,3,2,1,29,0,54,28,3,3,0,true,2,1
25310A9C.CAD,4424,69b66419fbb1,25310A9,SOAP STORAGE TANK,145,145,0,3978,0,30,149,12,4,3,3,3,2,1,30,0,97,30,4,4,0,true,2,1
25310B1C.CAD,4884,fa7fd8bc801f,25310B1,SOAP SKIM TANK LEVEL,160,160,0,4400,0,36,166,16,6,3,4,4,2,2,36,0,100,38,7,7,0,true,2,1
25310B2C.CAD,2709,69968bd83189,25310B2,LOW ALARM POINT LIMIT VALUE,81,81,0,2370,0,5,83,7,1,1,2,2,1,1,4,0,67,11,2,2,0,true,2,1
25310B3C.CAD,2932,dbc0928114c1,25310B3,INITIAL RELEASE,86,86,0,2468,0,20,95,14,4,2,6,6,2,3,19,0,47,40,9,8,0,true,2,1
25310B4C.CAD,2894,938c282bebe9,25310B4,LOW ALARM POINT LIMIT VALUE,87,87,0,2528,0,7,89,9,1,1,2,2,1,1,6,0,69,17,4,4,0,true,2,1
25310B5C.CAD,3498,a20bbb4d6c40,25310B5,LOW ALARM POINT LIMIT VALUE,103,103,0,3100,0,15,113,15,3,1,6,6,1,5,14,0,69,27,6,6,0,true,2,1
25310B6C.CAD,3538,b2c27c1fe52b,25310B6,LOW ALARM POINT LIMIT VALUE,109,109,0,3124,0,16,111,14,4,2,2,2,2,0,16,0,73,29,8,8,0,true,1,1
25310B7C.CAD,3534,afadc9b0481f,25310B7,LOW ALARM POINT LIMIT VALUE,109,109,0,3120,0,16,111,14,4,2,2,2,2,0,16,0,73,29,8,8,0,true,1,1
25310B8C.CAD,2994,e8f8b5062b8a,25310B8,INITIAL RELEASE,91,91,0,2556,0,19,95,16,4,2,3,3,2,1,18,0,51,31,8,8,0,true,2,1
25310B9C.CAD,2874,a1bb20e10532,25310B9,INITIAL RELEASE,88,88,0,2436,0,18,90,15,4,2,2,2,2,0,17,0,50,29,8,8,0,true,2,1
25310C0C.CAD,3526,ec8b5bf32e2d,25310C0,LOW ALARM POINT LIMIT VALUE,106,106,0,3140,0,16,114,14,4,2,5,5,2,3,14,0,72,25,6,6,0,true,2,1
25310C2C.CAD,2882,6562eca7ec51,25310C2,OUTLET FLOW,85,85,0,2430,0,19,95,14,4,2,6,6,3,3,19,0,46,40,8,8,0,true,1,1
25310C3C.CAD,3368,75720064c7d2,25310C3,LOW ALARM POINT LIMIT VALUE,100,100,0,2992,0,13,108,13,3,1,5,5,2,3,12,0,70,22,5,5,0,true,2,1
25310C4C.CAD,4176,71569526714c,25310C4,PID CONTROL,136,136,0,3740,0,29,140,10,4,3,3,3,2,1,29,0,91,28,3,3,0,true,2,1
25310C5C.CAD,3486,58e096c44bac,25310C5,HBL DENSITY,117,117,0,3146,0,18,117,6,1,1,1,1,1,0,18,0,90,10,2,2,0,true,2,1
25310C6C.CAD,2604,50760be63469,25310C6,LOW ALARM POINT LIMIT VALUE,78,78,0,2264,0,3,78,6,1,1,1,1,1,0,3,0,66,11,2,2,0,true,1,1
25310C7C.CAD,4174,1d67cc8a23f2,25310C7,WBL FEED DENSITY,136,136,0,3738,0,29,140,10,4,3,3,3,2,1,29,0,91,28,3,3,0,true,2,1
25310C8C.CAD,2381,68050ee77af7,25310C8,LOW ALARM POINT LIMIT VALUE,67,67,0,1894,0,4,65,3,1,0,0,0,0,0,2,0,59,13,3,3,0,true,2,1
25310C9C.CAD,5446,f40df92ef218,25310C9,PID CONTROL,176,176,0,4918,0,48,185,21,8,4,6,6,2,3,46,0,99,47,10,9,0,true,4,1
25310D1C.CAD,5562,e1b09e4fc0a5,25310D1,CONCENT INLET STEAM,179,179,0,5002,0,55,190,23,9,3,7,7,2,3,50,0,96,53,13,11,0,true,5,1
25310D2C.CAD,2488,2b5c0f9a954e,25310D2,INITIAL RELEASE,70,70,0,2032,0,16,78,12,3,0,5,5,3,2,15,0,38,37,6,6,0,true,2,1
25310D3C.CAD,4902,4cd557c50673,25310D3,PID CONTROL,154,154,0,4300,0,39,158,18,5,3,3,3,2,1,38,0,91,61,9,9,0,true,3,1
25310D4C.CAD,5450,f1eac6261732,25310D4,PID CONTROL,176,176,0,4926,0,48,185,21,8,3,6,6,3,2,45,0,100,47,10,9,0,true,5,1
25310D5C.CAD,2964,e5b95b002bf4,25310D5,INITIAL RELEASE,87,87,0,2424,0,25,93,14,7,0,4,4,4,0,24,0,40,57,9,9,0,true,2,1
25310D6C.CAD,4906,3b545a25c275,25310D6,DESUPERHEATER CONCTR,154,154,0,4304,0,39,158,18,5,3,3,3,2,1,38,0,91,59,9,9,0,true,3,1
25310D7C.CAD,5238,14d5b74f90e4,25310D7,PID CONTROL,166,166,0,4724,0,42,178,20,5,5,7,7,4,3,38,0,101,40,7,7,0,true,4,1
25310D8C.CAD,2222,7ef6c02deb00,25310D8,INITIAL RELEASE,64,64,0,1800,0,13,68,9,3,0,3,3,3,0,12,0,38,29,5,5,0,true,2,1
25310D9C.CAD,3542,6bc870656202,25310D9,LOW ALARM POINT LIMIT VALUE,106,106,0,3072,0,18,110,15,4,1,3,3,3,0,16,0,69,40,7,7,0,true,2,1
25310E1C.CAD,2418,8d5bf10bb3d8,25310E1,LOW ALARM POINT LIMIT VALUE,71,71,0,2060,0,5,73,5,1,1,2,2,2,0,5,0,58,16,3,3,0,true,1,1
25310E2C.CAD,3666,0a96305389ed,25310E2,LOW ALARM POINT LIMIT VALUE,108,108,0,3186,0,18,114,16,4,1,4,4,3,1,17,0,69,42,8,8,0,true,2,1
25310E3C.CAD,3352,d6f061e80d9d,25310E3,LOW ALARM POINT LIMIT VALUE,101,101,0,2900,0,15,103,12,4,1,2,2,2,0,14,0,69,35,6,6,0,true,2,1
25310E4C.CAD,4584,3a8299d737d6,25310E4,DOSING LINE FLOW,148,148,0,4088,0,29,152,13,4,3,3,3,2,1,29,0,100,39,5,5,0,true,2,1
25310E5C.CAD,2471,6fe6e1e1c09d,25310E5,LOW ALARM POINT LIMIT VALUE,71,71,0,2102,0,8,71,7,0,1,1,1,1,0,2,0,60,10,2,2,0,true,3,1
25310E6C.CAD,2683,caec30efb8a8,25310E6,LOW ALARM POINT LIMIT VALUE,80,80,0,2344,0,5,82,7,1,1,2,2,1,1,4,0,66,10,2,2,0,true,2,1
25310E7C.CAD,2667,47bfcf2237d5,25310E7,LOW ALARM POINT LIMIT VALUE,79,79,0,2328,0,8,81,7,1,1,2,2,1,1,3,0,66,10,2,2,0,true,2,1
25310E8C.CAD,2639,771a09f2bebe,25310E8,LOW ALARM POINT LIMIT VALUE,78,78,0,2300,0,8,80,7,1,1,2,2,1,1,3,0,65,10,2,2,0,true,2,1
25310E9C.CAD,2639,e4b15f42558a,25310E9,LOW ALARM POINT LIMIT VALUE,78,78,0,2300,0,8,80,7,1,1,2,2,1,1,3,0,65,10,2,2,0,true,2,1
25310F1C.CAD,2793,04768749bad8,25310F1,LOW ALARM POINT LIMIT VALUE,81,81,0,2420,0,8,83,8,0,2,2,2,2,0,2,0,69,8,2,2,0,true,2,1
25310F2C.CAD,2639,1cbf3a7548ee,25310F2,LOW ALARM POINT LIMIT VALUE,78,78,0,2300,0,8,80,7,1,1,2,2,1,1,3,0,65,10,2,2,0,true,2,1
25310F3C.CAD,2639,4e77ad77a933,25310F3,LOW ALARM POINT LIMIT VALUE,78,78,0,2300,0,8,80,7,1,1,2,2,1,1,3,0,65,10,2,2,0,true,2,1
25310F4C.CAD,2613,f6f4009ecacf,25310F4,LOW ALARM POINT LIMIT VALUE,77,77,0,2246,0,7,77,6,1,1,1,1,1,0,2,0,66,9,2,2,0,true,2,1
25310F5C.CAD,2613,f2ad35519432,25310F5,LOW ALARM POINT LIMIT VALUE,77,77,0,2246,0,7,77,6,1,1,1,1,1,0,2,0,66,9,2,2,0,true,2,1
25310F6C.CAD,3346,ab0672916d8f,25310F6,LOW ALARM POINT LIMIT VALUE,97,97,0,2880,0,16,101,11,5,3,3,3,2,1,11,0,68,32,4,4,0,true,2,1
25310F7C.CAD,2869,6842259d32f5,25310F7,LOW ALARM POINT LIMIT VALUE,84,84,0,2482,0,10,86,9,1,1,2,2,2,0,5,0,67,21,4,4,0,true,2,1
25310F8C.CAD,2545,9fc07bb3276d,25310F8,LOW ALARM POINT LIMIT VALUE,75,75,0,2178,0,7,75,6,1,1,1,1,1,0,2,0,64,9,2,2,0,true,2,1
25310F9C.CAD,2825,bb190091d9c8,25310F9,LOW ALARM POINT LIMIT VALUE,83,83,0,2438,0,10,85,9,1,1,2,2,2,0,5,0,66,21,4,4,0,true,2,1
25310G1C.CAD,2152,f1a102d48627,25310G1,INITIAL RELEASE,62,62,0,1764,0,6,64,10,1,1,2,2,2,0,6,0,43,21,4,4,0,true,1,1
25310G2C.CAD,2876,3dcb6de7ae15,25310G2,LOW ALARM POINT LIMIT VALUE,85,85,0,2488,0,6,87,9,1,1,2,2,2,0,6,0,67,21,4,4,0,true,1,1
25310G3C.CAD,2876,14a23623dc1b,25310G3,LOW ALARM POINT LIMIT VALUE,85,85,0,2488,0,6,87,9,1,1,2,2,2,0,6,0,67,21,4,4,0,true,1,1
25310G4C.CAD,2599,6608c93861be,25310G4,LOW ALARM POINT LIMIT VALUE,77,77,0,2232,0,7,77,6,1,1,1,1,1,0,2,0,66,9,2,2,0,true,2,1
25310G5C.CAD,2611,3ea86815c667,25310G5,LOW ALARM POINT LIMIT VALUE,77,77,0,2244,0,7,77,6,1,1,1,1,1,0,2,0,66,9,2,2,0,true,2,1
25310G6C.CAD,4661,b000d947e584,25310G6,WATER TEMPERATURE,142,142,0,3968,0,32,146,11,4,3,3,3,2,1,25,0,100,28,3,3,0,true,3,1
25310G7C.CAD,2569,5c8831d0769d,25310G7,LOW ALARM POINT LIMIT VALUE,76,76,0,2202,0,7,76,6,1,1,1,1,1,0,2,0,65,11,2,2,0,true,2,1
25310G8C.CAD,2630,d292d9b1ddbe,25310G8,LOW ALARM POINT LIMIT VALUE,78,78,0,2290,0,4,80,7,1,1,2,2,1,1,4,0,64,12,2,2,0,true,1,1
25310G9C.CAD,3142,52183d315d10,25310G9,LOW ALARM POINT LIMIT VALUE,95,95,0,2758,0,9,99,11,2,2,3,3,2,1,9,0,71,25,5,5,0,true,1,1
25310H1C.CAD,3348,7efb6d8189d2,25310H1,LOW ALARM POINT LIMIT VALUE,96,96,0,2836,0,10,100,13,2,3,3,3,3,0,10,0,69,52,7,7,0,true,1,1
25310H2C.CAD,1534,ecc762ab93c4,25310H2,INITIAL RELEASE,44,44,0,1194,0,3,44,5,0,1,1,1,1,0,2,0,35,9,2,2,0,true,2,1
25310H3C.CAD,3226,3c84759b6af8,25310H3,LOW ALARM POINT LIMIT VALUE,96,96,0,2810,0,12,100,12,4,2,3,3,2,1,12,0,66,28,6,6,0,true,1,1
25310H4C.CAD,2592,40720bc942f2,25310H4,LOW ALARM POINT LIMIT VALUE,78,78,0,2252,0,3,78,6,1,1,1,1,1,0,3,0,66,10,2,2,0,true,1,1
25310H5C.CAD,5908,c715bf893fb9,25310H5,STEAM CONDENS CONDUCT,196,196,0,5494,0,39,204,20,2,4,5,5,3,2,39,0,133,29,6,6,0,true,2,1
25310H6C.CAD,7313,f6e30847c181,25310H6,COMBINED CONDENSATE,237,237,0,6780,0,61,255,34,7,4,10,10,3,7,58,0,136,61,15,15,0,true,3,1
25310H7C.CAD,3958,64b13dc13446,25310H7,FLOW CONDENSOR,130,130,0,3348,0,44,136,16,8,1,4,4,4,0,43,0,61,71,11,11,0,true,3,1
25310H8C.CAD,5766,85d07e1d4912,25310H8,NO.1 HBL TK INLET VLV,190,190,0,5234,0,55,201,27,4,7,7,7,4,2,54,0,103,48,14,13,0,true,3,1
25310H9C.CAD,4178,a071213f0284,25310H9,NO.2 HBL TK INLET VLV,144,144,0,3852,0,29,148,10,0,3,3,3,2,1,29,0,103,8,1,1,0,true,2,1
25310I0C.CAD,4548,4629b45598d2,25310I0,HBL RETURN TO IBL TK,154,154,0,4208,0,33,162,13,2,3,5,5,3,2,33,0,104,12,2,2,0,true,2,1
25310I1C.CAD,4196,4603cc2eb148,25310I1,CONCENTR WBL INLET,145,145,0,3870,0,29,149,10,0,3,3,3,2,1,29,0,104,8,1,1,0,true,2,1
25310I2C.CAD,4146,1467b9ae54e4,25310I2,DEVICE DRIVER DISPLAY TYPE,143,143,0,3820,0,29,147,10,0,3,3,3,2,1,29,0,102,8,1,1,0,true,2,1
25310I3C.CAD,4512,0c0f8ebb7ea9,25310I3,TANK VALVE,155,155,0,4172,0,32,161,12,1,3,4,4,3,1,32,0,108,11,2,2,0,true,2,1
25310I4C.CAD,4202,9ee31f191c4a,25310I4,IBL RETURN TO WBL TK,145,145,0,3876,0,29,149,10,0,3,3,3,2,1,29,0,104,8,1,1,0,true,2,1
25310I5C.CAD,4310,f0ef88c3ddda,25310I5,TANK VALVE,149,149,0,3984,0,29,153,10,0,3,3,3,2,1,29,0,108,8,1,1,0,true,2,1
25310I6C.CAD,4494,01c49604c847,25310I6,DEVICE DRIVER DISPLAY TYPE,151,151,0,4168,0,31,161,13,1,3,6,6,4,2,31,0,104,9,1,1,2,true,2,1
25310I7C.CAD,4022,5ece77096637,25310I7,INLET VALVE,138,138,0,3696,0,29,142,9,0,3,3,3,2,1,29,0,98,8,1,1,0,true,2,1
25310I8C.CAD,4042,cbd0f6da74c4,25310I8,DEVICE DRIVER DISPLAY TYPE,138,138,0,3716,0,29,142,10,0,3,3,3,2,1,29,0,97,8,1,1,0,true,2,1
25310I9C.CAD,4210,1fe4ec9c2afe,25310I9,IBL RETURN FLUSHING,145,145,0,3884,0,29,149,10,1,3,3,3,2,1,29,0,103,8,1,1,0,true,2,1
25310J0C.CAD,4708,9b93ec502f04,25310J0,NO.1 HBL TK DISCHARGE,160,160,0,4330,0,36,166,15,1,3,4,4,3,1,36,0,106,19,5,5,0,true,2,1
25310J1C.CAD,4866,b3844b1a54e1,25310J1,NO.2 HBL TK DISCHARGE,165,165,0,4480,0,39,171,16,2,3,4,4,3,1,39,0,106,21,6,6,0,true,2,1
25310J2C.CAD,3274,eef2bd953f60,25310J2,TANK VALVE,126,126,0,2920,0,58,132,6,0,4,4,4,4,0,58,0,60,12,2,2,0,true,2,1
25310J3C.CAD,3474,efe54c9c8ff9,25310J3,DISSOLVING TANK LEVEL,96,96,0,2900,0,23,110,20,6,2,9,9,2,5,21,0,47,65,13,11,0,true,2,1
25310J4C.CAD,3940,eec50d11daf0,25310J4,LOW ALARM POINT LIMIT VALUE,112,112,0,3404,0,21,124,21,0,0,7,7,7,0,20,0,69,67,13,13,0,true,2,1
25310J5C.CAD,4208,0d7741cdb944,25310J5,WBL HEATER LEVEL,136,136,0,3772,0,29,140,11,4,3,3,3,2,1,29,0,90,29,3,3,0,true,2,1
25310J6C.CAD,4400,3e9ba185d8c4,25310J6,HEATER CONDENSATE,144,144,0,3964,0,29,148,11,4,3,3,3,2,1,29,0,98,29,3,3,0,true,2,1
25310J7C.CAD,2632,b7f5c9bc3d4d,25310J7,INITIAL RELEASE,77,77,0,2242,0,9,83,15,1,3,4,4,3,1,9,0,50,24,6,6,0,true,1,1
25310J8C.CAD,2654,29fd582c274e,25310J8,LOW ALARM POINT LIMIT VALUE,77,77,0,2316,0,5,80,8,0,1,3,3,1,1,4,0,63,7,3,2,0,true,2,1
25310J9C.CAD,1460,18ac86d480cb,25310J9,INITIAL RELEASE,42,42,0,1132,0,1,42,3,0,1,1,1,1,0,1,0,36,6,1,1,0,true,1,1
25310K0C.CAD,5086,fb4faf75cdf2,25310K0,NO.3 DRAIN FLASH TK,162,162,0,4552,0,44,173,18,7,2,7,7,3,3,43,0,92,49,10,9,0,true,3,1
25310K1C.CAD,5040,1c3e337e3bd9,25310K1,NO.2 LIQ.FLASH TANK,161,161,0,4510,0,45,174,16,8,3,8,8,2,5,44,0,91,50,9,8,0,true,3,1
25310K2C.CAD,2488,a8fe752e7454,25310K2,LOW ALARM POINT LIMIT VALUE,73,73,0,2148,0,3,73,6,1,1,1,1,1,0,3,0,61,10,2,2,0,true,1,1
25310K3C.CAD,2710,35c26e4be458,25310K3,LOW ALARM POINT LIMIT VALUE,81,81,0,2346,0,5,81,8,1,1,1,1,1,0,5,0,65,17,4,4,0,true,1,1
25310K4C.CAD,2704,c3bbb93b803a,25310K4,LOW ALARM POINT LIMIT VALUE,81,81,0,2340,0,5,81,8,1,1,1,1,1,0,5,0,65,17,4,4,0,true,1,1
25310K5C.CAD,2704,264e9600b037,25310K5,LOW ALARM POINT LIMIT VALUE,81,81,0,2340,0,5,81,8,1,1,1,1,1,0,5,0,65,17,4,4,0,true,1,1
25310K6C.CAD,2700,23e6532f553a,25310K6,LOW ALARM POINT LIMIT VALUE,81,81,0,2336,0,5,81,8,1,1,1,1,1,0,5,0,65,17,4,4,0,true,1,1
25310K7C.CAD,2682,19fe3eae9793,25310K7,LOW ALARM POINT LIMIT VALUE,80,80,0,2318,0,5,80,8,1,1,1,1,1,0,5,0,64,17,4,4,0,true,1,1
25310K8C.CAD,2684,97fdf2e8238c,25310K8,LOW ALARM POINT LIMIT VALUE,80,80,0,2320,0,5,80,8,1,1,1,1,1,0,5,0,64,17,4,4,0,true,1,1
25310K9C.CAD,2626,01962e439c5e,25310K9,LOW ALARM POINT LIMIT VALUE,77,77,0,2262,0,5,77,8,1,1,1,1,1,0,5,0,61,17,4,4,0,true,1,1
25310L0C.CAD,2520,fde49ba8b952,25310L0,LOW ALARM POINT LIMIT VALUE,75,75,0,2180,0,3,75,6,1,1,1,1,1,0,3,0,63,10,2,2,0,true,1,1
25310L1C.CAD,2522,dc7f2497739c,25310L1,LOW ALARM POINT LIMIT VALUE,75,75,0,2182,0,3,75,6,1,1,1,1,1,0,3,0,63,10,2,2,0,true,1,1
25310L2C.CAD,2012,0d72127665eb,25310L2,FLOW TO COOLING TOWER,49,49,0,1504,0,17,53,10,3,2,4,4,1,1,14,0,20,37,6,4,0,true,3,1
25310L3C.CAD,4122,48c107378ca4,25310L3,DEVICE DRIVER DISPLAY TYPE,142,142,0,3796,0,29,146,10,0,3,3,3,2,1,29,0,101,8,1,1,0,true,2,1
25310L4C.CAD,2230,7878f2e200bc,25310L4,LOW ALARM POINT LIMIT VALUE,65,65,0,1890,0,3,65,4,0,1,1,1,1,0,2,0,57,11,2,2,0,true,2,1
25310L5C.CAD,2572,90f8bb37b641,25310L5,LOW ALARM POINT LIMIT VALUE,77,77,0,2232,0,3,77,6,1,1,1,1,1,0,3,0,65,10,2,2,0,true,1,1
25310L6C.CAD,2558,a747f2c34024,25310L6,LOW ALARM POINT LIMIT VALUE,77,77,0,2218,0,3,77,6,1,1,1,1,1,0,3,0,65,11,2,2,0,true,1,1
25310L7C.CAD,4172,f1b5eb8cce2c,25310L7,WBL VALVE,144,144,0,3846,0,29,148,10,0,3,3,3,2,1,29,0,103,8,1,1,0,true,2,1
25310L8C.CAD,2468,3db808296912,25310L8,LOW ALARM POINT LIMIT VALUE,72,72,0,2128,0,3,72,6,1,1,1,1,1,0,3,0,60,10,2,2,0,true,1,1
25310L9C.CAD,2574,df0e0387c69d,25310L9,LOW ALARM POINT LIMIT VALUE,77,77,0,2234,0,3,77,6,1,1,1,1,1,0,3,0,65,10,2,2,0,true,1,1
25310M1C.CAD,4144,09d901fb7889,25310M1,DEVICE DRIVER DISPLAY TYPE,143,143,0,3818,0,29,147,10,0,3,3,3,2,1,29,0,102,8,1,1,0,true,2,1
25310M2C.CAD,4958,628aaebe7755,25310M2,DEVICE DRIVER DISPLAY TYPE,189,189,0,4632,0,68,193,10,0,3,3,3,2,1,68,0,109,8,1,1,0,true,2,1
25310M3C.CAD,4146,1df8df9674ea,25310M3,DEVICE DRIVER DISPLAY TYPE,143,143,0,3820,0,29,147,10,0,3,3,3,2,1,29,0,102,8,1,1,0,true,2,1
25310M4C.CAD,4302,21bc6e5a0fae,25310M4,SPRAY VALVE,147,147,0,3976,0,30,153,11,0,3,4,4,3,1,30,0,104,10,1,1,0,true,2,1
25310M5C.CAD,4324,946fb29ae967,25310M5,SPRAY VALVE,148,148,0,3998,0,30,154,11,0,3,4,4,3,1,30,0,105,10,1,1,0,true,2,1
25310M6C.CAD,4302,8dc0388f886f,25310M6,SPRAY VALVE,147,147,0,3976,0,30,153,11,0,3,4,4,3,1,30,0,104,10,1,1,0,true,2,1
25310M7C.CAD,5048,a2325e7c4d79,25310M7,SPRAY VALVE,167,167,0,4698,0,41,181,17,2,6,8,8,5,3,38,0,108,16,3,2,0,true,4,1
25310M8C.CAD,8968,0894894066da,25310M8,CONCENTRATOR RECIRC,311,311,0,8416,0,67,321,37,8,6,6,6,4,2,66,0,198,57,18,18,0,true,3,1
25310N1C.CAD,8604,c370e6dbe28a,25310N1,CONTROL OUTPUT STATUS OVERRIDE,299,299,0,8062,0,65,309,33,8,5,6,6,4,2,65,0,191,55,17,17,0,true,2,1
25310N2C.CAD,8632,771443a2499b,25310N2,CONTROL OUTPUT STATUS OVERRIDE,301,301,0,8090,0,65,311,33,8,5,6,6,4,2,65,0,193,54,17,17,0,true,2,1
25310N3C.CAD,7418,887c92a582ee,25310N3,CONTROL OUTPUT STATUS OVERRIDE,259,259,0,6906,0,58,265,24,7,3,4,4,2,2,58,0,168,46,14,14,0,true,2,1
25310N4C.CAD,8566,454fcabdc646,25310N4,CONTROL OUTPUT STATUS OVERRIDE,299,299,0,8032,0,64,309,32,8,5,6,6,4,2,64,0,193,54,16,16,0,true,2,1
25310N5C.CAD,8546,71e23b17816c,25310N5,CONTROL OUTPUT STATUS OVERRIDE,298,298,0,8012,0,64,308,32,8,5,6,6,4,2,64,0,192,54,16,16,0,true,2,1
25310N6C.CAD,8534,8535bcb27e73,25310N6,NO.2 LEFT DISCHARGE,299,299,0,7992,0,66,307,33,8,5,5,5,3,2,65,0,191,54,17,17,0,true,3,1
25310N7C.CAD,8534,34a25d49e220,25310N7,NO.1 LEFT DISCHARGE,299,299,0,7992,0,66,307,33,8,5,5,5,3,2,65,0,191,54,17,17,0,true,3,1
25310N8C.CAD,8556,702c0771ffc1,25310N8,STEAM CONDENSATE,300,300,0,8014,0,66,308,33,8,5,5,5,3,2,65,0,192,54,17,17,0,true,3,1
25310N9C.CAD,8520,a1d16e4f2610,25310N9,SOAP TRANSFER PUMP,297,297,0,7986,0,64,307,32,8,5,6,6,4,2,64,0,191,54,16,16,0,true,2,1
25310O1C.CAD,2182,bdd931ebfd63,25310O1C,,55,55,0,1664,0,25,65,18,5,3,5,5,5,0,24,0,8,50,11,11,0,true,2,1
25310P1C.CAD,8550,5ba5e1f16804,25310P1,COMBINE CONDENSATE,299,299,0,8008,0,66,307,33,8,5,5,5,3,2,65,0,191,54,17,17,0,true,3,1
25310P2C.CAD,8526,ea2cc965e17c,25310P2,FOUL CONDENSATE PUMP,298,298,0,7984,0,66,306,33,8,5,5,5,3,2,65,0,190,54,17,17,0,true,3,1
25310P3C.CAD,8744,aafbec2f0d31,25310P3,NO.1 HBL TRANSFER,303,303,0,8182,0,68,314,34,9,5,7,7,3,3,67,0,191,57,18,17,0,true,3,1
25310P4C.CAD,8526,bbdae8e01d96,25310P4,NO.2 HBL TRANSFER,297,297,0,7992,0,64,307,32,8,5,6,6,4,2,64,0,191,52,16,16,0,true,2,1
25310P5C.CAD,8456,c381065f38b5,25310P5,TRANSFER TO CONCENTR,294,294,0,7922,0,63,304,32,8,5,6,6,4,2,63,0,189,54,16,16,0,true,2,1
25310P6C.CAD,6118,699cd6cf28c7,25310P6,TRANSFER TO CONCENTR,210,210,0,5684,0,49,214,18,5,3,3,3,2,1,48,0,137,30,8,8,0,true,3,1
25310P7C.CAD,7944,7da509ba3628,25310P7C,SOAP DISCHARGE PUMP,276,276,0,7410,0,65,284,29,9,4,5,5,2,3,64,0,172,52,16,16,0,true,3,1
25310P8C.CAD,8070,ff49b008c7c0,25310P8,TRANSFER TO 3RD EFFEC,282,282,0,7536,0,62,290,29,7,4,5,5,4,1,62,0,182,53,16,16,0,true,2,1
25310P9C.CAD,8486,c7a30337f503,25310P9,NO.1 WBL FEED PUMP,296,296,0,7952,0,64,306,32,8,5,6,6,4,2,64,0,190,54,16,16,0,true,2,1
25310Q0C.CAD,8486,de517593266e,25310Q0,NO.2 WBL FEED PUMP,296,296,0,7952,0,64,306,32,8,5,6,6,4,2,64,0,190,54,16,16,0,true,2,1
25310Q1C.CAD,7662,5df80b4c0c2d,25310Q1,TRANSFER PUMP,264,264,0,7120,0,62,272,29,7,3,5,5,4,1,62,0,164,54,17,17,0,true,2,1
25310Q2C.CAD,8532,bdde385967c2,25310Q2,DISCHARGE PUMP,297,297,0,7998,0,64,307,32,8,5,6,6,4,2,64,0,191,54,16,16,0,true,2,1
25310Q3C.CAD,9042,8115d5da9ca9,25310Q3,BLACK LIQ SPILL SUMP,313,313,0,8440,0,73,322,40,8,5,6,6,3,2,71,0,192,65,23,22,0,true,4,1
25310Q4C.CAD,8514,4b71d4c2712e,25310Q4,NO.1 HBL TK AGITATOR,298,298,0,7972,0,66,306,33,8,5,5,5,3,2,65,0,190,54,17,17,0,true,3,1
25310Q5C.CAD,8514,9fcaa946e45c,25310Q5,NO.2 HBL TK AGITATOR,298,298,0,7972,0,66,306,33,8,5,5,5,3,2,65,0,190,53,17,17,0,true,3,1
25310Q6C.CAD,8382,cdf294ba7c6a,25310Q6,HEATER CONDENST PUMP,288,288,0,7832,0,64,298,36,7,5,6,6,3,3,63,0,180,57,18,18,0,true,3,1
25310Q7C.CAD,8532,11e45e64fa00,25310Q7,CONTROL OUTPUT STATUS OVERRIDE,296,296,0,7990,0,67,304,34,9,5,5,5,3,2,66,0,185,53,17,17,0,true,3,1
25310Q8C.CAD,8394,cb83325079dd,25310Q8,STRIP COND IBL XFER,291,291,0,7852,0,66,299,33,8,5,5,5,3,2,65,0,183,54,17,17,0,true,3,1
25310Q9C.CAD,8790,cb7b8a3500ec,25310Q9,CONTROL OUTPUT STATUS OVERRIDE,302,302,0,8204,0,71,311,38,9,5,6,6,3,2,69,0,184,61,21,20,0,true,4,1
25310R1C.CAD,7444,4b0c194c6c1e,25310R1,CONTROL OUTPUT STATUS OVERRIDE,255,255,0,6890,0,64,262,28,7,3,5,5,3,1,63,0,155,54,18,17,0,true,3,1
25310R2C.CAD,1998,237f8cd65a38,25310R2,INITIAL RELEASE,58,58,0,1690,0,4,62,8,0,2,3,3,2,1,3,0,45,5,1,1,0,true,2,1
25310S1C.CAD,5602,2efb24a251e8,25310S1,INITIAL RELEASE,148,148,0,4922,0,47,192,48,0,0,23,23,22,1,47,0,51,98,25,25,0,true,1,1
25310S2C.CAD,6153,026642973996,25310S2,INITIAL RELEASE,69,69,0,2146,0,17,83,16,0,0,8,8,7,1,15,0,36,32,8,8,0,true,2,1
25310Z1C.CAD,3306,f57d1e0aecb1,25310Z1,SPARE & NOT CONNECTION,76,76,0,2614,0,33,88,24,6,0,13,13,0,0,17,0,28,49,22,8,0,true,3,1
25310Z2C.CAD,5497,697971403ceb,25310Z2,INITIAL RELEASE,136,136,0,4534,0,30,183,48,2,19,24,24,22,2,28,0,57,172,24,24,0,true,2,1
25310Z3C.CAD,6518,40dbef680033,25310Z3,SPARE & NOT CONNECTION,136,136,0,4640,0,35,135,79,2,0,1,1,0,0,22,0,31,239,77,66,0,true,4,1
25310Z4C.CAD,3238,7d6b3af4592a,25310Z4,SPARE BLOCKS,84,84,0,2604,0,27,94,35,1,2,6,6,6,0,26,0,20,71,28,28,0,true,2,1
25310Z5C.CAD,2242,3288db0e4c36,25310Z5,WATER TO PECTECH,58,58,0,1708,0,24,62,15,5,1,3,3,3,0,24,0,12,53,12,12,0,true,1,1
25310Z6C.CAD,8486,1aa046694e65,25310Z6,SPARE & NOT CONNECTION,123,123,0,5052,0,21,121,104,0,0,0,0,0,0,1,0,16,458,104,84,0,true,2,1
2530500A.CAD,2964,0e0f75078fb5,2530500,PLANT LOOP,89,89,0,2422,0,29,93,11,2,0,3,3,0,3,15,0,59,60,8,7,0,true,3,1
2530503A.CAD,3044,8bf1743a6093,2530503,INITIALE RELEASE,73,73,0,2554,0,18,105,19,0,17,17,17,17,0,18,0,34,51,2,2,0,true,1,1
2530504A.CAD,2828,f5f117d1a29b,2530504,INITIALE RELEASE,70,70,0,2320,0,19,90,14,2,11,11,11,0,11,15,0,37,35,3,3,0,true,2,1
2530505A.CAD,2281,82be778a9fc5,2530505,INITIALE RELEASE,62,62,0,1924,0,12,76,9,0,8,8,8,8,0,8,0,43,19,1,1,0,true,3,1
2530506A.CAD,2161,63b85f227ea6,2530506,INITIALE RELEASE,59,59,0,1804,0,11,71,8,0,7,7,7,7,0,7,0,42,17,1,1,0,true,3,1
2530507A.CAD,2060,e7c21748d627,2530507,INITIALE RELEASE,54,54,0,1702,0,10,68,9,0,8,8,8,8,0,8,0,35,19,1,1,0,true,2,1
2530508A.CAD,2087,e5872ba062bb,2530508,INITIALE RELEASE,55,55,0,1730,0,11,69,9,0,8,8,8,8,0,8,0,36,20,1,1,0,true,2,1
2530509A.CAD,2256,3ada425befcf,2530509,INITIALE RELEASE,60,60,0,1870,0,9,74,9,0,8,8,8,8,0,8,0,41,19,1,1,0,true,2,1
2530510A.CAD,2032,20dec1a16e56,2530510,INITIALE RELEASE,53,53,0,1674,0,9,67,9,0,8,8,8,8,0,8,0,34,19,1,1,0,true,2,1
2530511A.CAD,2165,dabde7931c6f,2530511,INITIALE RELEASE,59,59,0,1808,0,11,71,8,0,7,7,7,7,0,7,0,42,18,1,1,0,true,3,1
2530512A.CAD,2283,0a54934f12e3,2530512,INITIALE RELEASE,62,62,0,1926,0,12,76,9,0,8,8,8,8,0,8,0,43,19,1,1,0,true,3,1
2530513A.CAD,2311,d286afec41b3,2530513,INITIALE RELEASE,63,63,0,1954,0,13,77,9,0,8,8,8,8,0,8,0,44,20,1,1,0,true,3,1
2530514A.CAD,2167,1b36f36f62c3,2530514,INITIALE RELEASE,59,59,0,1810,0,11,71,8,0,7,7,7,7,0,7,0,42,18,1,1,0,true,3,1
2530515A.CAD,2047,3abd77981a05,2530515,INITIALE RELEASE,56,56,0,1690,0,10,66,7,0,6,6,6,6,0,6,0,41,16,1,1,0,true,3,1
2530516A.CAD,1970,7f42d4d835c0,2530516,INITIALE RELEASE,52,52,0,1612,0,9,64,8,0,7,7,7,7,0,7,0,35,18,1,1,0,true,2,1
2530517A.CAD,2283,0d8758cc3391,2530517,INITIALE RELEASE,62,62,0,1926,0,12,76,9,0,8,8,8,8,0,8,0,43,20,1,1,0,true,3,1
2530518A.CAD,2227,186d6f32d0e5,2530518,INITIALE RELEASE,60,60,0,1870,0,10,74,9,0,8,8,8,8,0,8,0,41,20,1,1,0,true,2,1
2530519A.CAD,2726,6ea9deee56a7,2530519,INITIALE RELEASE,69,69,0,2404,0,16,99,18,0,16,16,16,0,16,16,0,33,22,2,2,0,true,1,1
2530520A.CAD,2726,bd99dccc4f12,2530520,INITIALE RELEASE,69,69,0,2404,0,16,99,18,0,16,16,16,0,16,16,0,33,22,2,2,0,true,1,1
2530521A.CAD,2921,c7bff4aa72fd,2530521,INITIALE RELEASE,76,76,0,2600,0,23,106,18,0,16,16,16,0,16,16,0,40,22,2,2,0,true,2,1
2530522A.CAD,2636,82b5bf1e42df,2530522,INITIALE RELEASE,67,67,0,2314,0,15,95,17,0,15,15,15,0,15,15,0,33,21,2,2,0,true,1,1
2530523A.CAD,2809,45bd75be546a,2530523,INITIALE RELEASE,72,72,0,2488,0,19,102,18,0,16,16,16,0,16,16,0,36,22,2,2,1,true,2,1
2530524A.CAD,2584,56d6881b47d5,2530524,INITIALE RELEASE,65,65,0,2262,0,15,93,17,0,15,15,15,0,15,15,0,31,21,2,2,0,true,1,1
2530525A.CAD,2059,309cf31cc876,2530525,INITIALE RELEASE,56,56,0,1734,0,9,68,8,0,7,7,7,7,0,7,0,39,11,1,1,0,true,2,1
2530526A.CAD,2177,050546952a17,2530526,INITIALE RELEASE,59,59,0,1852,0,10,73,9,0,8,8,8,8,0,8,0,40,12,1,1,0,true,2,1
2530527A.CAD,1725,d950d01acc8c,2530527A,INITIALE RELEASE,48,48,0,1400,0,6,54,5,0,4,4,4,4,0,4,0,37,8,1,1,0,true,2,1
2530528A.CAD,3205,b82a48f01857,2530528,INITIALE RELEASE,85,85,0,2852,0,18,115,18,0,16,16,16,16,0,16,0,49,24,2,2,0,true,2,1
2530529A.CAD,2396,bafb1a65764f,2530529,INITIALE RELEASE,61,61,0,2042,0,12,83,14,0,12,12,12,12,0,12,0,33,20,2,2,0,true,1,1
2530530A.CAD,2869,663839d186a0,2530530,,65,65,0,2362,0,20,93,18,2,15,15,15,0,15,19,0,24,44,3,3,0,true,2,1
2530531A.CAD,2684,2d71dcfc61ec,2530531,INCINERATOR CNCG & DNCG,57,57,0,2176,0,20,85,18,3,15,15,15,0,15,19,0,15,42,3,3,0,true,2,1
2530532A.CAD,2622,d27d3c1ff580,2530532,INCINERATOR CNCG & DNCG,55,55,0,2114,0,19,83,18,2,15,15,15,0,15,19,0,14,43,3,3,0,true,1,1
2530533A.CAD,2782,eaadbd3396a3,2530533,INCINERATOR CNCG & DNCG,57,57,0,2292,0,20,94,21,0,17,19,19,19,0,20,0,15,53,2,2,0,true,1,1
2530534A.CAD,2607,aff321ae47de,2530534,INCINERATOR CNCG & DNCG,64,64,0,2278,0,19,91,16,0,14,14,14,0,14,14,0,33,20,2,2,0,true,2,1
2530535A.CAD,2014,d41f7bf9607e,2530535,INCINERATOR CNCG & DNCG,44,44,0,1692,0,14,67,14,0,12,12,12,0,12,12,0,17,18,2,2,0,true,2,1
2530536A.CAD,2635,3de179178107,2530536,INCINERATOR CNCG & DNCG,63,63,0,2314,0,17,90,16,0,14,14,14,0,14,14,0,32,20,2,2,0,true,2,1
2530537A.CAD,2669,0bdc8172c6b4,2530537,READY INDICATION,65,65,0,2348,0,18,92,16,0,14,14,14,0,14,14,0,34,20,2,2,0,true,2,1
2530538A.CAD,2334,e0e124680381,2530538,INCINERATOR CNCG & DNCG,51,51,0,1980,0,15,80,17,0,15,15,15,15,0,15,0,18,23,2,2,0,true,1,1
2530539A.CAD,2080,72e72758cfec,2530539,INCINERATOR CNCG & DNCG,44,44,0,1726,0,13,69,15,0,13,13,13,13,0,13,0,15,21,2,2,0,true,1,1
2530540A.CAD,2774,63521f4e02f8,2530540,INCINERATOR CNCG & DNCG,57,57,0,2284,0,20,93,21,0,16,18,18,19,0,20,0,15,52,2,2,0,true,1,1
2530560A.CAD,1357,fad367e518d6,2530560,LEVEL IBL TANK NO.2,33,33,0,1018,0,5,35,6,1,1,2,2,1,1,4,0,20,11,2,2,0,true,2,1
2530563A.CAD,1452,26b78f386053,2530563,INITIALE RELEASE,43,43,0,1112,0,4,41,3,1,0,0,0,0,0,3,0,34,4,2,2,0,true,2,1
2530564A.CAD,1456,a357900439a9,2530564,INITIALE RELEASE,43,43,0,1116,0,4,41,3,1,0,0,0,0,0,3,0,34,4,2,2,0,true,2,1
2530565A.CAD,1452,d6a9cd9690f6,2530565,INITIALE RELEASE,43,43,0,1112,0,4,41,3,1,0,0,0,0,0,3,0,34,4,2,2,0,true,2,1
2530567A.CAD,1903,347d076882a7,2530567,INITIALE RELEASE,54,54,0,1534,0,9,56,8,2,1,2,2,1,1,6,0,36,16,4,4,0,true,2,1
2530568A.CAD,3635,288fbeab6e3e,2530568,INITIALE RELEASE,96,96,0,3154,0,28,116,21,5,3,11,11,9,2,21,0,47,43,5,5,0,true,3,1
2530569A.CAD,3759,a033252f588e,2530569,INITIALE RELEASE,97,97,0,3178,0,30,119,22,3,3,12,12,11,1,24,0,46,55,6,6,0,true,3,1
2530570A.CAD,4476,f863d3d01fec,2530570,INITIALE RELEASE,129,129,0,3800,0,45,144,31,8,3,8,8,6,3,42,0,46,74,17,17,0,true,2,1
2530571A.CAD,3070,a3acae4128b9,2530571,STEAM VALVE,101,101,0,2688,0,30,111,13,3,1,6,6,1,5,29,0,54,23,5,5,0,true,3,1
2530573A.CAD,4080,5507458b863d,2530573,INITIALE RELEASE,119,119,0,3416,0,42,129,28,8,3,6,6,3,3,39,0,42,69,16,16,0,true,2,1
2530574A.CAD,3537,b33c0950682d,2530574,INITIALE RELEASE,102,102,0,2980,0,28,106,25,7,3,3,3,2,1,25,0,43,58,18,18,0,true,3,1
2530575A.CAD,3646,e9887f0780a3,2530575,INITIALE RELEASE,110,110,0,3088,0,33,114,25,7,3,3,3,2,1,32,0,44,59,18,18,0,true,2,1
2530576A.CAD,3996,ed09b7185de6,2530576,INITIALE RELEASE,116,116,0,3348,0,39,125,27,6,3,5,5,4,2,36,0,45,68,15,15,0,true,2,1
2530577A.CAD,3998,b1004a47dc9b,2530577,STEAM VALVE,135,135,0,3546,0,41,145,17,6,3,6,6,5,1,39,0,71,32,6,6,0,true,3,1
2530578A.CAD,5390,186210572519,2530578,DEVICE DRIVER DISPLAY TYPE,176,176,0,4878,0,63,192,23,7,0,9,9,8,1,62,0,82,53,13,13,0,true,3,1
25305A0A.CAD,1606,c69104e28ff8,25305A0A,,32,32,0,1110,0,14,43,11,2,5,6,6,4,1,13,0,6,40,5,4,0,true,2,1
25305A1A.CAD,4090,cb4a9f36dbbd,25305A1A,FUEL OIL TO INCINERATOR,113,113,0,3414,0,58,135,32,13,4,11,11,6,5,57,0,11,87,20,20,0,true,2,1
25305A2A.CAD,1838,984f9f6fe056,25305A2A,,43,43,0,1374,0,23,52,14,4,4,5,5,2,2,21,0,4,29,8,7,0,true,3,1
25305A3A.CAD,1704,8f4a6de27ec7,25305A3A,CONDENSATE INLET/OUTLET TEMP.,35,35,0,1210,0,15,45,11,3,3,5,5,4,1,14,0,7,39,5,4,0,true,2,1
25305A4A.CAD,4814,5ae5f0635191,25305A4A,COAL GAS FEED FLOW,130,130,0,3956,0,65,154,41,13,3,12,12,8,4,63,0,13,129,26,26,0,true,2,1
25305A5A.CAD,3324,fe46d139b121,25305A5A,,80,80,0,2632,0,35,105,32,5,7,13,13,5,8,35,0,7,92,18,18,0,true,1,1
25305A6A.CAD,4246,6424d02b988a,25305A6A,,113,113,0,3640,0,53,145,39,8,3,16,16,13,3,52,0,14,77,21,21,0,true,2,1
25305A7A.CAD,1978,0238921d2548,25305A7A,INCINERATOR VENT VALVE,48,48,0,1478,0,25,57,13,5,2,5,5,3,1,23,0,7,39,7,6,0,true,3,1
25305A8A.CAD,1826,d737c9b0a8fe,25305A8A,STRIPPER COLUMN CONDENSATE PUMP,43,43,0,1398,0,18,49,14,3,3,3,3,2,1,17,0,9,26,6,6,0,true,2,1
25305A9A.CAD,1488,1e954c0a99c2,25305A9A,,36,36,0,1082,0,18,42,12,5,0,3,3,0,3,18,0,1,28,8,8,0,true,1,1
25305B1A.CAD,4098,06071478dc52,25305B1,STEAM VALVE,138,138,0,3646,0,41,148,17,6,3,6,6,5,1,39,0,74,32,6,6,0,true,3,1
25305B2A.CAD,3832,92de3bb9facb,25305B2,INITIALE RELEASE,112,112,0,3320,0,37,128,23,7,0,9,9,8,1,36,0,44,53,13,13,0,true,2,1
25305B3A.CAD,3932,8ff2f8ba843c,25305B3,STEAM VALVE,132,132,0,3480,0,41,142,17,6,3,6,6,5,1,39,0,68,32,6,6,0,true,3,1
25305B4A.CAD,3828,9592bf30e8ef,25305B4,INITIALE RELEASE,112,112,0,3316,0,37,128,23,7,0,9,9,8,1,36,0,44,53,13,13,0,true,2,1
25305B5A.CAD,4074,f0ce15b33a44,25305B5,INITIALE RELEASE,126,126,0,3576,0,41,144,19,5,2,10,10,8,2,40,0,60,39,4,4,0,true,3,1
25305B6A.CAD,3998,faf86b576810,25305B6,INITIALE RELEASE,114,114,0,3416,0,44,136,23,3,3,12,12,11,1,42,0,44,47,6,6,0,true,3,1
25305B7A.CAD,3712,6e8e4f5c8b4c,25305B7,INITIALE RELEASE,109,109,0,3242,0,40,129,20,4,3,11,11,9,2,39,0,44,40,4,4,0,true,3,1
25305B8A.CAD,4064,6aa65254bc20,25305B8,INITIALE RELEASE,117,117,0,3482,0,44,139,23,3,3,12,12,11,1,42,0,47,63,6,6,0,true,3,1
25305B9A.CAD,4291,0eb0c12a6d5d,25305B9,INITIALE RELEASE,120,120,0,3636,0,44,140,22,5,3,11,11,9,2,36,0,55,43,5,5,0,true,4,1
25305C0A.CAD,2984,907e98b819c2,25305C0A,STRIPER COLUM CONDENSATE LEVEL,95,95,0,2560,0,29,101,11,4,3,4,4,2,2,29,0,49,27,2,2,0,true,2,1
25305C1A.CAD,4064,ca16f1954001,25305C1,INITIALE RELEASE,117,117,0,3482,0,44,139,23,3,3,12,12,11,1,42,0,47,47,6,6,0,true,3,1
25305C2A.CAD,3082,357d11367197,25305C2,INITIALE RELEASE,97,97,0,2628,0,35,101,13,4,3,3,3,2,1,27,0,51,34,4,4,0,true,4,1
25305C3A.CAD,2912,93f4e8657008,25305C3,INITIALE RELEASE,91,91,0,2476,0,32,95,11,4,3,3,3,2,1,25,0,49,28,3,3,0,true,3,1
25305C4A.CAD,3038,4d709694673c,25305C4,INITIALE RELEASE,98,98,0,2602,0,29,102,11,4,3,3,3,2,1,29,0,52,28,3,3,0,true,2,1
25305C5A.CAD,3169,25f908a8d49f,25305C5,INITIALE RELEASE,95,95,0,2564,0,32,99,11,4,3,3,3,2,1,25,0,53,28,3,3,0,true,3,1
25305C6A.CAD,3016,8bfe85ca3b4e,25305C6,INITIALE RELEASE,97,97,0,2580,0,29,101,11,4,3,3,3,2,1,29,0,51,27,3,3,0,true,2,1
25305C7A.CAD,3042,e6df323f5349,25305C7,LIVE STEAM EXP TANK,98,98,0,2606,0,29,102,11,4,3,3,3,2,1,29,0,52,28,3,3,0,true,2,1
25305C8A.CAD,5128,56574b917686,25305C8,INITIALE RELEASE,145,145,0,4448,0,54,167,31,14,5,12,12,3,9,51,0,47,85,12,12,0,true,3,1
25305C9A.CAD,2966,18768a78ed1f,25305C9,TANK LEVEL,95,95,0,2530,0,29,99,11,4,3,3,3,2,1,29,0,49,27,3,3,0,true,2,1
25305D0A.CAD,2068,dfb3e54d8bce,25305D0,INITIALE RELEASE,56,56,0,1688,0,9,62,11,1,1,4,4,1,3,9,0,33,23,5,5,0,true,1,1
25305D1A.CAD,4564,f77f39bdcac7,25305D1,COND EXP TANK LEVEL,142,142,0,3942,0,53,153,28,8,3,7,7,2,4,51,0,53,67,16,15,0,true,4,1
25305D2A.CAD,2988,bd6ee400e84b,25305D2,FLASH TANK LEVEL,94,94,0,2552,0,32,98,11,4,3,3,3,2,1,25,0,52,28,3,3,0,true,3,1
25305D3A.CAD,3193,38873b657004,25305D3,VACUUM SEAL TANK,100,100,0,2742,0,34,106,13,5,3,4,4,2,2,27,0,53,31,4,4,0,true,3,1
25305D4A.CAD,2160,ca189aa161db,25305D4,INITIALE RELEASE,59,59,0,1706,0,12,65,8,2,4,4,4,3,1,11,0,36,31,3,3,0,true,2,1
25305D5A.CAD,4197,40f9abb24333,25305D5,CONDENSATE FLOW,126,126,0,3610,0,46,137,22,6,3,7,7,4,2,37,0,59,61,10,9,0,true,5,1
25305D6A.CAD,1639,0322fd0a0718,25305D6,INITIALE RELEASE,46,46,0,1300,0,6,46,5,1,1,1,1,1,0,2,0,36,10,2,2,0,true,2,1
25305D7A.CAD,1656,0188d0eda34a,25305D7,INITIALE RELEASE,47,47,0,1316,0,3,47,5,1,1,1,1,1,0,3,0,36,10,2,2,0,true,1,1
25305D8A.CAD,1656,2a76c3c5feb6,25305D8,INITIALE RELEASE,47,47,0,1316,0,3,47,5,1,1,1,1,1,0,3,0,36,11,2,2,0,true,1,1
25305D9A.CAD,3286,82f2cea3f9ff,25305D9,STRIP COND EXIT GAS,106,106,0,2834,0,33,112,13,6,3,4,4,2,2,33,0,52,34,4,4,0,true,2,1
25305E0A.CAD,2740,d4454ee95cd1,25305E0A,TANK LEVEL,89,89,0,2316,0,27,93,8,3,3,3,3,2,1,27,0,49,24,2,2,0,true,2,1
25305E1A.CAD,4564,abb006681a78,25305E1,INITIALE RELEASE,175,175,0,4036,0,98,186,19,7,4,7,7,3,3,95,0,52,50,10,9,0,true,4,1
25305E2A.CAD,3884,391de5ae27aa,25305E2,HEAT EXCH EXIT GAS,120,120,0,3382,0,39,131,19,5,3,7,7,4,2,38,0,56,44,8,7,0,true,3,1
25305E3A.CAD,2396,7096dc8043b7,25305E3,LOW ALARM POINT LIMIT VALUE,70,70,0,2056,0,3,70,5,1,1,1,1,1,0,3,0,59,10,2,2,0,true,1,1
25305E4A.CAD,2394,34339c559f64,25305E4,LOW ALARM POINT LIMIT VALUE,70,70,0,2054,0,3,70,5,1,1,1,1,1,0,3,0,59,10,2,2,0,true,1,1
25305E5A.CAD,3088,c131d5f44963,25305E5,LOW ALARM POINT LIMIT VALUE,89,89,0,2654,0,11,93,11,3,2,3,3,2,1,11,0,62,32,6,6,0,true,1,1
25305E6A.CAD,3088,e729d7e00799,25305E6,LOW ALARM POINT LIMIT VALUE,89,89,0,2654,0,11,93,11,3,2,3,3,2,1,11,0,62,32,6,6,0,true,1,1
25305E7A.CAD,3544,7482510559fb,25305E7,LOW ALARM POINT LIMIT VALUE,103,103,0,3086,0,14,107,15,4,2,3,3,2,1,14,0,68,36,8,8,0,true,1,1
25305E8A.CAD,3750,3e5801d40a48,25305E8,INITIALE RELEASE,109,109,0,3260,0,28,119,23,6,5,6,6,4,2,26,0,52,37,8,8,0,true,2,1
25305E9A.CAD,2739,38540a5c9c3b,25305E9,INITIALE RELEASE,77,77,0,2346,0,20,83,17,1,3,4,4,3,1,11,0,46,21,6,6,0,true,3,1
25305F1A.CAD,1848,9276b57cad6b,25305F1,INITIALE RELEASE,52,52,0,1492,0,5,54,7,1,1,2,2,1,1,5,0,37,15,3,3,0,true,1,1
25305F2A.CAD,4108,4887ee981616,25305F2,INITIALE RELEASE,138,138,0,3656,0,45,146,23,1,4,5,5,4,1,44,0,68,33,10,10,0,true,3,1
25305F3A.CAD,4196,d53c81b3b357,25305F3,INITIALE RELEASE,142,142,0,3744,0,45,150,23,1,4,5,5,4,1,44,0,72,32,10,10,0,true,3,1
25305F4A.CAD,2042,4e602fa66610,25305F4,USED ON,59,59,0,1670,0,7,61,8,2,1,2,2,1,1,7,0,40,18,4,4,0,true,1,1
25305F5A.CAD,2516,c953c77ddecb,25305F5,INITIALE RELEASE,72,72,0,2102,0,19,80,11,6,2,5,5,4,1,18,0,35,24,3,3,0,true,2,1
25305F6A.CAD,3858,b33147f89602,25305F6,INITIALE RELEASE,113,113,0,3346,0,37,129,23,7,0,9,9,8,1,36,0,45,53,13,13,0,true,2,1
25305F7A.CAD,3808,910d43a0521d,25305F7,INITIALE RELEASE,117,117,0,3260,0,41,125,18,6,3,5,5,4,1,33,0,58,52,7,7,0,true,4,1
25305F8A.CAD,5453,276643918bc3,25305F8,INITIALE RELEASE,148,148,0,4520,0,57,164,38,14,3,9,9,8,1,48,0,46,97,22,22,0,true,3,1
25305F9A.CAD,1500,ac9510e70efa,25305F9,INITIALE RELEASE,42,42,0,1172,0,1,42,4,0,1,1,1,1,0,1,0,35,7,1,1,0,true,1,1
25305G1A.CAD,5749,72469f09f3c4,25305G1,INITIALE RELEASE,182,182,0,5254,0,70,206,32,2,3,13,13,11,2,51,0,95,44,12,12,0,true,4,1
25305G2A.CAD,4867,b6c0b73ff4e2,25305G2,INITIALE RELEASE,153,153,0,4398,0,57,175,29,1,3,12,12,11,1,48,0,73,39,10,10,0,true,3,1
25305G3A.CAD,4905,02ddb1aec205,25305G3,INITIALE RELEASE,154,154,0,4436,0,57,176,29,1,3,12,12,11,1,48,0,74,39,10,10,0,true,3,1
25305G4A.CAD,5584,42a851c4543b,25305G4,DEVICE DRIVER DISPLAY TYPE,174,174,0,5122,0,49,196,28,1,3,12,12,11,1,49,0,94,39,10,10,0,true,2,1
25305G5A.CAD,5805,ee254b71950b,25305G5,DEVICE DRIVER DISPLAY TYPE,181,181,0,5324,0,56,203,28,1,3,12,12,11,1,48,0,102,40,10,10,0,true,3,1
25305G6A.CAD,5869,e55c86b93737,25305G6,DEVICE DRIVER DISPLAY TYPE,184,184,0,5396,0,56,206,28,1,3,12,12,11,1,48,0,105,39,10,10,0,true,3,1
25305G7A.CAD,5911,9096c76a89dc,25305G7,DEVICE DRIVER DISPLAY TYPE,184,184,0,5400,0,56,206,28,1,3,12,12,11,1,48,0,105,39,10,10,0,true,3,1
25305G8A.CAD,5767,ce94dcc005a9,25305G8,DEVICE DRIVER DISPLAY TYPE,179,179,0,5286,0,56,201,28,1,3,12,12,11,1,48,0,100,40,10,10,0,true,3,1
25305G9A.CAD,5691,a5a8e11ea20b,25305G9,DEVICE DRIVER DISPLAY TYPE,177,177,0,5232,0,55,199,27,1,3,12,12,11,1,47,0,100,37,9,9,0,true,3,1
25305H0A.CAD,5691,d11a46254400,25305H0,DEVICE DRIVER DISPLAY TYPE,177,177,0,5232,0,55,199,27,1,3,12,12,11,1,47,0,100,37,9,9,0,true,3,1
25305H1A.CAD,5695,250fc4162ba3,25305H1,DEVICE DRIVER DISPLAY TYPE,177,177,0,5232,0,55,199,27,1,3,12,12,11,1,47,0,100,37,9,9,0,true,3,1
25305H2A.CAD,5448,0a26e7e4e8d6,25305H2,DEVICE DRIVER DISPLAY TYPE,169,169,0,4996,0,48,191,27,1,3,12,12,11,1,48,0,91,39,9,9,0,true,2,1
25305H4A.CAD,2808,ca0d8f48dd1c,25305H4A,INITIALE RELEASE,78,78,0,2310,0,17,86,17,3,2,5,5,4,1,16,0,40,45,8,8,0,true,2,1
25305H5A.CAD,2097,4fa1b6d82bb6,25305H5A,INITIALE RELEASE,58,58,0,1684,0,6,60,11,2,2,2,2,2,0,6,0,37,26,6,6,0,true,1,1
25305H6A.CAD,1332,f7564484b7a1,25305H6A,NCG GAS OUTLET PRESSURE CTRL,27,27,0,908,0,10,33,8,2,3,3,3,2,1,10,0,7,22,2,2,0,true,1,1
25305H7A.CAD,1414,e39a3dc78984,25305H7A,,31,31,0,990,0,13,37,9,3,3,3,3,2,1,13,0,6,26,2,2,0,true,1,1
25305K0A.CAD,1098,aeb5acef6bcc,25305K0,FLOW COOLING TOWER,26,26,0,754,0,3,24,3,0,0,0,0,0,0,2,0,19,9,2,2,0,true,2,1
25305K1A.CAD,1306,f98ab29138bc,25305K1,EVAPORATOR SEWER CONDUCTIVITY,29,29,0,978,0,2,31,5,0,1,2,2,1,1,2,0,20,8,1,1,0,true,1,1
25305K2A.CAD,1283,b1dcd089083a,25305K2,COMBINE COND. FLOW FROM EVAP,29,29,0,944,0,4,29,5,0,1,1,1,1,0,2,0,20,10,2,2,0,true,2,1
25305K3A.CAD,1234,cf3521f4c547,25305K3A,DNCG TEMPERATURE,28,28,0,906,0,3,28,4,0,1,1,1,1,0,1,0,21,7,1,1,0,true,2,1
25305L0A.CAD,2866,df76fe367568,25305L0A,INITIALE RELEASE,80,80,0,2406,0,18,86,19,3,3,4,4,2,2,18,0,38,33,9,9,0,true,1,1
25305L1A.CAD,6092,2298966e9086,25305L1,SEAL WATER PUMP,202,202,0,5506,0,72,216,38,9,8,8,8,6,2,72,0,81,66,18,18,0,true,2,1
25305L2A.CAD,1558,eb688a75891d,25305L2,INITIALE RELEASE,45,45,0,1250,0,1,45,4,0,1,1,1,1,0,1,0,38,4,1,1,0,true,1,1
25305L3A.CAD,3726,4b49db564ec0,25305L3,INITIALE RELEASE,112,112,0,3216,0,33,122,24,6,2,6,6,3,3,31,0,49,53,15,15,0,true,3,1
25305L4A.CAD,5248,d9f93e8c931b,25305L4,INITIALE RELEASE,173,173,0,4742,0,61,185,33,8,6,7,7,4,3,61,0,69,46,13,13,0,true,2,1
25305L5A.CAD,1738,bcc04ad26c88,25305L5,INITIALE RELEASE,50,50,0,1374,0,7,50,6,1,1,1,1,1,0,4,0,37,18,4,4,0,true,2,1
25305L6A.CAD,5256,ff346fbfb3f8,25305L6,INITIALE RELEASE,173,173,0,4750,0,61,185,33,8,6,7,7,4,3,61,0,69,46,13,13,0,true,2,1
25305L7A.CAD,1738,33e3f1dc7dcf,25305L7,INITIALE RELEASE,50,50,0,1374,0,7,50,6,1,1,1,1,1,0,4,0,37,18,4,4,0,true,2,1
25305L8A.CAD,5314,3ec389056178,25305L8,INITIALE RELEASE,176,176,0,4808,0,61,188,33,8,6,7,7,4,3,61,0,72,46,13,13,0,true,2,1
25305L9A.CAD,1737,66b0054882cb,25305L9,INITIALE RELEASE,50,50,0,1374,0,7,50,6,1,1,1,1,1,0,4,0,37,18,4,4,0,true,2,1
25305M0A.CAD,5264,463acc8ee17a,25305M0,INITIALE RELEASE,174,174,0,4758,0,61,186,33,8,6,7,7,4,3,61,0,70,46,13,13,0,true,2,1
25305M1A.CAD,1738,19f22296b186,25305M1,INITIALE RELEASE,50,50,0,1374,0,7,50,6,1,1,1,1,1,0,4,0,37,18,4,4,0,true,2,1
25305M2A.CAD,5624,df2a978f019e,25305M2,STRIP COLUMN COND PUMP,187,187,0,5118,0,65,199,33,9,6,7,7,5,2,65,0,78,46,13,13,0,true,2,1
25305M3A.CAD,2752,d9b24867ac93,25305M3,INITIALE RELEASE,77,77,0,2324,0,17,83,16,3,3,4,4,3,1,17,0,39,27,6,6,0,true,1,1
25305M4A.CAD,5482,2ac617aef252,25305M4,TRANSFER PUMP,183,183,0,4976,0,62,193,32,8,6,6,6,4,2,62,0,79,45,13,13,0,true,2,1
25305M5A.CAD,5428,97a9f2e20261,25305M5,CONDENSATE PUMP,180,180,0,4922,0,60,190,32,8,6,6,6,4,2,60,0,78,45,13,13,0,true,2,1
25305M6A.CAD,2422,c9cafaad36b5,25305M6,INITIALE RELEASE,68,68,0,2002,0,13,72,11,2,3,3,3,2,1,13,0,40,25,5,5,0,true,1,1
25305M7A.CAD,5164,97e6ae0f2ce2,25305M7,XFER PUMP,174,174,0,4658,0,63,182,30,8,5,5,5,3,2,62,0,72,44,13,13,0,true,3,1
25305M8A.CAD,5386,45fca4171b8a,25305M8,SEAL WATER PUMP,180,180,0,4880,0,66,192,32,9,5,7,7,3,4,65,0,72,45,13,13,1,true,3,1
25305M9A.CAD,5350,d2ee63b32644,25305M9,SEAL WATER PUMP,177,177,0,4836,0,67,191,34,9,6,8,8,4,4,66,0,66,48,14,14,1,true,3,1
25305N1A.CAD,1737,ff953cca5f5c,25305N1,INITIALE RELEASE,49,49,0,1348,0,7,49,6,1,1,1,1,1,0,4,0,36,18,4,4,0,true,2,1
25305O1A.CAD,11332,6e4539570407,25305O1,DEVICE DRIVER DISPLAY TYPE,368,368,0,10792,0,197,405,38,9,0,17,17,8,14,68,0,251,67,13,13,0,true,4,1
25305O2A.CAD,8504,be4d99a9035a,25305O2,DEVICE DRIVER DISPLAY TYPE,278,278,0,8084,0,135,312,28,8,1,17,17,11,8,62,0,178,42,9,8,0,true,4,1
25305O6A.CAD,2325,18ff3de2a600,25305O6,ANNUCIATION ALARM,62,62,0,1958,0,7,74,14,0,0,7,7,7,0,7,0,39,28,7,7,0,true,1,1
25305O7A.CAD,4376,5f5e73f18e6f,25305O7,AUDIBLE ALARM,114,114,0,3706,0,43,146,40,1,0,17,17,16,0,42,0,30,85,24,23,0,true,2,1
25305O8A.CAD,4281,a74b5f5f8eaf,25305O8,,90,90,0,3326,0,23,131,43,0,20,21,21,20,1,22,0,24,153,21,21,0,true,2,1
25305O9A.CAD,1622,4907214b1454,25305O9,,41,41,0,1198,0,10,43,6,2,2,2,2,2,0,10,0,21,23,2,2,0,true,1,1
25305P2A.CAD,3902,a4638cc561a9,25305P2,INCINERATOR CNCG & DNCG,104,104,0,3418,0,28,126,28,3,6,12,12,10,2,28,0,43,45,10,10,0,true,1,1
25305P3A.CAD,4568,7d7fd311d5da,25305P3,ALL LOGIC 1,121,121,0,4040,0,40,150,40,4,5,15,15,12,4,39,0,36,62,17,17,0,true,2,1
25305P6A.CAD,2670,1535e65302a6,25305P6,INCINERATOR CNCG & DNCG,68,68,0,2134,0,17,76,14,5,3,5,5,4,1,16,0,31,47,6,6,0,true,2,1
25305P7A.CAD,3982,ca022f9d0774,25305P7,INCINERATOR CNCG & DNCG,112,112,0,3392,0,52,128,26,9,0,9,9,4,5,41,0,34,68,16,16,0,true,3,1
25305P8A.CAD,3734,52b21eddf89c,25305P8,INCINERATOR CNCG & DNCG,99,99,0,3312,0,27,125,26,2,3,14,14,11,3,25,0,44,38,9,9,0,true,3,1
25305P9A.CAD,2377,b462b1adc759,25305P9,INCINERATOR CNCG & DNCG,60,60,0,1952,0,11,66,13,4,3,4,4,2,2,11,0,30,26,6,6,0,true,1,1
25305Q2A.CAD,1241,60e8ef010961,25305Q2,INCINERATOR CNCG & DNCG,28,28,0,914,0,2,30,4,1,1,2,2,1,1,2,0,19,4,1,1,0,true,1,1
25305Q3A.CAD,1283,29e44b4771b4,25305Q3,FOR SCRUBBER PUMP,30,30,0,956,0,2,32,4,1,1,2,2,1,1,2,0,21,4,1,1,0,true,1,1
25305Q4A.CAD,5934,a5570f6e6e56,25305Q4,INCINERATOR CNCG & DNCG,161,161,0,5082,0,72,185,44,16,5,13,13,9,4,69,0,30,118,25,25,0,true,3,1
25305Q5A.CAD,4668,508eb847782b,25305Q5,Flushing System Incenerator,121,121,0,3988,0,53,150,38,8,3,15,15,10,5,49,0,25,97,20,20,0,true,3,1
25305Q6A.CAD,2972,a77395e67787,25305Q6,INCINERATOR CNCG & DNCG,75,75,0,2472,0,30,89,21,5,3,8,8,6,2,29,0,18,46,8,8,0,true,2,1
25305Q7A.CAD,3096,9211354206b7,25305Q7,INCINERATOR CNCG & DNCG,78,78,0,2556,0,33,93,22,6,3,8,8,7,2,32,0,16,55,10,10,0,true,2,1
25305Q8A.CAD,1917,074c445f1b94,25305Q8,INCINERATOR CNCG & DNCG,45,45,0,1460,0,10,49,11,3,1,3,3,3,0,9,0,20,28,5,5,0,true,2,1
25305Q9A.CAD,1179,d6f57459ee22,25305Q9,INCINERATOR CNCG & DNCG,26,26,0,812,0,3,26,5,1,1,1,1,1,0,3,0,15,10,2,2,0,true,1,1
25305R1A.CAD,1793,a135ed04f3c5,25305R1,INCINERATOR CNCG & DNCG,41,41,0,1348,0,8,45,10,2,1,3,3,1,2,8,0,19,20,5,5,0,true,1,1
25305R2A.CAD,2233,162217230067,25305R2,INCINERATOR CNCG & DNCG,53,53,0,1750,0,16,59,14,4,3,4,4,2,2,16,0,17,36,6,6,0,true,1,1
25305R3A.CAD,1688,9f6ee2907537,25305R3,INCINERATOR CNCG & DNCG,36,36,0,1236,0,9,38,10,2,2,2,2,1,1,9,0,13,33,4,4,0,true,1,1
25305R4A.CAD,1056,36900cc99360,25305R4,CNCG SEPARATOR LEVEL,23,23,0,748,0,1,23,4,0,1,1,1,1,0,1,0,16,3,1,1,0,true,1,1
25305R5A.CAD,1032,3b2dcd6faf69,25305R5,STRIPPER SEPARATOR LEVEL,22,22,0,724,0,1,22,4,0,1,1,1,1,0,1,0,15,3,1,1,0,true,1,1
25305R6A.CAD,2887,06bb7fba1f48,25305R6,INCINERATOR CNCG & DNCG,72,72,0,2358,0,26,82,19,5,2,7,7,1,4,22,0,24,46,10,8,0,true,3,1
25305R7A.CAD,1464,ffdea99761e1,25305R7,INCINERATOR CNCG & DNCG,35,35,0,1100,0,6,37,8,1,1,2,2,1,1,6,0,18,17,4,4,0,true,1,1
25305R8A.CAD,1553,0404a9b9bbd4,25305R8,INCINERATOR CNCG & DNCG,32,32,0,1046,0,4,34,8,1,1,2,2,1,1,4,0,17,17,4,4,0,true,1,1
25305R9A.CAD,2473,f7877b535498,25305R9,INCINERATOR CNCG & DNCG,61,61,0,2042,0,22,75,17,4,1,8,8,1,7,18,0,20,34,7,7,0,true,2,1
25305S0A.CAD,4252,6fffc09793da,25305S0,INCINERATOR TEMP CONTROL,117,117,0,3418,0,61,127,34,12,0,6,6,3,3,60,0,9,121,28,28,0,true,2,1
25305S1A.CAD,1386,beb74673e6fc,25305S1,INCINERATOR CNCG & DNCG,32,32,0,1030,0,5,34,7,1,1,2,2,1,1,5,0,17,16,3,3,0,true,1,1
25305S2A.CAD,2316,04e88df16936,25305S2,INCINERATOR CNCG & DNCG,56,56,0,1822,0,18,62,16,3,2,4,4,2,2,18,0,17,46,8,8,0,true,1,1
25305S3A.CAD,1566,88966b304619,25305S3,INCINERATOR CNCG & DNCG,33,33,0,1142,0,7,35,8,2,2,2,2,1,1,7,0,14,23,2,2,0,true,1,1
25305S4A.CAD,912,d852176cff1d,25305S4,INCINERATOR CNCG & DNCG,17,17,0,584,0,1,17,3,0,1,1,1,1,0,1,0,11,7,1,1,0,true,1,1
25305S5A.CAD,2571,97341e5f1d71,25305S5,INCINERATOR CNCG & DNCG,62,62,0,2038,0,18,68,18,7,3,4,4,2,2,18,0,17,52,10,10,0,true,1,1
25305S6A.CAD,2740,47e86b69c6a2,25305S6,INCINERATOR CNCG & DNCG,69,69,0,2196,0,25,77,20,5,3,5,5,2,3,25,0,17,56,11,11,0,true,1,1
25305S7A.CAD,1052,26fc2b642509,25305S7,INCINERATOR CNCG & DNCG,23,23,0,744,0,1,23,4,0,1,1,1,1,0,1,0,16,3,1,1,0,true,1,1
25305S8A.CAD,1060,80efa3d0598e,25305S8,INCINERATOR CNCG & DNCG,23,23,0,752,0,1,23,4,0,1,1,1,1,0,1,0,16,3,1,1,0,true,1,1
25305S9A.CAD,1527,6ba26fd98ff3,25305S9,INCINERATOR CNCG & DNCG,32,32,0,1052,0,4,34,8,1,1,2,2,1,1,4,0,17,16,4,4,0,true,1,1
25305T1A.CAD,1527,987b7d2d3b35,25305T1,INCINERATOR CNCG & DNCG,32,32,0,1052,0,4,34,8,1,1,2,2,1,1,4,0,17,17,4,4,0,true,1,1
25305T2A.CAD,1354,8c96ef41a9ef,25305T2,INCINERATOR CNCG & DNCG,30,30,0,998,0,3,32,7,1,1,2,2,1,1,3,0,17,15,3,3,0,true,1,1
25305T3A.CAD,1354,a61de7c54cab,25305T3,INCINERATOR CNCG & DNCG,31,31,0,930,0,7,31,4,1,1,1,1,1,0,7,0,17,23,2,2,0,true,1,1
25305T4A.CAD,1225,9f4d38ea08a4,25305T4,AIR TO INCIN PRESS,27,27,0,902,0,2,29,5,1,1,2,2,1,1,2,0,17,4,1,1,0,true,1,1
25305T5A.CAD,1231,d78a61564e33,25305T5,INCINERATOR CNCG & DNCG,27,27,0,908,0,2,29,5,1,1,2,2,1,1,2,0,17,4,1,1,0,true,1,1
25305T6A.CAD,1229,b81de0eeda86,25305T6,INCINERATOR CNCG & DNCG,27,27,0,906,0,2,29,5,1,1,2,2,1,1,2,0,17,4,1,1,0,true,1,1
25305T7A.CAD,1297,67e128787c42,25305T7,INCINERATOR CNCG & DNCG,29,29,0,966,0,3,31,5,1,1,2,2,1,1,2,0,19,4,1,1,0,true,2,1
25305T8A.CAD,1372,7a7d989e74fe,25305T8,INCINERATOR CNCG & DNCG,31,31,0,1036,0,6,35,6,1,1,3,3,1,2,4,0,18,5,1,1,0,true,2,1
25305T9A.CAD,4094,3553c0d7937b,25305T9,INCINERATOR CNCG & DNCG,109,109,0,3576,0,37,128,32,3,3,11,11,8,2,31,0,41,52,14,13,0,true,4,1
25305U1A.CAD,2490,bcaeac631836,25305U1,INCINERATOR CNCG & DNCG,62,62,0,2038,0,16,68,19,2,3,4,4,3,1,15,0,24,33,8,8,0,true,2,1
25305U2A.CAD,2618,98ebc0d5f4b5,25305U2,INCINERATOR CNCG & DNCG,73,73,0,2092,0,31,77,16,6,1,3,3,2,1,28,0,21,47,9,9,0,true,2,1
25305U3A.CAD,2618,7b64531ae37e,25305U3,INCINERATOR CNCG & DNCG,67,67,0,2144,0,20,73,21,2,4,4,4,3,1,19,0,23,37,10,10,0,true,2,1
25305U4A.CAD,2468,b754826a3ae9,25305U4,INCINERATOR CNCG & DNCG,61,61,0,2006,0,16,67,20,1,4,4,4,3,1,15,0,23,34,9,9,0,true,2,1
25305U5A.CAD,3870,7d191b9552c0,25305U5,INCINERATOR CNCG & DNCG,102,102,0,3338,0,37,122,33,5,3,11,11,7,4,35,0,27,57,15,15,0,true,3,1
25305U6A.CAD,2544,10a9a2511c0e,25305U6,INCINERATOR CNCG & DNCG,64,64,0,2074,0,18,70,21,1,3,4,4,3,1,17,0,23,37,10,10,0,true,2,1
25305U7A.CAD,2410,c489bbf8ae40,25305U7,INCINERATOR CNCG & DNCG,59,59,0,1956,0,15,65,19,1,3,4,4,3,1,14,0,23,33,8,8,0,true,2,1
25305U8A.CAD,3011,9c2fd7543f62,25305U8,INCINERATOR CNCG & DNCG,75,75,0,2512,0,19,85,25,1,4,6,6,5,1,18,0,29,41,11,11,0,true,2,1
25305U9A.CAD,4307,5b2a65a7b44f,25305U9,FLAME STATUS,117,117,0,3798,0,32,138,31,6,3,11,11,7,5,30,0,48,61,17,17,0,true,2,1
25305V1A.CAD,2885,24fcbabb2651,25305V1,INCINERATOR CNCG & DNCG,71,71,0,2376,0,19,81,22,2,3,6,6,5,1,18,0,27,37,9,9,0,true,2,1
25305V2A.CAD,2883,21d44f7348d5,25305V2,INCINERATOR CNCG & DNCG,69,69,0,2314,0,18,79,21,2,3,6,6,5,1,17,0,27,35,8,8,0,true,2,1
25305V3A.CAD,1584,62c7057b4ea8,25305V3,INCINERATOR CNCG & DNCG,34,34,0,1160,0,8,36,8,2,2,2,2,1,1,8,0,14,21,2,2,0,true,1,1
25305V4A.CAD,2813,f08fb247063b,25305V4,INCINERATOR CNCG & DNCG,74,74,0,2374,0,22,86,19,2,3,7,7,3,4,16,0,35,33,9,9,0,true,2,1
25305V6A.CAD,2650,5c80d48e32ce,25305V6,RUN REQUEST,69,69,0,2190,0,9,75,18,0,4,4,4,3,1,9,0,40,33,7,7,0,true,1,1
25305V7A.CAD,2608,a1191927cdfc,25305V7,INCINERATOR CNCG & DNCG,68,68,0,2094,0,22,76,14,5,2,5,5,4,1,22,0,25,44,7,7,0,true,1,1
25305V8A.CAD,3398,5dcd138802ec,25305V8,RUN REQUEST,89,89,0,2906,0,14,101,24,1,6,7,7,5,2,14,0,48,42,8,8,0,true,1,1
25305V9A.CAD,3076,3f6d1a64c123,25305V9,RUN REQUEST,82,82,0,2608,0,14,92,21,1,4,6,6,5,1,14,0,44,37,8,8,0,true,1,1
25305W1A.CAD,3252,89d577a44173,25305W1,RUN REQUEST,87,87,0,2784,0,15,99,22,1,4,7,7,6,1,15,0,47,38,8,8,0,true,1,1
25305W2A.CAD,3466,a735cbd6794c,25305W2,RUN REQUEST,91,91,0,3004,0,21,111,24,3,4,11,11,8,3,21,0,41,40,7,7,0,true,1,1
25305W3A.CAD,2562,957941f26290,25305W3,INCINERATOR CNCG & DNCG,65,65,0,2142,0,15,77,17,2,3,7,7,5,2,15,0,29,27,5,5,0,true,1,1
25305Z0A.CAD,2660,e4d63aa21f46,25305Z0,INCINERATOR CNCG & DNCG,66,66,0,2200,0,20,76,21,3,3,6,6,5,1,20,0,20,37,9,9,0,true,1,1
25305Z1A.CAD,4472,15104035a16e,25305Z1,NOT CONNECTION,90,90,0,3166,0,37,91,50,9,1,1,1,1,0,24,0,6,166,44,35,0,true,4,1
25305Z2A.CAD,4697,33ba26e7267e,25305Z2,INITIALE RELEASE,46,46,0,1320,0,8,48,5,2,2,2,2,1,1,4,0,33,15,1,1,0,true,2,1
25305Z3A.CAD,1818,5e3de17bfb31,25305Z3,SPARE & NOT CONNECTION,26,26,0,1018,0,5,25,16,0,0,0,0,0,0,1,0,8,63,16,12,0,true,2,1
25305Z4A.CAD,2152,5f3c67c2cb0a,25305Z4,SPARE BLOCK,38,38,0,1260,0,7,40,21,1,1,2,2,1,0,5,0,10,85,19,18,0,true,3,1
25305Z5A.CAD,3520,e3a170bc98e5,25305Z5,SPARE & NOT CONNECTION,70,70,0,2610,0,30,77,37,4,4,4,4,3,1,19,0,9,110,31,22,0,true,4,1
2551000A.CAD,1974,59dfbc17c8ae,2551000,PLANT LOOP I/O,51,51,0,1432,0,6,53,10,1,0,2,2,0,2,6,0,32,58,8,7,0,true,1,1
2551001A.CAD,2455,56e57bbcd99c,2551001,BURNER 1 FLAME INTENSITY,54,54,0,1780,0,9,66,8,0,7,7,7,7,0,7,0,37,18,1,1,0,true,2,1
2551002A.CAD,2127,23e1b1d2eabe,2551002,BURNER 5 FLAME INTENSITY,46,46,0,1444,0,7,54,6,0,5,5,5,5,0,5,0,33,16,1,1,0,true,2,1
2551003A.CAD,4676,0be467475c49,2551003,CONTROL VOLTAGE FAILURE,134,134,0,4354,0,72,163,17,0,15,15,15,0,15,15,0,101,20,2,2,1,true,2,1
2551004A.CAD,4071,727f1a2150e2,2551004,BURNER READY FOR START 1,96,96,0,3302,0,28,126,18,0,16,16,16,0,16,16,0,60,22,2,2,0,true,3,1
2551005A.CAD,4099,8bdb28ecc17c,2551005,BURNER READY FOR START 3,96,96,0,3302,0,28,126,18,0,16,16,16,0,16,16,0,60,22,2,2,0,true,3,1
2551006A.CAD,4213,1317edbc29bc,2551006,BURNER READY FOR START 5,101,101,0,3444,0,28,131,18,0,16,16,16,0,16,16,0,65,22,2,2,0,true,3,1
2551007A.CAD,2458,d3649a734b3c,2551007,DIGITAL INPUTS FOR SLAVE 7,62,62,0,2136,0,16,86,15,0,13,13,13,0,13,13,0,32,19,2,2,0,true,2,1
2551008A.CAD,2087,72cbb4066754,2551008,OIL SUPPLY PRESSURE,49,49,0,1562,0,8,59,7,0,6,6,6,6,0,6,0,34,17,1,1,0,true,2,1
2551009A.CAD,1436,124c4d414923,2551009,CIS I/O FOR SLAVE 9,37,37,0,1078,0,3,41,4,0,3,3,3,3,0,3,0,28,12,1,1,0,true,1,1
2551014A.CAD,1621,eba98d73726c,2551014,DIGITAL INPUTS FOR SLAVE 14,43,43,0,1300,0,6,49,6,0,4,4,4,0,4,4,0,31,6,2,2,4,true,2,1
2551015A.CAD,3037,1feec8913876,2551015,CB01 INTERLOCK FAILURE,69,69,0,2348,0,16,91,14,0,12,12,12,12,0,14,0,39,20,2,2,0,true,2,1
2551016A.CAD,3185,0f1bfd7808be,2551016,CB01 FURNACE READY FOR IGNITION,67,67,0,2496,0,14,89,14,0,12,12,12,12,0,12,0,39,20,2,2,0,true,2,1
2551017A.CAD,2673,6b1bf7747611,2551017,ENERGIZE IGNITION TRANSFORMER,57,57,0,2016,0,12,75,12,0,10,10,10,10,0,10,0,33,18,2,2,0,true,2,1
2551018A.CAD,3621,0b90bf7092b4,2551018,BURNER READY FOR IGNITION,79,79,0,2820,0,18,109,18,0,16,16,16,16,0,16,0,43,24,2,2,0,true,2,1
2551019A.CAD,3621,e04bea0f7552,2551019,BURNER READY FOR IGNITION,79,79,0,2820,0,18,109,18,0,16,16,16,16,0,16,0,43,24,2,2,0,true,2,1
2551020A.CAD,3621,e67f090a95bf,2551020,BURNER READY FOR IGNITION,79,79,0,2820,0,18,109,18,0,16,16,16,16,0,16,0,43,24,2,2,0,true,2,1
2551021A.CAD,1229,487e26e71425,2551021,DIGITAL OUTPUTS FOR SLAVE 21,33,33,0,876,0,2,31,2,0,0,0,0,0,0,0,0,29,8,2,2,0,true,1,1
2551024A.CAD,1589,cad84365a912,2551024A,OIL SUPPLY HEADER VALVE,39,39,0,1180,0,5,43,4,0,3,3,3,3,0,3,0,30,7,1,1,0,true,2,1
2551025A.CAD,2047,0e60e0f0ce3f,2551025,ATOMIZING STEAM VALVE BNR 1,48,48,0,1554,0,8,58,7,0,6,6,6,6,0,6,0,33,10,1,1,0,true,2,1
2551026A.CAD,2047,3505dc8a1391,2551026,IGNITION GAS VALVE 1,48,48,0,1554,0,8,58,7,0,6,6,6,6,0,6,0,33,10,1,1,0,true,2,1
2551027A.CAD,2047,fb4a12e38c55,2551027,IGNITION GAS VALVE 1,48,48,0,1554,0,8,58,7,0,6,6,6,6,0,6,0,33,10,1,1,0,true,2,1
2551028A.CAD,2047,10b3b2952db4,2551028,ATOMIZING STEAM VALVE BNR 4,48,48,0,1554,0,8,58,7,0,6,6,6,6,0,6,0,33,10,1,1,0,true,2,1
2551029A.CAD,2047,43a436be7d9d,2551029,ATOMIZING STEAM VALVE BNR 5,48,48,0,1554,0,8,58,7,0,6,6,6,6,0,6,0,33,10,1,1,0,true,2,1
2551030A.CAD,2047,443ca3a407a8,2551030,ATOMIZING STEAM VALVE BNR 6,48,48,0,1554,0,8,58,7,0,6,6,6,6,0,6,0,33,10,1,1,0,true,2,1
2551031A.CAD,3723,2c63323ea5ec,2551031,NOT USED,59,59,0,2280,0,22,84,19,2,13,13,13,0,13,18,0,19,43,3,3,0,true,2,1
2551032A.CAD,3723,41a046a9d38d,2551032,NOT USED,33,33,0,1060,0,10,34,7,0,1,1,1,0,1,6,0,19,28,3,3,0,true,2,1
2551033A.CAD,4019,94ad19ece1a9,2551033,NOT USED,64,64,0,2140,0,25,83,16,0,5,10,10,10,0,19,0,28,44,2,2,0,true,3,1
2551034A.CAD,3267,259d2809783d,2551034,DIGITAL INPUT SLAVE,35,35,0,1342,0,11,54,12,0,10,10,10,0,10,10,0,12,16,2,2,0,true,2,1
2551035A.CAD,3267,6b945f905173,2551035,DIGITAL INPUT SLAVE,36,36,0,1370,0,12,55,12,0,10,10,10,0,10,10,0,13,16,2,2,0,true,3,1
2551036A.CAD,3267,2e2e17dc4b31,2551036,DIGITAL INPUT SLAVE,27,27,0,980,0,7,38,8,0,6,6,6,0,6,6,0,12,12,2,2,0,true,2,1
2551037A.CAD,1784,943dd15ccaa1,2551037,DIGITAL OUTPUT SLAVE,37,37,0,1430,0,11,58,13,0,11,11,11,11,0,11,0,12,19,2,2,0,true,1,1
2551090A.CAD,1504,36717e277dae,2551090,RECOVERY BOILER,41,41,0,1176,0,2,43,4,0,1,2,2,1,1,2,0,33,7,1,1,1,true,1,1
2551091A.CAD,1896,053feb759e58,2551091,New Condensate Flash Tank,50,50,0,1472,0,10,54,7,2,3,3,3,2,1,10,0,29,25,2,2,0,true,1,1
25510A0A.CAD,2992,3ee25c5f60b6,25510A0,MAIN STEAM PRESSURE,85,85,0,2492,0,24,95,16,7,1,6,6,3,3,24,0,36,46,7,7,0,true,1,1
25510A1A.CAD,2758,282319712a12,25510A1,BURNER START,80,80,0,2408,0,16,90,13,2,1,6,6,5,1,14,0,49,20,5,5,0,true,2,1
25510A2A.CAD,2450,c3190ec88716,25510A2,FLAME FAILURE,71,71,0,2106,0,11,79,12,2,1,5,5,3,2,11,0,44,18,5,5,0,true,1,1
25510A3A.CAD,1529,0421153f9976,25510A3,STOP BURNER 1,43,43,0,1168,0,6,43,4,1,0,1,1,0,1,4,0,32,8,2,2,0,true,2,1
25510A4A.CAD,3794,96ae2a31f1c7,25510A4,GUN IN POSITION,114,114,0,3402,0,24,128,24,5,5,8,8,5,3,24,0,59,31,10,10,0,true,1,1
25510A5A.CAD,3346,f5a85084ecf4,25510A5,FLAME FAILURE,101,101,0,2946,0,26,113,19,6,2,7,7,5,2,26,0,48,31,10,10,0,true,1,1
25510A6A.CAD,1656,e8713e353df4,25510A6,FLAME INTENSITY,46,46,0,1316,0,3,46,6,1,1,1,1,1,0,3,0,34,11,2,2,0,true,1,1
25510A7A.CAD,4420,4b2cdc7ab1b2,25510A7,FLAME OBSERVED,129,129,0,4058,0,23,149,27,5,7,11,11,6,5,20,0,75,29,6,6,0,true,2,1
25510A8A.CAD,2986,0f57f3766a09,25510A8,IGNITION GAS VALVE,87,87,0,2640,0,17,99,15,5,2,7,7,2,5,16,0,49,17,4,4,0,true,2,1
25510A9A.CAD,1643,2ffb32c231f4,25510A9,OPEN ATOM STEAM VALVE,43,43,0,1278,0,7,44,5,0,1,2,2,1,1,2,0,33,4,1,1,0,true,2,1
25510B1A.CAD,1635,d46061a710ad,25510B1,IGNITION AIR VALVE,43,43,0,1270,0,6,44,5,0,1,2,2,1,1,2,0,33,4,1,1,0,true,2,1
25510B2A.CAD,1567,e712a9d9e6a7,25510B2,IGNITION ON BURNER,41,41,0,1202,0,7,42,5,0,1,2,2,1,1,2,0,31,4,1,1,0,true,2,1
25510B3A.CAD,5095,481f79afd069,25510B3,FLAME OBSERVED,133,133,0,4290,0,36,157,33,6,7,13,13,9,4,27,0,65,47,13,13,0,true,2,1
25510B4A.CAD,3704,dfaa3eedc063,25510B4,RSV OPEN,109,109,0,3316,0,22,123,24,5,4,8,8,4,4,22,0,56,30,9,9,1,true,1,1
25510B5A.CAD,3162,8cdf59a89361,25510B5,BURNER READY,94,94,0,2798,0,20,104,17,5,2,6,6,3,3,18,0,52,24,7,7,0,true,2,1
25510B6A.CAD,2674,5fbe3fa35bc3,25510B6,BURNER START,77,77,0,2324,0,16,87,13,2,1,6,6,5,1,14,0,46,20,5,5,0,true,2,1
25510B7A.CAD,2306,f99bed111bb1,25510B7,FLAME FAILURE,66,66,0,1962,0,11,74,12,2,1,5,5,3,2,11,0,39,18,5,5,0,true,1,1
25510B8A.CAD,1577,23914ab08446,25510B8,RESET BURNER 2,44,44,0,1216,0,7,43,4,1,0,1,1,0,1,4,0,32,8,2,2,0,true,2,1
25510B9A.CAD,3742,996aadb3a479,25510B9,GUN IN POSITION,111,111,0,3350,0,24,125,24,4,5,8,8,5,3,24,0,57,31,10,10,0,true,1,1
25510C1A.CAD,3334,3cf441c0ceb2,25510C1,FLAME FAILURE,100,100,0,2934,0,26,112,19,6,2,7,7,5,2,26,0,47,31,10,10,0,true,1,1
25510C2A.CAD,1680,2987db3a7ec5,25510C2,FLAME INTENSITY,47,47,0,1340,0,3,47,6,1,1,1,1,1,0,3,0,35,11,2,2,0,true,1,1
25510C3A.CAD,4188,93016a95d988,25510C3,FLAME OBSERVED,122,122,0,3826,0,23,142,24,5,7,11,11,6,5,20,0,71,29,6,6,0,true,2,1
25510C4A.CAD,3047,1c0e7086e750,25510C4,IGNITION GAS VALVE,81,81,0,2502,0,18,93,15,5,2,7,7,2,5,11,0,48,17,4,4,0,true,3,1
25510C5A.CAD,1611,3d930a70e1d5,25510C5,OPEN ATOM STEAM VALVE,43,43,0,1246,0,6,45,5,0,1,2,2,1,1,2,0,34,4,1,1,0,true,2,1
25510C6A.CAD,1605,642ce10833fc,25510C6,IGNITION AIR VALVE,43,43,0,1240,0,6,45,5,0,1,2,2,1,1,2,0,34,4,1,1,0,true,2,1
25510C7A.CAD,1607,9070914f51bf,25510C7,IGNITION TRANSFORMER,43,43,0,1242,0,6,45,5,0,1,2,2,1,1,2,0,34,4,1,1,0,true,2,1
25510C8A.CAD,4764,40ae6824a09e,25510C8,FLAME OBSERVED,138,138,0,4336,0,33,162,32,6,7,13,13,9,4,33,0,65,47,13,13,0,true,1,1
25510C9A.CAD,3678,0aaa721dd664,25510C9,RSV OPEN,108,108,0,3290,0,22,122,23,5,4,8,8,4,4,22,0,56,30,9,9,1,true,1,1
25510D1A.CAD,3146,54da63b8c0b6,25510D1,BURNER READY,94,94,0,2782,0,20,104,17,5,2,6,6,3,3,18,0,52,24,7,7,0,true,2,1
25510D2A.CAD,2708,fca1396f294e,25510D2,BURNER START,79,79,0,2358,0,16,89,13,2,1,6,6,5,1,14,0,48,20,5,5,0,true,2,1
25510D3A.CAD,2186,2a3ac9c1fd95,25510D3,FLAME FAILURE,62,62,0,1842,0,11,70,10,2,1,5,5,3,2,11,0,37,18,5,5,0,true,1,1
25510D4A.CAD,1581,54f2fc4a621c,25510D4,RESET BURNER 3,44,44,0,1220,0,7,43,4,1,0,1,1,0,1,4,0,32,8,2,2,0,true,2,1
25510D5A.CAD,3698,6d2f8301c813,25510D5,GUN IN POSITION,110,110,0,3306,0,23,124,24,4,5,8,8,5,3,23,0,57,31,10,10,0,true,1,1
25510D6A.CAD,3270,b875b3f8efb3,25510D6,FLAME FAILURE,98,98,0,2870,0,26,110,19,6,2,7,7,5,2,26,0,45,31,10,10,0,true,1,1
25510D7A.CAD,1654,1a0442afd844,25510D7,FLAME INTENSITY,46,46,0,1314,0,3,46,6,1,1,1,1,1,0,3,0,34,11,2,2,0,true,1,1
25510D8A.CAD,4522,173c5967c643,25510D8,BURNER RUNNING,132,132,0,4160,0,23,152,28,5,7,11,11,6,5,20,0,77,29,6,6,0,true,2,1
25510D9A.CAD,2978,831170b96d39,25510D9,IGNITION GAS VALVE,87,87,0,2632,0,17,99,15,5,2,7,7,2,5,16,0,49,17,4,4,0,true,2,1
25510E1A.CAD,1591,01010af7df1a,25510E1,OPEN ATOM STEAM VALVE,42,42,0,1226,0,6,44,5,0,1,2,2,1,1,2,0,33,4,1,1,0,true,2,1
25510E2A.CAD,1583,261a5a9eb706,25510E2,IGNITION AIR VALVE,42,42,0,1218,0,6,44,5,0,1,2,2,1,1,2,0,33,4,1,1,0,true,2,1
25510E3A.CAD,1607,629cc7249130,25510E3,IGNITION TRANSFORMER,43,43,0,1242,0,6,45,5,0,1,2,2,1,1,2,0,34,4,1,1,0,true,2,1
25510E4A.CAD,4690,3d679245bc2e,25510E4,FLAME OBSERVED,136,136,0,4262,0,33,160,32,6,7,13,13,9,4,33,0,63,47,13,13,0,true,1,1
25510E5A.CAD,3646,44e6eb2c2c29,25510E5,RSV OPEN,108,108,0,3258,0,23,122,23,5,4,8,8,4,4,23,0,55,31,9,9,0,true,1,1
25510E6A.CAD,3142,62df44769eb5,25510E6,BURNER READY,93,93,0,2778,0,20,103,17,5,2,6,6,3,3,18,0,51,24,7,7,0,true,2,1
25510E7A.CAD,2730,c145c47a013d,25510E7,BURNER START,80,80,0,2380,0,16,90,13,2,1,6,6,5,1,14,0,49,20,5,5,0,true,2,1
25510E8A.CAD,2338,ca5c47ae58a9,25510E8,FLAME OBSERVED,67,67,0,1994,0,11,75,12,2,1,5,5,3,2,11,0,40,18,5,5,0,true,1,1
25510E9A.CAD,1531,0e9b7e6ddad4,25510E9,RESET BURNER 4,43,43,0,1170,0,6,43,4,1,0,1,1,0,1,4,0,32,8,2,2,0,true,2,1
25510F1A.CAD,3568,5f25a4b192ac,25510F1,GUN IN POSITION,105,105,0,3176,0,24,119,24,4,5,8,8,5,3,24,0,51,31,10,10,0,true,1,1
25510F2A.CAD,3441,38a640dff805,25510F2,FLAME FAILURE,94,94,0,2842,0,24,106,19,6,2,7,7,5,2,20,0,47,31,10,10,0,true,2,1
25510F3A.CAD,1780,b3ca86a22fe8,25510F3,FLAME INTENSITY,49,49,0,1440,0,3,47,6,1,1,1,1,1,0,3,0,35,11,2,2,0,true,1,1
25510F4A.CAD,4532,f2b83c4f4580,25510F4,FLAME OBSERVED,134,134,0,4170,0,23,154,27,5,7,11,11,6,5,20,0,80,29,6,6,0,true,2,1
25510F5A.CAD,3015,2f63e76a97e3,25510F5,IGNITION GAS VALVE,78,78,0,2438,0,18,90,15,5,2,7,7,2,5,11,0,45,17,4,4,0,true,3,1
25510F6A.CAD,1611,9546ed728517,25510F6,OPEN ATOM STEAM VALVE,43,43,0,1246,0,6,45,5,0,1,2,2,1,1,2,0,34,4,1,1,0,true,2,1
25510F7A.CAD,1609,b7565290666a,25510F7,IGNITION AIR VALVE,43,43,0,1244,0,6,45,5,0,1,2,2,1,1,2,0,34,4,1,1,0,true,2,1
25510F8A.CAD,1607,f23dcc2a0bb8,25510F8,IGNITION TRANSFORMER,43,43,0,1242,0,6,45,5,0,1,2,2,1,1,2,0,34,4,1,1,0,true,2,1
25510F9A.CAD,5295,522604fc561c,25510F9,FLAME OBSERVED,142,142,0,4468,0,35,166,32,6,7,13,13,9,4,27,0,75,47,13,13,0,true,2,1
25510G1A.CAD,3684,b25b0aef5275,25510G1,RSV OPEN,109,109,0,3296,0,23,123,23,5,4,8,8,4,4,23,0,56,31,9,9,0,true,1,1
25510G2A.CAD,3170,b5c25603952e,25510G2,BURNER READY,94,94,0,2806,0,20,104,17,5,2,6,6,3,3,18,0,52,24,7,7,0,true,2,1
25510G3A.CAD,2708,efe5ac1e7b48,25510G3,BURNER START,79,79,0,2358,0,16,89,13,2,1,6,6,5,1,14,0,48,20,5,5,0,true,2,1
25510G4A.CAD,2328,5364eb6142e0,25510G4,FLAME FAILURE,67,67,0,1984,0,11,75,12,2,1,5,5,3,2,11,0,40,18,5,5,0,true,1,1
25510G5A.CAD,1527,f45c5bf85675,25510G5,RESET BURNER 5,43,43,0,1166,0,6,43,4,1,0,1,1,0,1,4,0,32,8,2,2,0,true,2,1
25510G6A.CAD,3558,93d609adf139,25510G6,GUN IN POSITION,104,104,0,3166,0,24,118,24,4,5,8,8,5,3,24,0,50,31,10,10,0,true,1,1
25510G7A.CAD,3270,c0ef913f84c9,25510G7,FLAME FAILURE,98,98,0,2870,0,26,110,19,6,2,7,7,5,2,26,0,45,31,10,10,0,true,1,1
25510G8A.CAD,1680,0e107f88606f,25510G8,FLAME INTENSITY,47,47,0,1340,0,3,47,6,1,1,1,1,1,0,3,0,35,11,2,2,0,true,1,1
25510G9A.CAD,4428,c399d8bb9936,25510G9,FLAME OBSERVED,130,130,0,4066,0,23,150,27,5,7,11,11,6,5,20,0,76,29,6,6,0,true,2,1
25510H1A.CAD,3000,e030b538ee1f,25510H1,IGNITION GAS VALVE,88,88,0,2654,0,17,100,15,5,2,7,7,2,5,16,0,50,17,4,4,0,true,2,1
25510H2A.CAD,1611,291ba2f12de9,25510H2,OPEN ATOM STEAM VALVE,43,43,0,1246,0,6,45,5,0,1,2,2,1,1,2,0,34,4,1,1,0,true,2,1
25510H3A.CAD,1605,ca007967ee98,25510H3,IGNITION AIR VALVE,43,43,0,1240,0,6,45,5,0,1,2,2,1,1,2,0,34,4,1,1,0,true,2,1
25510H4A.CAD,1607,f8f2e2989523,25510H4,IGNITION TRANSFORMER,43,43,0,1242,0,6,45,5,0,1,2,2,1,1,2,0,34,4,1,1,0,true,2,1
25510H5A.CAD,4730,c99a64fdcbb2,25510H5,FLAME OBSERVED,138,138,0,4302,0,33,162,32,6,7,13,13,9,4,33,0,65,47,13,13,0,true,1,1
25510H6A.CAD,3819,6b08afe21b3f,25510H6,RSV OPEN,104,104,0,3200,0,25,118,23,5,4,8,8,4,4,17,0,57,31,9,9,0,true,2,1
25510H7A.CAD,3186,e2901dd6ca51,25510H7,BURNER READY,95,95,0,2822,0,20,105,17,5,2,6,6,3,3,18,0,53,24,7,7,0,true,2,1
25510H8A.CAD,2712,bcd589440dc6,25510H8,BURNER START,79,79,0,2362,0,16,89,13,2,1,6,6,5,1,14,0,48,20,5,5,0,true,2,1
25510H9A.CAD,2268,0bb843c06e15,25510H9,FLAME OBSERVED,64,64,0,1924,0,11,72,12,2,1,5,5,3,2,11,0,37,18,5,5,0,true,1,1
25510I1A.CAD,1527,f88953f544e8,25510I1,RESET BURNER 6,43,43,0,1166,0,6,43,4,1,0,1,1,0,1,4,0,32,8,2,2,0,true,2,1
25510I2A.CAD,3768,5122eadb2796,25510I2,GUN IN POSITION,113,113,0,3376,0,24,127,24,4,5,8,8,5,3,24,0,59,31,10,10,0,true,1,1
25510I3A.CAD,3348,35dd8f1c291a,25510I3,FLAME FAILURE,101,101,0,2948,0,26,113,19,6,2,7,7,5,2,26,0,48,31,10,10,0,true,1,1
25510I4A.CAD,1680,8a5ff2802de5,25510I4,FLAME INTENSITY,47,47,0,1340,0,3,47,6,1,1,1,1,1,0,3,0,35,11,2,2,0,true,1,1
25510I5A.CAD,4550,3a65b0726c0d,25510I5,FLAME OBSERVED,134,134,0,4188,0,23,154,27,5,7,11,11,6,5,20,0,80,29,6,6,0,true,2,1
25510I6A.CAD,2936,3eca126cff03,25510I6,IGNITION GAS VALVE,86,86,0,2590,0,17,98,15,5,2,7,7,2,5,16,0,48,17,4,4,0,true,2,1
25510I7A.CAD,1633,3d565ea1e505,25510I7,OPEN ATOM STEAM VALVE,44,44,0,1268,0,6,46,5,0,1,2,2,1,1,2,0,35,4,1,1,0,true,2,1
25510I8A.CAD,1609,b5df4df97f97,25510I8,IGNITION AIR VALVE,43,43,0,1244,0,6,45,5,0,1,2,2,1,1,2,0,34,4,1,1,0,true,2,1
25510I9A.CAD,1617,e5bab3da4b20,25510I9,IGNITION TRANSFORMER,43,43,0,1252,0,6,45,5,0,1,2,2,1,1,2,0,34,4,1,1,0,true,2,1
25510J1A.CAD,4830,30698ade8031,25510J1,FLAME OBSERVED,141,141,0,4402,0,33,165,32,6,7,13,13,9,4,33,0,68,47,13,13,0,true,1,1
25510J2A.CAD,3760,2b2f08b30a07,25510J2,RSV OPEN,112,112,0,3372,0,23,126,23,5,4,8,8,4,4,23,0,59,31,9,9,0,true,1,1
25510J3A.CAD,3188,f3b07309694d,25510J3,BURNER READY,95,95,0,2824,0,20,105,17,5,2,6,6,3,3,18,0,53,24,7,7,0,true,2,1
25510J4A.CAD,2842,f375857392a3,25510J4,OIL SUPPLY HEADER VALVE,82,82,0,2468,0,11,90,17,0,3,5,5,4,1,10,0,53,20,5,5,0,true,2,1
25510J5A.CAD,6252,7f5e91dc7b51,25510J5,STEAM DRUM LEVEL,177,177,0,5614,0,62,205,41,11,5,19,19,6,5,51,0,72,59,26,18,0,true,3,1
25510J6A.CAD,3655,407ca3c7b8bf,25510J6,INTERLOCK BY-PASS ON,100,100,0,3128,0,30,108,22,8,4,5,5,2,3,19,0,49,23,7,7,0,true,3,1
25510J7A.CAD,5355,48b56b52f944,25510J7,INTERLOCK FOR PURGE,140,140,0,4592,0,34,164,33,6,12,13,13,7,6,20,0,79,29,8,8,0,true,2,1
25510J8A.CAD,1783,06aa4c3f95cc,25510J8,OIL READINESS,45,45,0,1356,0,6,51,5,0,2,4,4,3,1,4,0,34,8,1,1,0,true,2,1
25510J9A.CAD,3229,e38c070326a8,25510J9,BRN 3 OIL RSV CLOSED,77,77,0,2406,0,17,89,13,4,0,7,7,5,2,14,0,44,20,5,5,0,true,3,1
25510K1A.CAD,7249,ce102a692754,25510K1,INTERLOCK FOR PURGE,196,196,0,6222,0,52,230,49,10,12,18,18,11,7,38,0,97,68,19,19,0,true,2,1
25510K2A.CAD,6962,89b48bd74847,25510K2,INTERLOCK FOR OIL BURNING,201,201,0,6544,0,54,245,45,8,12,23,23,15,8,40,0,106,47,10,10,0,true,2,1
25510K3A.CAD,1555,35e355b5690a,25510K3,CONTROL VOLTAGE FAILURE,43,43,0,1218,0,5,43,4,0,1,1,1,1,0,1,0,36,4,1,1,0,true,2,1
25510K4A.CAD,1776,0a100eac4cd7,25510K4,OIL BURNER STOP,48,48,0,1446,0,5,52,7,0,1,3,3,2,1,4,0,35,10,2,2,0,true,2,1
25510K5A.CAD,1711,6ff482cf0253,25510K5,FUEL OIL INLET TEMP,46,46,0,1342,0,7,46,6,1,1,1,1,1,0,2,0,35,10,2,2,0,true,2,1
25510K6A.CAD,4126,0e5ba1376c6d,25510K6,FUEL OIL RETURN FLOW,122,122,0,3536,0,38,130,28,9,2,5,5,4,1,35,0,48,67,13,13,0,true,2,1
25510K7A.CAD,4009,de5f99ed5e2a,25510K7,OIL SUPPLY PRESSURE,102,102,0,3132,0,31,114,21,10,3,7,7,4,3,24,0,45,46,8,8,0,true,3,1
25510K8A.CAD,2073,84c655d9b5b8,25510K8,OIL PRESSURE,59,59,0,1676,0,10,61,8,2,1,2,2,1,1,6,0,41,12,4,4,0,true,2,1
25510K9A.CAD,1595,6bcb16ceee6e,25510K9,OIL TEMP,45,45,0,1258,0,5,45,4,0,1,1,1,1,0,1,0,38,3,1,1,0,true,2,1
25510L1A.CAD,6027,f99b867c89c5,25510L1,IGNITION GAS FAILURE,162,162,0,5262,0,37,188,36,7,13,14,14,7,7,21,0,96,29,8,8,1,true,2,1
25510L2A.CAD,1615,454660a31985,25510L2,PRESSURIZED AIR,45,45,0,1278,0,5,45,4,0,1,1,1,1,0,1,0,38,3,1,1,0,true,2,1
25510L3A.CAD,1591,654e97dccb9a,25510L3,ATOM STEAM PRESSURE,44,44,0,1254,0,5,44,4,0,1,1,1,1,0,1,0,37,3,1,1,0,true,2,1
25510L4A.CAD,2898,42dc4b22fca9,25510L4,OIL RECIRCULATION VALVE,83,83,0,2524,0,11,91,17,0,3,5,5,4,1,10,0,54,21,5,5,0,true,2,1
25510L5A.CAD,6639,8d8a221ae5ff,25510L5,RUN REQUEST,180,180,0,5722,0,65,199,49,13,6,11,11,5,5,47,0,69,74,26,23,1,true,4,1
25510L6A.CAD,5408,acb38aa695f8,25510L6,RUN REQUEST,161,161,0,4796,0,51,175,42,9,5,8,8,5,3,49,0,59,69,23,22,2,true,3,1
25510L7A.CAD,2503,bcb5002e5ace,25510L7,RUN REQUEST,68,68,0,2006,0,16,72,14,3,2,3,3,2,1,11,0,38,27,7,7,0,true,2,1
25510N1A.CAD,2892,ccbf169ef0b9,25510N1,RECOVERY BOILER,79,79,0,2346,0,26,84,17,7,2,4,4,2,2,25,0,27,51,6,6,0,true,2,1
25510N2A.CAD,2140,bdd7d41d1943,25510N2,RECOVERY BOILER,52,52,0,1754,0,11,60,13,2,1,5,5,1,4,10,0,25,24,5,5,1,true,2,1
25510N3A.CAD,3773,daa51b6e5916,25510N3,RECOVERY BOILER,100,100,0,3010,0,34,110,24,9,2,6,6,3,3,33,0,32,63,11,11,0,true,2,1
25510N4A.CAD,1347,d3fc31f24489,25510N4,RECOVERY BOILER,32,32,0,974,0,3,31,6,1,1,1,1,1,0,3,0,19,12,2,2,0,true,1,1
25510N5A.CAD,1329,3fe0d117d14b,25510N5,RECOVERY BOILER,31,31,0,956,0,3,31,6,1,1,1,1,1,0,3,0,19,12,2,2,0,true,1,1
25510N6A.CAD,3811,63edfec774ae,25510N6,RECOVERY BOILER,95,95,0,2980,0,33,113,24,7,1,10,10,6,4,32,0,30,67,10,10,0,true,2,1
25510N7A.CAD,3388,6947217653ea,25510N7,RECOVERY BOILER,87,87,0,2694,0,27,95,25,3,1,5,5,3,2,25,0,32,67,16,15,0,true,3,1
25510N8A.CAD,3871,9cb46bf2d5e5,25510N8,RECOVERY BOILER,92,92,0,2740,0,33,98,22,8,2,4,4,3,1,31,0,29,73,10,10,0,true,2,1
25510N9A.CAD,1276,b9f725677a66,25510N9,RECOVERY BOILER,29,29,0,902,0,3,29,6,1,1,1,1,1,0,3,0,17,11,2,2,0,true,1,1
25510O1A.CAD,2962,86b62c69d838,25510O1,RECOVERY BOILER,80,80,0,2394,0,28,86,19,7,2,4,4,2,2,26,0,26,58,8,8,0,true,3,1
25510O2A.CAD,1532,1fa29f8f2499,25510O2,RECOVERY BOILER,36,36,0,1116,0,6,38,8,1,1,2,2,1,1,6,0,19,14,3,3,0,true,1,1
25510O3A.CAD,3330,6d52d4b3ff53,25510O3,RECOVERY BOILER,78,78,0,2370,0,19,84,19,3,3,4,4,3,1,18,0,36,31,8,8,0,true,2,1
25510O4A.CAD,3834,4b9fb093063b,25510O4,RECOVERY BOILER,110,110,0,3242,0,34,116,29,5,3,4,4,3,1,33,0,41,65,18,18,0,true,2,1
25510O5A.CAD,1331,1d0b10755301,25510O5,RECOVERY BOILER,30,30,0,958,0,3,32,6,1,1,2,2,1,1,3,0,18,7,2,2,0,true,1,1
25510O6A.CAD,5878,c4aa29fc637f,25510O6,Black liquor firing rate,162,162,0,5238,0,57,191,47,9,3,14,14,10,7,53,0,51,86,24,22,1,true,3,1
25510O7A.CAD,3158,455a170a9e59,25510O7,RECOVERY BOILER,88,88,0,2698,0,24,97,21,5,3,5,5,5,1,24,0,36,38,9,9,0,true,1,1
25510O8A.CAD,3270,0945e17ef4ba,25510O8,RECOVERY BOILER,77,77,0,2366,0,18,83,18,5,4,4,4,3,1,18,0,34,31,8,8,0,true,1,1
25510O9A.CAD,3143,76b27cb174ae,25510O9,RECOVERY BOILER,89,89,0,2660,0,25,95,22,6,3,4,4,2,2,23,0,36,34,9,9,0,true,2,1
25510P1A.CAD,4512,99bafed47021,25510P1A,RECOVERY BOILER,126,126,0,3896,0,48,148,33,11,2,12,12,7,5,46,0,34,79,14,14,0,true,2,1
25510P2A.CAD,3348,d181245fe289,25510P2A,RECOVERY BOILER,89,89,0,2736,0,24,97,23,5,4,5,5,4,1,24,0,35,38,10,10,0,true,1,1
25510P3A.CAD,3709,33d62463719a,25510P3A,RECOVERY BOILER,97,97,0,3040,0,25,107,27,5,5,6,6,5,1,25,0,38,45,11,11,0,true,1,1
25510P4A.CAD,3703,55029658c4e1,25510P4A,RECOVERY BOILER,90,90,0,2706,0,26,96,24,5,4,4,4,3,1,25,0,34,40,11,11,0,true,2,1
25510P5A.CAD,3436,e7bb47196624,25510P5A,RECOVERY BOILER,90,90,0,2788,0,28,98,26,5,4,5,5,3,2,26,0,31,44,11,11,0,true,2,1
25510P6A.CAD,2580,0284e3541e13,25510P6,RECOVERY BOILER,68,68,0,2108,0,24,74,18,4,3,4,4,2,2,22,0,22,34,10,9,0,true,3,1
25510Z1A.CAD,4368,f1caf3aef611,25510Z1,SPARE BLOCKS,103,103,0,3336,0,16,101,58,0,0,0,0,0,0,5,0,38,122,38,38,0,true,2,1
25510Z2A.CAD,9584,7f45b4b2fb36,25510Z2,SPARE BLOCKS,129,129,0,5246,0,20,127,108,0,0,0,0,0,0,0,0,19,521,108,88,0,true,1,1
2560500C.CAD,2004,45a1e13882c1,2560500,MFC EXECUTIVES,51,51,0,1462,0,12,53,10,1,0,2,2,0,2,6,0,32,58,8,7,0,true,2,1
2560501C.CAD,2399,d40e04ebb7fe,2560501,RECOVERY BOILER,68,68,0,2042,0,9,78,7,0,6,6,6,6,0,6,0,53,16,1,1,0,true,2,1
2560502C.CAD,2579,97e97f69cdf6,2560502,RECOVERY BOILER,71,71,0,2222,0,9,85,9,0,8,8,8,8,0,8,0,52,21,1,1,0,true,2,1
2560503C.CAD,2333,e64f2312c168,2560503,RECOVERY BOILER,66,66,0,1976,0,8,76,7,0,6,6,6,6,0,6,0,51,17,1,1,0,true,2,1
2560505C.CAD,3130,d58bf5b8a372,2560505,RECOVERY BOILER,84,84,0,2772,0,16,104,12,0,11,11,11,11,0,11,0,59,24,1,1,0,true,2,1
2560506C.CAD,3236,754762f312b0,2560506,RECOVERY BOILER,86,86,0,2878,0,15,108,13,0,12,12,12,12,0,12,0,59,24,1,1,0,true,2,1
2560507C.CAD,3489,269dc2c27ef4,2560507,RECOVERY BOILER,93,93,0,3104,0,20,117,14,0,13,13,13,13,0,13,0,64,24,1,1,0,true,2,1
2560508C.CAD,3150,ceb333e7e431,2560508,RECOVERY BOILER,82,82,0,2792,0,12,104,13,0,12,12,12,12,0,12,0,55,24,1,1,0,true,1,1
2560509C.CAD,3367,2bc1199ef9fe,2560509,RECOVERY BOILER,90,90,0,3010,0,20,112,13,0,12,12,12,12,0,12,0,63,23,1,1,0,true,2,1
2560510C.CAD,3118,2e76c520378e,2560510,RECOVERY BOILER,82,82,0,2760,0,12,104,13,0,12,12,12,12,0,12,0,55,22,1,1,1,true,1,1
2560511C.CAD,2844,738f6e3cd228,2560511,RECOVERY BOILER,75,75,0,2476,0,10,91,11,0,9,9,9,9,0,10,0,52,22,2,2,0,true,1,1
2560512C.CAD,2210,b34539563e0f,2560512,RECOVERY BOILER,61,61,0,1852,0,6,71,7,0,6,6,6,6,0,6,0,46,17,1,1,0,true,1,1
2560513C.CAD,3267,fa16848ca8ad,2560513,RECOVERY BOILER,91,91,0,2918,0,24,114,14,0,12,12,12,0,12,12,0,64,12,2,2,6,true,2,1
2560514C.CAD,3163,54d94cb18691,2560514,RECOVERY BOILER,89,89,0,2842,0,25,110,13,0,9,11,11,0,11,11,0,64,17,2,2,0,true,2,1
2560515C.CAD,3525,bf6edb534800,2560515,RECOVERY BOILER,99,99,0,3204,0,23,126,16,0,14,14,14,0,14,14,0,68,18,2,2,2,true,2,1
2560516C.CAD,3076,b37624c3b24e,2560516,RECOVERY BOILER,85,85,0,2754,0,16,108,14,0,12,12,12,0,12,12,0,58,18,2,2,0,true,2,1
2560517C.CAD,3367,6637590e461d,2560517,RECOVERY BOILER,94,94,0,3046,0,23,118,15,0,13,13,13,0,13,13,0,64,19,2,2,0,true,2,1
2560518C.CAD,3041,7fcb85667a33,2560518,RECOVERY BOILER,81,81,0,2720,0,17,110,17,0,15,15,15,0,15,15,0,48,21,2,2,0,true,2,1
2560519C.CAD,2825,28aecf31dcb7,2560519,RECOVERY BOILER,75,75,0,2504,0,17,104,17,0,15,15,15,0,15,15,0,42,21,2,2,0,true,2,1
2560520C.CAD,2922,32248b69cb53,2560520,RECOVERY BOILER,77,77,0,2600,0,16,108,18,0,16,16,16,0,16,16,0,42,22,2,2,0,true,1,1
2560521C.CAD,2707,f4f13318a812,2560521,RECOVERY BOILER,72,72,0,2386,0,15,99,16,0,14,14,14,0,14,14,0,41,18,2,2,2,true,2,1
2560522C.CAD,2266,cfaffc5fd7fe,2560522,RECOVERY BOILER,61,61,0,1912,0,7,73,9,0,7,7,7,7,0,7,0,43,15,2,2,0,true,1,1
2560523C.CAD,2852,4dcefd3053bb,2560523,RECOVERY BOILER,74,74,0,2498,0,15,102,17,0,14,15,15,15,0,15,0,40,23,2,2,0,true,1,1
2560524C.CAD,3126,b42b08d57ac2,2560524,RECOVERY BOILER,81,81,0,2772,0,15,109,17,0,15,15,15,15,0,15,0,47,23,2,2,0,true,1,1
2560525C.CAD,2894,8c0dd98667d9,2560525,RECOVERY BOILER,74,74,0,2540,0,16,104,18,0,16,16,16,16,0,16,0,38,24,2,2,0,true,1,1
2560526C.CAD,1786,1320f23f072d,2560526,RECOVERY BOILER,47,47,0,1460,0,6,57,7,0,6,6,6,6,0,6,0,32,10,1,1,0,true,1,1
2560527C.CAD,1606,c20b9f1ab99d,2560527,RECOVERY BOILER,43,43,0,1280,0,4,49,5,0,4,4,4,4,0,4,0,32,8,1,1,0,true,1,1
2560528C.CAD,3017,78f5d80de980,2560528,RECOVERY BOILER,82,82,0,2696,0,23,111,17,0,15,15,15,0,15,15,0,49,21,2,2,0,true,2,1
2560529C.CAD,2847,b72c76274cc6,2560529,RECOVERY BOILER,77,77,0,2526,0,20,104,16,0,14,14,14,0,14,14,0,46,20,2,2,0,true,2,1
2560530C.CAD,2841,696993dcb936,2560530,RECOVERY BOILER,78,78,0,2520,0,22,103,15,0,13,13,13,0,13,13,0,49,19,2,2,0,true,2,1
2560531C.CAD,2680,5e47ddc7760c,2560531,RECOVERY BOILER,71,71,0,2358,0,14,98,16,0,14,14,14,0,14,14,0,40,20,2,2,0,true,1,1
2560532C.CAD,1936,9a664bb782b6,2560532,RECOVERY BOILER,47,47,0,1614,0,10,66,12,0,10,10,10,0,10,10,0,24,16,2,2,0,true,1,1
2560533C.CAD,2651,f2e735900ec1,2560533,RECOVERY BOILER,70,70,0,2330,0,15,97,16,0,14,14,14,0,14,14,0,39,18,2,2,2,true,2,1
2560534C.CAD,2707,726bd19dddc8,2560534,RECOVERY BOILER,61,61,0,2172,0,18,87,17,2,14,14,14,0,14,18,0,22,42,3,3,0,true,1,1
2560535C.CAD,2771,ab94a1e2def3,2560535,RECOVERY BOILER,61,61,0,2208,0,18,87,17,2,14,14,14,0,14,18,0,22,40,3,3,0,true,1,1
2560536C.CAD,2482,0acbbdac6e73,2560536,RECOVERY BOILER,56,56,0,1992,0,16,80,15,1,11,13,13,13,0,15,0,23,47,2,2,0,true,2,1
2560537C.CAD,3047,03f14a1129a9,2560537,RECOVERY BOILER,83,83,0,2726,0,17,114,18,0,16,16,16,0,16,16,0,48,22,2,2,0,true,2,1
2560538C.CAD,2762,f979e697086d,2560538,RECOVERY BOILER,73,73,0,2440,0,15,102,17,0,15,15,15,0,15,15,0,40,20,2,2,1,true,1,1
2560539C.CAD,3027,627cdf610b78,2560539,RECOVERY BOILER,79,79,0,2706,0,18,110,18,0,16,16,16,0,16,16,0,44,22,2,2,0,true,2,1
2560540C.CAD,2815,b3b673af78ea,2560540C,RECOVERY BOILER,76,76,0,2458,0,17,100,14,0,13,13,13,13,0,13,0,47,26,1,1,0,true,2,1
2560541C.CAD,2951,56f209480c9f,2560541,RECOVERY BOILER,80,80,0,2630,0,21,109,17,0,15,15,15,0,15,15,0,47,20,2,2,1,true,2,1
2560542C.CAD,2117,a5160ea61074,2560542,RECOVERY BOILER,52,52,0,1796,0,12,72,13,0,11,11,11,0,11,11,0,26,16,2,2,1,true,2,1
2560543C.CAD,2368,bbcf563e0d7b,2560543,RECOVERY BOILER,57,57,0,2014,0,12,79,14,0,12,12,12,12,0,12,0,29,20,2,2,0,true,1,1
2560544C.CAD,1822,ce68f5bbab06,2560544,RECOVERY BOILER,45,45,0,1468,0,7,57,9,0,7,7,7,7,0,7,0,27,15,2,2,0,true,1,1
2560545C.CAD,3228,586cb144349e,2560545C,BL PUMP I SPEED CONTROL,91,91,0,2698,0,29,100,20,4,6,6,6,5,1,28,0,36,48,8,8,0,true,3,1
2560560C.CAD,7522,bb510a5f3fd1,2560560,RECOVERY BOILER,235,235,0,6940,0,63,255,51,17,10,10,10,9,3,60,0,105,66,17,17,0,true,3,1
2560561C.CAD,7606,e39d4ae61478,2560561,RECOVERY BOILER,239,239,0,7024,0,66,259,51,17,10,10,10,9,3,63,0,106,66,17,17,0,true,3,1
2560562C.CAD,7882,a67d65a59c36,2560562,RECOVERY BOILER,248,248,0,7312,0,68,270,54,21,11,12,12,8,4,67,0,104,71,17,17,1,true,2,1
2560563C.CAD,7720,84f908c48c74,2560563,RECOVERY BOILER,242,242,0,7150,0,67,264,54,19,11,12,12,8,4,66,0,101,72,17,17,0,true,2,1
2560564C.CAD,1444,a76dbea1b9ad,2560564,HYDRAZINE TANK,38,38,0,1128,0,5,40,6,1,1,2,2,1,1,4,0,25,7,2,2,0,true,2,1
2560565C.CAD,1492,342748c64872,2560565,TRISODIUM PHOSPHATE TANK,39,39,0,1176,0,5,41,6,1,1,2,2,1,1,4,0,26,7,2,2,0,true,2,1
2560572C.CAD,1348,6b48204f395b,2560572C,,30,30,0,894,0,17,35,8,3,2,3,3,1,1,15,0,4,30,4,3,0,true,3,1
2560573C.CAD,3888,ab9eb87de5c9,2560573,TERTIARY AIR FAN,100,100,0,3146,0,42,121,31,7,9,11,11,9,2,39,0,22,100,18,18,0,true,3,1
2560574C.CAD,4092,e447d69febbf,2560574,RECOVERY BOILER,120,120,0,3556,0,35,132,27,7,4,7,7,6,1,33,0,51,56,11,11,0,true,2,1
2560575C.CAD,3688,0cdfe6f95538,2560575,PRI AIR IN AUTO,99,99,0,3202,0,31,121,20,3,0,12,12,9,3,22,0,52,47,8,7,0,true,3,1
2560576C.CAD,3390,1b8eb6e1d14f,2560576,TOTAL AIR FLOW,101,101,0,2758,0,35,101,21,8,0,1,1,1,0,33,0,37,71,17,17,0,true,2,1
2560577C.CAD,3132,75266ce3e6a4,2560577,RECOVERY BOILER,91,91,0,2632,0,28,99,21,5,1,5,5,2,3,25,0,38,50,11,11,1,true,4,1
2560578C.CAD,4276,bf08b2a456a0,2560578,RECOVERY BOILER,123,123,0,3630,0,39,139,30,5,3,9,9,7,2,38,0,48,87,15,15,0,true,3,1
2560579C.CAD,3566,d53e6984b79c,2560579,TOTAL AIR FLOW,102,102,0,3028,0,28,111,23,7,1,6,6,3,2,25,0,45,59,14,13,0,true,4,1
2560580C.CAD,3566,37aac41d4ff7,2560580,RECOVERY BOILER,100,100,0,2954,0,36,114,23,6,2,8,8,6,2,35,0,34,75,12,12,0,true,2,1
2560581C.CAD,3934,59a2eba5b7fb,2560581,RECOVERY BOILER,111,111,0,3322,0,36,125,29,5,1,8,8,6,2,34,0,41,82,17,17,0,true,2,1
2560582C.CAD,4494,9e7f62e523e8,2560582,RECOVERY BOILER,129,129,0,3856,0,49,149,30,9,2,11,11,7,4,45,0,43,84,14,14,0,true,3,1
2560583C.CAD,2503,3a4c4a1b3b66,2560583,RECOVERY BOILER,72,72,0,2068,0,20,76,15,3,1,3,3,2,1,16,0,36,34,8,8,0,true,3,1
2560584C.CAD,3894,ca67a4073a5d,2560584,RECOVERY BOILER,111,111,0,3350,0,39,127,26,7,3,9,9,7,2,36,0,40,58,11,11,0,true,3,1
2560585C.CAD,2678,c6f53568c5a7,2560585,RECOVERY BOILER,77,77,0,2196,0,19,81,17,2,2,3,3,2,1,18,0,38,37,11,11,0,true,2,1
2560586C.CAD,1816,6b4a63ce436a,2560586,RECOVERY BOILER,50,50,0,1458,0,8,52,9,1,1,2,2,1,1,6,0,32,16,3,3,0,true,3,1
2560587C.CAD,2036,d409b501567c,2560587,RECOVERY BOILER,53,53,0,1612,0,13,61,8,2,1,5,5,3,2,12,0,29,29,2,2,0,true,2,1
2560588C.CAD,4468,a2a43976d4c1,2560588,RECOVERY BOILER,127,127,0,3760,0,44,148,28,9,6,11,11,7,4,42,0,47,97,13,13,0,true,2,1
2560589C.CAD,3847,dbde0f8af214,2560589,RECOVERY BOILER,105,105,0,3180,0,39,125,26,6,2,10,10,6,5,36,0,36,77,13,13,1,true,3,1
2560590C.CAD,2258,f8118347a827,2560590,RECOVERY BOILER,62,62,0,1884,0,14,70,13,3,1,5,5,1,4,12,0,32,22,4,4,0,true,3,1
2560591C.CAD,2051,ebeae50f5da6,2560591,RECOVERY BOILER,61,61,0,1690,0,10,63,10,1,1,2,2,1,1,9,0,39,16,6,6,0,true,2,1
2560592C.CAD,1484,c2be69dc9b10,2560592,RECOVERY BOILER,40,40,0,1156,0,1,40,5,0,1,1,1,1,0,1,0,32,7,1,1,0,true,1,1
2560593C.CAD,1484,24a989d64ef0,2560593,RECOVERY BOILER,40,40,0,1156,0,1,40,5,0,1,1,1,1,0,1,0,32,7,1,1,0,true,1,1
2560594C.CAD,2864,2c39aae9a932,2560594,RECOVERY BOILER,81,81,0,2412,0,23,93,18,4,4,7,7,6,1,23,0,34,43,11,11,0,true,1,1
2560595C.CAD,5368,39572eb2ae4b,2560595,FLUE GAS OXYGEN,159,159,0,4474,0,68,174,37,13,4,8,8,7,1,64,0,44,126,27,27,0,true,3,1
2560596C.CAD,1700,fb8fb97a5670,2560596,ECONOMIZER 2 LEFT INLET FLUE GAS,46,46,0,1360,0,4,48,7,1,1,2,2,1,1,4,0,32,13,2,2,0,true,1,1
2560597C.CAD,2244,2b1ebe88bf6f,2560597,RECOVERY BOILER,62,62,0,1820,0,10,65,13,2,1,2,2,3,0,10,0,35,34,7,7,0,true,1,1
2560598C.CAD,1532,9d5ccd6b5461,2560598,RECOVERY BOILER,41,41,0,1192,0,3,41,6,1,1,1,1,1,0,3,0,29,11,2,2,0,true,1,1
2560599C.CAD,1532,532f932a231c,2560599,RECOVERY BOILER,41,41,0,1192,0,3,41,6,1,1,1,1,1,0,3,0,29,11,2,2,0,true,1,1
25605A0C.CAD,1500,48230c0d6510,25605A0,RECOVERY BOILER,40,40,0,1160,0,3,40,6,1,1,1,1,1,0,3,0,28,11,2,2,0,true,1,1
25605A1C.CAD,1500,b0c3ba6f901c,25605A1,RECOVERY BOILER,40,40,0,1160,0,3,40,6,1,1,1,1,1,0,3,0,28,11,2,2,0,true,1,1
25605A2C.CAD,3722,63b260582910,25605A2,RECOVERY BOILER,101,101,0,3070,0,37,111,25,7,3,7,7,4,1,34,0,33,65,14,12,0,true,3,1
25605A3C.CAD,2954,c33ca4953871,25605A3,RECOVERY BOILER,85,85,0,2500,0,23,93,16,5,3,5,5,3,2,22,0,40,34,5,5,0,true,2,1
25605A4C.CAD,1594,76a881bdd385,25605A4,RECOVERY BOILER,44,44,0,1254,0,3,44,6,1,1,1,1,1,0,3,0,32,10,2,2,0,true,1,1
25605A5C.CAD,4625,1e7f30008b96,25605A5,RECOVERY BOILER,135,135,0,3998,0,49,152,31,11,4,10,10,4,5,46,0,45,66,15,14,0,true,3,1
25605A6C.CAD,4042,647288fb4257,25605A6,RECOVERY BOILER,116,116,0,3434,0,44,134,26,9,4,10,10,5,5,42,0,37,64,12,12,0,true,2,1
25605A7C.CAD,5326,517e902d9c50,25605A7,RECOVERY BOILER,152,152,0,4580,0,58,175,40,11,2,13,13,9,3,55,0,44,106,24,23,0,true,4,1
25605A8C.CAD,4147,0c91c332ee82,25605A8,RECOVERY BOILER,116,116,0,3520,0,38,132,27,9,2,8,8,7,3,36,0,42,78,14,14,0,true,3,1
25605A9C.CAD,3560,8162177cf9be,25605A9,RECOVERY BOILER,105,105,0,2956,0,36,109,22,8,1,2,2,3,1,34,0,39,73,17,17,0,true,3,1
25605B0C.CAD,2176,4db7aa06e610,25605B0,RECOVERY BOILER,60,60,0,1760,0,15,64,13,2,1,3,3,2,1,12,0,31,30,6,6,0,true,3,1
25605B1C.CAD,2904,6c100dd2abce,25605B1,RECOVERY BOILER,79,79,0,2434,0,22,93,17,3,2,8,8,8,0,21,0,36,44,8,8,0,true,2,1
25605B2C.CAD,2340,d8f4873de771,25605B2,RECOVERY BOILER,66,66,0,1924,0,15,70,14,2,1,3,3,2,1,12,0,36,30,6,6,0,true,3,1
25605B3C.CAD,2856,7cfffed28b77,25605B3,RECOVERY BOILER,77,77,0,2386,0,22,91,17,3,2,8,8,8,0,21,0,34,44,8,8,0,true,2,1
25605B4C.CAD,1650,96806e72f592,25605B4,RECOVERY BOILER,43,43,0,1294,0,5,45,8,1,1,2,2,1,1,5,0,27,15,3,3,0,true,1,1
25605B5C.CAD,5779,7d0ea41f07f6,25605B5,RECOVERY BOILER,162,162,0,4870,0,59,183,44,12,4,11,11,6,6,57,0,47,143,27,27,1,true,3,1
25605B6C.CAD,4838,a69bd0b264b9,25605B6,RECOVERY BOILER,143,143,0,4260,0,49,165,30,15,5,12,12,5,7,47,0,49,67,12,12,1,true,3,1
25605B7C.CAD,2994,a2210a2258fa,25605B7,RECOVERY BOILER,86,86,0,2528,0,26,98,15,6,5,7,7,5,2,25,0,38,37,5,5,0,true,2,1
25605B8C.CAD,1608,3f4b7d943f5d,25605B8,RECOVERY BOILER,45,45,0,1268,0,3,45,6,1,1,1,1,1,0,3,0,33,10,2,2,0,true,1,1
25605B9C.CAD,6316,f1e22df76cbd,25605B9,RECOVERY BOILER,196,196,0,5500,0,76,210,48,15,2,8,8,2,6,73,0,58,121,35,35,1,true,3,1
25605C0C.CAD,3424,a06c5ea5c590,25605C0,RECOVERY BOILER,96,96,0,2796,0,28,104,22,5,5,5,5,4,1,28,0,39,72,12,12,0,true,1,1
25605C1C.CAD,1586,2a6f9b1842bd,25605C1,RECOVERY BOILER,44,44,0,1246,0,3,44,6,1,1,1,1,1,0,3,0,32,12,2,2,0,true,1,1
25605C2C.CAD,2204,c9ea057d5629,25605C2,RECOVERY BOILER,61,61,0,1748,0,12,63,12,3,1,2,2,1,1,11,0,33,40,6,6,0,true,2,1
25605C3C.CAD,1598,82aa352b18a0,25605C3,RECOVERY BOILER,44,44,0,1258,0,3,44,6,1,1,1,1,1,0,3,0,32,11,2,2,0,true,1,1
25605C4C.CAD,1598,d9f39f240ef7,25605C4,RECOVERY BOILER,44,44,0,1258,0,3,44,6,1,1,1,1,1,0,3,0,32,11,2,2,0,true,1,1
25605C5C.CAD,1452,ca0bd67b1d01,25605C5,RECOVERY BOILER,39,39,0,1124,0,1,39,5,0,1,1,1,1,0,1,0,31,8,1,1,0,true,1,1
25605C6C.CAD,1480,4bef38fa518b,25605C6,RECOVERY BOILER,40,40,0,1152,0,1,40,5,0,1,1,1,1,0,1,0,32,8,1,1,0,true,1,1
25605C7C.CAD,1580,71913be75561,25605C7,RECOVERY BOILER,43,43,0,1254,0,4,45,5,1,2,2,2,2,0,4,0,31,8,1,1,0,true,1,1
25605C8C.CAD,1600,9479f0128c70,25605C8,RECOVERY BOILER,44,44,0,1274,0,4,46,5,1,2,2,2,2,0,4,0,32,8,1,1,0,true,1,1
25605C9C.CAD,1740,556e0969493e,25605C9,RECOVERY BOILER,48,48,0,1414,0,4,50,7,1,2,2,2,2,0,4,0,34,8,1,1,0,true,1,1
25605D0C.CAD,1780,972270556a9b,25605D0,RECOVERY BOILER,50,50,0,1454,0,4,52,7,1,2,2,2,2,0,4,0,36,8,1,1,0,true,1,1
25605D1C.CAD,6142,f72c342474b7,25605D1,RECOVERY BOILER,186,186,0,5440,0,65,210,48,10,7,13,13,9,3,63,0,64,100,30,29,0,true,3,1
25605D2C.CAD,2852,88cba260866b,25605D2,RECOVERY BOILER,79,79,0,2446,0,17,89,18,2,3,6,6,4,2,16,0,41,29,8,8,0,true,2,1
25605D3C.CAD,1502,ebb0085d2582,25605D3,RECOVERY BOILER,40,40,0,1162,0,3,40,6,1,1,1,1,1,0,3,0,28,10,2,2,0,true,1,1
25605D4C.CAD,1564,93f08e9cddd1,25605D4,RECOVERY BOILER,42,42,0,1218,0,4,42,7,0,1,1,1,1,0,3,0,30,12,2,2,0,true,2,1
25605D5C.CAD,1590,5190ed94abae,25605D5,RECOVERY BOILER,43,43,0,1244,0,4,43,7,0,1,1,1,1,0,3,0,31,12,2,2,0,true,2,1
25605D6C.CAD,1588,c393c3e6bb2b,25605D6,RECOVERY BOILER,43,43,0,1242,0,4,43,7,0,1,1,1,1,0,3,0,31,12,2,2,0,true,2,1
25605D7C.CAD,1590,0c04f7d789a4,25605D7,RECOVERY BOILER,43,43,0,1244,0,4,43,7,0,1,1,1,1,0,3,0,31,12,2,2,0,true,2,1
25605D8C.CAD,1588,7a3bd8f98940,25605D8,RECOVERY BOILER,43,43,0,1242,0,4,43,7,0,1,1,1,1,0,3,0,31,12,2,2,0,true,2,1
25605D9C.CAD,1590,0239409d55c3,25605D9,RECOVERY BOILER,43,43,0,1244,0,4,43,7,0,1,1,1,1,0,3,0,31,12,2,2,0,true,2,1
25605E0C.CAD,1568,2522614cf5f2,25605E0,RECOVERY BOILER,42,42,0,1222,0,4,42,7,0,1,1,1,1,0,3,0,30,12,2,2,0,true,2,1
25605E1C.CAD,1590,4c3035896da9,25605E1,RECOVERY BOILER,43,43,0,1244,0,4,43,7,0,1,1,1,1,0,3,0,31,12,2,2,0,true,2,1
25605E2C.CAD,1588,4b9a29b68854,25605E2,RECOVERY BOILER,43,43,0,1242,0,4,43,7,0,1,1,1,1,0,3,0,31,12,2,2,0,true,2,1
25605E3C.CAD,1590,3569de152149,25605E3,RECOVERY BOILER,43,43,0,1244,0,4,43,7,0,1,1,1,1,0,3,0,31,12,2,2,0,true,2,1
25605E4C.CAD,1588,5d5016d3fd45,25605E4,RECOVERY BOILER,43,43,0,1242,0,4,43,7,0,1,1,1,1,0,3,0,31,12,2,2,0,true,2,1
25605E5C.CAD,1590,e199f3d16556,25605E5,RECOVERY BOILER,43,43,0,1244,0,4,43,7,0,1,1,1,1,0,3,0,31,12,2,2,0,true,2,1
25605E6C.CAD,5086,f2f0dac220c8,25605E6,RECOVERY BOILER,149,149,0,4524,0,44,173,35,10,5,13,13,7,6,44,0,58,62,16,16,2,true,1,1
25605E7C.CAD,4762,514a293f3c8b,25605E7,RECOVERY BOILER,141,141,0,4238,0,49,159,32,11,3,10,10,3,7,43,0,53,48,15,14,2,true,4,1
25605E8C.CAD,6208,26a104232383,25605E8,RECOVERY BOILER,175,175,0,5708,0,37,205,41,8,12,16,16,14,2,37,0,87,59,16,16,0,true,1,1
25605E9C.CAD,3700,6f2dbac8ad8f,25605E9,RECOVERY BOILER,110,110,0,3216,0,31,120,23,8,3,6,6,3,3,31,0,46,37,11,11,2,true,1,1
25605F0C.CAD,6526,91d014ef662d,25605F0,RECOVERY BOILER,193,193,0,6062,0,38,215,46,10,10,12,12,10,2,37,0,98,50,14,14,0,true,2,1
25605F1C.CAD,4682,9ffd2453b4fa,25605F1,RECOVERY BOILER,146,146,0,4148,0,45,156,31,13,3,6,6,3,3,44,0,56,48,16,16,2,true,2,1
25605F2C.CAD,6722,b847aa0dbab1,25605F2,RECOVERY BOILER,198,198,0,6240,0,38,222,49,9,10,13,13,11,2,37,0,101,55,16,16,0,true,2,1
25605F3C.CAD,4239,febed6866d9b,25605F3,RECOVERY BOILER,124,124,0,3728,0,39,141,27,9,2,10,10,4,5,37,0,49,47,14,13,1,true,3,1
25605F4C.CAD,3600,4426ead84abd,25605F4,RECOVERY BOILER,106,106,0,3138,0,28,120,21,7,2,8,8,4,4,28,0,48,37,9,9,1,true,1,1
25605F5C.CAD,3256,c34c1ce79a1e,25605F5,RECOVERY BOILER,98,98,0,2804,0,23,104,17,6,3,4,4,3,1,23,0,50,31,8,8,0,true,1,1
25605F6C.CAD,4098,0b752201e973,25605F6,RECOVERY BOILER,120,120,0,3576,0,32,133,28,6,4,7,7,5,3,32,0,52,51,14,14,0,true,1,1
25605F7C.CAD,3708,9b74a26b0a6c,25605F7,RECOVERY BOILER,112,112,0,3194,0,30,120,24,6,4,5,5,2,3,30,0,50,44,13,13,0,true,1,1
25605F8C.CAD,2652,f7593ea393b5,25605F8,RECOVERY BOILER,71,71,0,2168,0,24,78,19,3,3,5,5,3,1,22,0,25,38,11,10,0,true,3,1
25605F9C.CAD,5552,743c709db6cc,25605F9,RUN REQUEST,166,166,0,4882,0,57,186,39,14,6,11,11,4,7,56,0,55,78,22,22,2,true,2,1
25605H0C.CAD,3540,133f38cd69b0,25605H0,RECOVERY BOILER,98,98,0,2998,0,26,112,22,5,6,8,8,7,1,25,0,44,53,9,9,0,true,2,1
25605H1C.CAD,4436,0c005581686c,25605H1,RECOVERY BOILER,135,135,0,3898,0,38,147,28,8,5,7,7,4,3,38,0,59,50,15,15,1,true,1,1
25605H2C.CAD,1896,6829e02828b5,25605H2,REC BOILER,52,52,0,1516,0,8,54,10,2,1,2,2,1,1,8,0,30,21,5,5,0,true,1,1
25605H3C.CAD,3306,c375c79ef080,25605H3,RECOVERY BOILER,96,96,0,2812,0,21,106,19,4,4,6,6,3,3,21,0,50,40,9,9,1,true,1,1
25605H4C.CAD,4100,e49cc5d6832f,25605H4,RECOVERY BOILER,122,122,0,3572,0,32,134,26,7,5,7,7,4,3,32,0,55,50,13,13,1,true,1,1
25605H5C.CAD,4972,14baa1eb9545,25605H5,RECOVERY BOILER,153,153,0,4430,0,43,165,33,10,6,7,7,4,3,43,0,65,53,16,16,1,true,1,1
25605H6C.CAD,4084,47596de9d6c4,25605H6,RECOVERY BOILER,122,122,0,3584,0,32,132,26,7,5,6,6,3,3,32,0,55,42,12,12,1,true,1,1
25605H7C.CAD,5064,17cd464844b1,25605H7,RECOVERY BOILER,156,156,0,4522,0,44,168,34,10,6,7,7,4,3,44,0,66,53,16,16,1,true,1,1
25605H8C.CAD,4954,ed6bf9bea929,25605H8,RECOVERY BOILER,152,152,0,4412,0,43,164,33,10,6,7,6,4,3,43,0,64,52,16,16,2,true,1,1
25605H9C.CAD,4496,719d94c8d746,25605H9,RECOVERY BOILER,136,136,0,3954,0,42,150,29,9,7,8,8,5,3,42,0,54,55,16,16,1,true,1,1
25605I0C.CAD,4532,ac09142d9911,25605I0,RECOVERY BOILER,137,137,0,3990,0,42,151,29,9,7,8,8,5,3,42,0,55,54,16,16,1,true,1,1
25605I1C.CAD,4834,79cf6bab7c24,25605I1,RECOVERY BOILER,146,146,0,4282,0,45,160,33,10,6,8,8,5,3,45,0,56,59,17,17,1,true,1,1
25605I2C.CAD,4744,110ddd259871,25605I2,RECOVERY BOILER,148,148,0,4192,0,50,158,29,13,5,6,6,5,1,50,0,54,58,18,18,0,true,1,1
25605I3C.CAD,5156,1a413a687f05,25605I3,RECOVERY BOILER,160,160,0,4586,0,52,170,35,13,5,6,6,5,1,52,0,58,62,20,20,0,true,1,1
25605I4C.CAD,6298,086f997c1901,25605I4,SEPED SENSOR,192,192,0,5698,0,56,212,45,12,7,11,11,6,5,55,0,78,71,22,22,2,true,2,1
25605I5C.CAD,5152,1a528f8c2e86,25605I5,RECOVERY BOILER,158,158,0,4592,0,45,170,35,10,6,7,7,4,3,45,0,66,57,18,18,1,true,1,1
25605I6C.CAD,4890,807c91d8da54,25605I6,RECOVERY BOILER,150,150,0,4348,0,41,162,33,9,6,7,7,5,2,41,0,65,54,16,16,0,true,1,1
25605I7C.CAD,4954,ae95df635e04,25605I7,RECOVERY BOILER,154,154,0,4412,0,42,164,32,10,6,6,6,4,2,42,0,68,53,16,16,0,true,1,1
25605I8C.CAD,4956,4d6f63f089b8,25605I8,RECOVERY BOILER,153,153,0,4384,0,56,167,32,14,6,8,8,7,1,56,0,49,65,20,20,0,true,1,1
25605I9C.CAD,4958,618128b97455,25605I9,RECOVERY BOILER,154,154,0,4386,0,56,168,32,14,6,8,8,7,1,56,0,50,65,20,20,0,true,1,1
25605J1C.CAD,5462,e559b3a79c14,25605J1,RECOVERY BOILER,168,168,0,4876,0,61,186,37,16,6,10,10,7,3,61,0,52,71,21,21,0,true,1,1
25605J2C.CAD,4682,d6452826ff09,25605J2,RECOVERY BOILER,145,145,0,4130,0,50,155,30,13,5,6,6,5,1,50,0,50,58,18,18,0,true,1,1
25605J3C.CAD,4678,262334b65b74,25605J3,RECOVERY BOILER,145,145,0,4126,0,50,155,30,13,5,6,6,5,1,50,0,50,58,18,18,0,true,1,1
25605J4C.CAD,4582,83690db884ce,25605J4,RECOVERY BOILER,143,143,0,4030,0,50,153,28,13,5,6,6,5,1,50,0,50,58,18,18,0,true,1,1
25605J5C.CAD,4414,d9446c0d7dcc,25605J5,RECOVERY BOILER,137,137,0,3870,0,46,145,27,12,4,5,5,4,1,46,0,50,55,17,17,0,true,1,1
25605J6C.CAD,5088,3364256159cb,25605J6,RECOVERY BOILER,157,157,0,4516,0,56,171,34,14,6,8,8,7,1,56,0,51,65,20,20,0,true,1,1
25605J7C.CAD,4998,af91f489c38d,25605J7,RECOVERY BOILER,154,154,0,4426,0,56,168,33,14,6,8,8,7,1,56,0,49,65,20,20,0,true,1,1
25605J8C.CAD,5064,7af6c7b040a7,25605J8,RECOVERY BOILER,156,156,0,4478,0,57,170,34,14,6,8,8,7,1,57,0,49,69,21,21,0,true,1,1
25605J9C.CAD,4592,e1385842735f,25605J9,RECOVERY BOILER,142,142,0,4040,0,50,152,29,13,5,6,6,5,1,50,0,48,58,18,18,0,true,1,1
25605K0C.CAD,4628,5d04ae93a671,25605K0,RECOVERY BOILER,141,141,0,4076,0,49,152,30,12,5,6,6,6,1,49,0,48,59,18,18,0,true,1,1
25605K1C.CAD,4564,92d196e52634,25605K1,RECOVERY BOILER,141,141,0,4012,0,50,151,29,13,5,6,6,5,1,50,0,47,58,18,18,0,true,1,1
25605K2C.CAD,4330,a416bea857a0,25605K2,RECOVERY BOILER,134,134,0,3786,0,46,142,27,12,4,5,5,4,1,46,0,47,55,17,17,0,true,1,1
25605K3C.CAD,1498,32a0ddcf6d87,25605K3C,RECOVERY BOILER,41,41,0,1110,0,5,39,5,2,0,0,0,0,0,5,0,27,13,4,4,0,true,1,1
25605K6C.CAD,3878,af8930be7915,25605K6,TRISODIUM PHOSPHATE,114,114,0,3340,0,39,124,27,8,5,6,6,5,1,39,0,38,53,16,16,0,true,1,1
25605K7C.CAD,3952,96f6144b9023,25605K7,TRISODIUM PHOSPHATE TANK,119,119,0,3424,0,38,127,27,8,5,5,5,4,1,38,0,44,50,15,15,0,true,1,1
25605K8C.CAD,3948,1b257565f252,25605K8,RUN REQUEST,120,120,0,3400,0,44,128,28,10,3,5,5,3,2,43,0,37,53,17,17,1,true,2,1
25605K9C.CAD,3824,288d093197db,25605K9,TRISODIUM PHOSPHATE TANK,114,114,0,3296,0,38,122,26,8,5,5,5,4,1,38,0,40,50,15,15,0,true,1,1
25605L1C.CAD,4028,ed690a5015d3,25605L1,TRISODIUM PHOSPHATE,119,119,0,3464,0,39,129,28,8,5,6,6,5,1,39,0,42,56,17,17,0,true,1,1
25605L2C.CAD,3994,49887d6f6605,25605L2,TRISODIUM PHOSPHATE,118,118,0,3466,0,38,130,27,8,5,7,7,5,2,38,0,43,50,15,15,1,true,1,1
25605M4C.CAD,2714,39e16232049a,25605M4,RECOVERY BOILER,79,79,0,2344,0,25,91,14,5,4,7,7,6,1,23,0,35,26,6,6,0,true,3,1
25605M5C.CAD,2415,8c9fe795299f,25605M5,RECOVERY BOILER,72,72,0,2096,0,19,74,5,1,1,2,2,0,2,3,0,61,5,1,1,0,true,2,1
25605M6C.CAD,7900,eb3a00117b8a,25605M6,RECOVERY BOILER,237,237,0,7414,0,73,271,51,14,14,18,18,4,14,51,0,119,64,19,19,0,true,2,1
25605M7C.CAD,4881,6c16d8e6c4d0,25605M7,RECOVERY BOILER,140,140,0,4432,0,41,167,22,14,8,15,15,8,6,34,0,68,35,8,7,0,true,4,1
25605M8C.CAD,3535,2afed121a7e3,25605M8,RECOVERY BOILER,96,96,0,2950,0,26,110,22,2,4,8,8,8,0,22,0,48,56,12,12,0,true,3,1
25605M9C.CAD,4282,c3b3ee19a6cf,25605M9,RECOVERY BOILER,126,126,0,3682,0,41,140,31,4,3,8,8,7,1,40,0,49,70,23,22,0,true,2,1
25605N0C.CAD,1425,12ad4d4c0f8a,25605N0,RECOVERY BOILER,35,35,0,1080,0,4,35,7,0,1,1,1,1,0,3,0,23,10,2,2,0,true,2,1
25605N1C.CAD,1423,16b5c5eb2891,25605N1,RECOVERY BOILER,35,35,0,1078,0,4,35,7,0,1,1,1,1,0,3,0,23,10,2,2,0,true,2,1
25605N2C.CAD,2009,76d63e0cdc9c,25605N2,RECOVERY BOILER,51,51,0,1616,0,8,53,14,0,2,2,2,2,0,6,0,29,20,4,4,0,true,2,1
25605N3C.CAD,2005,99af7ff8dcfa,25605N3,RECOVERY BOILER,51,51,0,1612,0,8,53,14,0,2,2,2,2,0,6,0,29,20,4,4,0,true,2,1
25605N4C.CAD,3992,08632bb4af28,25605N4,RECOVERY BOILER,105,105,0,3284,0,32,119,31,4,5,8,8,7,1,32,0,36,88,15,15,0,true,1,1
25605N5C.CAD,1315,4451d94707d6,25605N5,RECOVERY BOILER,32,32,0,972,0,2,32,6,0,1,1,1,1,0,2,0,22,12,2,2,0,true,1,1
25605N6C.CAD,1251,f56674512a82,25605N6,RECOVERY BOILER,30,30,0,924,0,1,30,5,0,1,1,1,1,0,1,0,22,7,1,1,0,true,1,1
25605N7C.CAD,6079,6ace87b11646,25605N7,MOTOR FAULT,186,186,0,5496,0,58,200,43,15,7,8,8,5,3,56,0,70,70,21,21,0,true,3,1
25605N8C.CAD,1742,ec82d092007b,25605N8,OUTLET TEMPERATURE,40,40,0,1352,0,4,42,12,0,2,2,2,2,0,4,0,22,20,4,4,0,true,1,1
25605N9C.CAD,2944,966a49332050,25605N9,RECOVERY BOILER,80,80,0,2478,0,15,86,21,0,4,4,4,4,0,14,0,43,33,9,9,0,true,2,1
25605O0C.CAD,2876,f6e64848ec49,25605O0,RECOVERY BOILER,74,74,0,2254,0,26,80,19,6,2,4,4,3,1,26,0,21,64,10,10,0,true,1,1
25605O1C.CAD,5464,dd444f6d494b,25605O1,RECOVERY BOILER,165,165,0,4894,0,55,179,42,14,7,8,8,5,3,54,0,53,67,20,20,0,true,2,1
25605O2C.CAD,1148,186515de791a,25605O2,BEARING TEMPERATURE,25,25,0,820,0,1,25,5,0,1,1,1,1,0,1,0,17,7,1,1,0,true,1,1
25605O3C.CAD,1140,ea4276e2b8c6,25605O3,BEARING TEMP,25,25,0,812,0,1,25,5,0,1,1,1,1,0,1,0,17,7,1,1,0,true,1,1
25605O4C.CAD,1282,4267629420ef,25605O4,RECOVERY BOILER,31,31,0,938,0,2,31,6,0,1,1,1,1,0,2,0,21,9,2,2,0,true,1,1
25605O5C.CAD,5880,4b6493dd1bf7,25605O5,RECOVERY BOILER,170,170,0,5284,0,48,192,44,5,5,11,11,11,2,46,0,73,75,21,21,0,true,2,1
25605O6C.CAD,5062,2c7ca8549776,25605O6,RECOVERY BOILER,152,152,0,4496,0,45,164,37,9,5,7,7,5,2,45,0,59,61,19,19,0,true,1,1
25605O7C.CAD,5124,a79b3da7cb93,25605O7,RECOVERY BOILER,154,154,0,4572,0,45,164,36,9,5,6,6,4,2,44,0,63,56,18,18,0,true,2,1
25605O8C.CAD,5314,d02b3651a86b,25605O8,RECOVERY BOILER,159,159,0,4732,0,50,174,40,7,5,8,8,7,2,44,0,66,70,20,20,0,true,2,1
25605O9C.CAD,5712,000fca4a2b70,25605O9,RECOVERY BOILER,174,174,0,5116,0,49,191,42,8,5,9,9,8,2,47,0,75,70,21,21,0,true,2,1
25605P0C.CAD,4932,df5106671edd,25605P0,RECOVERY BOILER,147,147,0,4346,0,44,162,38,6,4,8,8,7,2,42,0,59,67,20,20,0,true,2,1
25605P1C.CAD,5094,22cb11411dbb,25605P1,RECOVERY BOILER,153,153,0,4508,0,44,168,38,6,4,8,8,7,2,43,0,64,67,20,20,0,true,2,1
25605P2C.CAD,5624,f20fe2a1f2e9,25605P2,RECOVERY BOILER,161,161,0,5028,0,48,183,44,5,5,11,11,11,2,46,0,64,75,21,21,0,true,2,1
25605P3C.CAD,4968,8c6e57eb392f,25605P3,RECOVERY BOILER,149,149,0,4402,0,45,161,37,9,5,7,7,5,2,45,0,56,61,19,19,0,true,1,1
25605P4C.CAD,4906,30343992ad27,25605P4,RECOVERY BOILER,145,145,0,4354,0,45,155,36,9,5,6,6,4,2,44,0,54,56,18,18,0,true,2,1
25605P5C.CAD,5692,ea76d61e27fd,25605P5,RECOVERY BOILER,165,165,0,5096,0,48,187,43,6,5,11,11,11,2,47,0,67,75,21,21,0,true,2,1
25605P6C.CAD,4932,1b85b284d318,25605P6,RECOVERY BOILER,146,146,0,4366,0,43,158,37,8,5,7,7,5,2,43,0,56,61,19,19,0,true,1,1
25605P7C.CAD,5058,fa475a165bf1,25605P7,RECOVERY BOILER,150,150,0,4506,0,45,160,36,9,5,6,6,4,2,44,0,59,56,18,18,0,true,2,1
25605P8C.CAD,3838,8c63c5f78cc9,25605P8,RECOVERY BOILER,112,112,0,3344,0,41,122,26,6,3,6,6,4,2,32,0,46,43,12,12,0,true,3,1
25605P9C.CAD,3938,bb9780eb9b52,25605P9,RECOVERY BOILER,112,112,0,3412,0,37,120,32,7,5,5,5,4,1,36,0,35,52,16,16,0,true,2,1
25605Q0C.CAD,2438,c9e0b42c3e96,25605Q0,RECOVERY BOILER,72,72,0,1950,0,33,72,14,6,0,1,1,0,1,29,0,21,38,11,11,0,true,3,1
25605R0C.CAD,1512,eafc4ac03594,25605R0,RECOVERY BOILER,38,38,0,1126,0,10,39,7,2,1,2,2,0,1,9,0,18,12,5,4,1,true,2,1
25605R1C.CAD,3450,66cba2f32548,25605R1,RECOVERY BOILER,88,88,0,2850,0,19,108,27,2,7,11,11,8,3,16,0,41,76,13,13,0,true,2,1
25605R2C.CAD,2252,3906c0f92151,25605R2,RECOVERY BOILER,66,66,0,1832,0,21,70,13,4,1,3,3,3,0,21,0,26,27,10,10,0,true,1,1
25605Z0C.CAD,5042,3c8c22b1d4c4,25605Z0,RECOVERY BOILERS,68,68,0,3264,0,24,66,52,0,0,0,0,0,0,0,0,14,178,52,28,0,true,1,1
25605Z1C.CAD,5144,d98ab5bafd8a,25605Z1,RECOVERY BOILERS,143,143,0,3970,0,57,147,46,24,0,3,3,2,1,56,0,15,147,41,41,0,true,2,1
25605Z2C.CAD,6009,d33719402050,25605Z2,RECOVERY BOILERS,150,150,0,4534,0,38,148,83,15,0,0,0,0,0,36,0,14,189,79,79,0,true,2,1
25605Z4C.CAD,9160,ee4497e2ec63,25605Z4,RECOVERY BOILERS,224,224,0,6986,0,98,222,93,37,0,0,0,0,0,78,0,14,290,88,71,0,true,3,1
25605Z5C.CAD,4860,3a95ec0da57b,25605Z5,RECOVERY BOILERS,90,90,0,3364,0,33,98,46,7,5,5,5,5,0,21,0,14,155,40,28,0,true,2,1
2571500C.CAD,2360,d0dc5e227d1b,2571500,PLANT LOOP I/O,59,59,0,1744,0,13,63,16,0,0,3,3,0,3,7,0,34,68,11,10,0,true,3,1
2571501C.CAD,2664,833c7751f848,2571501,DIFF PRESSURE,75,75,0,2306,0,14,94,11,0,10,10,10,10,0,10,0,53,21,1,1,0,true,2,1
2571502C.CAD,3219,95958463bc7c,2571502,DIFF PRESSURE,72,72,0,2192,0,14,89,10,0,9,9,9,9,0,9,0,52,20,1,1,0,true,3,1
2571503C.CAD,3016,878700de75a9,2571503,SOOTBLOWER STEAM FLOW,83,83,0,2634,0,20,102,12,0,9,11,11,9,0,11,0,59,20,3,1,0,true,3,1
2571504C.CAD,3162,3f9535662378,2571504,SOOTBLOWER STEAM ECONOMIZER TEMP,85,85,0,2780,0,21,108,14,0,11,13,13,11,0,13,0,57,22,3,1,0,true,3,1
2571505C.CAD,4102,d768ab35c24e,2571505,LOCAL START,115,115,0,3780,0,38,146,18,0,16,16,16,0,16,16,0,80,22,2,2,0,true,2,1
2571506C.CAD,3982,6595ec5fd2cf,2571506,LOCAL START,111,111,0,3660,0,34,142,18,0,16,16,16,0,16,16,0,76,22,2,2,0,true,2,1
2571507C.CAD,3868,caf51cef399e,2571507,LOCAL START,108,108,0,3546,0,33,137,17,0,15,15,15,0,15,15,0,75,21,2,2,0,true,2,1
2571508C.CAD,3874,10ae6cbac02e,2571508,LOCAL START,108,108,0,3552,0,33,137,17,0,15,15,15,0,15,15,0,75,21,2,2,0,true,2,1
2571509C.CAD,4373,920afd7c00cc,2571509,LOCAL START,107,107,0,3524,0,34,136,17,0,15,15,15,0,15,15,0,74,21,2,2,0,true,3,1
2571510C.CAD,4375,c805805a35db,2571510,LOCAL START,107,107,0,3524,0,34,136,17,0,15,15,15,0,15,15,0,74,21,2,2,0,true,3,1
2571511C.CAD,3846,d115e38b6283,2571511,LOCAL START,107,107,0,3524,0,33,136,17,0,15,15,15,0,15,15,0,74,21,2,2,0,true,2,1
2571512C.CAD,3846,05c97c58d170,2571512,LOCAL START,107,107,0,3524,0,33,136,17,0,15,15,15,0,15,15,0,74,21,2,2,0,true,2,1
2571513C.CAD,3774,4c4b203ad94f,2571513,LOCAL HANDSWITCH 1,106,106,0,3452,0,34,137,18,0,16,16,16,0,16,16,0,71,22,2,2,0,true,2,1
2571514C.CAD,5276,24dddaaef3e5,2571514,STEAM VALVE OPEN,158,158,0,4870,0,51,185,16,0,14,14,14,0,14,15,0,126,19,2,2,1,true,2,1
2571515C.CAD,3921,1c9b9993626a,2571515,LOCAL START,99,99,0,3160,0,34,128,17,0,15,15,15,0,15,15,0,66,21,2,2,0,true,3,1
2571516C.CAD,4199,af44160dd189,2571516,SCREW CONVEYOR STATUS,119,119,0,3878,0,70,150,18,0,16,16,16,0,16,16,0,84,22,2,2,0,true,2,1
2571521C.CAD,3490,ad1bdc23fbc9,2571521,SOOTBLOWER 1 RUN REQUEST,90,90,0,3136,0,15,119,17,0,15,15,15,15,0,15,0,57,23,2,2,0,true,1,1
2571522C.CAD,3468,c57fb7400ef7,2571522,SOOTBLOWER 17 RUN REQUEST,89,89,0,3114,0,15,118,17,0,15,15,14,15,0,15,0,56,23,2,2,0,true,1,1
2571523C.CAD,2207,041fb2c92381,2571523,SOOTBLOWER 28 RUN REQUEST,58,58,0,1692,0,6,67,7,0,5,5,5,5,0,5,0,45,13,2,2,0,true,2,1
2571524C.CAD,2177,0faa19a7ea15,2571524,PHASE DIRECTION INSERT,54,54,0,1664,0,7,65,7,0,6,6,6,6,0,6,0,40,10,1,1,0,true,2,1
2571525C.CAD,2457,8fced1c01b97,2571525,RECOVERY BOILER,63,63,0,1912,0,11,78,10,0,8,8,8,0,8,8,0,44,14,2,2,0,true,3,1
2571526C.CAD,3120,ab628fdbb91c,2571526,RECOVERY BOILER,70,70,0,2612,0,21,98,18,2,15,15,15,0,15,17,0,31,44,3,3,0,true,3,1
2571527C.CAD,3605,14b0fd904f25,2571527,RECOVERY BOILER,94,94,0,2948,0,55,115,13,0,11,11,11,0,11,11,0,69,17,2,2,0,true,3,1
2571528C.CAD,2107,5e7c8ebde7f5,2571528,RECOVERY BOILER,55,55,0,1594,0,6,64,7,0,5,5,5,5,0,5,0,42,13,2,2,0,true,2,1
2571529C.CAD,2952,bce7fe3e5f57,2571529,RECOVERY BOILER,67,67,0,2444,0,19,95,18,2,15,15,15,0,15,19,0,26,44,3,3,0,true,1,1
2571530C.CAD,2946,40fa9ad6a5c6,2571530,RECOVERY BOILER,66,66,0,2438,0,19,94,18,2,15,15,15,0,15,17,0,27,43,3,3,0,true,3,1
2571531C.CAD,3215,3a559343babc,2571531,RECOVERY BOILER,63,63,0,2314,0,17,89,17,2,14,14,14,0,14,16,0,26,37,3,3,2,true,2,1
2571532C.CAD,3649,89ad884920fc,2571532,RECOVERY BOILER,65,65,0,2412,0,18,93,18,2,15,15,15,0,15,17,0,26,42,3,3,0,true,2,1
2571533C.CAD,3331,8152cb8deda9,2571533,RECOVERY BOILER,63,63,0,2314,0,17,89,17,2,14,14,14,0,14,16,0,26,41,3,3,0,true,2,1
2571534C.CAD,3447,6ed915a7b931,2571534,RECOVERY BOILER,71,71,0,2522,0,25,97,17,2,14,14,14,0,14,20,0,30,43,3,3,2,true,3,1
2571536C.CAD,2196,a5a21deb32de,2571536,RECOVERY BOILER,51,51,0,1688,0,11,65,11,1,8,8,8,0,8,11,0,26,28,3,3,0,true,1,1
2571539C.CAD,1705,a1934002ca76,2571539,RECOVERY BOILER,39,39,0,1194,0,6,45,6,0,3,4,4,4,0,5,0,26,32,2,2,0,true,2,1
2571540C.CAD,3064,f3fa98d5b003,2571540,RECOVERY BOILER,68,68,0,2556,0,19,96,18,2,15,15,15,0,15,17,0,29,46,3,3,0,true,2,1
2571566C.CAD,1318,28d1cbb543cb,2571566,RECOVERY BOILER,32,32,0,948,0,6,33,5,1,0,2,2,1,0,5,0,19,16,4,3,0,true,2,1
2571567C.CAD,1360,234de5964074,2571567,RECOVERY BOILER,32,32,0,1002,0,4,32,7,1,1,1,1,1,0,4,0,18,14,3,3,0,true,1,1
2571568C.CAD,6380,06cc395cfe16,2571568,RECOVERY BOILER,162,162,0,4968,0,79,184,51,7,0,18,18,1,4,66,0,37,248,46,33,0,true,3,1
2571569C.CAD,4002,b9a907cda345,2571569,RECOVERY BOILER,125,125,0,3290,0,46,128,29,7,0,2,2,1,1,46,0,42,88,27,27,0,true,1,1
2571570C.CAD,1624,7006411287cc,2571570,RECOVERY BOILER,44,44,0,1230,0,4,46,6,0,0,2,2,2,0,4,0,32,26,4,4,0,true,1,1
2571571C.CAD,5144,4f83cb0d6e7f,2571571,RECOVERY BOILER,174,174,0,4324,0,69,172,28,23,0,0,0,0,0,68,0,53,135,27,27,0,true,2,1
2571572C.CAD,3512,84eb7f968859,2571572,RECOVERY BOILER,113,113,0,2896,0,40,113,18,13,0,1,1,0,1,39,0,41,78,16,16,1,true,2,1
2571573C.CAD,1694,3b4140ee9cb3,2571573,RECOVERY BOILER,45,45,0,1330,0,4,49,8,0,3,3,3,2,1,4,0,31,17,4,4,0,true,1,1
2571576C.CAD,1646,a2d12bedd2e8,2571576,RECOVERY BOILER,44,44,0,1328,0,2,46,8,0,2,2,2,2,0,2,0,32,8,2,2,0,true,1,1
2571577C.CAD,1774,64f9f1973af2,2571577,RECOVERY BOILER,48,48,0,1456,0,2,50,8,0,2,2,2,2,0,2,0,36,8,2,2,0,true,1,1
2571578C.CAD,1662,fb6e7414a711,2571578,RECOVERY BOILER,44,44,0,1344,0,2,46,8,0,2,2,2,2,0,2,0,32,8,2,2,0,true,1,1
2571579C.CAD,1804,d7692835ee5a,2571579,RECOVERY BOILER,48,48,0,1486,0,2,50,8,0,2,2,2,2,0,2,0,36,8,2,2,0,true,1,1
2571580C.CAD,1690,50b3896dd1a7,2571580,LOW OIL TEMP/LEVEL,45,45,0,1372,0,2,47,8,0,2,2,2,2,0,2,0,33,8,2,2,0,true,1,1
2571581C.CAD,1812,e53d22da9814,2571581,RECOVERY BOILER,45,45,0,1416,0,8,49,11,2,2,3,3,2,1,8,0,22,25,5,5,0,true,1,1
2571582C.CAD,1814,a24fb4a70ce4,2571582,RECOVERY BOILER,45,45,0,1418,0,8,49,11,2,2,3,3,2,1,8,0,22,24,5,5,0,true,1,1
2571583C.CAD,1412,128a919f38eb,2571583,RECOVERY BOILER,33,33,0,1042,0,4,35,7,1,2,2,2,2,0,4,0,19,18,3,3,0,true,1,1
2571584C.CAD,1206,30eb1334d207,2571584,RECOVERY BOILER,28,28,0,866,0,3,28,5,1,1,1,1,1,0,3,0,17,10,2,2,0,true,1,1
2571585C.CAD,1228,1b823608ab9f,2571585,RECOVERY BOILER,29,29,0,888,0,3,29,5,1,1,1,1,1,0,3,0,18,11,2,2,0,true,1,1
2571586C.CAD,1204,09140d31d760,2571586,RECOVERY BOILER,28,28,0,864,0,3,28,5,1,1,1,1,1,0,3,0,17,11,2,2,0,true,1,1
2571587C.CAD,1204,19841c84b508,2571587,RECOVERY BOILER,28,28,0,864,0,3,28,5,1,1,1,1,1,0,3,0,17,10,2,2,0,true,1,1
2571588C.CAD,1204,4ecf28c8d7aa,2571588,RECOVERY BOILER,28,28,0,864,0,3,28,5,1,1,1,1,1,0,3,0,17,10,2,2,0,true,1,1
2571589C.CAD,1204,63c4cebecb99,2571589,RECOVERY BOILER,28,28,0,864,0,3,28,5,1,1,1,1,1,0,3,0,17,11,2,2,0,true,1,1
2571590C.CAD,4025,fe5a6beafe23,2571590,RECOVERY BOILER,66,66,0,1898,0,17,64,15,13,0,0,0,0,0,14,0,22,42,14,14,0,true,3,1
2571591C.CAD,3107,91e3631e88a3,2571591,RECOVERY BOILER,52,52,0,1496,0,13,50,11,9,0,0,0,0,0,10,0,20,30,10,10,0,true,3,1
2571592C.CAD,3105,d82d0e23f414,2571592,RECOVERY BOILER,52,52,0,1494,0,13,50,11,9,0,0,0,0,0,10,0,20,30,10,10,0,true,3,1
2571593C.CAD,3105,90623f1d67a2,2571593,RECOVERY BOILER,52,52,0,1494,0,13,50,11,9,0,0,0,0,0,10,0,20,30,10,10,0,true,3,1
2571594C.CAD,3003,1b33b9ab98a7,2571594,RECOVERY BOILER,49,49,0,1408,0,12,47,10,8,0,0,0,0,0,9,0,20,28,9,9,0,true,3,1
2571595C.CAD,3127,6b35e8c83bc3,2571595,RECOVERY BOILER,52,52,0,1504,0,14,50,12,8,0,0,0,0,0,10,0,20,30,10,10,0,true,3,1
2571596C.CAD,2124,9b89cd505473,2571596,RECOVERY BOILER,53,53,0,1700,0,9,57,15,3,3,3,3,3,0,9,0,24,27,6,6,0,true,1,1
2571597C.CAD,1678,ab99c427f8ad,2571597,RECOVERY BOILER,41,41,0,1296,0,6,43,10,2,2,2,2,2,0,6,0,21,16,4,4,0,true,1,1
25715A1C.CAD,6010,665690a6b4fa,25715A1,RECOVERY BOILER,151,151,0,5542,0,42,225,45,0,0,38,38,35,3,42,0,62,58,7,7,0,true,1,1
25715A2C.CAD,6470,a1dcf4b85a9d,25715A2,RECOVERY BOILER,167,167,0,5976,0,52,241,46,5,0,38,38,35,3,52,0,62,61,8,8,0,true,1,1
25715A3C.CAD,2766,7eea0ab9546d,25715A3,REVERSE PHASE,75,75,0,2404,0,10,85,18,1,4,6,6,4,2,10,0,44,20,4,4,0,true,1,1
25715A4C.CAD,2814,40b42116f377,25715A4,REVERSE PHASE,77,77,0,2452,0,10,87,18,1,4,6,6,4,2,10,0,46,20,4,4,0,true,1,1
25715A5C.CAD,2868,740cec44f1ac,25715A5,REVERSE PHASE,79,79,0,2506,0,10,89,18,1,4,6,6,4,2,10,0,48,20,4,4,0,true,1,1
25715A7C.CAD,2708,f77f4834056e,25715A7,RECOVERY BOILER,69,69,0,2174,0,25,77,18,4,3,6,6,3,1,22,0,23,44,10,8,0,true,3,1
25715B1C.CAD,2216,0dbb368ba9ce,25715B1,RECOVERY BOILER,54,54,0,1798,0,4,60,16,0,4,4,4,4,0,4,0,32,28,4,4,0,true,1,1
25715B2C.CAD,2258,0c7ae0eddf15,25715B2,RECOVERY BOILER,55,55,0,1840,0,4,61,16,0,4,4,4,4,0,4,0,33,28,4,4,0,true,1,1
25715B3C.CAD,2258,c10ba976a8f9,25715B3,RECOVERY BOILER,55,55,0,1840,0,4,61,16,0,4,4,4,4,0,4,0,33,28,4,4,0,true,1,1
25715B4C.CAD,2226,70c294b9b115,25715B4,RECOVERY BOILER,54,54,0,1808,0,4,60,16,0,4,4,4,4,0,4,0,32,28,4,4,0,true,1,1
25715B6C.CAD,1908,c2f4610c4413,25715B6,RECOVERY BOILER,46,46,0,1570,0,5,54,13,0,4,5,5,4,1,5,0,26,13,4,4,0,true,1,1
25715B7C.CAD,1530,e967aea01035,25715B7,RECOVERY BOILER,36,36,0,1202,0,3,40,9,0,3,3,3,3,0,3,0,22,9,3,3,0,true,1,1
25715B8C.CAD,1482,b0141cf4fecb,25715B8,RECOVERY BOILER,33,33,0,1124,0,4,39,8,0,2,4,4,2,2,4,0,19,17,2,2,1,true,1,1
25715C1C.CAD,2898,8e713be90ea7,25715C1,RECOVERY BOILER,71,71,0,2420,0,6,81,24,0,6,6,6,6,0,6,0,39,42,6,6,0,true,1,1
25715C2C.CAD,2898,f19b87e33446,25715C2,RECOVERY BOILER,71,71,0,2420,0,6,81,24,0,6,6,6,6,0,6,0,39,42,6,6,0,true,1,1
25715C8C.CAD,1670,a56b1211d771,25715C8,RECOVERY BOILER,47,47,0,1330,0,3,47,6,1,1,1,1,1,0,3,0,35,10,2,2,0,true,1,1
25715C9C.CAD,2756,c94024576d54,25715C9,RECOVERY BOILER,82,82,0,2346,0,24,88,15,4,1,4,4,2,2,19,0,42,28,8,8,0,true,3,1
25715D0C.CAD,6628,6d4bdb27ed94,25715D0,STM VLV OPEN,199,199,0,5952,0,64,225,48,12,8,14,14,11,3,62,0,75,85,25,25,1,true,3,1
25715D1C.CAD,2774,4ad96398f989,25715D1,RECOVERY BOILER,83,83,0,2364,0,24,89,15,4,1,4,4,2,2,19,0,43,28,8,8,0,true,3,1
25715D2C.CAD,1518,b3c921962c34,25715D2,RECOVERY BOILER,42,42,0,1190,0,1,42,5,0,1,1,1,1,0,1,0,34,8,1,1,0,true,1,1
25715D3C.CAD,3216,be9b3d15c9a4,25715D3,STEAM PRESSURE,92,92,0,2706,0,21,100,19,4,4,5,5,4,1,21,0,46,47,9,9,0,true,1,1
25715D4C.CAD,2430,1f3cb2410e7f,25715D4,RECOVERY BOILER,72,72,0,2072,0,17,78,12,3,1,4,4,2,2,13,0,42,20,6,6,0,true,2,1
25715D5C.CAD,1868,37a9ec84ffe8,25715D5,RECOVERY BOILER,51,51,0,1416,0,11,51,7,3,1,1,1,1,0,11,0,28,30,4,4,0,true,1,1
25715D6C.CAD,4116,cd53b44d9a09,25715D6,RECOVERY BOILER,123,123,0,3454,0,41,132,31,7,3,5,5,4,1,37,0,47,88,20,20,0,true,3,1
25715D7C.CAD,1210,0705dea236af,25715D7,RECOVERY BOILER,28,28,0,870,0,3,28,5,1,1,1,1,1,0,3,0,17,10,2,2,0,true,1,1
25715D8C.CAD,1964,2503d3a959f0,25715D8,RECOVERY BOILER,48,48,0,1498,0,13,52,10,3,3,3,3,2,1,13,0,20,34,4,4,0,true,1,1
25715D9C.CAD,1304,c78960bf7893,25715D9,RECOVERY BOILER,30,30,0,964,0,4,32,6,1,1,2,2,1,1,4,0,17,10,2,2,0,true,1,1
25715E0C.CAD,1706,8c451bd77d6b,25715E0,RECOVERY BOILER,41,41,0,1324,0,6,43,10,2,2,2,2,2,0,6,0,21,21,4,4,0,true,1,1
25715E1C.CAD,1208,a1933ae41eec,25715E1,RECOVERY BOILER,28,28,0,868,0,3,28,5,1,1,1,1,1,0,3,0,17,11,2,2,0,true,1,1
25715E2C.CAD,1666,7a531b353215,25715E2,RECOVERY BOILER,37,37,0,1278,0,3,41,12,0,3,3,3,3,0,3,0,20,21,3,3,0,true,1,1
25715E3C.CAD,1982,81aeff238a28,25715E3,RECOVERY BOILER,44,44,0,1564,0,4,50,16,0,4,4,4,4,0,4,0,22,28,4,4,0,true,1,1
25715E4C.CAD,1200,7dd6662226fa,25715E4,RECOVERY BOILER,28,28,0,860,0,3,28,5,1,1,1,1,1,0,3,0,17,11,2,2,0,true,1,1
25715E5C.CAD,1200,74f23067f9c3,25715E5,RECOVERY BOILER,28,28,0,860,0,3,28,5,1,1,1,1,1,0,3,0,17,11,2,2,0,true,1,1
25715E6C.CAD,1362,d3eca3109e29,25715E6,RECOVERY BOILER,32,32,0,980,0,4,32,7,1,1,1,1,1,0,4,0,18,18,4,4,0,true,1,1
25715E7C.CAD,1200,72534080bf92,25715E7,RECOVERY BOILER,28,28,0,860,0,3,28,5,1,1,1,1,1,0,3,0,17,11,2,2,0,true,1,1
25715E8C.CAD,1204,520c89dcf793,25715E8,RECOVERY BOILER,28,28,0,864,0,3,28,5,1,1,1,1,1,0,3,0,17,10,2,2,0,true,1,1
25715E9C.CAD,1382,a00451a08dca,25715E9,RECOVERY BOILER,33,33,0,1016,0,5,33,7,1,1,1,1,1,0,5,0,18,17,4,4,0,true,1,1
25715F0C.CAD,1268,615616226cf6,25715F0,RECOVERY BOILER,30,30,0,928,0,3,30,5,1,1,1,1,1,0,3,0,19,10,2,2,0,true,1,1
25715F1C.CAD,1706,74c249ef29e2,25715F1,RECOVERY BOILER,47,47,0,1324,0,7,49,7,1,2,2,2,2,0,7,0,30,24,5,5,0,true,1,1
25715F2C.CAD,1210,54c68ddad1bf,25715F2,RECOVERY BOILER,28,28,0,870,0,3,28,5,1,1,1,1,1,0,3,0,17,10,2,2,0,true,1,1
25715F3C.CAD,1210,f9849220851f,25715F3,RECOVERY BOILER,28,28,0,870,0,3,28,5,1,1,1,1,1,0,3,0,17,10,2,2,0,true,1,1
25715F4C.CAD,1210,b760edcf68c0,25715F4,RECOVERY BOILER,28,28,0,870,0,3,28,5,1,1,1,1,1,0,3,0,17,10,2,2,0,true,1,1
25715F5C.CAD,1210,2bd4bf13d691,25715F5,RECOVERY BOILER,28,28,0,870,0,3,28,5,1,1,1,1,1,0,3,0,17,10,2,2,0,true,1,1
25715F6C.CAD,1206,c8916eaba09a,25715F6,RECOVERY BOILER,28,28,0,866,0,3,28,5,1,1,1,1,1,0,3,0,17,10,2,2,0,true,1,1
25715F7C.CAD,1206,69594eda2005,25715F7,RECOVERY BOILER,28,28,0,866,0,3,28,5,1,1,1,1,1,0,3,0,17,10,2,2,0,true,1,1
25715F8C.CAD,2660,cc0a95544afc,25715F8,RECOVERY BOILER,79,79,0,2200,0,19,81,17,3,1,2,2,1,1,18,0,39,37,11,11,0,true,2,1
25715F9C.CAD,3436,a42501cdf3e4,25715F9,RECOVERY BOILER,104,104,0,2888,0,29,108,23,5,1,3,3,2,1,27,0,47,58,16,16,0,true,3,1
25715G0C.CAD,1574,70f17bb88386,25715G0C,RECOVERY BOILER,42,42,0,1192,0,6,44,4,2,2,2,2,1,1,6,0,28,15,1,1,0,true,1,1
25715G1C.CAD,2624,46b30e168a6b,25715G1,RECOVERY BOILER,77,77,0,2164,0,19,79,17,3,1,2,2,1,1,18,0,37,37,11,11,0,true,2,1
25715G2C.CAD,3420,305e61507969,25715G2,RECOVERY BOILER,104,104,0,2872,0,29,108,23,5,1,3,3,2,1,27,0,47,57,16,16,0,true,3,1
25715G3C.CAD,2676,8c55d6807717,25715G3,RECOVERY BOILER,79,79,0,2216,0,19,81,17,3,1,2,2,1,1,18,0,39,35,11,11,0,true,2,1
25715G4C.CAD,3436,abd542ee175c,25715G4,RECOVERY BOILER,104,104,0,2888,0,29,108,23,5,1,3,3,2,1,27,0,47,57,16,16,0,true,3,1
25715G5C.CAD,2632,2f1de5c285ed,25715G5,RECOVERY BOILER,77,77,0,2172,0,19,79,17,3,1,2,2,1,1,18,0,37,37,11,11,0,true,2,1
25715G6C.CAD,3460,2ffbf74d4a2c,25715G6,RECOVERY BOILER,105,105,0,2912,0,29,109,23,5,1,3,3,2,1,27,0,48,57,16,16,0,true,3,1
25715G7C.CAD,11492,689fcef0e63d,25715G7,RECOVERY BOILER,357,357,0,10574,0,159,436,92,38,10,40,40,30,10,159,0,67,150,50,50,0,true,1,1
25715G8C.CAD,11236,9522417f8a2b,25715G8,RECOVERY BOILER,344,344,0,10318,0,150,423,92,34,10,40,40,30,10,150,0,67,150,50,50,0,true,1,1
25715G9C.CAD,11480,672def145a57,25715G9,RECOVERY BOILER,356,356,0,10562,0,158,435,92,38,10,40,40,30,10,158,0,67,150,50,50,0,true,1,1
25715H0C.CAD,5932,f7c4a0a19d30,25715H0,RECOVERY BOILER,178,178,0,5324,0,78,217,47,18,5,20,20,15,5,78,0,34,75,25,25,0,true,1,1
25715H1C.CAD,5790,ff346319c017,25715H1,RECOVERY BOILER,148,148,0,5338,0,41,216,42,0,0,35,35,35,0,41,0,63,55,7,7,0,true,1,1
25715H2C.CAD,6618,e5a365e3b492,25715H2,OIL FLOW,190,190,0,5426,0,76,209,42,6,2,15,15,3,2,66,0,75,198,37,27,0,true,3,1
25715H3C.CAD,1206,555f9599fb22,25715H3,RECOVERY BOILER,28,28,0,866,0,3,28,5,1,1,1,1,1,0,3,0,17,12,2,2,0,true,1,1
25715H4C.CAD,1206,eb2f8df0781d,25715H4,RECOVERY BOILER,28,28,0,866,0,3,28,5,1,1,1,1,1,0,3,0,17,12,2,2,0,true,1,1
25715H5C.CAD,2450,da3de0d99479,25715H5,RECOVERY BOILER,60,60,0,1950,0,7,68,14,2,3,5,5,3,2,7,0,35,23,3,3,2,true,1,1
25715H6C.CAD,9979,58e1cbc22c87,25715H6,RECOVERY BOILER,294,294,0,9026,0,110,371,79,34,3,39,39,3,36,109,0,71,188,39,39,1,true,2,1
25715H7C.CAD,6394,2b0530b40fb6,25715H7,RECOVERY BOILER,163,163,0,5742,0,49,231,49,1,35,35,35,35,0,49,0,62,109,14,14,0,true,1,1
25715H8C.CAD,2030,194db066102d,25715H8,RECOVERY BOILER,55,55,0,1576,0,16,59,10,4,1,3,3,3,0,15,0,24,35,6,6,0,true,2,1
25715H9C.CAD,3682,40ab1820a74e,25715H9,RECOVERY BOILER,102,102,0,2970,0,36,110,28,7,3,5,5,5,0,35,0,30,99,20,20,0,true,2,1
25715I0C.CAD,3480,bb1cffecf1f5,25715I0,RECOVERY BOILER,98,98,0,2838,0,37,107,28,7,1,5,5,3,2,35,0,27,89,20,20,0,true,3,1
25715I1C.CAD,1320,b1a27ce83e17,25715I1,RECOVERY BOILER,32,32,0,992,0,3,34,5,1,1,2,2,1,1,3,0,21,8,1,1,0,true,1,1
25715I2C.CAD,4974,2fcb61b0ad7c,25715I2,RECOVERY BOILER,141,141,0,4182,0,66,157,34,17,1,11,11,3,4,61,0,27,96,24,20,0,true,3,1
25715I3C.CAD,4744,fff0ed3587b0,25715I3,RECOVERY BOILER,136,136,0,3912,0,56,150,32,14,1,8,8,6,1,54,0,35,112,22,21,0,true,3,1
25715I4C.CAD,1954,087c7bd4834c,25715I4,RECOVERY BOILER,51,51,0,1502,0,14,55,9,3,3,3,3,2,1,14,0,23,34,4,4,0,true,1,1
25715I5C.CAD,1834,dafd7a4451af,25715I5,RECOVERY BOILER,47,47,0,1410,0,12,51,7,3,3,3,3,2,1,12,0,23,25,2,2,0,true,1,1
25715I6C.CAD,1836,fca6d9d00956,25715I6,RECOVERY BOILER,47,47,0,1412,0,12,51,7,3,3,3,3,2,1,12,0,23,26,2,2,0,true,1,1
25715I7C.CAD,1834,742b1dc3bdae,25715I7,RECOVERY BOILER,47,47,0,1410,0,12,51,7,3,3,3,3,2,1,12,0,23,25,2,2,0,true,1,1
25715I8C.CAD,3000,2063535533e3,25715I8,RECOVERY BOILER,74,74,0,2440,0,17,86,20,3,7,7,7,6,1,17,0,32,56,7,7,0,true,1,1
25715I9C.CAD,2238,16afa30cfe4c,25715I9,RECOVERY BOILER,56,56,0,1820,0,4,62,16,0,4,4,4,4,0,4,0,34,28,4,4,0,true,1,1
25715J0C.CAD,3294,530508c2613e,25715J0,RECOVERY BOILER,83,83,0,2786,0,7,95,28,0,7,7,7,7,0,7,0,46,49,7,7,0,true,1,1
25715J1C.CAD,3580,213acbdd44e6,25715J1,RECOVERY BOILER,101,101,0,3080,0,38,117,26,9,2,9,9,1,8,37,0,27,47,14,14,7,true,2,1
25715J2C.CAD,9328,fc1893ee72a0,25715J2,LOCAL START,288,288,0,8558,0,126,336,66,26,6,24,24,17,8,112,0,83,128,37,37,0,true,3,1
25715J3C.CAD,5460,35c18af24294,25715J3,RUN REQUEST,160,160,0,4900,0,53,190,39,11,5,16,16,8,8,52,0,56,70,17,17,1,true,2,1
25715J4C.CAD,8853,6850e29c950e,25715J4,LOCAL START,275,275,0,8092,0,115,318,62,24,6,22,22,17,6,107,0,80,124,36,36,0,true,3,1
25715J5C.CAD,4968,9d9c24df7ccd,25715J5,RUN REQUEST,145,145,0,4438,0,44,171,35,9,5,14,14,8,6,44,0,55,63,15,15,0,true,1,1
25715J6C.CAD,8450,ef4e96f4d337,25715J6,LOCAL START,258,258,0,7688,0,112,302,63,24,6,22,22,17,6,107,0,63,124,36,36,0,true,3,1
25715J7C.CAD,4766,a8853f7a3e28,25715J7,RUN REQUEST,138,138,0,4236,0,44,164,33,10,5,14,14,8,6,44,0,49,63,15,15,0,true,1,1
25715J8C.CAD,8366,7b4e9436b0fb,25715J8,LOCAL START,256,256,0,7604,0,112,298,62,24,5,21,21,16,6,106,0,63,123,36,36,0,true,3,1
25715J9C.CAD,4630,9a35d8c9d841,25715J9,RUN REQUEST,135,135,0,4100,0,45,159,32,10,5,13,13,7,6,45,0,46,62,15,15,0,true,1,1
25715K0C.CAD,8511,f9d2a8f11d7a,25715K0,LOCAL START,260,260,0,7750,0,113,304,63,24,6,22,22,17,6,107,0,65,124,36,36,0,true,3,1
25715K1C.CAD,4968,862d2b61bd44,25715K1,RUN REQUEST,145,145,0,4438,0,44,171,35,9,5,14,14,8,6,44,0,55,63,15,15,0,true,1,1
25715K2C.CAD,8560,57ac028277aa,25715K2,LOCAL START,261,261,0,7798,0,113,305,63,26,6,22,22,17,6,107,0,64,124,36,36,0,true,3,1
25715K3C.CAD,4768,881df60923c1,25715K3,RUN REQUEST,138,138,0,4238,0,44,164,33,10,5,14,14,8,6,44,0,49,63,15,15,0,true,1,1
25715K4C.CAD,8501,60fd16ebe5fe,25715K4,LOCAL START,260,260,0,7740,0,113,304,63,24,6,22,22,17,6,107,0,65,125,36,36,0,true,3,1
25715K6C.CAD,4732,908df6bfa523,25715K6,RUN REQUEST,137,137,0,4202,0,44,163,33,9,5,14,14,8,6,44,0,49,63,15,15,0,true,1,1
25715K7C.CAD,8476,89c3390b79ad,25715K7,LOCAL START,259,259,0,7714,0,113,303,63,24,6,22,22,17,6,108,0,63,125,36,36,0,true,3,1
25715K8C.CAD,4732,62ac1b70c97e,25715K8,RUN REQUEST,137,137,0,4202,0,44,163,33,9,5,14,14,8,6,44,0,49,63,15,15,0,true,1,1
25715K9C.CAD,8697,4416bd6f618f,25715K9,LOCAL START,267,267,0,7936,0,117,311,63,25,6,22,22,17,6,108,0,70,124,36,36,0,true,3,1
25715L0C.CAD,4694,dd04bd87909a,25715L0,RUN REQUEST,136,136,0,4164,0,44,162,32,9,5,14,14,8,6,43,0,50,63,15,15,0,true,2,1
25715L1C.CAD,8743,dcbd2d9da58f,25715L1,LOCAL START,268,268,0,7982,0,120,314,64,25,6,23,23,17,7,110,0,68,125,36,36,0,true,3,1
25715L2C.CAD,4738,d221a9428855,25715L2,RUN REQUEST,138,138,0,4208,0,46,164,32,9,5,14,14,8,6,44,0,51,63,15,15,0,true,2,1
25715L3C.CAD,8900,b66b6631278d,25715L3,LOCAL START,273,273,0,8130,0,126,319,65,25,5,23,23,16,8,110,0,72,127,37,37,0,true,3,1
25715L4C.CAD,4592,e7df4290b48f,25715L4,RUN REQUEST,134,134,0,4062,0,44,158,31,10,5,13,13,7,6,44,0,47,62,15,15,0,true,1,1
25715L5C.CAD,8550,99733993b777,25715L5,LOCAL START,258,258,0,7788,0,113,303,64,24,5,23,23,17,7,107,0,61,125,36,36,0,true,3,1
25715L6C.CAD,4748,25c1d377fb22,25715L6,RUN REQUEST,139,139,0,4190,0,49,163,31,10,5,13,13,7,6,45,0,51,62,15,15,0,true,2,1
25715L7C.CAD,8480,a03848873b70,25715L7,LOCAL START,259,259,0,7718,0,114,303,63,25,5,22,22,16,7,108,0,62,124,36,36,0,true,3,1
25715L8C.CAD,4742,5fb892da7d32,25715L8,FORWARD PHASE,139,139,0,4212,0,48,163,32,10,5,13,13,7,6,45,0,50,62,15,15,0,true,2,1
25715L9C.CAD,8523,9f4ffbde3446,25715L9,LOCAL START,260,260,0,7734,0,115,304,63,25,5,22,22,16,7,108,0,63,124,36,36,0,true,3,1
25715M0C.CAD,4739,be894f4acf93,25715M0,RUN REQUEST,139,139,0,4210,0,48,163,32,10,5,13,13,7,6,45,0,50,62,15,15,0,true,2,1
25715M1C.CAD,8577,e744e35d1af5,25715M1,LOCAL START,261,261,0,7778,0,115,305,64,25,5,22,22,17,6,109,0,62,126,37,37,0,true,3,1
25715M2C.CAD,4685,bf0220a17bf3,25715M2,RUN REQUEST,137,137,0,4156,0,46,161,32,10,5,13,13,7,6,45,0,48,62,15,15,0,true,2,1
25715M3C.CAD,8541,49bbd952255c,25715M3,LOCAL START,261,261,0,7780,0,116,305,63,25,5,22,22,16,7,108,0,64,124,36,36,0,true,3,1
25715M4C.CAD,4762,2b15f4b61438,25715M4,RUN REQUEST,140,140,0,4232,0,45,164,32,10,5,13,13,7,6,45,0,51,62,15,15,0,true,1,1
25715M5C.CAD,8581,9e870c458e4b,25715M5,LOCAL START,263,263,0,7820,0,116,307,63,26,5,22,22,16,7,109,0,64,124,36,36,0,true,3,1
25715M6C.CAD,4610,e26fdb776f44,25715M6C,RUN REQUEST,135,135,0,4080,0,45,159,31,10,5,13,13,7,6,45,0,47,62,15,15,0,true,1,1
25715M7C.CAD,8422,1aff2e610417,25715M7,LOCAL START,257,257,0,7660,0,113,301,63,25,5,22,22,16,7,108,0,60,124,36,36,0,true,3,1
25715M8C.CAD,4596,dd385406ff8f,25715M8,RUN REQUEST,134,134,0,4066,0,44,158,31,10,5,13,13,7,6,44,0,47,62,15,15,0,true,1,1
25715M9C.CAD,8334,7c68f928612b,25715M9,LOCAL START,255,255,0,7572,0,111,297,62,24,5,21,21,16,6,106,0,62,123,36,36,0,true,3,1
25715N0C.CAD,4736,204990c28a6e,25715N0,RUN REQUEST,139,139,0,4206,0,45,163,32,10,5,13,13,7,6,45,0,50,62,15,15,0,true,1,1
25715N1C.CAD,8210,1e455831915c,25715N1,FORWARD ALARM,250,250,0,7448,0,111,292,62,24,5,21,21,16,6,106,0,57,123,36,36,0,true,3,1
25715N2C.CAD,4660,7532060d155b,25715N2,RUN REQUEST,137,137,0,4130,0,46,161,31,11,5,13,13,7,6,46,0,47,62,15,15,0,true,1,1
25715N3C.CAD,9150,f9da1a37b903,25715N3,LOCAL START,284,284,0,8380,0,126,326,63,25,5,21,21,15,7,108,0,87,125,37,37,0,true,3,1
25715N4C.CAD,4660,d6d32025671b,25715N4,RUN REQUEST,137,137,0,4130,0,46,161,31,11,5,13,13,7,6,46,0,47,62,15,15,0,true,1,1
25715N5C.CAD,8391,ec69ca2bba71,25715N5,LOCAL START,257,257,0,7630,0,113,299,62,24,5,21,21,16,6,106,0,64,124,36,36,0,true,3,1
25715N6C.CAD,4614,2490e1ae8f00,25715N6,RUN REQUEST,135,135,0,4084,0,45,159,31,10,5,13,13,7,6,45,0,47,62,15,15,0,true,1,1
25715N7C.CAD,8292,50a79509279b,25715N7,LOCAL START,253,253,0,7530,0,112,295,62,24,5,21,21,16,6,106,0,60,123,36,36,0,true,3,1
25715N8C.CAD,4614,e11ece933dd4,25715N8,RUN REQUEST,135,135,0,4084,0,45,159,31,10,5,13,13,7,6,45,0,47,62,15,15,0,true,1,1
25715N9C.CAD,8339,d281cb8be312,25715N9,LOCAL START,255,255,0,7578,0,113,297,62,25,5,21,21,16,6,107,0,60,123,36,36,0,true,3,1
25715O0C.CAD,4644,bd68384fa0a9,25715O0,RUN REQUEST,136,136,0,4114,0,45,160,31,11,5,13,13,7,6,45,0,47,62,15,15,0,true,1,1
25715O1C.CAD,8509,e86dc66839db,25715O1,LOCAL START,260,260,0,7748,0,114,304,63,25,5,22,22,16,7,108,0,63,124,36,36,0,true,3,1
25715O2C.CAD,4688,4f14a91fa740,25715O2,RUN REQUEST,138,138,0,4158,0,46,162,31,11,5,13,13,7,6,46,0,48,62,15,15,0,true,1,1
25715O3C.CAD,8940,45b5399e8544,25715O3,LOCAL START,273,273,0,8178,0,123,321,65,26,6,24,24,17,8,111,0,70,125,36,36,1,true,3,1
25715O4C.CAD,4853,d3409cacf10d,25715O4,RUN REQUEST,142,142,0,4324,0,47,168,33,9,5,14,14,8,6,44,0,54,63,15,15,0,true,2,1
25715O5C.CAD,8428,df1599466d18,25715O5,LOCAL START,257,257,0,7666,0,113,301,63,24,5,22,22,17,6,107,0,62,124,36,36,0,true,3,1
25715O6C.CAD,5016,fa15c6f9e1d7,25715O6,RUN REQUEST,147,147,0,4456,0,51,173,34,13,5,14,14,7,7,51,0,47,70,17,17,0,true,1,1
25715O7C.CAD,8556,42d9c313ea49,25715O7,LOCAL START,260,260,0,7794,0,114,304,64,25,5,22,22,17,6,108,0,62,124,36,36,0,true,3,1
25715O8C.CAD,5078,50abc97185b4,25715O8,RUN REQUEST,148,148,0,4518,0,52,174,36,13,5,14,14,7,7,52,0,45,69,17,17,0,true,1,1
25715O9C.CAD,8558,8aeda4a6a2ab,25715O9,LOCAL START,260,260,0,7796,0,115,304,64,24,5,22,22,17,6,107,0,64,124,36,36,0,true,3,1
25715P1C.CAD,5166,699fdeaa5cda,25715P1,RUN REQUEST,154,154,0,4606,0,51,180,34,12,5,14,14,7,7,51,0,55,70,17,17,0,true,1,1
25715P2C.CAD,8576,e05665e70888,25715P2,LOCAL START,265,265,0,7814,0,112,307,62,24,5,21,21,16,6,106,0,72,123,36,36,0,true,3,1
25715P3C.CAD,4778,989fda2e41c9,25715P3,RUN REQUEST,142,142,0,4248,0,45,166,31,10,5,13,13,7,6,45,0,54,62,15,15,0,true,1,1
25715P4C.CAD,8806,82d8c77ec5cf,25715P4,FORWARD ALARM,278,278,0,8044,0,111,318,60,24,5,21,21,16,6,106,0,85,122,36,36,0,true,3,1
25715P5C.CAD,5028,06d67f4ceb59,25715P5,RUN REQUEST,154,154,0,4498,0,45,177,30,10,5,13,13,7,6,45,0,66,62,15,15,0,true,1,1
25715P6C.CAD,8893,88b0ec0f0074,25715P6,FORWARD ALARM,284,284,0,8132,0,114,324,59,26,4,21,21,15,7,109,0,87,122,36,36,0,true,3,1
25715P7C.CAD,5323,7eecde4974bc,25715P7,RUN REQUEST,168,168,0,4794,0,46,190,29,10,5,13,13,7,6,45,0,80,62,15,15,0,true,2,1
25715P8C.CAD,8062,61afaa5b573c,25715P8,FORWARD ALARM,252,252,0,7300,0,113,289,58,25,3,19,19,14,6,107,0,60,120,36,36,0,true,3,1
25715P9C.CAD,5158,1faf4ffedf2a,25715P9,RUN REQUEST,159,159,0,4628,0,44,181,30,11,5,13,13,7,6,44,0,70,62,15,15,0,true,1,1
25715Q1C.CAD,8110,fa0516c8b6de,25715Q1,FORWARD ALARM,254,254,0,7348,0,115,291,58,25,3,19,19,14,6,107,0,62,121,36,36,0,true,3,1
25715Q2C.CAD,5004,e485b59079b9,25715Q2,RUN REQUEST,154,154,0,4474,0,44,176,29,10,5,13,13,7,6,44,0,67,62,15,15,0,true,1,1
25715Q3C.CAD,8084,8fd56db61262,25715Q3,FORWARD ALARM,253,253,0,7322,0,113,290,58,25,3,19,19,14,6,107,0,61,123,36,36,0,true,3,1
25715Q4C.CAD,5274,4b690bb8391b,25715Q4,RUN REQUEST,163,163,0,4744,0,44,185,30,10,5,13,13,7,6,44,0,75,62,15,15,0,true,1,1
25715Q5C.CAD,2737,e7bba8ad3196,25715Q5,EXTRCTION KAPPA,72,72,0,2156,0,2,70,11,0,0,0,0,0,0,0,0,59,57,11,11,0,true,1,1
25715Q6C.CAD,6200,a223443baf17,25715Q6,PRESENT EFFN,205,205,0,5492,0,99,224,37,22,0,10,10,5,5,97,0,48,95,24,24,0,true,3,1
25715Q7C.CAD,2252,fc75371cef90,25715Q7,RECOVERY BOILER,66,66,0,1866,0,12,75,11,1,0,5,5,4,1,12,0,41,29,6,6,0,true,1,1
25715Q8C.CAD,3551,c1ff630354ff,25715Q8,RECOVERY BOILER,113,113,0,3244,0,74,117,6,0,2,3,3,2,1,4,0,101,5,1,1,0,true,3,1
25715Q9C.CAD,6660,d1004a6233c1,25715Q9,FOR TESTING ONLY,188,188,0,6080,0,71,237,43,3,8,25,25,20,5,45,0,96,75,18,18,0,true,2,1
25715R0C.CAD,7653,08eff2c914d7,25715R0,SOOT BLOWER 10 RET.,212,212,0,7076,0,86,277,56,4,12,33,33,28,5,57,0,94,95,23,23,2,true,2,1
25715R1C.CAD,4974,85381984ab97,25715R1,OVERCURRENT FORWARD PHASE,148,148,0,4520,0,55,170,27,9,4,12,12,7,5,35,0,75,47,11,11,0,true,2,1
25715R2C.CAD,2423,1d60507cb393,25715R2,RECOVERY BOILER,69,69,0,2064,0,23,77,10,1,0,5,5,4,1,9,0,47,17,5,5,0,true,2,1
25715R3C.CAD,3361,7b65961aace1,25715R3,CONTROL VOLTAGE FAILURE,96,96,0,2936,0,33,110,17,5,1,8,8,6,2,24,0,48,35,8,8,0,true,2,1
25715R4C.CAD,3607,dc5733615c1e,25715R4,CONTROL VOLTAGE FAILURE,106,106,0,3182,0,38,120,17,5,1,8,8,6,2,24,0,58,35,8,8,0,true,2,1
25715R5C.CAD,7564,0b78e93a3d2d,25715R5,RECOVERY BOILER,211,211,0,7006,0,88,278,55,5,15,34,34,30,4,60,0,90,94,21,21,2,true,2,1
25715R6C.CAD,14134,e29b0abd8441,25715R6,RECOVERY BOILER,343,343,0,13320,0,116,542,136,0,0,100,100,80,20,116,0,90,173,36,36,0,true,1,1
25715R7C.CAD,11020,f1231d7a5e77,25715R7,RECOVERY BOILER,264,264,0,10334,0,90,419,105,0,0,77,77,64,15,90,0,68,133,26,26,0,true,1,1
25715R8C.CAD,11544,b29a0c5e883a,25715R8,SEQ START,355,355,0,10262,0,167,410,83,37,0,28,28,14,14,153,0,81,203,53,53,1,true,3,1
25715R9C.CAD,4606,6e8eb58b4496,25715R9,RECOVERY BOILER,130,130,0,4134,0,46,167,33,9,0,19,19,14,6,45,0,41,48,13,13,5,true,2,1
25715S0C.CAD,1696,647cc0939a8b,25715S0,RECOVERY BOILER,44,44,0,1338,0,2,46,8,0,2,2,2,2,0,2,0,32,14,2,2,0,true,1,1
25715S1C.CAD,5778,a74ad04f5c74,25715S1,RECOVERY BOILER,147,147,0,5336,0,41,217,42,0,0,36,36,35,1,41,0,62,55,6,6,0,true,1,1
25715S2C.CAD,10666,a5101da02ebc,25715S2,RECOVERY BOILER,272,272,0,9406,0,119,375,76,16,0,51,51,25,28,95,0,84,157,19,19,2,true,2,1
25715S3C.CAD,9630,d6b85e31002f,25715S3,RECOVERY BOILER,240,240,0,8472,0,92,341,74,14,0,49,49,25,28,92,0,59,143,18,18,3,true,1,1
25715S4C.CAD,9904,5d9c897f4aec,25715S4,RECOVERY BOILER,245,245,0,8644,0,94,349,76,15,0,52,52,25,28,94,0,59,162,19,19,1,true,1,1
25715S5C.CAD,9046,a300672eec59,25715S5,RECOVERY BOILER,227,227,0,7888,0,88,317,68,14,0,44,44,23,24,86,0,58,137,18,18,3,true,2,1
25715S6C.CAD,5186,4f9d0d52aa04,25715S6,RECOVERY BOILER,153,153,0,4490,0,62,180,39,13,0,14,14,8,6,60,0,40,87,23,23,0,true,2,1
25715S7C.CAD,3348,ebf32926e1b2,25715S7,RECOVERY BOILER,94,94,0,2884,0,33,112,22,4,0,10,10,8,2,28,0,38,38,10,10,0,true,3,1
25715S8C.CAD,2502,2d51c5c571b4,25715S8,RECOVERY BOILER,71,71,0,2072,0,22,79,15,3,0,5,5,4,1,20,0,31,29,8,8,0,true,2,1
25715S9C.CAD,2484,05ce86d367e1,25715S9,RECOVERY BOILER,70,70,0,2054,0,22,78,16,2,0,5,5,4,1,19,0,31,29,8,8,0,true,2,1
25715T1C.CAD,2498,58659cdf3e43,25715T1,RECOVERY BOILER,71,71,0,2068,0,22,79,15,3,0,5,5,4,1,20,0,31,28,8,8,0,true,2,1
25715T2C.CAD,9318,3722b20a95b5,25715T2,RECOVERY BOILER,228,228,0,8058,0,92,326,73,15,0,49,49,23,27,91,0,48,159,19,19,1,true,2,1
25715T3C.CAD,7088,8835e7b5b9fd,25715T3,RECOVERY BOILER,174,174,0,6086,0,70,247,57,9,0,37,37,19,18,69,0,38,122,17,17,0,true,2,1
25715T4C.CAD,5228,8f7b02bee5f3,25715T4,RECOVERY BOILER,135,135,0,4408,0,50,180,38,7,0,23,23,12,11,49,0,40,84,14,14,0,true,2,1
25715T5C.CAD,4650,02d568d3e288,25715T5,RECOVERY BOILER,118,118,0,3936,0,44,158,35,5,0,20,20,11,10,43,0,34,77,13,13,0,true,2,1
25715T6C.CAD,4098,189a5d53d5d3,25715T6,RECOVERY BOILER,107,107,0,3384,0,38,136,29,5,0,15,15,8,7,37,0,35,67,13,13,0,true,2,1
25715T7C.CAD,2452,051da391d19a,25715T7,RECOVERY BOILER,70,70,0,2022,0,22,79,15,3,0,5,5,4,1,20,0,31,28,8,8,0,true,2,1
25715U1C.CAD,3174,e8866ac8fc86,25715U1,RECOVERY BOILER,77,77,0,2666,0,7,89,28,0,7,7,7,7,0,7,0,40,49,7,7,0,true,1,1
25715U2C.CAD,2846,9dafb216a23f,25715U2C,RECOVERY BOILER,69,69,0,2368,0,6,79,24,0,6,6,6,6,0,6,0,37,42,6,6,0,true,1,1
25715U3C.CAD,1552,2fc2c886ee03,25715U3,RECOVERY BOILER,37,37,0,1194,0,2,39,8,0,2,2,2,2,0,2,0,25,14,2,2,0,true,1,1
25715Z1C.CAD,8890,4e1f26133c5f,25715Z1,RECOVERY BOILER,272,272,0,8242,0,104,343,71,34,35,36,36,36,0,104,0,62,141,35,35,0,true,1,1
25715Z2C.CAD,4834,e166418249db,25715Z2,RECOVERY BOILER,108,108,0,3460,0,21,126,44,3,10,10,10,10,0,19,0,40,177,32,32,0,true,2,1
25715Z3C.CAD,13918,4c323a6444c3,25715Z3,RECOVERY BOILER,410,410,0,13070,0,179,553,112,34,35,72,72,71,1,179,0,84,157,40,40,0,true,1,1
25715Z4C.CAD,1886,6218944675c3,25715Z4,RECOVERY BOILER,46,46,0,1282,0,16,47,11,3,1,1,1,0,1,16,0,15,37,10,10,0,true,1,1
25715Z5A.CAD,10586,8b7d2c1ee253,25715Z5A,,328,328,0,9908,0,153,405,70,46,0,36,36,40,2,152,0,59,112,24,24,0,true,2,1
25715Z6A.CAD,4180,8b7724f03268,25715Z6A,,114,114,0,3682,0,46,149,31,9,0,18,18,17,1,46,0,27,54,12,12,0,true,1,1
2582000A.CAD,2001,9385b54f3a48,2582000,RECOVERY BOILER,52,52,0,1460,0,8,54,10,1,0,2,2,0,2,6,0,33,58,8,7,0,true,2,1
2582001A.CAD,2322,d8d27c4151b7,2582001,MAIN STEAM VALVE POSITION,66,66,0,1964,0,7,76,7,0,6,6,6,6,0,6,0,51,17,1,1,0,true,2,1
2582002A.CAD,2504,d0994b897d2b,2582002,SUPERHEATER 3 RIGHT INPUT TEMP,71,71,0,2146,0,10,81,7,0,6,6,6,6,0,6,0,56,17,1,1,0,true,2,1
2582003A.CAD,2468,e387da00c621,2582003,SUPERHEATER 2 LEFT INPUT TEMP,69,69,0,2082,0,9,79,7,0,6,6,6,6,0,6,0,54,17,1,1,0,true,2,1
2582004A.CAD,2620,bb6fa5d0f01e,2582004,SUPERHEATER 3 LEFT INPUT TEMP,75,75,0,2262,0,14,85,7,0,6,6,6,6,0,6,0,60,17,1,1,0,true,2,1
2582005A.CAD,2611,ddc8898cf014,2582005,SUPERHEATER 2 RIGHT INPUT TEMP,74,74,0,2226,0,13,84,7,0,6,6,6,6,0,6,0,59,17,1,1,0,true,2,1
2582006A.CAD,2942,dacfaa7d534a,2582006,EXPANSION TANK LEVEL,88,88,0,2584,0,27,98,7,0,6,6,6,6,0,6,0,73,18,1,1,0,true,2,1
2582008A.CAD,2409,55f71b4676ed,2582008,MAIN STEAM FLOW,69,69,0,2024,0,9,79,7,0,6,6,6,6,0,6,0,54,18,1,1,0,true,2,1
2582009A.CAD,1668,c4b6ac4fef2b,2582009A,ANALOG INPUT,29,29,0,1160,0,14,44,11,1,8,8,7,0,8,11,0,5,29,3,3,0,true,2,1
2582010A.CAD,1250,acc893dc6172,2582010A,ANALOG OUTPUT,18,18,0,760,0,7,29,8,0,6,6,6,6,0,7,0,2,40,2,2,0,true,1,1
2582011A.CAD,3110,e8d34bd7ed60,2582011,RESERVE WATER TANK VALVE OPEN,84,84,0,2788,0,15,108,15,0,13,13,13,0,13,13,0,54,19,2,2,0,true,2,1
2582012A.CAD,2964,f7f92605f08a,2582012,COOLING WATER PUMP 1 STATUS,83,83,0,2642,0,15,103,13,0,11,11,11,0,11,11,0,57,16,2,2,3,true,2,1
2582013A.CAD,2914,7de426e11a09,2582013,MILL WATER PUMP STATUS,82,82,0,2592,0,13,102,13,0,11,11,11,0,11,11,0,56,17,2,2,1,true,2,1
2582014A.CAD,3325,1d9b98a10d62,2582014,BYPASS VALVE VOLTAGE FAILURE,92,92,0,2976,0,15,118,16,0,14,14,14,0,14,14,0,60,20,2,2,0,true,2,1
2582015A.CAD,3358,e5a7689b5375,2582015,TORQUE CLOSED,93,93,0,3036,0,15,121,17,0,15,15,15,0,15,15,0,59,21,2,2,0,true,1,1
2582016A.CAD,2754,a72669d39216,2582016,COOLING WATER PUMP 1 OUTPUT,75,75,0,2400,0,9,91,11,0,9,9,9,9,0,9,0,53,17,2,2,0,true,1,1
2582017A.CAD,3606,c236442d2d1e,2582017,BY-PASS VALVE OUTPUT CLOSE,93,93,0,3252,0,15,121,17,0,15,15,15,15,0,15,0,59,23,2,2,0,true,1,1
2582018A.CAD,1548,ccbfdd7276d5,2582018,RESERE WATER TANK,44,44,0,1222,0,2,46,3,0,2,2,2,2,0,2,0,37,6,1,1,0,true,1,1
2582020A.CAD,3652,9b46f09ffd4b,2582020,RAPID DRAIN VALVE 2 VOLTAGE,102,102,0,3330,0,16,132,18,0,16,16,16,0,16,16,0,66,22,2,2,0,true,1,1
2582021A.CAD,3306,bbc362daf2e2,2582021,RAPID DRAIN VALVE 4 VOLTAGE,92,92,0,2984,0,14,118,16,0,14,14,14,0,14,14,0,60,20,2,2,0,true,1,1
2582022A.CAD,2912,fb9c1b7c8734,2582022,RAPID DRAIN VALVE 4 OUTPUT CLOSE,78,78,0,2558,0,12,100,14,0,12,12,12,12,0,12,0,50,20,2,2,0,true,1,1
2582023A.CAD,3022,80f6fdfdcce7,2582023,RECOVERY BOILER,81,81,0,2700,0,16,111,18,0,16,16,16,0,16,16,0,45,22,2,2,0,true,1,1
2582024A.CAD,2990,f4a661def9df,2582024,ANALOG INPUT SLAVE,69,69,0,2482,0,19,97,18,2,15,15,15,0,15,19,0,28,55,3,3,0,true,1,1
2582025A.CAD,3046,180a61cab6d7,2582025,ANALOG INPUT SLAVE,71,71,0,2538,0,21,99,18,2,15,15,15,0,15,19,0,30,40,3,3,2,true,2,1
2582026A.CAD,3129,799ca5f0e13e,2582026,ANALOG INPUT SLAVE,74,74,0,2622,0,24,102,18,2,15,15,15,0,15,19,0,33,42,3,3,0,true,2,1
2582027A.CAD,2990,b6c8423641b1,2582027,ANALOG INPUT SLAVE,69,69,0,2482,0,19,97,18,2,15,15,15,0,15,19,0,28,42,3,3,0,true,1,1
2582028A.CAD,2070,8079c380d4ee,2582028,ANALOG INPUT SLAVE,49,49,0,1562,0,9,59,9,1,6,6,6,0,6,9,0,28,28,3,3,0,true,1,1
2582029A.CAD,3022,482754c17ea1,2582029A,ANALOG INPUT SLAVE,71,71,0,2514,0,21,99,18,2,15,15,15,0,15,21,0,28,48,3,3,0,true,1,1
2582040A.CAD,2736,d07f7a2c42ac,2582040,BLOW DOWN TANK LEVEL,78,78,0,2378,0,14,92,9,0,8,8,8,8,0,8,0,59,19,1,1,0,true,2,1
25820A1A.CAD,7960,26ffece51e9a,25820A1,OPEN LIMIT,249,249,0,7280,0,78,269,56,18,9,10,10,10,2,75,0,98,82,22,22,0,true,3,1
25820A2A.CAD,5732,90c9f5ad4b04,25820A2,RAPID DRAIN,175,175,0,5202,0,41,191,39,10,8,9,9,7,2,41,0,83,52,14,14,0,true,1,1
25820A3A.CAD,6794,46b293055519,25820A3,OPEN LIMIT,204,204,0,6150,0,62,224,49,15,9,10,10,10,2,59,0,79,74,18,18,0,true,3,1
25820A4A.CAD,5908,eecb31063047,25820A4,OPEN LIMIT,174,174,0,5364,0,43,193,43,9,8,9,9,10,2,41,0,79,57,15,15,0,true,2,1
25820A5A.CAD,8984,b31a4ec4daad,25820A5,OPEN LIMIT,282,282,0,8320,0,81,308,65,19,11,13,13,12,3,78,0,118,90,26,26,0,true,3,1
25820A6A.CAD,8590,18e5564a0e15,25820A6,CLOSE LIMIT,267,267,0,7926,0,81,293,65,19,11,13,13,12,3,78,0,103,91,26,26,0,true,3,1
25820A7A.CAD,8800,a25058ebc95a,25820A7,OPEN LIMIT,272,272,0,8136,0,82,298,67,19,11,13,13,12,3,78,0,106,91,26,26,0,true,3,1
25820A8A.CAD,8598,1ceac2ce1eff,25820A8,OPEN LIMIT,264,264,0,7934,0,81,290,65,19,11,13,13,12,3,78,0,100,91,26,26,0,true,3,1
25820A9A.CAD,6764,5885bed7e132,25820A9,CLOSE TORQUE,204,204,0,6178,0,56,226,51,12,8,11,11,10,3,53,0,86,75,19,19,0,true,3,1
25820B1A.CAD,8446,9722865548f7,25820B1,OPEN LIMIT,257,257,0,7782,0,82,283,65,19,12,13,13,12,3,78,0,93,91,26,26,0,true,3,1
25820B2A.CAD,8348,072095e16ef2,25820B2,OPEN LIMIT,252,252,0,7684,0,81,278,65,19,12,13,13,12,3,78,0,88,91,26,26,0,true,3,1
25820B3A.CAD,1472,312754cbd311,25820B3,MCC02 MAIN SWITCH ON,42,42,0,1164,0,1,42,4,0,1,1,1,1,0,1,0,35,4,1,1,0,true,1,1
25820B4A.CAD,1472,9e78ae626f18,25820B4,VOLTAGE ALARM MCC02,42,42,0,1164,0,1,42,4,0,1,1,1,1,0,1,0,35,4,1,1,0,true,1,1
25820B5A.CAD,2506,baf2f707645c,25820B5,NO. 1 ECONOMIZER INLET WATER,72,72,0,2078,0,13,76,15,2,1,3,3,2,1,13,0,40,31,9,9,0,true,1,1
25820B6A.CAD,3912,e03a6ac7234d,25820B6,RECOVERY BOILER,108,108,0,3374,0,48,132,24,13,1,13,13,12,1,47,0,22,54,9,9,0,true,2,1
25820B7A.CAD,1688,ddb9d3549298,25820B7,NO.2 ECONOMIZER INLET WATER,48,48,0,1348,0,3,48,6,1,1,1,1,1,0,3,0,36,10,2,2,0,true,1,1
25820B8A.CAD,1778,b9aa608dc2b9,25820B8,NO.2 ECONOMIZER OUTLET WATER,50,50,0,1438,0,4,52,7,1,1,2,2,1,1,4,0,36,11,2,2,0,true,1,1
25820B9A.CAD,1746,5da460250a4a,25820B9,NO.1 S.H. NORTH OUTLET STEAM,50,50,0,1406,0,3,50,6,1,1,1,1,1,0,3,0,38,10,2,2,0,true,1,1
25820C0A.CAD,1746,e12bd559f5d0,25820C0,NO.1 S.H. SOUTH OUTLET STEAM,50,50,0,1406,0,3,50,6,1,1,1,1,1,0,3,0,38,10,2,2,0,true,1,1
25820C1A.CAD,6112,3c07c8a9f984,25820C1,RAPID DRAIN,175,175,0,5310,0,61,201,40,12,5,14,14,8,6,57,0,64,128,18,18,0,true,3,1
25820C2A.CAD,5550,395eda549a77,25820C2,EMERGENCY SHUTDOWN,158,158,0,4758,0,55,180,37,11,5,12,12,7,5,53,0,55,124,17,17,0,true,2,1
25820C3A.CAD,3314,a4c76e6e1abd,25820C3,NO.2 S.H. NORTH OUTLET STEAM,98,98,0,2788,0,29,106,18,7,1,5,5,4,1,29,0,42,50,10,10,0,true,1,1
25820C4A.CAD,3512,052a58d3f8ad,25820C4,ALSO USED ON,103,103,0,2956,0,30,111,20,7,1,5,5,4,1,30,0,44,58,11,11,0,true,1,1
25820C5A.CAD,5210,c55f4ed06364,25820C5,EMERGENCY SHUTDOWN,146,146,0,4458,0,52,170,34,11,5,13,13,8,5,48,0,51,116,14,14,0,true,3,1
25820C6A.CAD,5100,6cf852c73e97,25820C6,EMERGENCY SHUTDOWN,144,144,0,4326,0,50,166,35,9,6,12,12,8,4,48,0,50,120,16,16,0,true,2,1
25820C7A.CAD,3502,8901e6a53e59,25820C7,NO.3 S.H. NORTH OUTLET STEAM,102,102,0,2976,0,30,112,20,7,1,6,6,4,2,30,0,43,52,10,10,0,true,1,1
25820C8A.CAD,1602,f6d1871b4011,25820C8,NO.3 S.H. NORTH OUTLET STEAM,44,44,0,1262,0,3,44,6,1,1,1,1,1,0,3,0,32,9,2,2,0,true,1,1
25820C9A.CAD,3586,e9593d0fbdd4,25820C9,NO.3 S.H. SOUTH OUTLET STEAM,105,105,0,3060,0,30,115,20,7,1,6,6,4,2,30,0,46,52,10,10,0,true,1,1
25820D1A.CAD,2118,1ed6f965f286,25820D1,NO.3 S.H. SOUTH OUTLET STEAM,60,60,0,1730,0,6,62,9,1,2,2,2,2,0,6,0,42,21,4,4,0,true,1,1
25820D2A.CAD,6146,ae8c8fa9900e,25820D2,OUTPUT TEMP,188,188,0,5396,0,77,212,49,12,5,13,13,9,4,77,0,48,112,36,36,0,true,1,1
25820D3A.CAD,2449,0b3d477d437e,25820D3,ALSO USED ON,71,71,0,2048,0,13,75,13,3,1,3,3,1,2,12,0,41,27,7,7,0,true,2,1
25820D4A.CAD,1680,09e3da792c2d,25820D4,ECONOMIZER INLET WATER,48,48,0,1340,0,3,48,6,1,1,1,1,1,0,3,0,36,11,2,2,0,true,1,1
25820D5A.CAD,1788,95ec611fe57a,25820D5,DRUM PRESSURE,52,52,0,1448,0,3,52,6,1,1,1,1,1,0,3,0,40,11,2,2,0,true,1,1
25820D6A.CAD,1682,5a39081dd3f9,25820D6,ALSO USED ON,47,47,0,1354,0,2,49,6,0,1,2,2,1,1,2,0,37,9,1,1,0,true,1,1
25820D7A.CAD,2470,637efe34bb5f,25820D7,DESUPERHEATER PRESSURE,70,70,0,2034,0,14,74,11,4,3,3,3,2,1,14,0,39,28,3,3,0,true,1,1
25820D8A.CAD,3587,512e3dbb5874,25820D8,FEEDWATER FLOW,100,100,0,2980,0,31,111,25,6,2,6,6,5,2,28,0,39,72,14,14,0,true,3,1
25820D9A.CAD,5884,8af12ea993da,25820D9,MAIN STEAM FLOW,165,165,0,5004,0,58,187,46,10,3,11,11,9,4,55,0,52,147,28,28,2,true,3,1
25820E0A.CAD,2251,3c6afeac80f0,25820E0,RECOVERY BOILER,57,57,0,1786,0,18,62,18,0,2,4,4,2,1,15,0,22,47,13,12,0,true,3,1
25820E1A.CAD,2230,9009e3648184,25820E1,NO.2 S.H. SPRAY WATER FLOW,66,66,0,1820,0,14,66,12,3,1,1,1,1,0,13,0,36,24,6,6,0,true,2,1
25820E2A.CAD,2178,8c3f1445bd06,25820E2,NO.3 S.H. SPRAY WATER FLOW,65,65,0,1768,0,14,65,11,3,1,1,1,1,0,13,0,36,24,6,6,0,true,2,1
25820E3A.CAD,7434,4ad43d5a4f3b,25820E3,RECOVERY BOILER,234,234,0,6598,0,81,246,53,20,4,7,7,4,3,78,0,81,132,36,36,0,true,2,1
25820E4A.CAD,5186,d1bb8ef4078f,25820E4,FEEDWATER FLOW,156,156,0,4426,0,66,172,31,18,2,9,9,6,3,65,0,40,110,19,19,0,true,2,1
25820E5A.CAD,1532,d26a47925d8b,25820E5,TOTAL BOILER LEVEL,43,43,0,1204,0,1,43,5,0,1,1,1,1,0,1,0,35,8,1,1,0,true,1,1
25820E6A.CAD,1530,87f37b14ec82,25820E6,LOW BOILER LEVEL,43,43,0,1202,0,1,43,5,0,1,1,1,1,0,1,0,35,8,1,1,0,true,1,1
25820E7A.CAD,3368,5185e8c44a82,25820E7,CONDENSATE TANK LEVEL,101,101,0,2866,0,31,107,19,7,3,4,4,2,2,29,0,44,42,8,8,0,true,2,1
25820E8A.CAD,1898,9fc714af181a,25820E8,OPEN FEEDBACK,54,54,0,1572,0,4,56,7,1,2,2,2,2,0,4,0,40,7,1,1,0,true,1,1
25820E9A.CAD,1872,cde265723f89,25820E9,RAPID DRAIN HAND VALVE,54,54,0,1546,0,4,56,7,1,2,2,2,2,0,4,0,40,7,1,1,0,true,1,1
25820F0A.CAD,1212,23124a8df969,25820F0A,,25,25,0,788,0,12,30,5,3,3,3,3,2,1,12,0,4,24,2,2,0,true,1,1
25820F1A.CAD,1766,cfb770f85f8f,25820F1,OPEN FEEDBACK,50,50,0,1432,0,5,52,6,1,2,2,2,2,0,5,0,36,9,2,2,0,true,1,1
25820F2A.CAD,5752,fb50687c210e,25820F2,DRUM LEVEL,182,182,0,5106,0,46,198,36,6,4,9,9,9,0,46,0,92,84,27,27,0,true,1,1
25820F3A.CAD,1554,c4c695ecd8d7,25820F3,NO.1 ECONOMIZER NORTH OUTLET GAS,43,43,0,1226,0,1,43,5,0,1,1,1,1,0,1,0,35,8,1,1,0,true,1,1
25820F4A.CAD,1860,626e41628e8b,25820F4,NO.1 ECONOMIZER SOUTH OUTLET GAS,51,51,0,1492,0,6,53,8,1,2,2,2,2,0,6,0,34,18,4,4,0,true,1,1
25820F5A.CAD,1562,15ac3d053a4d,25820F5,RECOVERY BOILER,42,42,0,1222,0,2,44,6,0,2,2,2,2,0,2,0,32,11,2,2,0,true,1,1
25820F6A.CAD,1612,590411c4e13a,25820F6,RECOVERY BOILER,43,43,0,1272,0,2,45,7,0,2,2,2,2,0,2,0,32,11,2,2,0,true,1,1
25820F7A.CAD,1638,959839e8a6b1,25820F7,RECOVERY BOILER,44,44,0,1298,0,2,46,7,0,2,2,2,2,0,2,0,33,12,2,2,0,true,1,1
25820F8A.CAD,1612,f4a43c4b4d72,25820F8,RECOVERY BOILER,43,43,0,1272,0,2,45,7,0,2,2,2,2,0,2,0,32,12,2,2,0,true,1,1
25820F9A.CAD,1680,bae554a0fcf2,25820F9,RECOVERY BOILER,45,45,0,1324,0,3,47,8,0,2,2,2,2,0,3,0,32,15,3,3,0,true,1,1
25820G1A.CAD,1566,127e5976161d,25820G1,NO.6 NOSE TUBE,42,42,0,1226,0,2,44,6,0,2,2,2,2,0,2,0,32,10,2,2,0,true,1,1
25820G2A.CAD,1948,e10c0fdae748,25820G2,RECOVERY BOILER,49,49,0,1510,0,15,55,11,3,1,4,4,3,1,14,0,19,25,5,5,0,true,2,1
25820G3A.CAD,1598,491eadc0829d,25820G3,NO. 53-54 NOSE TEMPERATURE,42,42,0,1258,0,2,44,7,0,2,2,2,2,0,2,0,31,10,2,2,0,true,1,1
25820G4A.CAD,1600,63eec82aabc8,25820G4,BOTTOM NO. 63-63 NOSE TEMP.,42,42,0,1260,0,2,44,7,0,2,2,2,2,0,2,0,31,10,2,2,0,true,1,1
25820G5A.CAD,1598,2697c219af64,25820G5,NO. 66-67 NOSE TEMPERATURE,42,42,0,1258,0,2,44,7,0,2,2,2,2,0,2,0,31,10,2,2,0,true,1,1
25820G6A.CAD,1600,dc252f607b55,25820G6,NO. 78- 79 NOSE TEMPERATURE,42,42,0,1260,0,2,44,7,0,2,2,2,2,0,2,0,31,10,2,2,0,true,1,1
25820G7A.CAD,1598,3ab7eab5af80,25820G7,NO. 88-89 NOSE TEMPERATURE,42,42,0,1258,0,2,44,7,0,2,2,2,2,0,2,0,31,10,2,2,0,true,1,1
25820G8A.CAD,1598,ad9c810d0070,25820G8,NO. 95-96 NOSE TEMPERATURE,42,42,0,1258,0,2,44,7,0,2,2,2,2,0,2,0,31,10,2,2,0,true,1,1
25820G9A.CAD,1592,e2ded052be7d,25820G9,FRONT WALL TEMP 1-2,42,42,0,1252,0,2,44,7,0,2,2,2,2,0,2,0,31,10,2,2,0,true,1,1
25820H1A.CAD,1592,da56047cc257,25820H1,FRONT WALL TEMP 8-9,42,42,0,1252,0,2,44,7,0,2,2,2,2,0,2,0,31,10,2,2,0,true,1,1
25820H2A.CAD,1594,049fa94596b2,25820H2,RECOVERY BOILER,42,42,0,1254,0,2,44,7,0,2,2,2,2,0,2,0,31,10,2,2,0,true,1,1
25820H3A.CAD,1607,9a2baf7c7b00,25820H3,FRONT WALL TEMP. 27-28,37,37,0,980,0,5,35,3,1,0,0,0,0,0,2,0,29,8,2,2,0,true,3,1
25820H4A.CAD,1548,12bf015d0253,25820H4,FRONT WALL TEMP. 33-34,42,42,0,1208,0,3,42,6,1,1,1,1,1,0,3,0,30,9,2,2,0,true,1,1
25820H5A.CAD,1548,fc1fee75dba3,25820H5,FRONT WALL TEMP 43-44,42,42,0,1208,0,3,42,6,1,1,1,1,1,0,3,0,30,9,2,2,0,true,1,1
25820H6A.CAD,1548,fd8a90b470b2,25820H6,FRONT WALL TEMP 49-50,42,42,0,1208,0,3,42,6,1,1,1,1,1,0,3,0,30,9,2,2,0,true,1,1
25820H7A.CAD,1548,a9c9c18cbedd,25820H7,FRONT WALL TEMP. 53-54,42,42,0,1208,0,3,42,6,1,1,1,1,1,0,3,0,30,9,2,2,0,true,1,1
25820H8A.CAD,1548,d3606c6aba1b,25820H8,FRONT WALL TEMP. 61-62,42,42,0,1208,0,3,42,6,1,1,1,1,1,0,3,0,30,9,2,2,0,true,1,1
25820H9A.CAD,1607,ecc9aefd1ece,25820H9,RECOVERY BOILER,37,37,0,980,0,5,35,3,1,0,0,0,0,0,2,0,29,8,2,2,0,true,3,1
25820I1A.CAD,1548,d469a0b293b4,25820I1,RECOVERY BOILER,42,42,0,1208,0,3,42,6,1,1,1,1,1,0,3,0,30,9,2,2,0,true,1,1
25820I2A.CAD,1548,8b1f3bee6443,25820I2,RECOVERY BOILER,42,42,0,1208,0,3,42,6,1,1,1,1,1,0,3,0,30,9,2,2,0,true,1,1
25820I3A.CAD,1552,7850036576f1,25820I3,RECOVERY BOILER,42,42,0,1212,0,3,42,6,1,1,1,1,1,0,3,0,30,9,2,2,0,true,1,1
25820I4A.CAD,1546,044bdf41bea8,25820I4,RECOVERY BOILER,42,42,0,1206,0,3,42,6,1,1,1,1,1,0,3,0,30,9,2,2,0,true,1,1
25820I5A.CAD,1552,b9c850800e04,25820I5,RECOVERY BOILER,42,42,0,1212,0,3,42,6,1,1,1,1,1,0,3,0,30,9,2,2,0,true,1,1
25820I6A.CAD,1552,515feaae822b,25820I6,RECOVERY BOILER,42,42,0,1212,0,3,42,6,1,1,1,1,1,0,3,0,30,9,2,2,0,true,1,1
25820I7A.CAD,1566,785bc0e5375b,25820I7,RECOVERY BOILER,43,43,0,1226,0,3,43,6,1,1,1,1,1,0,3,0,31,9,2,2,0,true,1,1
25820I8A.CAD,1566,d9a0cf907815,25820I8,RECOVERY BOILER,43,43,0,1226,0,3,43,6,1,1,1,1,1,0,3,0,31,9,2,2,0,true,1,1
25820I9A.CAD,1566,5c1f5f21587c,25820I9,RECOVERY BOILER,43,43,0,1226,0,3,43,6,1,1,1,1,1,0,3,0,31,9,2,2,0,true,1,1
25820J1A.CAD,1566,f64b52ce2ac3,25820J1,RECOVERY BOILER,43,43,0,1226,0,3,43,6,1,1,1,1,1,0,3,0,31,9,2,2,0,true,1,1
25820J2A.CAD,1605,82f70339b75f,25820J2,RECOVERY BOILER,38,38,0,998,0,5,36,3,1,0,0,0,0,0,2,0,30,6,2,2,0,true,3,1
25820J3A.CAD,1605,608b7b1e8a8e,25820J3,RECOVERY BOILER,38,38,0,998,0,5,36,3,1,0,0,0,0,0,2,0,30,6,2,2,0,true,3,1
25820J4A.CAD,1605,be3b46a925bb,25820J4,RECOVERY BOILER,38,38,0,998,0,5,36,3,1,0,0,0,0,0,2,0,30,6,2,2,0,true,3,1
25820J5A.CAD,1605,82259a1f93f8,25820J5,RECOVERY BOILER,38,38,0,998,0,5,36,3,1,0,0,0,0,0,2,0,30,6,2,2,0,true,3,1
25820J6A.CAD,1605,58890a8be8cf,25820J6,RECOVERY BOILER,38,38,0,998,0,5,36,3,1,0,0,0,0,0,2,0,30,6,2,2,0,true,3,1
25820J7A.CAD,1605,2da731210cfe,25820J7,RECOVERY BOILER,38,38,0,998,0,5,36,3,1,0,0,0,0,0,2,0,30,6,2,2,0,true,3,1
25820J8A.CAD,1304,5f2ec671d1ce,25820J8,RECOVERY BOILER,36,36,0,994,0,1,36,3,0,1,1,1,1,0,1,0,30,3,1,1,0,true,1,1
25820J9A.CAD,1603,8d54965afdcd,25820J9,RECOVERY BOILER,38,38,0,998,0,5,36,3,1,0,0,0,0,0,2,0,30,9,2,2,0,true,3,1
25820K1A.CAD,1603,b76dc1481b0a,25820K1,RECOVERY BOILER,38,38,0,998,0,5,36,3,1,0,0,0,0,0,2,0,30,9,2,2,0,true,3,1
25820K2A.CAD,1667,608ffd3072be,25820K2,RECOVERY BOILER,38,38,0,1062,0,5,36,3,1,0,0,0,0,0,2,0,30,9,2,2,0,true,3,1
25820K3A.CAD,1064,582328cc9ab8,25820K3,RECOVERY BOILER,30,30,0,766,0,0,28,0,0,0,0,0,0,0,0,0,28,0,0,0,0,false,2,1
25820K4A.CAD,1669,26e909a94a23,25820K4,RECOVERY BOILER,38,38,0,1062,0,5,36,3,1,0,0,0,0,0,2,0,30,6,2,2,0,true,3,1
25820K5A.CAD,1605,ec0f1e31f088,25820K5,RECOVERY BOILER,38,38,0,998,0,5,36,3,1,0,0,0,0,0,2,0,30,6,2,2,0,true,3,1
25820K6A.CAD,1605,22a11976ba87,25820K6,RECOVERY BOILER,38,38,0,998,0,5,36,3,1,0,0,0,0,0,2,0,30,6,2,2,0,true,3,1
25820K7A.CAD,1605,8fd36daf2d87,25820K7,RECOVERY BOILER,38,38,0,998,0,5,36,3,1,0,0,0,0,0,2,0,30,6,2,2,0,true,3,1
25820K8A.CAD,1605,49af6b903add,25820K8,RECOVERY BOILER,38,38,0,998,0,5,36,3,1,0,0,0,0,0,2,0,30,6,2,2,0,true,3,1
25820K9A.CAD,1605,f2a9417dee09,25820K9,RECOVERY BOILER,38,38,0,998,0,5,36,3,1,0,0,0,0,0,2,0,30,6,2,2,0,true,3,1
25820L1A.CAD,1605,aa86f5262b19,25820L1,RECOVERY BOILER,38,38,0,998,0,5,36,3,1,0,0,0,0,0,2,0,30,6,2,2,0,true,3,1
25820L2A.CAD,3550,2714b56266d4,25820L2,AVERAGE VELOCITY FOR THE CROSS- SECTION,96,96,0,2984,0,28,98,21,4,2,2,2,2,0,26,0,43,62,14,14,0,true,2,1
25820L3A.CAD,3638,08e74ff95f20,25820L3,AVERAGE VELOCITY FOR THE CROSS- SECTION,99,99,0,3072,0,28,101,21,4,2,2,2,2,0,26,0,46,62,14,14,0,true,2,1
25820L4A.CAD,3634,8822ec54411f,25820L4,AVERAGE VELOCITY FOR THE CROSS- SECTION,99,99,0,3068,0,28,101,21,4,2,2,2,2,0,26,0,46,62,14,14,0,true,2,1
25820L5A.CAD,3642,366bf95fb4c8,25820L5,AVERAGE VELOCITY FOR THE CROSS- SECTION,99,99,0,3076,0,28,101,21,4,2,2,2,2,0,26,0,46,62,14,14,0,true,2,1
25820L6A.CAD,3636,3d109a862118,25820L6,AVERAGE VELOCITY FOR THE CROSS- SECTION,99,99,0,3070,0,28,101,21,4,2,2,2,2,0,26,0,46,62,14,14,0,true,2,1
25820L7A.CAD,3636,b2498f6f1b51,25820L7,AVERAGE VELOCITY FOR THE CROSS- SECTION,99,99,0,3070,0,28,101,21,4,2,2,2,2,0,26,0,46,62,14,14,0,true,2,1
25820L8A.CAD,3636,9b6f8589471c,25820L8,AVERAGE VELOCITY FOR THE CROSS- SECTION,99,99,0,3070,0,28,101,21,4,2,2,2,2,0,26,0,46,62,14,14,0,true,2,1
25820L9A.CAD,3636,2135284e61f3,25820L9,AVERAGE VELOCITY FOR THE CROSS- SECTION,99,99,0,3070,0,28,101,21,4,2,2,2,2,0,26,0,46,62,14,14,0,true,2,1
25820M1A.CAD,3636,dcc49a3b5759,25820M1,AVERAGE VELOCITY FOR THE CROSS- SECTION,99,99,0,3070,0,28,101,21,4,2,2,2,2,0,26,0,46,62,14,14,0,true,2,1
25820M2A.CAD,3636,383179094dea,25820M2,AVERAGE VELOCITY FOR THE CROSS- SECTION,99,99,0,3070,0,28,101,21,4,2,2,2,2,0,26,0,46,62,14,14,0,true,2,1
25820M3A.CAD,3636,38db95adee6c,25820M3,AVERAGE VELOCITY FOR THE CROSS- SECTION,99,99,0,3070,0,28,101,21,4,2,2,2,2,0,26,0,46,62,14,14,0,true,2,1
25820M4A.CAD,3636,fbe27fb6a7c7,25820M4,AVERAGE VELOCITY FOR THE CROSS- SECTION,99,99,0,3070,0,28,101,21,4,2,2,2,2,0,26,0,46,62,14,14,0,true,2,1
25820M5A.CAD,3636,aedaacb03bf1,25820M5,AVERAGE VELOCITY FOR THE CROSS- SECTION,99,99,0,3070,0,28,101,21,4,2,2,2,2,0,26,0,46,62,14,14,0,true,2,1
25820M6A.CAD,3636,0a9b94383acf,25820M6,AVERAGE VELOCITY FOR THE CROSS- SECTION,99,99,0,3070,0,28,101,21,4,2,2,2,2,0,26,0,46,62,14,14,0,true,2,1
25820M7A.CAD,3628,b5349ea11f67,25820M7,AVERAGE VELOCITY FOR THE CROSS- SECTION,99,99,0,3062,0,28,101,21,4,2,2,2,2,0,26,0,46,62,14,14,0,true,2,1
25820M8A.CAD,3628,f9f3088c8cf7,25820M8,AVERAGE VELOCITY FOR THE CROSS- SECTION,99,99,0,3062,0,28,101,21,4,2,2,2,2,0,26,0,46,62,14,14,0,true,2,1
25820M9A.CAD,4062,0f820ed7270f,25820M9,RECOVERY BOILER,105,105,0,3616,0,35,141,31,2,19,19,19,19,0,34,0,36,60,11,11,0,true,2,1
25820N0A.CAD,1664,645d9a6ba21e,25820N0,NO.1 SPOUT COOLING WATER,47,47,0,1324,0,3,47,6,1,1,1,1,1,0,3,0,35,10,2,2,0,true,1,1
25820N1A.CAD,1664,6823a2235cb4,25820N1,NO.2 SPOUT COOLING WATER,47,47,0,1324,0,3,47,6,1,1,1,1,1,0,3,0,35,10,2,2,0,true,1,1
25820N2A.CAD,2232,2ab30f16b45e,25820N2,NO.3 SPOUT COOLING WATER,62,62,0,1852,0,10,68,12,2,3,4,4,3,1,10,0,36,24,5,5,0,true,1,1
25820N3A.CAD,2432,e3b7177dc2d4,25820N3,BLOW DOWN TANK PRESSURE,70,70,0,1996,0,14,74,10,4,3,3,3,2,1,14,0,40,28,3,3,0,true,1,1
25820N4A.CAD,1538,df25f70da046,25820N4,NO.1 SPOUT COOLING WATER,43,43,0,1184,0,4,43,5,1,1,1,1,1,0,4,0,31,13,3,3,0,true,1,1
25820N5A.CAD,1538,fb8ebd16e189,25820N5,NO.2 SPOUT COOLING WATER,43,43,0,1184,0,4,43,5,1,1,1,1,1,0,4,0,31,13,3,3,0,true,1,1
25820N6A.CAD,1510,5b07fa690bae,25820N6,NO.3 SPOUT COOLING WATER,42,42,0,1156,0,4,42,5,1,1,1,1,1,0,4,0,30,13,3,3,0,true,1,1
25820N7A.CAD,2700,ce5a8913c044,25820N7,RESERVE TANK LEVEL,75,75,0,2152,0,16,79,13,4,3,3,3,2,1,16,0,40,42,5,5,0,true,1,1
25820N8A.CAD,2706,1d5a02e0ad6b,25820N8,EXPANSION TANK LEVEL,75,75,0,2158,0,16,79,13,4,3,3,3,2,1,16,0,40,43,5,5,0,true,1,1
25820N9A.CAD,2938,75d9c9078c88,25820N9,OPEN LIMIT SWITCH,84,84,0,2564,0,11,92,17,1,5,5,5,4,1,11,0,53,24,6,6,0,true,1,1
25820O1A.CAD,3334,a1eb8180a410,25820O1A,SALTCAKE PUMP,87,87,0,2696,0,33,98,28,6,5,6,6,4,1,32,0,21,71,17,16,0,true,2,1
25820O4A.CAD,3434,cfa1b4d6b538,25820O4,RAPID DRAIN P.B,97,97,0,3054,0,30,113,20,3,4,9,9,5,4,18,0,54,29,7,7,0,true,2,1
25820P0A.CAD,2862,746d950d653a,25820P0,RECOVERY BOILER,83,83,0,2378,0,23,88,17,4,3,4,4,2,1,22,0,38,37,11,10,0,true,2,1
25820P1A.CAD,3738,8cb7e5813d3f,25820P1,LOCAL START,112,112,0,3240,0,31,122,22,7,5,6,6,3,3,31,0,50,44,12,12,1,true,1,1
25820P2A.CAD,4012,0de2383dc03c,25820P2,LOCAL START,121,121,0,3514,0,31,131,24,7,5,6,6,3,3,31,0,57,44,12,12,1,true,1,1
25820P3A.CAD,4414,b91553e76c89,25820P3,LOCAL START,135,135,0,3886,0,35,145,28,7,5,6,6,4,2,35,0,63,48,14,14,1,true,1,1
25820P4A.CAD,4176,b708ae58fa22,25820P4,LOCAL START,128,128,0,3648,0,32,136,27,6,5,5,5,3,2,32,0,61,49,14,14,0,true,1,1
25820P6A.CAD,4378,c43e90fde1c5,25820P6,DRUM LEVEL CONTROL,131,131,0,3702,0,56,145,24,15,2,8,8,7,1,55,0,35,89,15,15,0,true,2,1
25820Z0A.CAD,3138,0040884f3fd1,25820Z0,RECOVERY BOILER,79,79,0,2444,0,12,85,30,1,2,4,4,2,2,8,0,38,71,24,24,0,true,3,1
25820Z1A.CAD,5792,5b1d073a67af,25820Z1,RECOVERY BOILER,159,159,0,4660,0,59,180,47,20,10,12,12,10,0,54,0,37,185,35,32,0,true,3,1
25820Z5A.CAD,3678,e7b28f9b03b7,25820Z5,RECOVERY BOILER,68,68,0,3188,0,35,106,32,0,0,23,23,0,16,16,0,19,16,16,0,0,true,3,1
2601000C.CAD,2182,538ce40ed3ae,2601000C,MFC EXCECUTIVES,56,56,0,1648,0,16,60,11,1,0,3,3,0,3,6,0,36,56,7,6,1,true,2,1
2601001A.CAD,1745,5c763824f5c3,2601001,,43,43,0,1360,0,10,53,7,0,6,6,6,6,0,6,0,28,18,1,1,0,true,2,1
2601002A.CAD,1815,f78b136039fe,2601002,,44,44,0,1458,0,9,58,9,0,8,8,8,8,0,8,0,25,19,1,1,0,true,2,1
2601003A.CAD,1869,adaa1cd14c2f,2601003,,46,46,0,1512,0,10,60,9,0,8,8,8,8,0,8,0,27,19,1,1,0,true,2,1
2601004A.CAD,1788,52b7dbea70d4,2601004,,43,43,0,1430,0,8,57,9,0,8,8,8,8,0,8,0,24,20,1,1,0,true,1,1
2601005A.CAD,1753,8f1f4b0c8ffc,2601005,,43,43,0,1396,0,9,55,8,0,7,7,7,7,0,7,0,26,19,1,1,0,true,2,1
2601006A.CAD,1788,a9accce1485e,2601006,,43,43,0,1430,0,10,57,9,0,8,8,8,8,0,8,0,24,20,1,1,0,true,2,1
2601007A.CAD,1900,301aebd8eaaa,2601007,,47,47,0,1542,0,12,61,9,0,8,8,8,8,0,8,0,28,19,1,1,0,true,2,1
2601008A.CAD,1955,c13bea06ab36,2601008,,49,49,0,1598,0,14,63,9,0,8,8,8,8,0,8,0,30,20,1,1,0,true,2,1
2601009A.CAD,1698,255c02f916ce,2601009,,41,41,0,1340,0,7,53,8,0,7,7,7,7,0,7,0,24,18,1,1,0,true,1,1
2601010A.CAD,1669,f587848ad16e,2601010,,37,37,0,1312,0,12,51,9,0,8,8,8,8,0,8,0,18,19,1,1,0,true,2,1
2601011A.CAD,1818,956aff4ed1ed,2601011,,44,44,0,1460,0,9,58,9,0,8,8,8,8,0,8,0,25,20,1,1,0,true,2,1
2601012A.CAD,1845,824056ac6372,2601012,,45,45,0,1488,0,10,59,9,0,8,8,8,8,0,8,0,26,20,1,1,0,true,2,1
2601013A.CAD,1721,d224035609a3,2601013,,42,42,0,1336,0,9,52,7,0,6,6,6,6,0,6,0,27,19,1,1,0,true,2,1
2601014A.CAD,2534,ab606179a2a7,2601014,DSI I/O FOR SLAVE # 14,61,61,0,2212,0,16,91,18,0,16,16,16,0,16,16,0,25,21,2,2,1,true,1,1
2601015A.CAD,3017,45104cd7e1d9,2601015,DSI I/O FOR SLAVE #15,78,78,0,2696,0,34,108,18,0,16,16,16,0,16,16,0,42,22,2,2,1,true,2,1
2601016A.CAD,2997,008a261f9291,2601016,DSI I/O FOR SLAVE #16,80,80,0,2676,0,35,110,18,0,16,16,16,0,16,23,0,37,22,2,2,0,true,3,1
2601017A.CAD,3325,96613c4b7fba,2601017,DSI I/O FOR SLAVE #17,89,89,0,3004,0,45,119,18,0,16,16,16,0,16,16,0,53,22,2,2,0,true,2,1
2601018A.CAD,3270,f63cbd460150,2601018,DSI I/O FOR SLAVE #18,83,83,0,2892,0,37,115,19,1,17,17,16,0,17,18,0,43,23,2,2,1,true,2,1
2601019A.CAD,2849,64ca558414e5,2601019,DSI I/O FOR SLAVE #19,72,72,0,2528,0,28,102,18,0,16,16,16,0,16,16,0,36,22,2,2,0,true,2,1
2601020A.CAD,3325,3a7ac60b6c94,2601020,DSI I/O FOR SLAVE #20,89,89,0,3004,0,45,119,18,0,16,16,16,0,16,16,0,53,22,2,2,0,true,2,1
2601021A.CAD,2877,5bae845a65dc,2601021,DSI I/O FOR SLAVE #21,73,73,0,2556,0,29,103,18,0,16,16,16,0,16,16,0,37,20,2,2,2,true,2,1
2601022A.CAD,2546,49660a5282dc,2601022,DSI I/O FOR SLAVE #22,60,60,0,2192,0,16,90,18,0,16,16,16,16,0,16,0,24,24,2,2,0,true,1,1
2601023A.CAD,2546,a6580b272097,2601023,DSI I/O FOR SLAVE #23,60,60,0,2192,0,16,90,18,0,16,16,16,16,0,16,0,24,24,2,2,0,true,1,1
2601024A.CAD,2546,6aa4bcc8b033,2601024,DSI I/O FOR SLAVE #24,60,60,0,2192,0,16,90,18,0,16,16,16,16,0,16,0,24,24,2,2,0,true,1,1
2601025A.CAD,2546,b618c44e0be7,2601025,DSI I/O FOR SLAVE #25,60,60,0,2192,0,16,90,18,0,16,16,16,16,0,16,0,24,24,2,2,0,true,1,1
2601026A.CAD,2546,c10ae8a2c2e1,2601026,DSI I/O FOR SLAVE #26,60,60,0,2192,0,16,90,18,0,16,16,16,16,0,16,0,24,24,2,2,0,true,1,1
2601027A.CAD,1762,60b44f16e4d8,2601027,DSO I/O FOR SLAVE #27,43,43,0,1436,0,8,57,9,0,8,8,8,8,0,8,0,24,12,1,1,0,true,1,1
2601028A.CAD,1762,51e75892f669,2601028,DSO I/O FOR SLAVE #28,43,43,0,1436,0,8,57,9,0,8,8,8,8,0,8,0,24,12,1,1,0,true,1,1
2601029A.CAD,1037,057c6e52aaac,2601029,,27,27,0,712,0,2,25,1,0,0,0,0,0,0,0,0,24,4,1,1,0,true,1,1
2601030A.CAD,2681,041980fb6cce,2601030,DSI I/O FOR SLAVE #30,66,66,0,2360,0,22,96,18,0,16,16,16,0,16,16,0,30,22,2,2,0,true,2,1
2601031A.CAD,2569,e1cb77aa9534,2601031,DSI I/O FOR SLAVE #31,62,62,0,2248,0,18,92,18,0,16,16,16,0,16,16,0,26,22,2,2,0,true,2,1
2601032A.CAD,2514,6e5460740687,2601032,DSI I/O FOR SLAVE #32,60,60,0,2192,0,16,90,18,0,16,16,16,0,16,16,0,24,21,2,2,2,true,1,1
2601033A.CAD,2514,f014259115aa,2601033,DSI I/O FOR SLAVE #33,60,60,0,2192,0,16,90,18,0,16,16,16,0,16,16,0,24,22,2,2,2,true,1,1
2601034A.CAD,2512,012c92b731b9,2601034,DSI I/O FOR SLAVE #34,60,60,0,2190,0,16,90,18,0,16,16,16,0,16,16,0,24,20,2,2,2,true,1,1
2601035A.CAD,2514,6c8a265c60e0,2601035,DSI I/O FOR SLAVE #35,60,60,0,2192,0,16,90,18,0,16,16,16,0,16,16,0,24,22,2,2,1,true,1,1
2601036A.CAD,2546,d68a6294aaeb,2601036,DSI I/O FOR SLAVE #36,60,60,0,2192,0,16,90,18,0,16,16,16,16,0,16,0,24,24,2,2,0,true,1,1
2601037A.CAD,2542,30f31894ecaa,2601037,DSI I/O FOR SLAVE #37,60,60,0,2192,0,16,90,18,0,16,16,16,0,16,16,0,24,21,2,2,2,true,1,1
2601038A.CAD,2424,dfad7f05e3dc,2601038,DSI I/O FOR SLAVE #38,58,58,0,2102,0,15,86,17,0,15,15,15,0,15,15,0,24,21,2,2,0,true,1,1
2601039A.CAD,2460,e232dfd9fbf7,2601039,DSO  SLAVE #39,56,56,0,2106,0,16,86,18,0,16,16,16,16,0,16,0,20,24,2,2,0,true,1,1
2601040A.CAD,2546,ed6838ea793e,2601040,DSI I/O FOR SLAVE #40,60,60,0,2192,0,16,90,18,0,16,16,16,16,0,16,0,24,24,2,2,0,true,1,1
2601041A.CAD,1095,01224971bc95,2601041,CIS I/O FOR SLAVE #41,28,28,0,738,0,2,26,1,0,0,0,0,0,0,0,0,25,8,1,1,0,true,1,1
2601042A.CAD,1095,d84b1fcea3ee,2601042,CIS I/O FOR SLAVE #42,28,28,0,738,0,2,26,1,0,0,0,0,0,0,0,0,25,8,1,1,0,true,1,1
2601043A.CAD,2922,ddaf5e5fc344,2601043,IMASI02 FOR SLAVE # 43,66,66,0,2414,0,19,94,18,2,15,15,15,0,15,19,0,25,41,3,3,2,true,1,1
2601044A.CAD,2354,72d2cd71b8c7,2601044,IMASI02 FOR ANALOG SLAVE 44,54,54,0,1846,0,13,72,13,1,10,10,10,0,10,13,0,25,33,3,3,0,true,1,1
2601045A.CAD,1576,f589f15a8759,2601045A,IMASI02 FOR ANALOG SLAVE 44,36,36,0,1086,0,4,40,5,0,3,3,3,3,0,4,0,25,31,2,2,0,true,1,1
2601070A.CAD,3651,0524f200c8ef,2601070,TIMED OUT,105,105,0,3080,0,45,117,24,10,2,7,7,3,4,40,0,29,61,13,13,1,true,3,1
2601071A.CAD,1670,17749d828685,2601071,SLURRY MIX TANK,42,42,0,1226,0,12,42,7,2,1,1,1,1,0,11,0,20,25,3,3,0,true,2,1
2601072A.CAD,1266,ca879b2aa389,2601072,SLURRY MIX TANK,31,31,0,926,0,3,31,5,1,1,1,1,1,0,3,0,20,9,2,2,0,true,1,1
2601073A.CAD,5220,60d053548619,2601073,TIMED OUT,154,154,0,4454,0,68,172,36,17,1,10,10,6,4,67,0,32,99,24,24,0,true,2,1
2601074A.CAD,6342,baace0398733,2601074,ACID SEWERS,209,209,0,5432,0,107,218,46,29,0,5,5,4,1,107,0,26,138,41,41,0,true,1,1
2601075A.CAD,5244,492fb911617f,2601075,TIMED OUT,154,154,0,4478,0,68,172,37,17,1,10,10,6,4,67,0,31,99,24,24,0,true,2,1
2601076A.CAD,6342,558679004388,2601076,SEWERS TOTAL,209,209,0,5432,0,107,218,46,29,0,5,5,4,1,107,0,26,138,41,41,0,true,1,1
2601077A.CAD,3928,1b0f47e0c414,2601077,LOCAL STOP,114,114,0,3414,0,34,122,30,6,5,5,5,4,1,33,0,43,45,14,14,1,true,2,1
2601078A.CAD,3058,5f345a245f69,2601078,RUN REQUEST,90,90,0,2544,0,32,92,22,6,2,2,2,1,1,30,0,30,42,14,14,1,true,2,1
2601079A.CAD,3094,864209d1e02e,2601079,LOCAL STOP,91,91,0,2580,0,33,93,22,6,2,2,2,1,1,31,0,30,42,14,14,1,true,2,1
2601080A.CAD,4222,c28680df55a6,2601080,LOCAL STOP,122,122,0,3708,0,36,132,33,7,6,6,6,4,2,35,0,45,45,14,14,2,true,2,1
2601085A.CAD,2462,5e1834d5e708,2601085,GREEN LIQOUR CLARIFIER,65,65,0,1944,0,15,71,16,3,2,4,4,2,2,15,0,29,52,11,11,0,true,1,1
2601087A.CAD,1584,5bc1a6578c2b,2601087,ALSO USED ON,40,40,0,1228,0,5,42,7,1,1,2,2,1,1,5,0,25,14,3,3,0,true,1,1
2601088A.CAD,1262,61504b3ad557,2601088,GREEN LIQUOR,31,31,0,922,0,3,31,5,1,1,1,1,1,0,3,0,20,10,2,2,0,true,1,1
2601089A.CAD,3446,bcff32cce3f7,2601089,DREG FILTER FLOW CONTROL,94,94,0,2818,0,37,104,22,9,5,6,6,5,1,36,0,25,68,12,12,0,true,2,1
2601090A.CAD,2966,a87fb8b6b3d0,2601090,G.L FLOW LOW/LOW,83,83,0,2494,0,24,91,16,5,3,5,5,4,1,23,0,37,38,6,6,0,true,2,1
26010A8A.CAD,1940,c1ef3b393bcd,26010A8,DREGS MIXING TANK B,55,55,0,1566,0,9,59,9,2,1,3,3,1,2,9,0,33,18,4,4,0,true,1,1
26010A9A.CAD,1600,6de1845681d2,26010A9,SUMP PUMP LEVEL,44,44,0,1284,0,4,46,6,1,1,2,2,1,1,4,0,31,7,2,2,0,true,1,1
26010B1A.CAD,2464,1d0d10a8dc9c,26010B1,MILL WATER SUMP LEVEL,70,70,0,2064,0,15,76,14,4,2,4,4,2,2,14,0,36,24,7,7,1,true,2,1
26010B2A.CAD,2064,532b3616906d,26010B2,SLAKER & CLASSIFIER TANK,57,57,0,1678,0,10,61,10,2,1,3,3,1,2,9,0,34,21,5,5,0,true,2,1
26010B3A.CAD,2136,6edcbcfb576d,26010B3,LIME MUD,58,58,0,1712,0,12,62,9,3,3,3,3,2,1,12,0,32,24,2,2,0,true,1,1
26010B4A.CAD,2010,d9febbc1afb9,26010B4,WHITE LIQUOR CLARRIFIER,56,56,0,1586,0,9,56,10,3,1,1,1,1,0,9,0,32,28,6,6,0,true,1,1
26010B5A.CAD,2188,b568f8efdc19,26010B5,ALSO USED ON,61,61,0,1816,0,9,67,10,2,1,4,4,1,3,9,0,38,19,4,4,0,true,1,1
26010B6A.CAD,1230,47f6706a4da9,26010B6,SLAKER & CLASSIFIER AGITATOR CURRENT,29,29,0,890,0,3,29,5,1,1,1,1,1,0,3,0,18,10,2,2,0,true,1,1
26010B7A.CAD,3307,956b8459314b,26010B7,WHITE LIQUOR STORAGE TANK,93,93,0,2756,0,31,101,24,5,2,5,5,2,3,26,0,36,61,14,14,0,true,3,1
26010B8A.CAD,1930,6a5caf46b075,26010B8,WHITE LIQUOR STAND PIDE,53,53,0,1506,0,13,55,7,3,2,2,2,1,1,12,0,29,24,2,2,0,true,2,1
26010B9A.CAD,3318,212857024155,26010B9,LIME MUD WASHER TANK,94,94,0,2710,0,28,102,19,7,1,5,5,3,2,28,0,38,70,12,12,0,true,1,1
26010C1A.CAD,2148,4d689daaa93b,26010C1,ALSO USED ON,60,60,0,1776,0,9,66,10,2,1,4,4,1,3,9,0,37,21,4,4,0,true,1,1
26010C2A.CAD,2368,f1df0e9678b1,26010C2,LIME MUD FLOW,67,67,0,1890,0,15,69,14,3,2,2,2,2,0,14,0,34,43,9,9,0,true,2,1
26010C3A.CAD,3194,6a125fe5b085,26010C3,LIME MUD TF,91,91,0,2666,0,30,99,20,6,5,5,5,4,1,29,0,34,51,10,10,0,true,2,1
26010C4A.CAD,2801,b5ac4e5b53db,26010C4,LIME MUD TS,78,78,0,2314,0,21,88,15,3,1,6,6,5,1,20,0,38,44,7,7,0,true,2,1
26010C5A.CAD,2230,e6774b7e5c35,26010C5,WARM WATER TANK,60,60,0,1776,0,13,64,10,3,3,3,3,2,1,13,0,32,32,3,3,0,true,1,1
26010C6A.CAD,2612,d1b60a1fcff8,26010C6,DREGS FILTER,72,72,0,2152,0,20,80,14,5,4,5,5,3,2,19,0,32,33,4,4,0,true,2,1
26010C7A.CAD,1912,69a7eb029818,26010C7,CAUSTICIZER STAND P.P.E,51,51,0,1556,0,9,57,9,1,1,4,4,1,3,7,0,32,15,3,3,0,true,2,1
26010C8A.CAD,1468,27ff066c3416,26010C8,LIME MUD FILTER,40,40,0,1128,0,3,40,5,1,1,1,1,1,0,3,0,29,10,2,2,0,true,1,1
26010C9A.CAD,5786,f0d0d3a1a1aa,26010C9,TO LIME KILN,173,173,0,4844,0,73,185,44,17,3,7,7,4,2,68,0,43,139,33,32,0,true,3,1
26010D0A.CAD,2872,ea60e3b06310,26010D0A,WHITE LIQUOR TO DIGESTER,82,82,0,2382,0,24,90,17,6,1,5,5,4,1,23,0,34,43,9,9,0,true,2,1
26010D1A.CAD,4068,3893d84dd4b2,26010D1A,LIME MUD WASHER,117,117,0,3476,0,43,131,25,11,3,8,8,5,3,41,0,38,67,11,11,0,true,2,1
26010D2A.CAD,2086,28fd27616674,26010D2A,VALVE POSITION CLOSED,56,56,0,1760,0,5,60,10,1,3,3,3,2,1,5,0,38,9,1,1,0,true,1,1
26010D3A.CAD,4192,6e73dfef6efe,26010D3A,BACKWASHING ON,125,125,0,3606,0,38,133,30,9,5,5,5,4,1,37,0,47,63,16,16,0,true,2,1
26010D4A.CAD,3336,fea363c15bbf,26010D4A,LIME MUD FILTER VACUUM RECIEVER,94,94,0,2802,0,32,103,20,7,5,6,6,4,1,29,0,36,47,9,8,0,true,3,1
26010D5A.CAD,1762,12cab5679cd3,26010D5A,LIME BIN LEVEL LOW,48,48,0,1444,0,2,50,8,0,2,2,2,2,0,2,0,36,8,2,2,0,true,1,1
26010D6A.CAD,1608,f87f931c17ae,26010D6A,,44,44,0,1250,0,6,44,7,1,1,1,1,1,0,5,0,29,13,3,3,0,true,2,1
26010D7A.CAD,1138,5be01f5f0249,26010D7A,FC Kiln Drive Temperature.,26,26,0,810,0,1,26,4,0,1,1,1,1,0,1,0,19,7,1,1,0,true,1,1
26010D8A.CAD,1228,003da9f069a8,26010D8A,WHITE LIQUOR CLARIF TANK TURBIDITY,29,29,0,888,0,3,29,5,1,1,1,1,1,0,3,0,18,9,2,2,0,true,1,1
26010D9A.CAD,1224,a435f630ff58,26010D9A,LIME MUD WASHER TANK TURBIDITY,29,29,0,884,0,3,29,5,1,1,1,1,1,0,3,0,18,10,2,2,0,true,1,1
26010E0A.CAD,2110,7399a9c53dc4,26010E0A,WARM WATER TANK,57,57,0,1686,0,12,61,9,3,3,3,3,2,1,12,0,31,25,2,2,0,true,1,1
26010E1A.CAD,2764,170beb4ace56,26010E1A,WHITE LIQUOR UNDERFLOW,76,76,0,2276,0,21,86,15,3,1,6,6,5,1,20,0,36,45,7,7,0,true,2,1
26010E2A.CAD,1738,51d35ef18a0d,26010E2A,LIME MUD WASHER RAKE LIFT,47,47,0,1382,0,6,49,8,2,1,2,2,1,1,6,0,29,14,3,3,0,true,1,1
26010E3A.CAD,1218,53264e708cf3,26010E3A,LIME MUD WASHER CURRENT,29,29,0,878,0,3,29,5,1,1,1,1,1,0,3,0,18,9,2,2,0,true,1,1
26010E4A.CAD,1382,1f5c8322f93c,26010E4A,ACID TANK LEVEL,38,38,0,1074,0,1,38,4,0,1,1,1,1,0,1,0,31,4,1,1,0,true,1,1
26010E5A.CAD,1108,d6ea4062a725,26010E5A,SLAKER & CLASSIFIER RAKE CURRENT,25,25,0,780,0,1,25,4,0,1,1,1,1,0,1,0,18,7,1,1,0,true,1,1
26010E6A.CAD,1418,a6b45bc91161,26010E6A,LIME MUD STORAGE TANK AGITATOR CURR,34,34,0,1060,0,6,36,7,1,1,2,2,1,1,5,0,19,15,3,3,0,true,2,1
26010E7A.CAD,1218,965da0e2c526,26010E7A,LIME MUD FILTER CURRENT,29,29,0,878,0,3,29,5,1,1,1,1,1,0,3,0,18,9,2,2,0,true,1,1
26010E8A.CAD,1157,06f19e67a3c5,26010E8A,GREEN LIQUAR CONDUCTIVITY,27,27,0,830,0,3,27,4,0,1,1,1,1,0,1,0,20,7,1,1,0,true,2,1
26010E9A.CAD,1386,791c4a90301c,26010E9A,GREEN LIQUOR,39,39,0,1028,0,5,37,4,1,0,0,0,0,0,4,0,28,12,3,3,0,true,2,1
26010F0A.CAD,1102,b11e5cdb4ce5,26010F0A,WHITE LIQUAR CONDUCTIVITY,25,25,0,774,0,1,25,4,0,1,1,1,1,0,1,0,18,7,1,1,0,true,1,1
26010F1A.CAD,1386,7a1c03d0f82d,26010F1A,WHITE LIQUOR,39,39,0,1028,0,5,37,4,1,0,0,0,0,0,4,0,28,12,3,3,0,true,2,1
26010F2A.CAD,1474,ec61c63756eb,26010F2A,ACID TANK LEVEL,41,41,0,1166,0,1,41,5,0,1,1,1,1,0,1,0,33,4,1,1,0,true,1,1
26010F3A.CAD,1424,e334a2231aec,26010F3A,ACID TANK LEVEL,40,40,0,1116,0,1,40,4,0,1,1,1,1,0,1,0,33,4,1,1,0,true,1,1
26010F4A.CAD,3120,dcd2e34a23ee,26010F4A,GREEN LIQUOR SURGE TANK,87,87,0,2618,0,25,97,17,6,3,6,6,4,2,23,0,39,42,6,6,0,true,3,1
26010F5A.CAD,1232,e735b5e9f97e,26010F5A,GREEN LIQUAR SURGE TANK AGITATOR CURR,29,29,0,892,0,3,29,5,1,1,1,1,1,0,3,0,18,9,2,2,0,true,1,1
26010F6A.CAD,1358,dff747e1106e,26010F6A,CLARRIFIER RAKE MOTOR,36,36,0,1030,0,1,36,4,0,1,1,1,1,0,1,0,29,7,1,1,0,true,1,1
26010F7A.CAD,1226,930de01ba4ca,26010F7A,,29,29,0,886,0,3,29,5,1,1,1,1,1,0,3,0,18,9,2,2,0,true,1,1
26010F8A.CAD,1224,9369ba84d71d,26010F8A,,29,29,0,884,0,3,29,5,1,1,1,1,1,0,3,0,18,10,2,2,0,true,1,1
26010F9A.CAD,2624,f49ef35f70c5,26010F9A,UNDER FLOW,75,75,0,2164,0,21,81,15,5,1,4,4,4,0,20,0,33,37,8,8,0,true,2,1
26010G0A.CAD,2620,bd40c520865e,26010G0A,,75,75,0,2160,0,21,81,15,5,1,4,4,4,0,20,0,33,37,8,8,0,true,2,1
26010G1A.CAD,2058,6e9bd4d972b9,26010G1A,,56,56,0,1732,0,5,60,10,1,3,3,3,2,1,5,0,38,9,1,1,0,true,1,1
26010G2A.CAD,1578,3d98eab1ff05,26010G2A,SLAKER GLAND WATER FLOW,43,43,0,1260,0,4,45,6,1,1,2,2,1,1,4,0,30,7,2,2,0,true,1,1
26010G3A.CAD,3218,995b0ced43e9,26010G3A,DREGS FEED TO DREGS FILTER,89,89,0,2712,0,29,95,24,5,5,5,5,2,1,26,0,32,39,14,12,0,true,3,1
26010G4A.CAD,1656,37b459760b3e,26010G4A,DREG FILTER VALVE,43,43,0,1330,0,4,49,7,0,3,4,4,3,1,4,0,30,10,1,1,0,true,1,1
26010G5A.CAD,2472,1be1b690f211,26010G5A,SETTLING POND INLET,68,68,0,2008,0,20,73,11,4,3,4,4,2,1,18,0,33,30,5,4,0,true,3,1
26010G6A.CAD,2138,92d31e180802,26010G6A,FILTER FLOW VALVE,57,57,0,1812,0,4,63,11,0,3,4,4,3,1,4,0,40,10,1,1,0,true,1,1
26010G7A.CAD,2160,c6b82f1b8746,26010G7A,FILTER FLOW VALVE,58,58,0,1834,0,4,64,11,0,3,4,4,3,1,4,0,41,10,1,1,0,true,1,1
26010G8A.CAD,2136,90409df3c0d2,26010G8A,DREGS FILTER DRAIN VALVE,57,57,0,1810,0,4,63,11,1,3,4,4,3,1,4,0,39,10,1,1,0,true,1,1
26010G9A.CAD,2076,bb61c59f2ca3,26010G9A,DREGS TO DREGS FILTER VALVE,55,55,0,1750,0,4,61,11,0,3,4,4,3,1,4,0,38,10,1,1,0,true,1,1
26010H0A.CAD,2182,b2ad56c0775e,26010H0A,WATER FLOW VALVE,58,58,0,1856,0,4,64,12,0,3,4,4,3,1,4,0,40,10,1,1,0,true,1,1
26010H1A.CAD,3456,ec5047915dae,26010H1A,NOT USED,97,97,0,2938,0,30,107,22,6,4,6,6,5,1,28,0,39,49,8,8,0,true,2,1
26010H2A.CAD,3200,6a351560794a,26010H2A,LIME MUD FILTER DRAIN VALVE,88,88,0,2808,0,16,104,21,2,6,9,9,7,2,16,0,47,27,6,6,0,true,1,1
26010H3A.CAD,2226,c0aa9fc0c128,26010H3A,LIME MUD PRECOAT,62,62,0,1878,0,7,66,11,2,3,3,3,2,1,7,0,40,13,2,2,0,true,1,1
26010H4A.CAD,1886,e1d0ac512b31,26010H4A,DREGS MIXING TANK,52,52,0,1520,0,10,56,9,2,1,3,3,1,2,9,0,30,17,4,4,0,true,2,1
26010H5A.CAD,1354,88b7b6368a42,26010H5A,CURRENT INDICATION,36,36,0,1026,0,1,36,4,0,1,1,1,1,0,1,0,29,6,1,1,0,true,1,1
26010H6A.CAD,1354,62c3f3f0b45e,26010H6A,CURRENT INDICATION,36,36,0,1026,0,1,36,4,0,1,1,1,1,0,1,0,29,8,1,1,0,true,1,1
26010H7A.CAD,1354,303611e9aef0,26010H7A,VOLTAGE INDICATION,36,36,0,1026,0,1,36,4,0,1,1,1,1,0,1,0,29,7,1,1,0,true,1,1
26010H8A.CAD,1354,bbc529524a3c,26010H8A,VOLTAGE INDICATION,36,36,0,1026,0,1,36,4,0,1,1,1,1,0,1,0,29,7,1,1,0,true,1,1
26010H9A.CAD,1784,0adb01abe121,26010H9A,LIQUOR TO/FROM DISOLVING TANK,49,49,0,1458,0,5,51,8,1,2,2,2,2,0,5,0,33,6,1,1,0,true,1,1
26010I0A.CAD,2476,035c9b2933a9,26010I0A,TO RECOVERY BOILER,64,64,0,2070,0,12,80,13,0,8,9,9,8,1,12,0,37,30,4,4,1,true,1,1
26010I1A.CAD,2248,356b6ebda6c8,26010I1A,LIQUOR TO/FROM DISOLVING TANK,66,66,0,1866,0,14,68,10,5,2,2,2,2,0,14,0,35,13,3,3,0,true,1,1
26010I2A.CAD,1784,8fc979d40562,26010I2A,LIQUOR TO/FROM DISOLVING TANK,49,49,0,1458,0,5,51,8,1,2,2,2,2,0,5,0,33,6,1,1,0,true,1,1
26010I3A.CAD,1784,ea2ab96074b9,26010I3A,LIQUOR TO/FROM DISOLVING TANK,49,49,0,1458,0,5,51,8,1,2,2,2,2,0,5,0,33,6,1,1,0,true,1,1
26010I4A.CAD,3836,64bde7b0f0ed,26010I4A,ALSO USED,110,110,0,3272,0,33,123,26,6,3,8,8,5,2,30,0,46,60,15,14,0,true,3,1
26010I5A.CAD,2686,bb8408deaa32,26010I5A,SULPHUR DISSOLVER LEVEL CONTROL,73,73,0,2210,0,24,81,15,5,3,5,5,2,3,22,0,29,35,5,5,0,true,3,1
26010I6A.CAD,2724,9d79b597a6c7,26010I6A,SULPHUR DISSOLVER DOSING VALVE,77,77,0,2218,0,27,83,15,6,3,4,4,3,1,26,0,28,42,8,8,0,true,2,1
26010I8A.CAD,2464,3c5eb8069ddf,26010I8,G.L. TRANS PUMP,65,65,0,1990,0,13,75,15,0,3,6,6,5,1,12,0,36,50,8,8,0,true,2,1
26010I9A.CAD,3358,0a9ec820d2f4,26010I9,CAUSTICIZER STAND PIPE,95,95,0,2846,0,29,107,20,7,5,7,7,5,2,28,0,38,46,8,8,0,true,2,1
26010J0A.CAD,3354,67236aa06d1e,26010J0,INTERLOCK BYPASS,94,94,0,2842,0,29,106,20,7,5,7,7,5,2,28,0,37,46,8,8,0,true,2,1
26010J1A.CAD,4976,4ed922965fc0,26010J1,GREEN LIQ FLOW SLAKER,138,138,0,4204,0,47,157,34,9,6,10,10,9,2,46,0,47,106,18,18,0,true,2,1
26010J2A.CAD,5780,eb09637ce60d,26010J2,CASCADE STATION,157,157,0,4758,0,67,178,41,15,6,13,13,5,6,62,0,36,163,25,23,0,true,4,1
26010J3A.CAD,3558,728a4a81f5d8,26010J3,NO.1 WHITE LIQUOR PUMP,99,99,0,3038,0,31,115,23,7,5,9,9,6,3,30,0,37,53,9,9,0,true,2,1
26010J4A.CAD,3372,eb4c5ca47b06,26010J4,NO.2 WHITE LIQUOR PUMP,95,95,0,2852,0,29,107,21,6,5,7,7,5,2,28,0,38,51,9,9,0,true,2,1
26010J5A.CAD,3926,45de39321fb6,26010J5,,110,110,0,3406,0,35,128,26,8,5,10,10,7,3,34,0,40,53,9,9,0,true,2,1
26010J6A.CAD,3664,d63bdbbaa084,26010J6,INTERLOCK BYPASS,103,103,0,3144,0,33,119,23,7,5,9,9,7,2,32,0,39,52,9,9,0,true,2,1
26010J7A.CAD,4482,2d49948b9212,26010J7,,127,127,0,3862,0,48,146,32,11,6,11,11,5,5,45,0,37,72,16,15,0,true,3,1
26010J8A.CAD,4332,8183bec0c2e4,26010J8,,120,120,0,3726,0,40,142,31,7,7,12,12,9,3,38,0,42,71,13,13,0,true,2,1
26010J9A.CAD,5192,ffd07d5ace3d,26010J9,TIMED OUT,147,147,0,4468,0,43,172,33,5,7,13,13,7,6,41,0,67,80,19,19,0,true,3,1
26010K0A.CAD,4254,3726023ff8b1,26010K0,CLEANING SEQUENCE COMPLETE,118,118,0,3548,0,36,139,25,5,3,11,11,5,6,35,0,52,60,13,13,0,true,2,1
26010K1A.CAD,5356,ebd551b549f7,26010K1,VAT DRAIN CLOSED,142,142,0,4550,0,41,179,33,4,11,19,19,13,6,40,0,64,82,13,13,0,true,2,1
26010K2A.CAD,6518,d28bde372c0c,26010K2,DREGS SUPPLY ON,179,179,0,5642,0,55,219,40,8,9,20,18,12,9,54,0,76,99,18,18,0,true,2,1
26010K3A.CAD,3208,fed05753b3ec,26010K3,TIMED OUT,86,86,0,2802,0,18,113,22,0,2,14,11,10,4,18,0,45,34,8,8,0,true,1,1
26010K4A.CAD,4667,c2ef9ed11e31,26010K4,TIMED OUT,127,127,0,3856,0,40,146,26,8,0,10,10,1,9,37,0,55,83,15,15,0,true,3,1
26010K5A.CAD,4667,10ce3e29978e,26010K5A,WHITE LIQUOR SLURRY PUMP,135,135,0,4144,0,44,166,31,7,13,16,16,14,2,43,0,53,59,15,15,0,true,2,1
26010K6A.CAD,6187,a4b6473d1774,26010K6,TIMED OUT,178,178,0,5246,0,65,205,41,12,8,14,14,8,6,63,0,61,110,26,26,0,true,3,1
26010K7A.CAD,5391,9ecf29ab02eb,26010K7,TIMED OUT,164,164,0,4850,0,61,190,34,16,6,13,13,7,7,58,0,55,63,20,20,0,true,2,1
26010K8A.CAD,4198,456152a342d8,26010K8,TIMED OUT',116,116,0,3446,0,40,133,27,6,3,9,9,5,4,39,0,43,74,17,17,0,true,2,1
26010K9A.CAD,5568,3dba5118326e,26010K9,FILTER VAT DRAIN VALVE,147,147,0,4726,0,44,186,35,4,12,20,20,13,7,43,0,64,84,14,14,0,true,2,1
26010L0A.CAD,3320,aa9d2828be0d,26010L0,LIME MUD FILTER,88,88,0,2722,0,25,107,20,2,5,10,10,6,4,24,0,41,42,9,9,0,true,2,1
26010L1A.CAD,1914,7b1998d5115e,26010L1,LIME MUD FILTER,50,50,0,1574,0,7,63,10,0,0,7,6,6,1,7,0,32,13,3,3,0,true,1,1
26010L2A.CAD,5288,6d4dcafa0004,26010L2,LOCAL STOP,155,155,0,4720,0,48,172,40,9,5,9,9,7,3,47,0,57,63,19,19,0,true,2,1
26010L3A.CAD,2182,3f98f6497e39,26010L3,FROM CHEM. PLANT,63,63,0,1856,0,21,67,7,1,1,3,3,1,2,5,0,48,11,2,2,0,true,2,1
26010L4A.CAD,3964,1692f305dc27,26010L4,LOCAL STOP,114,114,0,3458,0,27,124,29,5,5,6,6,4,2,27,0,51,45,13,13,0,true,1,1
26010L5A.CAD,4310,65b6e9d994f0,26010L5,LOCAL STOP,127,127,0,3794,0,34,139,31,7,6,7,7,5,2,34,0,53,49,14,14,0,true,1,1
26010L6A.CAD,3972,f3d0b4f5e139,26010L6,LOCAL STOP,115,115,0,3466,0,27,125,29,5,5,6,6,4,2,27,0,52,45,13,13,0,true,1,1
26010L7A.CAD,4682,e687e20d7f17,26010L7,LOCAL STOP,136,136,0,4140,0,36,148,34,6,5,8,8,6,2,36,0,56,55,16,16,0,true,1,1
26010L8A.CAD,4240,7bf49a872040,26010L8,LOCAL ENABLE,124,124,0,3734,0,34,136,30,7,5,7,7,5,2,34,0,51,46,13,13,0,true,1,1
26010L9A.CAD,4172,f4649034f0c6,26010L9,LOCAL STOP,123,123,0,3666,0,31,133,29,6,5,6,6,4,2,31,0,55,45,13,13,0,true,1,1
26010M0A.CAD,4678,bd82b4980830,26010M0,LOCAL STOP,138,138,0,4124,0,38,150,35,7,6,7,7,5,2,37,0,57,58,16,16,0,true,2,1
26010M1A.CAD,4706,bafc3b303d98,26010M1,LOCAL START,139,139,0,4148,0,44,152,35,9,4,7,7,5,3,43,0,50,59,18,18,0,true,2,1
26010M2A.CAD,5046,a28c55197cb5,26010M2,LOCAL START,149,149,0,4476,0,48,166,37,10,4,9,9,6,4,48,0,52,64,19,19,0,true,1,1
26010M4A.CAD,5284,3914254baa08,26010M4,LOCAL STOP,153,153,0,4696,0,44,170,41,9,6,9,9,7,3,44,0,57,67,19,19,0,true,1,1
26010M5A.CAD,4960,af32c9ff9f2c,26010M5,LOCAL STOP,146,146,0,4402,0,44,161,37,9,5,8,8,6,3,44,0,54,60,18,18,0,true,1,1
26010M6A.CAD,5010,0a52060a8b7c,26010M6,LOCAL STOP,147,147,0,4452,0,44,162,38,9,5,8,8,6,3,44,0,54,60,18,18,0,true,1,1
26010M7A.CAD,5320,0cdd979e5276,26010M7,CAUSTICIZER STAND PIPE LEVEL LOW,160,160,0,4736,0,49,175,36,11,4,8,8,6,3,49,0,62,65,19,19,0,true,1,1
26010M8A.CAD,5218,e0ed59441bff,26010M8,ALSO USED ON,157,157,0,4634,0,49,172,36,11,4,8,8,6,3,49,0,59,65,19,19,0,true,1,1
26010M9A.CAD,4006,00bc0809a0bb,26010M9,LOCAL ENABLE,119,119,0,3500,0,32,127,28,7,5,5,5,3,2,32,0,50,45,13,13,0,true,1,1
26010N0A.CAD,5140,f9efa110ccd7,26010N0,LOCAL STOP,150,150,0,4532,0,49,164,38,9,7,9,9,5,2,47,0,54,63,21,19,0,true,2,1
26010N1A.CAD,5110,f62fd91b028f,26010N1,LOCAL STOP,150,150,0,4564,0,46,170,38,10,7,11,11,7,4,46,0,54,58,17,17,1,true,1,1
26010N2A.CAD,5070,107c42e5dd2f,26010N2,LOCAL STOP,149,149,0,4504,0,43,165,40,8,6,9,9,6,3,43,0,56,64,19,19,0,true,1,1
26010N3A.CAD,4068,11273467a7b4,26010N3,LOCAL ENABLE,119,119,0,3562,0,31,129,29,6,5,6,6,4,2,31,0,51,45,13,13,0,true,1,1
26010N4A.CAD,4716,7b6681e1f3ec,26010N4,LOCAL ENABLE,137,137,0,4150,0,40,151,35,8,6,8,8,5,3,37,0,55,60,16,16,0,true,2,1
26010N6A.CAD,4418,9623c0bf0b01,26010N6,LOCAL STOP,129,129,0,3900,0,36,143,32,7,6,8,8,5,3,36,0,52,49,14,14,0,true,1,1
26010N7A.CAD,3770,adfed6d46a27,26010N7,LOCAL ENABLE,111,111,0,3264,0,31,119,27,6,4,5,5,3,2,30,0,46,44,13,13,0,true,2,1
26010N8A.CAD,5892,09351f61ea5b,26010N8,LOCAL ENABLE,171,171,0,5222,0,55,194,45,12,7,12,12,8,5,55,0,57,92,22,22,1,true,1,1
26010N9A.CAD,2928,0ed7a195e097,26010N9,PERMISSIVE TO MOVE UP/DOWN,83,83,0,2482,0,17,91,17,3,2,5,5,2,3,16,0,45,33,8,8,0,true,2,1
26010O0A.CAD,3592,f188a59fb139,26010O0,RUN REQUEST,103,103,0,3092,0,31,117,24,6,2,8,8,5,3,31,0,40,45,12,12,0,true,1,1
26010O1A.CAD,4380,d4ebf8d79068,26010O1,LOCAL ENABLE,128,128,0,3874,0,34,142,31,7,5,8,8,6,2,34,0,54,47,13,13,0,true,1,1
26010O2A.CAD,6114,062da81f8f40,26010O2,LOCAL STOP,182,182,0,5486,0,63,207,47,14,6,14,14,5,8,61,0,58,74,24,23,0,true,3,1
26010O3A.CAD,4738,af761b29ed31,26010O3,LOCAL STOP,138,138,0,4212,0,38,156,35,8,5,10,10,6,4,38,0,55,53,15,15,0,true,1,1
26010O4A.CAD,4850,157e4a951c37,26010O4,LOCAL STOP,142,142,0,4312,0,42,160,36,9,6,10,10,6,4,42,0,53,55,16,16,0,true,1,1
26010O5A.CAD,4386,558237f31c63,26010O5,LOCAL ENABLE,128,128,0,3870,0,37,142,32,8,5,8,8,5,3,37,0,49,49,14,14,0,true,1,1
26010O6A.CAD,3956,ae42c47e95bd,26010O6,LOCAL STOP,114,114,0,3450,0,27,124,29,5,5,6,6,4,2,27,0,51,45,13,13,0,true,1,1
26010O7A.CAD,3090,ee6b224a9955,26010O7,UP/DOWN PERMISIVE,89,89,0,2644,0,22,99,18,4,2,6,6,2,4,19,0,46,34,8,8,0,true,2,1
26010O8A.CAD,5224,3a33ce9313b1,26010O8,LOCAL STOP,155,155,0,4636,0,45,171,41,9,6,9,9,5,4,45,0,58,66,20,20,0,true,1,1
26010O9A.CAD,4416,fb2f5a97580c,26010O9,LOCAL ENABLE,129,129,0,3900,0,37,143,33,8,5,8,8,5,3,36,0,50,49,14,14,0,true,2,1
26010P0A.CAD,2526,7df13f39de03,26010P0,FILTRATE PUMP,70,70,0,2120,0,17,78,17,3,4,5,5,2,3,17,0,31,27,8,8,0,true,1,1
26010P1A.CAD,4165,080909990ee2,26010P1,LOCAL ENABLE,121,121,0,3632,0,34,133,30,7,5,7,7,4,3,33,0,49,46,13,13,0,true,2,1
26010P2A.CAD,5344,304013a22896,26010P2,LOCAL ENABLE,157,157,0,4744,0,50,174,42,9,6,9,9,7,3,50,0,54,76,22,22,0,true,1,1
26010P3A.CAD,4186,b8fe5c0e414c,26010P3,LOCAL ENABLE,121,121,0,3654,0,33,132,31,6,5,7,7,4,2,32,0,50,49,15,14,0,true,2,1
26010P4A.CAD,3982,84d0565ad9cd,26010P4,LOCAL ENABLE,116,116,0,3476,0,30,126,29,6,5,6,6,4,2,30,0,49,45,13,13,0,true,1,1
26010P5A.CAD,3642,b4947c7b32d3,26010P5,LOCAL ENABLE,107,107,0,3144,0,28,115,25,6,4,5,5,3,2,28,0,46,42,12,12,0,true,1,1
26010P6A.CAD,4024,eb21c3357d31,26010P6,LOCAL ENABLE,118,118,0,3518,0,31,128,29,6,5,6,6,4,2,31,0,50,45,13,13,0,true,1,1
26010P7A.CAD,4950,02aff27bd547,26010P7,LOCAL ENABLE,146,146,0,4392,0,45,161,37,9,5,8,8,7,2,45,0,53,61,18,18,0,true,1,1
26010P8A.CAD,5538,7181e54881ff,26010P8,TIME FOR,169,169,0,4888,0,54,181,37,12,4,7,6,4,3,54,0,64,82,24,24,0,true,1,1
26010P9A.CAD,3982,000296d1fb2c,26010P9,LOCAL ENABLE,116,116,0,3476,0,31,126,29,6,5,6,6,4,2,31,0,48,45,13,13,0,true,1,1
26010Q0A.CAD,3182,37869b658711,26010Q0,LOCAL ENABLE,91,91,0,2712,0,22,99,20,4,3,5,5,3,2,22,0,43,34,9,9,0,true,1,1
26010Q3A.CAD,4012,888bffdcfa63,26010Q3,LOCAL ENABLE,117,117,0,3506,0,30,127,29,6,5,6,6,4,2,30,0,50,45,13,13,0,true,1,1
26010Q4A.CAD,2866,d1fe0293bf14,26010Q4,LOCAL ENABLE,83,83,0,2410,0,19,87,17,4,3,3,3,1,2,19,0,41,30,8,8,0,true,1,1
26010Q5A.CAD,5326,f4d90ec2a24c,26010Q5,LIME MUD WASHER,153,153,0,4742,0,46,178,39,5,4,13,13,12,1,46,0,62,73,21,21,0,true,1,1
26010Q6A.CAD,2982,35d1f3308a3a,26010Q6,GREEN LIQUOR DREG PMP 2,80,80,0,2462,0,28,90,19,6,5,6,6,4,2,27,0,26,43,9,9,0,true,2,1
26010Q7A.CAD,2916,e16add5be2fc,26010Q7,WHITE LIQUOR VALVE,71,71,0,2360,0,17,82,27,2,3,7,7,4,1,14,0,27,53,18,16,0,true,3,1
26010Q8A.CAD,3588,61a2e19c24b0,26010Q8,LOCAL START,103,103,0,3122,0,25,117,22,4,5,8,8,6,2,25,0,50,37,9,9,0,true,1,1
26010Q9A.CAD,4226,2498375b201b,26010Q9,LOCAL ENABLE,122,122,0,3720,0,30,134,32,6,6,7,7,5,2,30,0,52,46,13,13,0,true,1,1
26010R0A.CAD,4526,80771adf4dd8,26010R0,LOCAL STOP,129,129,0,4012,0,33,145,36,6,7,9,9,7,2,33,0,52,49,14,14,0,true,1,1
26010R1A.CAD,4550,75001d3f45e1,26010R1,LOCAL ENABLE,135,135,0,4026,0,40,146,33,9,6,7,7,4,2,39,0,52,47,15,14,0,true,2,1
26010R2A.CAD,4486,2e2d9b93c273,26010R2,LOCAL ENABLE,129,129,0,3950,0,35,143,34,7,7,8,8,6,2,35,0,51,54,14,14,0,true,1,1
26010R3A.CAD,4800,fc118fd38d95,26010R3,LOCAL STOP,141,141,0,4274,0,39,157,36,8,7,9,9,6,3,39,0,56,53,15,15,0,true,1,1
26010R4A.CAD,4540,4643ed26c1a4,26010R4,LOCAL STOP,132,132,0,4024,0,35,148,33,7,5,9,9,7,2,35,0,55,51,14,14,0,true,1,1
26010R5A.CAD,4923,333bf7c2e36a,26010R5,LOCAL STOP,143,143,0,4398,0,39,161,37,8,7,10,10,7,3,38,0,58,54,15,15,0,true,2,1
26010R6A.CAD,2903,5583dc2bf80c,26010R6,LIME MUD SLURRY,78,78,0,2424,0,26,90,18,3,2,9,9,2,3,21,0,34,23,12,8,0,true,3,1
26010R7A.CAD,4232,a08c2e1c6673,26010R7,LOCAL STOP,124,124,0,3726,0,31,134,31,7,6,6,6,4,2,31,0,53,45,13,13,0,true,1,1
26010R8A.CAD,5048,3b31701a0bca,26010R8,LOCAL STOP,149,149,0,4472,0,48,160,37,10,6,7,7,4,2,46,0,54,59,18,17,0,true,3,1
26010R9A.CAD,4370,f4cb61863e16,26010R9,LOCAL STOP,128,128,0,3854,0,31,140,31,6,5,7,7,5,2,31,0,58,48,14,14,0,true,1,1
26010S0A.CAD,4832,278ae7f55bb0,26010S0,LOCAL STOP,137,137,0,4280,0,34,153,37,5,6,10,10,7,3,34,0,57,57,17,17,0,true,1,1
26010S1A.CAD,3872,8b8e19ae932a,26010S1,LOCAL STOP,110,110,0,3362,0,26,120,30,4,5,6,6,4,2,26,0,48,46,14,14,0,true,1,1
26010S2A.CAD,2016,b7082da86a2f,26010S2A,,57,57,0,1606,0,14,59,10,3,2,2,2,1,1,14,0,28,24,6,6,0,true,1,1
26010S6A.CAD,3934,259cc600258b,26010S6,RUN REQUEST,113,113,0,3436,0,32,125,29,6,6,7,7,5,2,31,0,45,44,12,12,0,true,2,1
26010S7A.CAD,3966,8b3f07ff5d18,26010S7,RUN REQUEST,114,114,0,3468,0,32,126,29,6,6,7,7,5,2,31,0,46,44,12,12,0,true,2,1
26010S8A.CAD,4150,88b5c1cf915b,26010S8,RUN REQUEST,121,121,0,3652,0,33,135,29,7,6,8,8,5,3,33,0,50,45,12,12,0,true,1,1
26010T1A.CAD,2196,99f431795581,26010T1,SUMPIT PUMP,59,59,0,1776,0,11,65,12,1,3,4,4,3,1,11,0,33,25,5,5,0,true,1,1
26010Z1A.CAD,4594,cc7af3d90de8,26010Z1,SPARE BLOCKS,128,128,0,3812,0,50,146,34,12,4,8,8,11,0,46,0,35,115,20,19,0,true,3,1
26010Z2A.CAD,7540,b185d15e8ae6,26010Z2,SPARE BLOCKS,163,163,0,5152,0,36,171,90,12,4,6,6,3,1,32,0,27,355,83,81,0,true,3,1
26010Z3A.CAD,3106,d9d5baf90134,26010Z3,SPARE BLOCKS,66,66,0,1848,0,15,64,21,5,0,0,0,0,0,14,0,24,118,19,19,0,true,2,1
26010Z4A.CAD,2205,d84d3e35fac6,26010Z4,SPARE BLOCKS,40,40,0,1170,0,2,38,14,0,0,0,0,0,0,0,0,24,82,14,14,0,true,1,1
26010Z5A.CAD,1542,4a76410c2043,26010Z5A,BACK WASHER WATER,37,37,0,1030,0,2,35,8,0,0,0,0,0,0,0,0,27,41,8,8,0,true,1,1
26010ZOA.CAD,1986,816e1ae11949,26010ZOA,BACK WASHER WATER,60,60,0,1594,0,17,60,11,5,1,1,1,1,0,15,0,27,23,7,7,0,true,2,1
2600500C.CAD,2036,7663cb5889d2,2600500,MFC EXCECUTIVES,50,50,0,1466,0,10,54,11,2,0,3,3,0,3,8,0,27,59,8,7,0,true,2,1
2600501C.CAD,2011,c395666b8012,2600501,ANALOG INPUT SLAVE #01,45,45,0,1486,0,8,59,9,0,8,8,8,8,0,8,0,26,20,1,1,0,true,1,1
2600502C.CAD,1955,79aeca10da34,2600502,ANALOG INPUT SLAVE #02,46,46,0,1514,0,9,60,9,0,8,8,8,8,0,8,0,27,20,1,1,0,true,2,1
2600503C.CAD,1844,0d772a6f3fcb,2600503,ANALOG INPUT SLAVE #03,45,45,0,1486,0,8,59,9,0,8,8,8,8,0,8,0,26,21,1,1,0,true,1,1
2600504C.CAD,1927,8e7368c89652,2600504,ANALOG INPUT SLAVE #04,46,46,0,1514,0,9,60,9,0,8,8,8,8,0,8,0,27,20,1,1,0,true,2,1
2600505C.CAD,1872,086ad5be4f82,2600505,ANALOG INPUT SLAVE #05,46,46,0,1514,0,9,60,9,0,8,8,8,8,0,8,0,27,20,1,1,0,true,2,1
2600506C.CAD,1871,7f58d69330a7,2600506,ANALOG INPUT SLAVE #06,45,45,0,1486,0,8,59,9,0,8,8,8,8,0,8,0,26,18,1,1,1,true,1,1
2600507C.CAD,1899,046bfa7c9481,2600507,ANALOG INPUT SLAVE #07,45,45,0,1486,0,8,59,9,0,8,8,8,8,0,8,0,26,20,1,1,0,true,1,1
2600508C.CAD,1657,bf2f6a74d7e0,2600508,ANALOG INPUT SLAVE #08,39,39,0,1216,0,5,47,6,0,5,5,5,5,0,5,0,26,17,1,1,0,true,1,1
2600509C.CAD,1781,938f497f030a,2600509,ANALOG INPUT SLAVE #09,43,43,0,1396,0,7,55,8,0,7,7,7,7,0,7,0,26,19,1,1,1,true,1,1
2600510C.CAD,1983,041f76b57a9f,2600510,ANALOG INPUT SLAVE #10,46,46,0,1514,0,9,60,9,0,8,8,8,8,0,8,0,27,19,1,1,1,true,2,1
2600511C.CAD,2647,4ed672e8bab2,2600511,DIGITAL INPUT SLAVE #11,61,61,0,2186,0,16,89,17,0,15,15,15,0,15,15,0,27,18,2,2,3,true,2,1
2600512C.CAD,2705,e80a0d44e993,2600512,DIGITAL INPUT SLAVE #12,65,65,0,2300,0,20,93,17,0,15,15,15,0,15,15,0,31,21,2,2,0,true,2,1
2600513C.CAD,2723,fb873dc67feb,2600513,DIGITAL INPUT SLAVE #13,63,63,0,2206,0,19,89,16,0,14,14,14,0,14,14,0,31,18,2,2,3,true,2,1
2600514C.CAD,2951,daac32208866,2600514,DIGITAL INPUT SLAVE #14,68,68,0,2406,0,21,98,18,0,16,16,16,0,16,16,0,32,22,2,2,0,true,2,1
2600515C.CAD,2764,4df9bd59e9e2,2600515,DIGITAL INPUT SLAVE #15,69,69,0,2442,0,23,99,18,0,16,16,16,0,16,16,0,33,22,2,2,0,true,2,1
2600516C.CAD,2959,3d9f458ac045,2600516,DIGITAL INPUT SLAVE #16,74,74,0,2582,0,28,104,18,0,16,16,16,0,16,16,0,38,22,2,2,0,true,2,1
2600517C.CAD,3043,6636d682176d,2600517,DIGITAL INPUT SLAVE #17,74,74,0,2582,0,28,104,18,0,16,16,16,0,16,16,0,38,22,2,2,0,true,2,1
2600518C.CAD,3039,f617d1883f5f,2600518,DIGITAL INPUT SLAVE #18,75,75,0,2662,0,28,105,18,0,16,16,16,0,16,16,0,39,22,2,2,0,true,2,1
2600519C.CAD,3127,1c249fa175fb,2600519,DIGITAL INPUT SLAVE #19,72,72,0,2526,0,26,102,18,0,16,16,16,0,16,16,0,36,20,2,2,2,true,2,1
2600520C.CAD,2416,e8e6f3bec488,2600520,DIGITAL OUTPUT SLAVE #20,58,58,0,2062,0,14,84,16,0,14,14,14,14,0,14,0,26,22,2,2,0,true,1,1
2600521C.CAD,2510,4ce2704f2ea3,2600521,DIGITAL OUTPUT SLAVE #21,60,60,0,2156,0,15,88,17,0,15,15,15,15,0,15,0,26,23,2,2,0,true,1,1
2600522C.CAD,1961,8623c81b04e4,2600522,DIGITAL INPUT SLAVE #22,48,48,0,1584,0,10,62,10,0,8,8,8,0,8,8,0,28,13,2,2,1,true,2,1
2600523C.CAD,3019,2ed78796eb29,2600523,DIGITAL INPUT SLAVE #23,71,71,0,2502,0,25,101,18,0,16,16,16,0,16,16,0,35,16,2,2,6,true,2,1
2600524C.CAD,1702,b82429ceb795,2600524,DIGITAL OUTPUT SLAVE #24,42,42,0,1348,0,6,52,8,0,6,6,6,6,0,6,0,26,14,2,2,0,true,1,1
2600525C.CAD,1814,46bd1f33f71b,2600525,DIGITAL OUTPUT SLAVE #25,45,45,0,1488,0,8,59,9,0,8,8,8,8,0,8,0,26,12,1,1,0,true,1,1
2600526C.CAD,1814,634d57e7bea7,2600526,DIGITAL OUTPUT SLAVE #26,45,45,0,1488,0,8,59,9,0,8,8,8,8,0,8,0,26,12,1,1,0,true,1,1
2600527C.CAD,1814,1a5b372415b3,2600527,DIGITAL OUTPUT SLAVE #27,45,45,0,1488,0,8,59,9,0,8,8,8,8,0,8,0,26,12,1,1,0,true,1,1
2600528C.CAD,1814,d66606ef77f4,2600528,DIGITAL OUTPUT SLAVE #28,45,45,0,1488,0,8,59,9,0,8,8,8,8,0,8,0,26,12,1,1,0,true,1,1
2600529C.CAD,1814,d835dbc7663e,2600529,DIGITAL OUTPUT SLAVE #29,45,45,0,1488,0,8,59,9,0,8,8,8,8,0,8,0,26,12,1,1,0,true,1,1
2600530C.CAD,1544,a138d3c535bd,2600530,DIGITAL OUTPUT SLAVE #30,39,39,0,1218,0,5,47,6,0,5,5,5,5,0,5,0,26,9,1,1,0,true,1,1
2600531C.CAD,1093,e91ad7a35040,2600531,DIGITAL OUTPUT SLAVE #31,29,29,0,768,0,2,27,1,0,0,0,0,0,0,0,0,26,4,1,1,0,true,1,1
2600532C.CAD,1000,e08131b82983,2600532C,,12,12,0,492,0,5,18,7,0,3,3,3,0,3,5,0,0,19,3,3,0,true,1,1
2600573C.CAD,1616,22a5bf3a95c6,2600573C,NO.1 CLARIFIED GREEN LIQ CURRENT,43,43,0,1264,0,4,43,7,1,1,1,1,1,0,4,0,29,13,3,3,0,true,1,1
2600574C.CAD,1514,2a260f2284f9,2600574C,NO.2 CLARIFID GREEN LIQ CURRENT,40,40,0,1174,0,3,40,6,1,1,1,1,1,0,3,0,28,10,2,2,0,true,1,1
2600578C.CAD,1454,55e45c9b4728,2600578C,ECO-1 FEED PUMP CURRENT,39,39,0,1114,0,3,39,5,1,1,1,1,1,0,3,0,28,10,2,2,0,true,1,1
2600579C.CAD,2742,9b43fac9e441,2600579C,SUMPIT LEVEL CONTROL VALVE,80,80,0,2230,0,28,83,15,6,2,3,3,1,1,26,0,31,42,11,10,0,true,3,1
2600580C.CAD,1504,39a421d604a0,2600580C,ECO-2 FEED PUMP CURRENT,40,40,0,1164,0,3,40,6,1,1,1,1,1,0,3,0,28,10,2,2,0,true,1,1
2600581C.CAD,1712,e3d78d40a558,2600581C,MIXING PUMP SPEED,47,47,0,1330,0,7,47,8,2,1,1,1,1,0,6,0,29,16,4,4,0,true,2,1
2600583C.CAD,1510,6a2e0af10e7d,2600583C,NO.1 WEAK WHITE LIQUAR CURRENT,40,40,0,1170,0,3,40,6,1,1,1,1,1,0,3,0,28,10,2,2,0,true,1,1
2600584C.CAD,1538,a13f3ca624ca,2600584C,NO.2 WEAK WHITE LIQUAR CURRENT,41,41,0,1198,0,3,41,6,1,1,1,1,1,0,3,0,29,10,2,2,0,true,1,1
2600585C.CAD,1390,46681371597e,2600585C,STRONG WHITW LIQUAR CURRENT,36,36,0,1062,0,1,36,5,0,1,1,1,1,0,1,0,28,7,1,1,0,true,1,1
2600590C.CAD,1654,5bfc1dcf05cd,2600590C,CAUSTICIZER STAND PPE LEVEL CONTROL,39,39,0,1220,0,11,42,6,2,2,3,3,1,1,10,0,19,24,3,2,0,true,2,1
2600594C.CAD,1524,02424d420e71,2600594C,PRESS HIDRAULIC,41,41,0,1206,0,2,43,6,0,2,2,2,2,0,2,0,31,8,2,2,0,true,1,1
2600595C.CAD,1506,5f08fb15eeea,2600595C,NO.1 CAUSTICIZER CURRENT,40,40,0,1166,0,3,40,6,1,1,1,1,1,0,3,0,28,10,2,2,0,true,1,1
26005A0C.CAD,2767,62b77c18f827,26005A0C,SELECTOR SWITCH INTERLOCK,77,77,0,2364,0,26,91,14,5,0,8,8,5,3,22,0,34,30,5,5,0,true,3,1
26005A1C.CAD,3746,b4f995e1ecc7,26005A1C,LIQUAR TO/FROM DISSOLVING TANK VALVE,108,108,0,3252,0,33,120,29,5,3,7,7,4,3,32,0,40,47,16,16,0,true,2,1
26005A2C.CAD,3735,583c9afedee4,26005A2C,LIQUAR TO/FROM DISSOLVING TANK VALVE,106,106,0,3214,0,31,116,29,4,3,6,6,4,2,30,0,41,46,16,16,0,true,2,1
26005A3C.CAD,3632,d8cef8592686,26005A3C,LIQUAR TO/FROM DISSOLVONG TANK VALVE,103,103,0,3156,0,33,115,27,4,3,7,7,4,3,28,0,42,43,14,14,0,true,3,1
26005A4C.CAD,3349,68876e8ca7f8,26005A4,LIQUAR TO/FROM DISSOLVING TANK VALVE,93,93,0,2828,0,26,101,25,3,3,5,5,3,2,24,0,39,38,13,13,0,true,3,1
26005A6C.CAD,3348,9528f6415208,26005A6,NEW SLAKER FLOW,99,99,0,2798,0,35,103,21,8,3,3,3,2,1,34,0,34,51,13,13,0,true,2,1
26005B1C.CAD,3742,a0565a00213a,26005B1,NO.1 GREEN LIQ DREGS FLOW,110,110,0,3140,0,39,115,24,9,4,4,4,2,1,37,0,38,52,16,15,0,true,3,1
26005B3C.CAD,3788,d45bc1750a53,26005B3,NO.2 GREEN LIQ DREGS FLOW,110,110,0,3186,0,38,117,25,8,4,5,5,3,1,36,0,39,54,16,15,0,true,3,1
26005B5C.CAD,3656,7a99ffcd57df,26005B5,LIME MUD VALVE,105,105,0,3160,0,32,116,26,6,4,7,7,4,2,30,0,41,42,13,12,0,true,3,1
26005B8C.CAD,3652,6e243b6e942b,26005B8,VACUM TANK LEVEL,109,109,0,3060,0,39,113,24,9,3,3,3,2,1,37,0,37,55,15,15,0,true,2,1
26005C0C.CAD,2301,831f274fbede,26005C0,SELECTOR INTERLOCK,67,67,0,1898,0,22,72,10,5,0,3,3,1,3,17,0,33,20,6,6,0,true,2,1
26005C5C.CAD,1503,d3236cdab593,26005C5C,NO.1 SLAKER G.LIQ FEED TEMPERATURE,35,35,0,954,0,5,33,3,1,0,0,0,0,0,2,0,27,4,2,2,0,true,3,1
26005C6C.CAD,3024,27cf6dc71e87,26005C6C,TEMPERATURE SLAKER,83,83,0,2462,0,27,88,17,7,2,4,4,2,1,24,0,33,51,11,9,0,true,3,1
26005C8C.CAD,6572,2d2ed7485dc7,26005C8,NO II SLAKER GREEN LIQ FEED FLOW,194,194,0,5708,0,84,218,47,23,5,14,14,6,6,80,0,42,122,30,28,0,true,3,1
26005D0C.CAD,2876,c0f881369262,26005D0,SWITCH GREEN LIQ PUMP BYPASS,76,76,0,2408,0,24,89,18,2,5,8,8,5,2,21,0,33,31,10,8,2,true,3,1
26005D1C.CAD,1308,ae54187c390e,26005D1C,SEAL WATER FLOW,35,35,0,1000,0,1,35,4,0,1,1,1,1,0,1,0,28,3,1,1,0,true,1,1
26005D5C.CAD,1420,ce974c393ccc,26005D5C,NO.1 CAUSTICIZER SLURRY TEMPERATURE,37,37,0,1080,0,3,37,6,0,1,1,1,1,0,2,0,27,6,2,2,0,true,2,1
26005D7C.CAD,1756,21277c20ca6b,26005D7C,NO.1 CAUSTIZICER SEAL WATER FLOW,47,47,0,1390,0,7,49,9,1,1,2,2,1,1,6,0,29,13,4,4,0,true,2,1
26005D8C.CAD,1308,7a68a673720d,26005D8C,SEAL WATER FLOW,35,35,0,1000,0,1,35,4,0,1,1,1,1,0,1,0,28,4,1,1,0,true,1,1
26005E1C.CAD,2557,a38fc533933f,26005E1C,W.L SLURRY FEED TANK LEVEL,67,67,0,1974,0,18,73,13,4,1,4,4,2,2,18,0,30,49,7,7,1,true,1,1
26005E2C.CAD,4636,3fb868c8e610,26005E2C,ECO-1 FEED PUMP SPEED,136,136,0,3988,0,49,148,34,11,5,7,7,6,1,47,0,42,74,18,18,0,true,2,1
26005E3C.CAD,8345,98b3e421de73,26005E3C,SWITCH INTERLOCK,264,264,0,7498,0,128,292,54,42,1,13,13,7,10,120,0,46,117,37,36,0,true,3,1
26005E4C.CAD,3770,a576788b4ab6,26005E4C,ECO-1 SLURRY FEED VALVE,107,107,0,3236,0,34,119,29,6,3,7,7,4,3,33,0,37,54,15,15,0,true,2,1
26005E5C.CAD,3684,87b65950e2eb,26005E5C,ECO-1 SLURRY RETURN VALVE,103,103,0,3188,0,31,117,28,5,3,8,8,5,3,30,0,38,47,13,13,0,true,2,1
26005E6C.CAD,1706,ed6256a3eee7,26005E6C,MUD DILUTION SWITCHES INTERLOCK,47,47,0,1344,0,12,49,4,3,0,2,2,0,2,10,0,28,13,1,1,0,true,3,1
26005E7C.CAD,1690,cd4a9cf1789a,26005E7C,,46,46,0,1334,0,6,48,7,1,1,2,2,1,1,5,0,31,14,3,3,0,true,2,1
26005E8C.CAD,1814,9a41a5c0c071,26005E8C,RECAUST DENSITY,48,48,0,1448,0,7,52,10,0,2,3,3,2,1,5,0,31,19,4,4,0,true,3,1
26005F1C.CAD,1493,76a71025c2cc,26005F1C,ECO-1 UNDER FLOW DENSITY,36,36,0,972,0,6,34,4,1,0,0,0,0,0,2,0,27,4,2,2,0,true,3,1
26005F2C.CAD,3086,4426ab22228f,26005F2C,,88,88,0,2630,0,25,94,24,3,3,4,4,3,1,23,0,36,34,12,12,0,true,2,1
26005F4C.CAD,3034,261b3fb64e72,26005F4C,,86,86,0,2578,0,25,92,24,3,3,4,4,3,1,23,0,34,34,12,12,0,true,2,1
26005F5C.CAD,3034,159c2f0982ad,26005F5C,,86,86,0,2578,0,25,92,24,3,3,4,4,3,1,23,0,34,34,12,12,0,true,2,1
26005F6C.CAD,3094,3a8c4c640dcf,26005F6C,,89,89,0,2638,0,26,95,23,5,3,4,4,3,1,25,0,34,34,12,12,0,true,2,1
26005F7C.CAD,3190,a8aaca97715e,26005F7C,,92,92,0,2734,0,26,98,23,5,3,4,4,3,1,25,0,37,34,12,12,0,true,2,1
26005F8C.CAD,3048,2a3555c23264,26005F8C,,87,87,0,2592,0,25,93,23,4,3,4,4,3,1,24,0,34,34,12,12,0,true,2,1
26005F9C.CAD,3368,9558a882b9c2,26005F9C,ECO FLTER #1 SEQUENCE,98,98,0,2950,0,35,114,20,8,0,7,6,5,6,32,0,36,35,9,9,0,true,2,1
26005G0C.CAD,7503,474bc54e5606,26005G0C,SET RESET,235,235,0,6494,0,116,260,52,33,1,13,13,4,9,108,0,41,132,38,38,0,true,3,1
26005G1C.CAD,3376,c50d2950094c,26005G1C,ECO FILTER #2 SEQUENCE,98,98,0,2958,0,35,114,20,8,0,7,6,5,6,32,0,36,35,9,9,0,true,2,1
26005G2C.CAD,7479,15a372caccb9,26005G2C,SET RESET,229,229,0,6652,0,110,263,56,27,1,18,18,8,10,101,0,43,134,37,37,0,true,3,1
26005G3C.CAD,4226,8b0f4eae8a06,26005G3C,ECO-1 UNDER FLOW,125,125,0,3624,0,46,135,29,11,3,6,6,4,2,44,0,39,61,16,16,0,true,2,1
26005G4C.CAD,2488,34572aa15d76,26005G4C,,74,74,0,2044,0,23,78,15,4,0,3,3,2,1,22,0,31,34,11,11,0,true,2,1
26005G5C.CAD,3086,21b9b36c2692,26005G5C,MUD DILUTION VALVE,91,91,0,2630,0,26,95,22,5,3,3,3,2,1,25,0,37,33,12,12,0,true,2,1
26005H0C.CAD,2560,3adc5f887974,26005H0C,MUD DILUTION TANK LEVEL,69,69,0,2022,0,20,77,12,6,1,5,5,1,4,20,0,29,47,6,6,1,true,1,1
26005H1C.CAD,4916,93ac63e0c768,26005H1C,ECO-2 FEED PUMP SPEED,143,143,0,4254,0,51,157,37,12,5,8,8,6,2,49,0,43,80,19,19,0,true,2,1
26005H2C.CAD,3950,60a9204b9379,26005H2C,ECO-2 MUD FEED ENSITY,115,115,0,3330,0,42,123,28,9,4,5,5,4,1,41,0,35,66,18,18,0,true,2,1
26005H3C.CAD,6293,2d380d9c5bf7,26005H3C,MUD WASH FILTER SWITCH INTERLOCK,192,192,0,5544,0,84,219,42,24,1,13,13,6,10,82,0,42,98,26,26,0,true,2,1
26005H4C.CAD,3540,b8298d6ae5e8,26005H4C,ECO-2 FEED VALVE,99,99,0,3002,0,30,109,28,4,3,6,6,5,1,29,0,36,53,15,15,0,true,2,1
26005H5C.CAD,3862,132784a2d512,26005H5C,EC0-2 RETURN VALVE,110,110,0,3314,0,36,122,30,7,3,7,7,4,3,35,0,36,57,16,16,0,true,2,1
26005H7C.CAD,1685,60d48ff9005c,26005H7C,,45,45,0,1302,0,6,47,7,1,1,2,2,1,1,5,0,30,14,3,3,0,true,2,1
26005H8C.CAD,1905,7c935ba620b5,26005H8C,,51,51,0,1512,0,9,55,10,1,2,3,3,2,1,7,0,31,14,4,4,0,true,3,1
26005I0C.CAD,1292,b2979ab8d3d7,26005I0C,ECO-2 UNDER FLOW DENSITY,36,36,0,952,0,4,34,3,1,0,0,0,0,0,3,0,27,4,2,2,0,true,2,1
26005I2C.CAD,3092,0a3cf0ef4481,26005I2C,,89,89,0,2636,0,25,95,23,4,3,4,4,3,1,24,0,36,34,12,12,0,true,2,1
26005I3C.CAD,3048,b3d3cfaf9f44,26005I3C,,87,87,0,2592,0,25,93,23,4,3,4,4,3,1,24,0,34,34,12,12,0,true,2,1
26005I4C.CAD,3048,18c28bdd6d46,26005I4C,,87,87,0,2592,0,25,93,23,4,3,4,4,3,1,24,0,34,34,12,12,0,true,2,1
26005I5C.CAD,3044,07d8118c7bf8,26005I5C,,87,87,0,2588,0,25,93,23,4,3,4,4,3,1,24,0,34,34,12,12,0,true,2,1
26005I6C.CAD,3048,9b39e062dd80,26005I6C,,87,87,0,2592,0,25,93,23,4,3,4,4,3,1,24,0,34,34,12,12,0,true,2,1
26005I7C.CAD,3044,6daafa3b0868,26005I7C,,87,87,0,2588,0,25,93,23,4,3,4,4,3,1,24,0,34,34,12,12,0,true,2,1
26005I8C.CAD,4240,f7341533e7fc,26005I8C,ECO-2 ENDER FLOW,125,125,0,3638,0,45,137,29,10,4,7,7,5,2,43,0,41,62,16,16,0,true,2,1
26005I9C.CAD,2512,91f75088fca9,26005I9C,,75,75,0,2068,0,23,79,15,4,0,3,3,2,1,22,0,32,35,11,11,0,true,2,1
26005J0C.CAD,3070,be0c7d62a1f7,26005J0C,MUD PIPE WASH/DRAIN VALVE,88,88,0,2614,0,25,94,23,4,3,4,4,3,1,24,0,35,34,12,12,0,true,2,1
26005J1C.CAD,3786,ef314586f1bc,26005J1C,MIXING TANK PUMP SPEED,109,109,0,3194,0,38,117,26,8,5,5,5,3,2,37,0,36,62,15,15,0,true,2,1
26005J2C.CAD,3896,56ed89045be7,26005J2C,MUD MIXING TANL DENSITY,114,114,0,3300,0,38,122,25,8,5,5,5,4,1,37,0,42,59,15,15,0,true,2,1
26005J3C.CAD,3248,e0136856f1db,26005J3C,DREGS FILTER PRECOAT LIME MUDVALVE,92,92,0,2772,0,27,100,23,5,3,5,5,4,1,26,0,36,40,11,11,0,true,2,1
26005J4C.CAD,4550,09b3b55508ba,26005J4C,ACID TANK TEMPERATURE,138,138,0,3832,0,52,142,32,11,3,3,3,2,1,50,0,43,82,23,23,0,true,2,1
26005J5C.CAD,4510,cb3487c72d94,26005J5C,ACID TANK LEVEL,136,136,0,3792,0,54,140,32,12,3,3,3,2,1,52,0,38,83,23,23,0,true,2,1
26005J6C.CAD,3202,783e38a6b640,26005J6C,ECO-1 STEAM EJECTOR VALVE,93,93,0,2732,0,26,99,24,4,3,4,4,3,1,25,0,38,37,13,13,0,true,2,1
26005J7C.CAD,3326,769964dfdc20,26005J7C,USED ACID DISCHARGE VALVE,96,96,0,2860,0,27,104,25,4,3,5,5,4,1,26,0,39,37,13,13,0,true,2,1
26005J8C.CAD,3096,c285478b7c6f,26005J8C,ECO-1 DRAIN VALVE,90,90,0,2640,0,25,96,23,4,3,4,4,3,1,24,0,37,34,12,12,0,true,2,1
26005J9C.CAD,3754,556559b83450,26005J9C,ECO-1UNDERFLOW VALVE,110,110,0,3266,0,31,120,28,5,3,6,6,4,2,30,0,45,42,15,15,0,true,2,1
26005K0C.CAD,3252,35d6f103a3e2,26005K0C,ECO-1 WATER WASH VALVE,95,95,0,2782,0,26,101,24,4,3,4,4,3,1,25,0,40,38,13,13,0,true,2,1
26005K1C.CAD,3260,d8e12bbd737e,26005K1C,ECO-1 ACID WASH VALVE,93,93,0,2790,0,27,101,25,4,3,5,5,4,1,26,0,36,37,13,13,0,true,2,1
26005K3C.CAD,3130,9b499478d085,26005K3C,ECO-1 PRODUCT VALVE,91,91,0,2674,0,25,97,23,4,3,4,4,3,1,24,0,38,34,12,12,0,true,2,1
26005K4C.CAD,1634,89e5e70f1283,26005K4C,L.KILN PCU ROOM TEMP.,42,42,0,1294,0,2,44,8,0,2,2,2,2,0,2,0,30,11,2,2,0,true,1,1
26005K5C.CAD,4107,7a8e1755eab1,26005K5C,DRAIN TO DILUTION TANK VALVE,119,119,0,3564,0,39,133,32,8,3,8,8,4,4,37,0,40,51,17,17,0,true,3,1
26005K6C.CAD,3290,3fdf6b96930d,26005K6C,ECO-2 STEAM EJECTOR VALVE,96,96,0,2812,0,27,102,25,4,3,4,4,3,1,26,0,39,40,14,14,0,true,2,1
26005K7C.CAD,1336,d8725e4be13e,26005K7C,ECO-1 SEAL WATER FLOW,36,36,0,1028,0,1,36,4,0,1,1,1,1,0,1,0,29,4,1,1,0,true,1,1
26005K8C.CAD,3130,c194be949ce5,26005K8C,ECO-2 OVERFLOW VALVE,91,91,0,2674,0,25,97,23,4,3,4,4,3,1,24,0,38,34,12,12,0,true,2,1
26005K9C.CAD,1336,9bb286868c65,26005K9C,ECO-1 SEAL WATER FLOW,36,36,0,1028,0,1,36,4,0,1,1,1,1,0,1,0,29,4,1,1,0,true,1,1
26005L0C.CAD,3128,a9c5f9735e26,26005L0C,ECO-2 DRAIN VALVE,91,91,0,2672,0,25,97,23,4,3,4,4,3,1,24,0,38,34,12,12,0,true,2,1
26005L1C.CAD,3638,c103900f609b,26005L1C,ECO-2 UNDERFLOW VALVE,106,106,0,3150,0,31,116,28,5,3,6,6,4,2,30,0,41,42,15,15,0,true,2,1
26005L2C.CAD,3158,70a4d0083e61,26005L2C,ECO-2 WATER WASH VALVE,92,92,0,2702,0,25,98,23,4,3,4,4,3,1,24,0,39,34,12,12,0,true,2,1
26005L3C.CAD,3134,72a2aa8f0f2f,26005L3C,ECO-2 STORAGE WFER VALVE,91,91,0,2678,0,25,97,23,4,3,4,4,3,1,24,0,38,34,12,12,0,true,2,1
26005L4C.CAD,3566,dbb54ef4bc5f,26005L4C,,105,105,0,3092,0,33,117,26,6,3,7,7,4,3,31,0,40,41,14,14,0,true,3,1
26005L5C.CAD,1497,61a42eb98b8c,26005L5C,ECO-2 OVER FLOW TEMPERATURE,35,35,0,940,0,5,33,3,1,0,0,0,0,0,2,0,27,4,2,2,0,true,3,1
26005L8C.CAD,3650,b13a815fc0dd,26005L8C,CLEANING ACID TANK STEAM VALVE,106,106,0,3158,0,32,116,28,5,4,6,6,5,1,31,0,40,42,15,15,0,true,2,1
26005M0C.CAD,3308,f024f172e3a1,26005M0C,LIME MUD TO MIXING TK XFER VALVE,95,95,0,2832,0,27,103,23,5,3,5,5,4,1,26,0,39,40,11,11,0,true,2,1
26005M1C.CAD,3660,275abb29f64d,26005M1C,CLEANING ACID TANK INLET VALVE,107,107,0,3150,0,33,115,29,5,3,5,5,4,1,32,0,39,45,17,17,0,true,2,1
26005M2C.CAD,3388,d3ed895cd19f,26005M2C,PIPE CLEANING WARM WATER VALVE,98,98,0,2908,0,28,106,26,4,3,5,5,4,1,27,0,39,39,14,14,0,true,2,1
26005M3C.CAD,3134,98f2b7a9a51c,26005M3C,ECO-2 W.L PRODUCT VALVE,91,91,0,2678,0,25,97,23,4,3,4,4,3,1,24,0,38,34,12,12,0,true,2,1
26005M5C.CAD,1336,f16b14224b6b,26005M5C,ECO-2 SEAL WATER FLOW,36,36,0,1028,0,1,36,4,0,1,1,1,1,0,1,0,29,4,1,1,0,true,1,1
26005M6C.CAD,1336,3f28c25d3761,26005M6C,ECO-2 SEAL WATER FLOW,36,36,0,1028,0,1,36,4,0,1,1,1,1,0,1,0,29,4,1,1,0,true,1,1
26005M8C.CAD,3074,e539e7c2061a,26005M8C,USED ACID DISCHARGE VALVE,90,90,0,2618,0,26,94,22,5,3,3,3,2,1,25,0,36,33,12,12,0,true,2,1
26005N5C.CAD,3222,339b5fe62bf5,26005N5C,NO.1 GREEN LIQ CLARIFIER,94,94,0,2746,0,28,100,21,6,3,4,4,2,2,27,0,38,37,10,10,1,true,2,1
26005N6C.CAD,3032,a198699a7e72,26005N6C,NO.2 GREEN LIQ CLARIFIER,89,89,0,2556,0,25,93,19,5,3,3,3,2,1,25,0,38,34,10,10,0,true,1,1
26005O0C.CAD,3046,e7fedd8ee84d,26005O0C,LIME MILK PUMP,83,83,0,2600,0,16,91,22,2,5,5,5,3,2,16,0,41,30,7,7,0,true,1,1
26005O1C.CAD,2982,a1668abb1c15,26005O1C,ECO-2 FEED PUMP,80,80,0,2536,0,16,88,22,2,5,5,5,3,2,16,0,38,29,7,7,0,true,1,1
26005O2C.CAD,3460,a1e15dd39b96,26005O2C,FEED PUMP,89,89,0,3072,0,22,123,23,0,15,18,18,17,1,22,0,42,33,5,5,1,true,1,1
26005O3C.CAD,3582,b26514dada09,26005O3C,MIXING TANK PUMP,102,102,0,3100,0,28,110,27,5,5,5,5,3,2,27,0,41,39,11,11,0,true,2,1
26005O4C.CAD,2988,28777af3c4ff,26005O4C,MIXING TANK PUMP,87,87,0,2532,0,25,91,19,5,3,3,3,2,1,24,0,37,33,9,9,0,true,2,1
26005O5C.CAD,6380,0864c5974dcb,26005O5C,ACID PUMP INTERLOCK,166,166,0,5898,0,49,231,48,3,21,29,29,34,4,49,0,64,68,10,10,0,true,1,1
26005O7C.CAD,4916,7d29d303efbc,26005O7C,STRONG WHITE LIQUAR PUMP,146,146,0,4342,0,48,157,37,10,6,7,7,4,2,47,0,50,57,19,18,0,true,2,1
26005P4C.CAD,3728,5ccb8aec00ee,26005P4C,NO.2 BURNT LIME SCREW FEEDER,104,104,0,3218,0,30,116,30,4,6,7,7,4,3,29,0,39,48,14,14,1,true,2,1
26005P5C.CAD,3460,98caf3d20722,26005P5C,NO.1 SLAKER/CLASSFIER AGITATOR,97,97,0,2966,0,25,105,24,5,5,5,5,3,2,25,0,41,40,10,10,0,true,1,1
26005P6C.CAD,3422,d21723ab2592,26005P6C,NO.1 SLAKER/CLASSIFIER SCREW,96,96,0,2920,0,25,104,24,5,5,5,5,3,2,25,0,40,43,11,11,0,true,1,1
26005P7C.CAD,5292,dea7ba326ff3,26005P7C,NO.1 CAUSTIZICIZER AGITATOR,161,161,0,4704,0,56,173,40,13,6,7,7,5,2,55,0,51,68,21,21,0,true,2,1
26005P8C.CAD,4210,1582dd05d9bd,26005P8C,WHITE LIQUAR SLURRY FEED TK AGITATOR,128,128,0,3668,0,46,134,30,11,4,4,4,3,1,45,0,40,51,17,17,0,true,2,1
26005P9C.CAD,3918,d0dad1ac169d,26005P9C,,113,113,0,3380,0,36,123,30,7,6,6,6,4,2,36,0,38,57,16,16,0,true,1,1
26005Q0C.CAD,4618,636388574ab4,26005Q0C,,137,137,0,4076,0,48,147,36,11,6,6,6,4,2,47,0,41,54,17,17,0,true,2,1
26005Q1C.CAD,3780,882fb0422cf7,26005Q1C,WHITE LIQ FILTER SLURRY FEED VALVE,109,109,0,3274,0,35,119,27,7,6,6,6,4,2,35,0,38,47,13,13,0,true,1,1
26005Q2C.CAD,3922,6e892ea334f6,26005Q2C,LIME MUD MIXING TANK AGITATOR,117,117,0,3412,0,37,125,28,8,5,5,5,3,2,36,0,43,46,14,14,0,true,2,1
26005Q3C.CAD,4784,32b02829a27c,26005Q3C,CLEANING ACID TANK AGITATOR,145,145,0,4242,0,48,155,36,11,6,6,6,4,2,47,0,49,55,17,17,0,true,2,1
26005Q4C.CAD,2764,29200dda8da7,26005Q4C,WARM WATER PUMP,77,77,0,2326,0,17,83,19,3,4,4,4,3,1,17,0,36,33,9,9,0,true,1,1
26005T1C.CAD,2240,527f52687634,26005T1C,,62,62,0,1828,0,16,70,13,4,2,5,5,3,2,16,0,27,29,8,8,0,true,1,1
26005T2C.CAD,3654,dbdcbab50347,26005T2C,IDO OIL TRANSFER PUMP 1,104,104,0,3114,0,39,113,24,8,3,7,7,1,3,36,0,34,43,16,13,0,true,2,1
26005T3C.CAD,3272,7912bbbd97cf,26005T3C,IDO OIL PUMP 2,96,96,0,2790,0,30,102,21,7,3,4,4,2,2,30,0,36,37,11,11,0,true,1,1
26005T4C.CAD,3408,2bd563817c14,26005T4C,,94,94,0,2950,0,28,116,25,4,3,12,12,11,1,28,0,35,46,13,13,0,true,1,1
26005T5C.CAD,6214,134d9b710c24,26005T5C,,192,192,0,5472,0,84,211,49,22,2,10,10,11,0,84,0,35,103,38,38,0,true,1,1
26005T6C.CAD,3724,74c836a843ee,26005T6C,,105,105,0,3110,0,33,114,36,6,3,6,6,5,0,30,0,31,73,27,26,0,true,3,1
26005Z1C.CAD,7520,5be458b741ef,26005Z1,,223,223,0,6400,0,78,232,85,31,2,6,6,5,0,75,0,30,192,76,75,0,true,3,1
26005Z2C.CAD,5588,3da16fd38220,26005Z2C,,104,104,0,3516,0,7,108,69,1,3,3,3,2,1,6,0,26,282,66,65,0,true,2,1
2621000C.CAD,2712,7edf02b97573,2621000C,PLANT LOOP,76,76,0,2170,0,30,80,11,2,0,3,3,0,3,8,0,53,59,8,7,0,true,2,1
2621001C.CAD,2380,67261bf10032,2621001C,KILN INLET PRESSURE,66,66,0,2022,0,9,80,9,0,7,8,8,8,0,8,0,47,21,1,1,0,true,2,1
2621002C.CAD,3264,0e75e0f6e615,2621002C,CIS I/O FOR SLAVE 2,78,78,0,2756,0,31,106,18,2,15,15,15,0,15,19,0,37,44,3,3,2,true,2,1
2621003C.CAD,2704,5c6a3f6dffa8,2621003C,PHYROMETER DOWN,72,72,0,2346,0,12,92,12,0,11,11,11,11,0,11,0,47,24,1,1,0,true,2,1
2621004C.CAD,2892,b5a187500d95,2621004C,CIS I/O FOR SLAVE 4,73,73,0,2356,0,28,97,16,2,13,13,13,0,13,26,0,27,42,3,3,0,true,3,1
2621005C.CAD,3166,deab848f02f6,2621005C,IMASI-02 FOR SLAVE 5,73,73,0,2676,0,23,111,22,1,20,20,20,20,0,23,0,25,54,2,2,0,true,1,1
2621006C.CAD,2938,5a85102171d3,2621006C,DC PNL FAULT,80,80,0,2616,0,19,106,16,0,14,14,14,0,14,14,0,48,20,2,2,0,true,2,1
2621007C.CAD,3228,e6e771c11774,2621007C,DIGITAL INPUT I/O FOR SLAVE 7,88,88,0,2906,0,26,118,18,0,16,16,16,0,16,16,0,52,22,2,2,0,true,2,1
2621008C.CAD,3230,720154f7b521,2621008C,DIGITAL INPUT I/O FOR SLAVE 8,88,88,0,2908,0,26,118,18,0,16,16,16,0,16,16,0,52,22,2,2,0,true,2,1
2621009C.CAD,3104,f79e3100ceda,2621009C,LOCAL START,85,85,0,2782,0,15,113,17,0,15,15,15,0,15,15,0,51,21,2,2,0,true,1,1
2621010C.CAD,2884,28a1585b073a,2621010C,LOCAL START,82,82,0,2562,0,22,102,13,0,11,11,11,0,11,11,0,56,17,2,2,0,true,2,1
2621011C.CAD,3523,cbd691b7ff61,2621011C,LOCAL STOP,96,96,0,3118,0,26,126,18,0,16,16,16,0,16,16,0,60,22,2,2,0,true,2,1
2621012C.CAD,3748,42ed8b9d312f,2621012C,LOCAL STOP,107,107,0,3426,0,21,137,18,0,16,16,16,0,16,16,0,71,22,2,2,0,true,2,1
2621013C.CAD,3366,e4b74c7c1b13,2621013C,LOCAL START,95,95,0,3044,0,19,123,17,0,15,15,15,0,15,15,0,61,21,2,2,0,true,2,1
2621014C.CAD,3359,a54130a06b69,2621014C,RAPPING GEARS GROUP 2,90,90,0,2982,0,22,120,18,0,16,16,16,0,16,16,0,54,22,2,2,0,true,2,1
2621015C.CAD,3277,d0a3dc3cf83e,2621015C,DIGITAL INPUT I/O FOR SLAVE 15,91,91,0,2956,0,30,119,17,0,15,15,15,0,15,15,0,57,21,2,2,0,true,2,1
2621016C.CAD,3044,82b0f98446a9,2621016C,LOCAL START,81,81,0,2722,0,19,111,18,0,16,16,16,0,16,16,0,45,22,2,2,0,true,2,1
2621017C.CAD,3270,3a9af55172a2,2621017C,LOCAL STOP,91,91,0,2948,0,20,119,17,0,15,15,15,0,15,15,0,57,21,2,2,0,true,2,1
2621018C.CAD,3042,d0bc67d8a8ff,2621018C,LOCAL ENABLE,80,80,0,2688,0,16,110,18,0,16,16,16,16,0,16,0,44,24,2,2,0,true,1,1
2621019C.CAD,2778,7913d9cd4e97,2621019C,DIGITAL OUTPUT I/O FOR SLAVE 19,73,73,0,2424,0,14,99,16,0,14,14,14,14,0,14,0,41,22,2,2,0,true,1,1
2621020C.CAD,3466,315ea0e16293,2621020C,RUN REQUEST,94,94,0,3112,0,16,124,18,0,16,16,16,16,0,16,0,58,24,2,2,0,true,1,1
2621021C.CAD,3126,8555b690d232,2621021C,RUN REQUEST,84,84,0,2772,0,14,110,16,0,14,14,14,14,0,14,0,52,22,2,2,0,true,1,1
2621022C.CAD,2922,97879dc0eabc,2621022C,RUN REQUEST,79,79,0,2568,0,13,103,15,0,13,13,13,13,0,13,0,49,21,2,2,0,true,1,1
2621023C.CAD,1736,ec94c6d647e3,2621023C,DIGITAL OUTPUT I/O FOR SLAVE 23,47,47,0,1410,0,5,55,6,0,5,5,5,5,0,5,0,34,9,1,1,0,true,1,1
2621024C.CAD,1676,74a871cd5343,2621024C,OPEN REQUEST,46,46,0,1350,0,4,52,5,0,4,4,4,4,0,4,0,35,8,1,1,0,true,1,1
2621025C.CAD,2198,dad5dc8caec0,2621025C,CIS I/O FOR SLAVE 25,62,62,0,1840,0,7,74,8,0,7,7,7,7,0,7,0,45,19,1,1,0,true,1,1
2621026C.CAD,2319,58fe0f9de603,2621026C,CIS I/O FOR SLAVE 26,63,63,0,1906,0,9,77,9,0,8,8,8,8,0,8,0,44,21,1,1,0,true,2,1
2621027C.CAD,2369,e0dc5d13704c,2621027C,CIS I/O FOR SLAVE 27,65,65,0,1956,0,9,79,9,0,8,8,8,8,0,8,0,46,20,1,1,0,true,2,1
2621028C.CAD,2264,b8f225257424,2621028C,CIS I/O FOR SLAVE 28,63,63,0,1906,0,8,77,9,0,8,8,8,8,0,8,0,44,21,1,1,0,true,1,1
2621029C.CAD,2934,f6a03434e31a,2621029C,DIGITAL I/O FOR SLAVE 29,80,80,0,2612,0,20,106,16,0,14,14,14,0,14,14,0,48,20,2,2,0,true,2,1
2621030C.CAD,3051,99b30b2960ed,2621030C,DIGITAL I/O FOR SLAVE 30,83,83,0,2702,0,24,107,15,0,13,13,13,0,13,13,0,53,19,2,2,0,true,2,1
2621031C.CAD,3220,4683f032f7af,2621031C,DIGITAL I/O FOR SLAVE 31,89,89,0,2898,0,16,117,17,0,15,15,15,0,15,15,0,55,21,2,2,0,true,2,1
2621032C.CAD,1826,c80503d8dcc7,2621032C,DIGITAL OUTPUT I/O FOR SLAVE 32,49,49,0,1500,0,6,59,7,0,6,6,6,6,0,6,0,34,10,1,1,0,true,1,1
2621033C.CAD,2784,8ef4dda3ec7e,2621033C,DIGITAL OUTPUT I/O FOR SLAVE 33,74,74,0,2430,0,13,97,15,0,13,13,12,13,0,13,0,43,21,2,2,0,true,1,1
2621034C.CAD,2914,c21309cd6aad,2621034C,DIGITAL OUTPUT SLAVE 34,77,77,0,2560,0,15,104,17,0,14,14,14,15,0,15,0,43,23,2,2,0,true,1,1
2621035C.CAD,1856,05331bd77d1d,2621035C,DIGITAL OUTPUT I/O FOR SLAVE 35,50,50,0,1530,0,6,60,7,0,6,6,6,6,0,6,0,35,10,1,1,0,true,1,1
2621036C.CAD,3400,54bcb353c957,2621036C,DIGITAL INPUT I/O FOR SLAVE 36,94,94,0,3078,0,31,124,18,0,16,16,16,0,16,16,0,58,22,2,2,0,true,2,1
2621037C.CAD,2825,428c7889f02a,2621037C,DIGITAL INPUT I/O FOR SLAVE 37,75,75,0,2476,0,14,101,16,0,14,14,14,0,14,14,0,43,20,2,2,0,true,1,1
2621038C.CAD,3171,758323895061,2621038C,CIS I/O FOR SLAVE 38,73,73,0,2608,0,25,101,18,2,15,15,15,0,15,19,0,32,48,3,3,0,true,2,1
2621039C.CAD,4043,5b6d16f23c37,2621039C,LIME KILN,95,95,0,3526,0,30,149,30,1,28,28,17,28,0,30,0,32,62,2,2,0,true,1,1
2621040C.CAD,2940,6128dbba4d8e,2621040C,DIGITAL INPUT I/O SLAVE 40,79,79,0,2618,0,18,107,17,0,15,15,15,0,15,15,0,45,21,2,2,0,true,2,1
2621041C.CAD,2953,ab6407d92e6f,2621041C,LIME KILN,68,68,0,2418,0,22,94,17,2,14,14,14,0,14,18,0,29,43,3,3,0,true,2,1
2621042C.CAD,3036,a3649ad176ac,2621042C,LIME KILN,70,70,0,2528,0,23,98,18,2,15,15,15,0,15,19,0,29,42,3,3,0,true,2,1
2621043C.CAD,2969,c8a7e7d380e3,2621043,LIME KILN,68,68,0,2434,0,22,94,17,2,14,14,14,0,14,18,0,29,45,3,3,1,true,2,1
2621044C.CAD,2464,21fd1acb2328,2621044,LIME KILN,53,53,0,1956,0,17,75,15,2,12,12,12,0,12,16,0,18,41,3,3,1,true,2,1
2621045C.CAD,2730,e25fb746e494,2621045,LIME KILN,58,58,0,2222,0,19,86,18,2,15,15,14,0,15,19,0,17,43,3,3,1,true,1,1
2621046C.CAD,900,907dd7912bed,2621046C,DIGITAL INPUT SLAVE,15,15,0,578,0,3,19,5,0,3,3,3,0,3,3,0,5,9,2,2,0,true,1,1
2621047C.CAD,772,79b895971390,2621047C,DIGITAL  OUTPUT SLAVE,12,12,0,418,0,1,11,3,0,1,1,1,1,0,1,0,5,9,2,2,0,true,1,1
2621061C.CAD,2279,0dca2af2c84d,2621061,SEAL POT GAS,61,61,0,1856,0,16,65,10,3,3,3,3,2,1,9,0,37,25,2,2,0,true,2,1
2621063C.CAD,4139,f02c154e8b55,2621063,PUMP TANK,119,119,0,3578,0,36,135,25,8,4,9,9,3,6,34,0,50,55,10,10,0,true,3,1
2621064C.CAD,2313,93d98a89eb3a,2621064,STRIPPER COLUMN EXIT GAS,63,63,0,1922,0,14,69,11,5,1,4,4,1,3,10,0,35,24,5,5,0,true,2,1
2621065C.CAD,1296,99c06515717b,2621065,LIME KILN,35,35,0,968,0,1,35,3,0,1,1,1,1,0,1,0,29,7,1,1,0,true,1,1
2621067C.CAD,3088,9fb5a082e31f,2621067,GAS SCRUBBER WL,87,87,0,2620,0,26,99,17,6,4,7,7,3,4,24,0,38,39,5,5,0,true,3,1
2621070C.CAD,3894,1a89feead5b4,2621070,NO. 1 GAS BURNER FLOW,109,109,0,3486,0,22,124,30,3,6,9,9,6,2,19,0,55,28,7,6,0,true,4,1
2621071C.CAD,2304,7496776a08c9,2621071,GAS SCRUBBER EXIT GAS,66,66,0,1912,0,15,72,11,4,1,4,4,1,3,15,0,34,22,5,5,0,true,1,1
2621072C.CAD,3736,85aa572b2477,2621072,NO.1 GAS BURNER FLOW,107,107,0,3318,0,23,120,28,4,6,8,8,5,2,21,0,52,29,8,7,0,true,3,1
2621073C.CAD,2336,0f3a77675442,2621073,NO. 1 GAS BURNER PURGE STEAM,65,65,0,1974,0,9,71,14,1,3,4,4,3,1,9,0,39,16,4,4,0,true,1,1
2621074C.CAD,2384,d99ec332b442,2621074,NO. 2 GAS BURNER PURGE STEAM,67,67,0,2022,0,9,73,14,1,3,4,4,3,1,9,0,41,16,4,4,0,true,1,1
2621075C.CAD,2070,a3c0d35b7c2e,2621075,MALODOROUS GASES,57,57,0,1722,0,8,63,11,1,4,4,4,3,1,8,0,35,13,3,3,0,true,1,1
2621076C.CAD,1482,9d921b980e15,2621076,LIME KILN,40,40,0,1154,0,3,42,4,1,1,2,2,1,1,3,0,30,9,1,1,0,true,1,1
2621077C.CAD,1312,5434f9e5f38a,2621077,LIME KILN,35,35,0,984,0,1,35,3,0,1,1,1,1,0,1,0,29,8,1,1,0,true,1,1
2621078C.CAD,2528,b18076f0adad,2621078,CNCG PLANT,72,72,0,2064,0,19,76,14,4,3,3,3,2,1,19,0,33,31,8,8,0,true,1,1
2621079C.CAD,2602,380a3ee7cb86,2621079,NCG PLANT,73,73,0,2150,0,22,81,12,6,3,5,5,3,2,21,0,32,33,4,4,0,true,2,1
2621080C.CAD,2058,dc63fcd95db2,2621080,NCG PLANT,56,56,0,1634,0,12,60,7,3,3,3,2,2,1,12,0,32,27,2,2,0,true,1,1
2621081C.CAD,1276,f4d1dfeecb48,2621081,LIME KILN,34,34,0,948,0,1,34,3,0,1,1,1,1,0,1,0,28,7,1,1,0,true,1,1
2621082C.CAD,1272,fcd8ed5dc4db,2621082,LIME KILN,34,34,0,944,0,1,34,3,0,1,1,1,1,0,1,0,28,7,1,1,0,true,1,1
2621083C.CAD,1296,baf34067d03b,2621083,LIME KILN,35,35,0,968,0,1,35,3,0,1,1,1,1,0,1,0,29,7,1,1,0,true,1,1
2621084C.CAD,2158,aed36d5c2d19,2621084,NCG PLANT,59,59,0,1716,0,15,63,9,3,3,3,2,2,1,14,0,31,30,3,3,0,true,2,1
2621085C.CAD,1412,bfce84523ffa,2621085,LIME KILN,39,39,0,1104,0,3,41,4,1,1,2,2,1,1,3,0,29,5,1,1,0,true,1,1
2621086C.CAD,1412,099f771b6f32,2621086,LIME KILN,39,39,0,1104,0,3,41,4,1,1,2,2,1,1,3,0,29,5,1,1,0,true,1,1
2621087C.CAD,2456,99ea6a87c74a,2621087,NCG PLANT,68,68,0,1980,0,20,74,12,4,3,4,3,2,2,19,0,31,37,5,5,0,true,2,1
2621088C.CAD,1450,2897fbf71912,2621088,LIME KILN,40,40,0,1142,0,3,42,4,1,1,2,2,1,1,3,0,30,5,1,1,0,true,1,1
2621089C.CAD,1450,e8233dc06017,2621089,LIME KILN,40,40,0,1142,0,3,42,4,1,1,2,2,1,1,3,0,30,5,1,1,0,true,1,1
2621090C.CAD,1410,002837a3da02,2621090,LIME KILN,38,38,0,1082,0,3,40,4,1,1,2,2,1,1,3,0,28,8,1,1,0,true,1,1
2621091C.CAD,1426,c1769dc8e57d,2621091,LIME KILN,39,39,0,1118,0,3,41,4,1,1,2,2,1,1,3,0,29,5,1,1,0,true,1,1
2621092C.CAD,1286,bd6947b911b3,2621092,LIME KILN,35,35,0,978,0,1,35,3,0,1,1,1,1,0,1,0,29,4,1,1,0,true,1,1
2621093C.CAD,1478,4af5a496dcfc,2621093,LIME KILN,40,40,0,1134,0,4,42,5,1,1,2,2,1,1,4,0,28,11,2,2,0,true,1,1
2621094C.CAD,1450,d829c56a5db8,2621094,LIME KILN,39,39,0,1122,0,3,41,4,1,1,2,2,1,1,3,0,29,8,1,1,0,true,1,1
2621095C.CAD,1486,c9d7ec93671c,2621095,LIME KILN,40,40,0,1142,0,4,42,5,1,1,2,2,1,1,4,0,28,10,2,2,0,true,1,1
2621096C.CAD,1492,e2da3a9d6254,2621096,LIME KILN,40,40,0,1148,0,4,42,5,1,1,2,2,1,1,4,0,28,13,2,2,0,true,1,1
2621097C.CAD,1952,57141855a6bb,2621097,NCG PLANT,53,53,0,1528,0,12,57,7,3,3,3,2,2,1,12,0,29,26,2,2,0,true,1,1
2621098C.CAD,2542,7408f948d007,2621098,EVAPORATOR VACUUM PUMP NO 1,66,66,0,1962,0,18,74,12,4,3,5,4,2,3,18,0,30,58,5,5,0,true,1,1
2621099C.CAD,2530,d8e561e3ea0b,2621099,EVAPORATOR VACUUM PUMP NO 2,67,67,0,2058,0,20,77,14,3,4,6,5,5,1,19,0,29,39,5,5,0,true,2,1
26210A0C.CAD,1498,c85d3b6b3a67,26210A0,NCG BURSTING DISK A/B,40,40,0,1180,0,2,42,6,0,2,2,2,2,0,2,0,30,8,2,2,0,true,1,1
26210A1C.CAD,1494,0f9838ebf7ea,26210A1,NCG BURSTING DISK,40,40,0,1176,0,2,42,6,0,2,2,2,2,0,2,0,30,8,2,2,0,true,1,1
26210A2C.CAD,1946,bf309d94e783,26210A2,,53,53,0,1522,0,12,57,7,3,3,3,2,2,1,12,0,29,24,2,2,0,true,1,1
26210A3C.CAD,2162,98c41688f37d,26210A3,LEVEL CONTROL,59,59,0,1722,0,15,65,9,4,3,4,3,2,2,15,0,29,29,3,3,0,true,1,1
26210A4C.CAD,1954,046a5ded0a32,26210A4,TEMPERATUR CONTROL,53,53,0,1530,0,12,57,7,3,3,3,2,2,1,12,0,29,26,2,2,0,true,1,1
26210A5C.CAD,1278,e685f1f3b906,26210A5,LIME KILN,34,34,0,950,0,1,34,3,0,1,1,1,1,0,1,0,28,8,1,1,0,true,1,1
26210A6C.CAD,2628,c67eb7fe08fb,26210A6,LIME KILN,69,69,0,2092,0,21,79,17,4,1,6,6,4,2,20,0,26,51,9,9,0,true,2,1
26210A7C.CAD,3280,cb5409efa15b,26210A7,LIME KILN,91,91,0,2638,0,34,99,26,5,1,5,5,4,1,32,0,26,88,20,20,0,true,3,1
26210A8C.CAD,1244,922024f110ef,26210A8,LIME KILN,30,30,0,916,0,3,32,4,1,1,2,2,1,1,3,0,20,8,1,1,0,true,1,1
26210A9C.CAD,2114,079245ad53c8,26210A9,LIME KILN,55,55,0,1660,0,15,61,13,2,1,4,4,4,0,13,0,25,36,6,6,0,true,2,1
26210AAC.CAD,3388,0306957fba95,26210AAC,NO NEED CUASE ALREADY HAS THE EXISTING ONE,91,91,0,2950,0,11,102,19,1,4,6,6,5,2,11,0,58,39,7,7,0,true,2,1
26210ABC.CAD,5536,daaced246125,26210ABC,COAL GAS FEED FLOW,157,157,0,4616,0,67,180,43,14,4,12,12,7,5,66,0,33,145,28,28,0,true,2,1
26210ACC.CAD,2282,218d11abdfdf,26210ACC,MP STEAM PRESS,62,62,0,1814,0,15,68,11,3,3,4,4,3,1,15,0,31,38,5,5,0,true,1,1
26210ADC.CAD,5626,0ef503ef078c,26210ADC,BYPASS SW,159,159,0,5048,0,52,193,40,8,3,17,17,14,4,51,0,59,71,18,18,0,true,2,1
26210AEC.CAD,4016,4b7352944a54,26210AEC,PRIMARY AIR FLOW,103,103,0,3196,0,49,124,31,8,8,11,11,9,2,47,0,16,117,18,18,0,true,2,1
26210B0A.CAD,3856,51f201d5f98b,26210B0,RUN REQUEST,133,133,0,3422,0,55,140,18,2,3,4,4,4,1,55,0,56,28,6,6,0,true,2,1
26210B1C.CAD,8162,0553aed3a4f0,26210B1,RUN REQUEST,304,304,0,7578,0,155,325,41,6,6,11,11,9,3,155,0,100,60,13,13,0,true,2,1
26210B2C.CAD,4582,254fbb0eec0b,26210B2,RUN REQUEST,154,154,0,4076,0,68,165,25,5,4,7,7,4,2,67,0,55,40,12,11,0,true,3,1
26210B3C.CAD,2512,df4a784b90aa,26210B3,LIME KILN,70,70,0,2082,0,18,78,14,4,3,5,5,3,2,18,0,32,28,6,6,0,true,1,1
26210B4C.CAD,4910,db5927dfa6eb,26210B4,RUN REQUEST,164,164,0,4266,0,72,174,31,4,5,6,6,5,1,71,0,56,79,18,18,0,true,3,1
26210B6C.CAD,1074,51c55ca50511,26210B6,LIME KILN,23,23,0,746,0,1,23,5,0,1,1,1,1,0,1,0,15,7,1,1,0,true,1,1
26210B7C.CAD,1516,bc3ba4d0c128,26210B7,L.M.F DRUM DRIVE,41,41,0,1176,0,3,41,6,1,1,1,1,1,0,3,0,29,10,2,2,0,true,1,1
26210B8C.CAD,1512,7e63d6aceb3b,26210B8,VACUUM PUMP,41,41,0,1172,0,3,41,6,1,1,1,1,1,0,3,0,29,10,2,2,0,true,1,1
26210B9C.CAD,3988,3ae43c601263,26210B9,LIME MUD FILTER,137,137,0,3470,0,71,144,19,7,3,5,5,2,2,68,0,41,43,9,8,0,true,4,1
26210C0C.CAD,3006,697ff640d70f,26210C0,VACUUM TANK,84,84,0,2490,0,27,91,18,6,3,5,5,2,2,25,0,33,41,8,7,0,true,3,1
26210C1C.CAD,3468,a879e394fcff,26210C1,VAT DRAIN,117,117,0,3098,0,51,130,18,0,3,8,8,6,1,50,0,47,19,5,4,0,true,3,1
26210C2C.CAD,3248,510f1ad8f408,26210C2,FILTER CLOTH WASH WATER,111,111,0,2908,0,47,123,15,0,4,7,7,6,1,47,0,47,16,2,2,0,true,2,1
26210C3C.CAD,3456,a481b6ead454,26210C3,LIME KILN,121,121,0,3084,0,51,131,17,1,3,6,6,5,1,51,0,50,20,5,5,0,true,2,1
26210C4C.CAD,3178,d41cb3137eaa,26210C4,VAT WASH WATER,111,111,0,2842,0,46,121,14,0,3,6,6,5,1,46,0,49,14,2,2,0,true,2,1
26210C5C.CAD,3622,d5d7f46f507f,26210C5,LIME KILN,126,126,0,3160,0,60,134,19,5,2,5,5,1,4,60,0,40,37,10,10,0,true,2,1
26210C6C.CAD,5602,64a1b962bd4c,26210C6,LIME MUD FILTER DRUM DRIVE,189,189,0,5038,0,78,203,38,6,5,8,8,7,1,78,0,65,63,19,19,0,true,2,1
26210C7C.CAD,6608,d886841c1985,26210C7,LIME MUD FILTER DRUM,220,220,0,5852,0,106,234,41,17,6,8,8,7,1,106,0,54,96,26,26,0,true,2,1
26210C8C.CAD,4790,a4683190a799,26210C8,LIME MUD FILTER,168,168,0,4258,0,77,174,28,7,4,4,4,3,1,76,0,55,49,16,16,0,true,3,1
26210C9C.CAD,6958,722a0e5dae98,26210C9,LIME MUD FILTER,195,195,0,6190,0,66,235,59,10,7,21,21,18,3,65,0,59,112,28,28,0,true,2,1
26210D1C.CAD,5264,6cd7b8b52148,26210D1,L.M. BELT CONVEYOR,147,147,0,4616,0,48,174,46,7,3,14,14,9,6,47,0,45,96,27,27,0,true,2,1
26210D2C.CAD,2070,3aad0dd495bb,26210D2,LIMIT SWITCH,55,55,0,1720,0,8,67,10,0,4,7,7,6,1,8,0,35,17,3,3,0,true,1,1
26210D3C.CAD,3378,1db651b6eb7b,26210D3,LIME MUD FILTER,94,94,0,2970,0,26,113,24,3,7,10,10,8,3,23,0,42,28,8,8,0,true,3,1
26210D4C.CAD,4760,1aa37b6bbe64,26210D4,LIME KILN,167,167,0,4228,0,79,173,28,8,4,4,4,3,1,78,0,51,49,16,16,0,true,3,1
26210D5C.CAD,5272,9843d4473194,26210D5,HIGH PRESSURE,180,180,0,4708,0,84,192,33,8,6,7,7,6,1,83,0,54,59,18,18,0,true,3,1
26210D6C.CAD,6302,0c54a1e12d94,26210D6,NOZZLE CARRIAGE DRIVE,182,182,0,5558,0,69,207,50,14,6,12,12,9,6,65,0,51,100,25,25,0,true,2,1
26210D7C.CAD,1350,704385726a16,26210D7,LIMIT SWITCH,36,36,0,1024,0,2,38,3,0,0,2,2,2,0,2,0,29,5,1,1,0,true,1,1
26210D8C.CAD,4788,925b7a28d52e,26210D8,NOZZLE CARRIAGE DRIVE,161,161,0,4234,0,74,175,25,7,7,8,8,7,1,74,0,53,59,12,12,0,true,2,1
26210D9C.CAD,5388,55264ac425fe,26210D9,NOZZLE CARRIAGE DRIVE,197,197,0,4988,0,104,215,27,5,6,10,10,8,2,103,0,60,26,7,7,0,true,3,1
26210E0C.CAD,1908,894c68f5fbac,26210E0,CLOSE LIMIT,51,51,0,1582,0,5,55,10,1,3,3,3,2,1,5,0,33,6,1,1,0,true,1,1
26210E1C.CAD,3994,5842f905e0d2,26210E1,L.MUD FILTER SCRAPER,115,115,0,3440,0,44,132,26,8,1,9,9,3,7,34,0,45,61,16,16,0,true,2,1
26210E2C.CAD,5592,35e9a49ff00f,26210E2,SEQUENCE TIMER,169,169,0,5018,0,67,195,39,15,1,12,12,5,11,59,0,54,75,21,21,0,true,2,1
26210E9C.CAD,1508,ad9c0cd3733b,26210E9,DC PNL FAULT,42,42,0,1200,0,2,44,5,0,1,2,2,1,1,2,0,33,5,1,1,0,true,1,1
26210F0C.CAD,1686,69234ce89c4c,26210F0C,,40,40,0,1236,0,22,46,11,5,2,3,3,3,1,21,0,2,30,6,6,0,true,2,1
26210F1C.CAD,1394,5efc25a32558,26210F1,LIME KILN,38,38,0,1054,0,3,38,4,1,1,1,1,1,0,3,0,28,11,2,2,0,true,1,1
26210F2C.CAD,1402,b6309a2b93c6,26210F2,LIME KILN,38,38,0,1062,0,3,38,4,1,1,1,1,1,0,3,0,28,11,2,2,0,true,1,1
26210F3C.CAD,1924,c129c615d345,26210F3,LIME HOPPER BUCKET ELEVATOR SPEED,54,54,0,1584,0,6,58,9,0,1,3,3,3,0,6,0,37,13,4,4,0,true,1,1
26210F4C.CAD,1410,3fecbc0b2234,26210F4,LIME KILN,38,38,0,1070,0,3,38,4,1,1,1,1,1,0,3,0,28,11,2,2,0,true,1,1
26210F5C.CAD,1522,d1a8a6835493,26210F5,LIME HOPPER,41,41,0,1182,0,3,43,6,0,2,2,2,2,0,2,0,31,10,2,2,0,true,2,1
26210F7C.CAD,1932,d04798dbecdf,26210F7,ALSO USED ON 48-M006,56,56,0,1592,0,7,58,9,0,1,2,2,2,0,6,0,39,11,4,4,0,true,2,1
26210F8C.CAD,1506,41c33f9c1142,26210F8,LIME KILN,40,40,0,1152,0,5,42,6,1,1,2,2,1,1,5,0,26,15,3,3,0,true,1,1
26210F9C.CAD,1840,9cc3920178e5,26210F9,LIME MUD FLOW,51,51,0,1362,0,11,50,7,1,0,1,1,0,0,9,0,32,36,6,5,0,true,4,1
26210G0C.CAD,10190,c1249fcf4653,26210G0,DISC VALVE LOCAL STOP,389,389,0,9550,0,194,405,50,23,9,9,9,6,3,194,0,120,80,23,23,0,true,2,1
26210G1C.CAD,1601,cf05abc4534c,26210G1,BAILEY TO FLS,44,44,0,1220,0,6,46,6,1,1,2,2,1,1,6,0,29,14,4,4,0,true,1,1
26210G2C.CAD,3796,27c75dad0957,26210G2,KILN OUTLET MOTORS SIREN ON/OFF,129,129,0,3426,0,55,147,17,1,1,10,10,9,1,55,0,54,24,5,5,0,true,2,1
26210G3C.CAD,3620,fc57cd1778ed,26210G3,KILN INLET MOTORS SIREN,124,124,0,3250,0,54,140,16,1,1,9,9,8,1,54,0,51,23,5,5,0,true,2,1
26210G4C.CAD,1450,2e05fdad5938,26210G4,EXTERNAL POWER SUPPLY ALARM,41,41,0,1142,0,1,41,4,0,1,1,1,1,0,1,0,34,3,1,1,0,true,1,1
26210G5C.CAD,1392,c03e91b611dd,26210G5,LIME KILN,38,38,0,1052,0,3,38,4,1,1,1,1,1,0,3,0,28,11,2,2,0,true,1,1
26210G6C.CAD,3256,4169037e343c,26210G6,COOLING WATER VALVE REQUEST,116,116,0,2906,0,53,126,12,3,2,6,6,3,3,52,0,47,18,4,4,0,true,3,1
26210G7C.CAD,1498,769596f55a69,26210G7,COMPRESSED AIR LOW,43,43,0,1190,0,1,43,4,0,1,1,1,1,0,1,0,36,3,1,1,0,true,1,1
26210G8C.CAD,1484,6f2960451328,26210G8,O2 ANALYSER UNIT ALARM FAULT,42,42,0,1176,0,1,42,4,0,1,1,1,1,0,1,0,35,3,1,1,0,true,1,1
26210G9C.CAD,1488,f2fb47015df7,26210G9,O2 ANALYSER PRE-WARNIMG FAULT,42,42,0,1180,0,1,42,4,0,1,1,1,1,0,1,0,35,3,1,1,0,true,1,1
26210H1C.CAD,1474,6765371d1044,26210H1,O2 ANALYSER TEST STATUS,42,42,0,1166,0,1,42,4,0,1,1,1,1,0,1,0,35,3,1,1,0,true,1,1
26210H2C.CAD,3134,bba7972e3916,26210H2,FLUE GAS OXYGEN,91,91,0,2488,0,25,94,15,5,2,3,3,2,1,24,0,44,63,8,8,0,true,2,1
26210H3C.CAD,5050,de630d47eea8,26210H3,USED ON 48-M023,146,146,0,4278,0,57,164,36,14,1,10,10,4,6,55,0,39,113,22,22,0,true,3,1
26210H4C.CAD,4252,eda050590b15,26210H4,I.D. FAN START,127,127,0,3690,0,37,140,26,8,3,8,8,5,3,35,0,55,64,12,12,0,true,2,1
26210H5C.CAD,1490,b7b095e28685,26210H5,CHARGING BELT WATER PRESSURE LOW,42,42,0,1182,0,1,42,4,0,1,1,1,1,0,1,0,35,3,1,1,0,true,1,1
26210H6C.CAD,1840,ff30ce01852b,26210H6,CHARGING BELT AIR PRESSURE,51,51,0,1448,0,5,53,7,1,1,2,2,1,1,5,0,36,16,3,3,0,true,1,1
26210H7C.CAD,1444,78abf9c96307,26210H7,KILN BEARING NO.3,39,39,0,1104,0,3,39,5,1,1,1,1,1,0,3,0,28,10,2,2,0,true,1,1
26210H8C.CAD,1886,4bcb4b845059,26210H8,LIME KILN,52,52,0,1536,0,4,54,8,1,2,2,2,2,0,4,0,37,15,3,3,0,true,1,1
26210I3C.CAD,6070,8b3d0187564d,26210I3,KILN DRIVE START,225,225,0,5502,0,116,238,30,5,5,7,7,6,2,115,0,73,66,16,16,0,true,3,1
26210I4C.CAD,1628,669d1799fd95,26210I4,LIME KILN,44,44,0,1258,0,6,46,7,1,1,2,2,1,1,6,0,28,19,4,4,0,true,1,1
26210I5C.CAD,1472,922b0014fc22,26210I5,BARRING GEAR POSITION,42,42,0,1164,0,1,42,4,0,1,1,1,1,0,1,0,35,3,1,1,0,true,1,1
26210I6C.CAD,1438,ac89cd30c73b,26210I6,KILN BEARING,39,39,0,1098,0,3,39,5,1,1,1,1,1,0,3,0,28,10,2,2,0,true,1,1
26210I7C.CAD,3940,fe016a971f1b,26210I7,KILN DISPLACEMENT POSITION LOW,117,117,0,3428,0,26,127,25,7,5,6,6,5,1,26,0,57,49,13,13,0,true,1,1
26210I8C.CAD,1404,845d4ad55804,26210I8,LIME KILN,38,38,0,1064,0,3,38,4,1,1,1,1,1,0,3,0,28,11,2,2,0,true,1,1
26210I9C.CAD,1894,b03b59a8d715,26210I9,CRUSHER SPEED,54,54,0,1554,0,6,58,9,0,1,3,3,3,0,6,0,37,13,4,4,0,true,1,1
26210J1C.CAD,1396,aca8c1fd483d,26210J1,LIME KILN,38,38,0,1056,0,3,38,4,1,1,1,1,1,0,3,0,28,11,2,2,0,true,1,1
26210J2C.CAD,1408,23f004b0f0e3,26210J2,LIME KILN,38,38,0,1068,0,3,38,4,1,1,1,1,1,0,3,0,28,10,2,2,0,true,1,1
26210J3C.CAD,2580,0016b75b2755,26210J3,SHELL TEMP,74,74,0,2174,0,17,82,14,5,1,5,5,1,4,17,0,36,25,6,6,0,true,1,1
26210J4C.CAD,3204,de1ba1942046,26210J4,ALSO USED ON,96,96,0,2682,0,26,100,22,5,1,3,3,1,2,25,0,42,55,14,14,0,true,2,1
26210J5C.CAD,7726,612b5404e590,26210J5,LIME KILN,319,319,0,7186,0,200,331,30,13,5,7,7,3,4,200,0,74,58,13,13,0,true,2,1
26210J6C.CAD,2052,20211aec936f,26210J6,LIME KILN,55,55,0,1680,0,9,63,11,1,2,5,5,2,3,8,0,33,21,4,4,1,true,2,1
26210J7C.CAD,1468,cdaf9051b475,26210J7,PYROMETER NO.3,40,40,0,1128,0,3,40,5,1,1,1,1,1,0,3,0,29,10,2,2,0,true,1,1
26210J8C.CAD,6396,2b47e92c6927,26210J8,SEC AIR TEMP HARUS LEBIH BESAR DARI 550,217,217,0,5728,0,113,237,35,7,1,11,11,4,7,110,0,63,86,19,19,1,true,4,1
26210J9C.CAD,1400,57cfe1d4c78c,26210J9,LIME KILN,38,38,0,1060,0,3,38,4,1,1,1,1,1,0,3,0,28,11,2,2,0,true,1,1
26210K0C.CAD,1394,8556bafd5db2,26210K0,LIME KILN,38,38,0,1054,0,3,38,4,1,1,1,1,1,0,3,0,28,11,2,2,0,true,1,1
26210K1C.CAD,1652,ebef1325f000,26210K1,DAMPER POSITION,46,46,0,1312,0,3,46,6,1,1,1,1,1,0,3,0,34,9,2,2,0,true,1,1
26210K2C.CAD,9808,d722920b0223,26210K2,START REQ'D,339,339,0,8870,0,166,365,59,22,9,13,13,11,4,164,0,92,146,29,29,0,true,4,1
26210K3C.CAD,3965,9ef637293f4e,26210K3,LIME KILN,108,108,0,3216,0,37,123,31,4,6,8,7,6,2,37,0,35,98,21,21,0,true,1,1
26210K4C.CAD,1946,87815b7e1a76,26210K4,PRIMARY DRAG CHAIN SPEED,55,55,0,1606,0,6,59,9,0,1,3,3,3,0,6,0,38,13,4,4,0,true,1,1
26210K5C.CAD,5420,56d440682a2e,26210K5,CLOSED LIMIT,207,207,0,4910,0,104,215,23,7,4,5,5,2,3,103,0,72,44,9,9,0,true,3,1
26210K6C.CAD,1922,68a76364f7ed,26210K6,SECONDARY DRAG CHAIN SPEED,54,54,0,1582,0,6,58,9,0,1,3,3,3,0,6,0,37,13,4,4,0,true,1,1
26210K7C.CAD,1500,97e90730ebb3,26210K7,LIME KILN,40,40,0,1160,0,4,42,5,1,1,2,2,1,1,4,0,28,11,2,2,0,true,1,1
26210K8C.CAD,1450,5efc362c5357,26210K8,LIME KILN,38,38,0,1110,0,2,40,5,0,2,2,2,2,0,2,0,29,11,2,2,0,true,1,1
26210K9C.CAD,1970,c8bfbc231d5b,26210K9,KILN BUCKET ELEVATOR SPEED,56,56,0,1630,0,6,60,9,0,1,3,3,3,0,6,0,39,13,4,4,0,true,1,1
26210L2C.CAD,1402,b46aaee002a2,26210L2,LIME KILN,38,38,0,1062,0,3,38,4,1,1,1,1,1,0,3,0,28,9,2,2,0,true,1,1
26210L3C.CAD,2152,f2ffb447eedc,26210L3,LIME KILN,60,60,0,1712,0,9,62,10,2,2,2,2,2,0,9,0,37,26,5,5,0,true,1,1
26210L4C.CAD,1504,b0ab43f4ad47,26210L4,KILN SILO LEVEL,44,44,0,1196,0,1,44,4,0,1,1,1,1,0,1,0,37,3,1,1,0,true,1,1
26210L5C.CAD,1440,6f4018790e1a,26210L5,LIME SILO LEVEL,39,39,0,1100,0,3,39,5,1,1,1,1,1,0,3,0,28,10,2,2,0,true,1,1
26210L6C.CAD,2540,e3897aa6641e,26210L6,KILN MOTOR SIREN ON/OFF,96,96,0,2192,0,44,96,7,0,0,1,1,1,0,44,0,43,13,4,4,0,true,2,1
26210L7C.CAD,1916,e25d63f9d41a,26210L7,RETURN BUCKET ELEVATOR SPEED,54,54,0,1576,0,6,58,9,0,1,3,3,3,0,6,0,37,13,4,4,0,true,1,1
26210L8C.CAD,1404,119773223fdd,26210L8,LIME KILN,38,38,0,1064,0,3,38,4,1,1,1,1,1,0,3,0,28,11,2,2,0,true,1,1
26210L9C.CAD,1910,e4d10463d8dd,26210L9,SCREW CONVEYOR M20,54,54,0,1570,0,6,58,9,0,1,3,3,3,0,6,0,37,13,4,4,0,true,1,1
26210M5C.CAD,1928,54e1e19e01e8,26210M5,PRECIPITATOR SCREW CONVEYOR SPEED,54,54,0,1588,0,6,58,9,0,1,3,3,3,0,6,0,37,13,4,4,0,true,1,1
26210M6C.CAD,1892,2cbf8a87b777,26210M6,AIR SLUICE SPEED,54,54,0,1552,0,6,58,9,0,1,3,3,3,0,6,0,37,13,4,4,0,true,1,1
26210M7C.CAD,1912,31e928d21e72,26210M7,LIME KILN,54,54,0,1572,0,6,58,9,0,1,3,3,3,0,6,0,37,13,4,4,0,true,1,1
26210M8C.CAD,3478,1886a60ceaf3,26210M8,USED ON 48-M023,99,99,0,2920,0,32,110,22,6,3,6,6,4,2,30,0,40,63,11,11,0,true,3,1
26210M9C.CAD,1398,eaf516df7584,26210M9,LIME KILN,38,38,0,1058,0,3,38,4,1,1,1,1,1,0,3,0,28,10,2,2,0,true,1,1
26210N1C.CAD,1400,090a963b3eaa,26210N1,LIME KILN,38,38,0,1060,0,3,38,4,1,1,1,1,1,0,3,0,28,10,2,2,0,true,1,1
26210N2C.CAD,1396,765c93a4a550,26210N2,LIME KILN,38,38,0,1056,0,3,38,4,1,1,1,1,1,0,3,0,28,10,2,2,0,true,1,1
26210N3C.CAD,1400,7ffba92c7bb3,26210N3,LIME KILN,38,38,0,1060,0,3,38,4,1,1,1,1,1,0,3,0,28,10,2,2,0,true,1,1
26210N4C.CAD,1908,80e567a35a46,26210N4,USED ON 48-M023,52,52,0,1552,0,8,56,7,2,1,3,3,1,2,7,0,34,16,3,3,0,true,2,1
26210N5C.CAD,10614,f684dbcc6f0b,26210N5,CLOSED LIMIT,394,394,0,9752,0,207,416,55,24,11,12,12,9,3,205,0,108,133,30,30,0,true,3,1
26210N6C.CAD,2636,71a856878b58,26210N6,ID FAN DAMPER POSITION CLOSE,76,76,0,2212,0,11,82,13,2,4,4,4,4,0,11,0,48,23,4,4,0,true,1,1
26210N7C.CAD,1748,66a00b639eca,26210N7,LIME KILN,46,46,0,1378,0,4,48,7,1,2,2,2,2,0,4,0,32,17,3,3,0,true,1,1
26210N8C.CAD,3024,cd33128e52e6,26210N8,LIME KILN,83,83,0,2470,0,29,93,19,5,3,6,6,5,1,29,0,28,62,11,11,0,true,1,1
26210N9C.CAD,2773,71c6eb340463,26210N9,MALODOROUS GASES,77,77,0,2222,0,27,82,14,6,2,4,3,1,2,25,0,30,41,8,7,1,true,3,1
26210O1C.CAD,5256,c9b552e2f5c1,26210O1,OPEN VALUE,171,171,0,4648,0,52,177,32,16,4,4,4,4,0,52,0,69,69,20,20,0,true,1,1
26210O2C.CAD,2642,00eaa0b87a9f,26210O2,CLOSE VALVE,74,74,0,2242,0,24,84,16,5,4,7,7,3,2,21,0,30,22,9,7,0,true,3,1
26210O3C.CAD,1274,1c923bc60a6b,26210O3,MILK OF LIME,32,32,0,934,0,3,32,5,1,1,1,1,1,0,3,0,21,10,2,2,0,true,1,1
26210O4C.CAD,1218,48c4c9761847,26210O4,LIME KILN,31,31,0,878,0,3,31,4,1,1,1,1,1,0,3,0,21,10,2,2,0,true,1,1
26210O5C.CAD,1290,137b0f060a72,26210O5,LIME KILN,32,32,0,950,0,4,34,5,1,1,2,2,1,1,4,0,20,11,2,2,0,true,1,1
26210O6C.CAD,4066,0f63910f2b55,26210O6,OIL BURNER LOCAL TEST,163,163,0,3684,0,95,169,15,3,3,4,4,2,2,94,0,49,24,6,6,0,true,3,1
26210O7C.CAD,1350,63b47440cad5,26210O7,LIME KILN,33,33,0,994,0,5,35,6,1,1,2,2,1,1,5,0,19,13,3,3,0,true,1,1
26210O8C.CAD,6728,d7f57b4a2449,26210O8,BURNER IN LOCAL,197,197,0,5890,0,88,232,46,20,8,18,18,13,5,84,0,46,123,23,23,0,true,3,1
26210O9C.CAD,2818,e134938765a8,26210O9,ALSO USED ON,78,78,0,2284,0,25,86,20,4,1,5,5,4,1,24,0,28,55,13,13,0,true,2,1
26210P1C.CAD,2758,e90e25ca88d3,26210P1,LIME KILN,73,73,0,2374,0,16,91,19,1,6,10,10,8,2,16,0,35,32,6,6,0,true,1,1
26210P2C.CAD,2540,1867a7ec1492,26210P2,LIME KILN,68,68,0,2106,0,17,80,17,2,2,7,7,5,2,17,0,30,31,8,8,0,true,1,1
26210P3C.CAD,1612,a0aee271d30e,26210P3,LIME KILN,40,40,0,1252,0,6,44,9,0,2,3,3,3,0,6,0,23,19,4,4,0,true,1,1
26210P4C.CAD,1428,67edc843ad00,26210P4,LIME KILN,37,37,0,1106,0,5,41,6,1,2,3,3,2,1,5,0,23,8,2,2,0,true,1,1
26210P5C.CAD,2474,2789d8b2f5eb,26210P5,LIME KILN,66,66,0,2066,0,16,76,18,2,4,6,6,5,1,15,0,29,33,8,8,0,true,2,1
26210P6C.CAD,3596,ed7a1fcdbf6f,26210P6,LIME KILN,94,94,0,3130,0,30,122,30,1,4,15,15,13,2,29,0,32,52,15,15,0,true,2,1
26210P7C.CAD,1600,3e37b63bd734,26210P7,LIME KILN,41,41,0,1264,0,9,47,7,2,3,4,4,2,2,8,0,22,9,2,2,0,true,2,1
26210P8C.CAD,1182,3994cc14da22,26210P8,LIME KILN,29,29,0,874,0,2,31,4,0,1,2,2,1,1,2,0,21,4,1,1,0,true,1,1
26210P9C.CAD,1530,a61fae6835b6,26210P9,LIME KILN,41,41,0,1190,0,9,43,7,1,1,2,2,1,1,6,0,25,12,4,4,0,true,2,1
26210Q0C.CAD,1828,9e6851fe6789,26210Q0C,FIELD AUDIBLE ALARM,49,49,0,1438,0,28,56,11,6,1,4,4,3,1,28,0,3,15,4,4,0,true,1,1
26210Q1C.CAD,1318,0e453d9e07b7,26210Q1,LIME KILN,33,33,0,1010,0,4,37,5,1,1,3,3,1,2,4,0,21,5,1,1,0,true,1,1
26210Q2C.CAD,1176,400190db49f1,26210Q2,LIME KILN,29,29,0,868,0,2,31,4,0,1,2,2,1,1,2,0,21,4,1,1,0,true,1,1
26210Q3C.CAD,1352,f7b24dd2fd39,26210Q3,LIME KILN,34,34,0,1006,0,4,36,5,1,1,2,2,1,1,4,0,22,7,2,2,0,true,1,1
26210Q4C.CAD,1686,4c2b35f4aaa9,26210Q4,LIME KILN,44,44,0,1308,0,8,48,9,0,2,3,3,2,1,7,0,26,22,5,5,0,true,2,1
26210Q5C.CAD,2625,e733d4e048ac,26210Q5,LIME KILN,73,73,0,2166,0,27,83,19,4,2,6,6,4,2,24,0,24,44,13,13,0,true,2,1
26210Q6C.CAD,1144,4cdb644fd6cd,26210Q6,LIME KILN,28,28,0,824,0,3,30,3,1,2,2,2,0,2,3,0,19,5,1,1,0,true,1,1
26210Q7C.CAD,1273,2d1bb9d10d8e,26210Q7,LIME KILN,32,32,0,952,0,4,34,5,0,1,2,2,1,1,3,0,22,7,2,2,0,true,2,1
26210Q8C.CAD,1172,4a2ed4b6fdc5,26210Q8,LIME KILN,29,29,0,864,0,2,31,4,0,1,2,2,1,1,2,0,21,4,1,1,0,true,1,1
26210Q9C.CAD,1088,58846760c391,26210Q9,LIME KILN,27,27,0,780,0,1,27,3,0,1,1,1,1,0,1,0,21,3,1,1,0,true,1,1
26210R0C.CAD,1512,599106703601,26210R0,LIME KILN,37,37,0,1128,0,7,41,7,2,1,3,3,1,2,7,0,19,17,3,3,0,true,1,1
26210R1C.CAD,1354,bdbaf8cc7d68,26210R1,OIL BURNER PRE-WARNING FAULT,35,35,0,1046,0,1,35,5,0,1,1,1,1,0,1,0,27,3,1,1,0,true,1,1
26210R2C.CAD,8680,30f299d4cd78,26210R2,SEC AIR TEMP,310,310,0,7986,0,145,330,50,16,8,11,11,7,4,143,0,99,95,27,27,0,true,3,1
26210R3C.CAD,2008,c8c6a33ee28c,26210R3,SALT CAKE TANK LEVEL,51,51,0,1584,0,14,55,11,3,3,3,3,2,1,13,0,22,25,2,2,0,true,2,1
26210R4C.CAD,5692,338eb387fa46,26210R4,REGULATION VLV DECREASE,211,211,0,5086,0,115,223,26,8,4,7,7,5,2,114,0,61,67,14,14,0,true,3,1
26210R5C.CAD,1254,770e482d8bb4,26210R5,LIME KILN,31,31,0,914,0,2,33,5,0,2,2,2,2,0,2,0,22,11,2,2,0,true,1,1
26210R6C.CAD,1322,45611fe84365,26210R6,H2 BURNER PRE-WARNING FAULT,35,35,0,1014,0,1,35,4,0,1,1,1,1,0,1,0,28,3,1,1,0,true,1,1
26210R7C.CAD,8508,dea1a5b2dfba,26210R7,LOCAL STOP,310,310,0,7834,0,140,328,47,16,7,10,10,6,4,140,0,105,88,25,25,0,true,2,1
26210R8C.CAD,6148,f9e99d16cf13,26210R8,ANNUCIATION ALARM,169,169,0,5256,0,68,204,57,5,3,19,19,14,3,65,0,41,128,40,37,1,true,2,1
26210R9C.CAD,3330,0360edc2b20b,26210R9,LIME KILN,92,92,0,2694,0,33,105,25,6,1,7,7,5,2,32,0,28,80,17,17,0,true,2,1
26210S0C.CAD,2416,e98cbca058f0,26210S0,LIME KILN,63,63,0,1872,0,19,71,15,4,1,5,5,3,2,19,0,23,58,10,10,0,true,1,1
26210S1C.CAD,3450,3af8dbe03b8d,26210S1,LIME KILN,95,95,0,2808,0,35,105,28,5,1,6,6,4,2,33,0,27,89,20,20,0,true,3,1
26210S2C.CAD,1242,6fd9fe606116,26210S2,LIME KILN,30,30,0,914,0,3,32,4,1,1,2,2,1,1,3,0,20,8,1,1,0,true,1,1
26210S3C.CAD,2754,a3e77eb7200a,26210S3,LIME KILN,73,73,0,2270,0,22,87,18,4,1,8,8,7,1,21,0,28,46,8,8,0,true,2,1
26210S4C.CAD,2566,cedd351a71c6,26210S4,LIME KILN,66,66,0,2066,0,15,74,16,3,3,5,5,5,0,14,0,31,45,7,7,0,true,2,1
26210S5C.CAD,2654,eb10539a4d13,26210S5,LIME KILN,69,69,0,2130,0,17,77,18,3,3,5,4,5,0,16,0,30,53,9,9,0,true,2,1
26210S6C.CAD,974,2ac6c4f891e4,26210S6,LIME KILN,23,23,0,646,0,1,23,2,0,1,1,1,1,0,1,0,18,7,1,1,0,true,1,1
26210S7C.CAD,8110,7be77af6811f,26210S7,LIME HOPPER BUCKET ELE SPEED,295,295,0,7450,0,143,311,46,17,6,9,9,4,5,142,0,88,81,25,25,0,true,3,1
26210S8C.CAD,3578,9fc786ae848c,26210S8,REVERSE STATUS,125,125,0,3194,0,55,133,16,3,3,5,5,2,3,55,0,49,24,7,7,0,true,2,1
26210S9C.CAD,4088,0f9034e95145,26210S9,REVERSE STATUS,114,114,0,3626,0,34,139,29,5,6,13,13,7,7,31,0,47,50,11,11,0,true,2,1
26210T0C.CAD,4678,c0265776bf2e,26210T0C,FORWARD REQ,126,126,0,4144,0,35,149,39,6,5,11,11,9,5,35,0,44,62,14,14,0,true,1,1
26210T1C.CAD,3618,1f0100652ce2,26210T1,KILN STATUS,104,104,0,3208,0,13,116,23,2,5,7,7,6,1,13,0,64,27,8,8,0,true,2,1
26210T2C.CAD,7422,b3e928d46528,26210T2,LOCAL STOP,272,272,0,6824,0,125,286,42,8,6,8,8,6,2,125,0,95,69,22,22,0,true,2,1
26210T3C.CAD,7196,fc82c278fe8b,26210T3,BARRING GEAR POSITION,223,223,0,6442,0,75,252,51,19,8,15,15,8,7,74,0,78,102,31,31,0,true,2,1
26210T4C.CAD,6787,d2a82e00a097,26210T4,LOCAL START,246,246,0,6216,0,123,262,36,10,6,9,9,4,5,122,0,76,58,16,16,0,true,3,1
26210T5C.CAD,3912,2d49ed2d9856,26210T5,PRIM FAN DAMPER CLOSED,134,134,0,3456,0,57,142,19,3,3,5,5,3,2,57,0,53,33,8,8,0,true,2,1
26210T7C.CAD,3244,9c2c51b2cbe2,26210T7,AIR FAN,103,103,0,2760,0,38,107,22,9,2,3,3,3,0,38,0,32,41,16,16,0,true,1,1
26210T8C.CAD,6331,125acebf8b63,26210T8,LOCAL STOP,213,213,0,5736,0,86,231,39,10,7,10,10,6,4,86,0,76,64,19,19,1,true,2,1
26210T9C.CAD,8588,413f9e5c9e5e,26210T9,PRIM DRAG CHAIN CONN STATUS,305,305,0,7896,0,140,325,51,13,8,11,11,7,4,140,0,99,85,26,26,0,true,2,1
26210U0C.CAD,8808,51a4876db897,26210U0,PRI.DRAG CHAIN SPEED,309,309,0,8106,0,142,331,54,14,9,12,12,7,5,142,0,97,92,26,26,0,true,2,1
26210U1C.CAD,7102,4d8ffaac4375,26210U1,LOCAL STOP,261,261,0,6522,0,121,273,39,8,6,7,7,5,2,121,0,91,64,20,20,0,true,2,1
26210U2C.CAD,8448,e1a3a4999b19,26210U2,KILN BUCKET ELEV STATUS,301,301,0,7776,0,141,321,49,14,8,11,11,6,5,141,0,95,82,25,25,0,true,2,1
26210U3C.CAD,8352,c7026febbe9e,26210U3,KILN BUCKET ELE SPEED,299,299,0,7674,0,139,317,48,14,7,10,10,5,5,139,0,96,80,24,24,0,true,2,1
26210U4C.CAD,7981,0b55bfcc44e3,26210U4,RETURN BUCKET ELE SPEED,287,287,0,7350,0,134,306,44,13,7,11,11,5,5,133,0,95,71,22,21,0,true,3,1
26210U5C.CAD,7794,bb08122adc01,26210U5,RETURN BUCKET ELE STATUS,282,282,0,7164,0,135,300,42,14,7,10,10,5,5,135,0,89,74,22,22,0,true,2,1
26210U6C.CAD,8108,409dc5a11c58,26210U6,LOCAL STOP,291,291,0,7470,0,137,311,46,14,8,11,11,6,5,137,0,92,77,23,23,0,true,2,1
26210U7C.CAD,7202,bef0e2d0b6ee,26210U7,SOLD END,242,242,0,6564,0,100,266,45,14,10,13,13,9,4,100,0,81,79,24,24,1,true,2,1
26210U8C.CAD,6144,9dc7041715af,26210U8,RAPPING GEARS GROUP 2,209,209,0,5594,0,87,227,35,11,6,10,10,7,3,87,0,74,61,17,17,0,true,2,1
26210U9C.CAD,5412,5ddb2d361160,26210U9,LOCAL START,185,185,0,4852,0,77,197,30,9,5,7,7,4,3,77,0,67,53,15,15,0,true,2,1
26210V0C.CAD,4924,bd1463650be7,26210V0,M026 LOCAL ENABLE,153,153,0,4402,0,38,169,29,8,5,9,9,7,2,38,0,76,49,13,13,0,true,1,1
26210V1C.CAD,7786,1f3a9d251dc1,26210V1,DISC VALUE OPEN,256,256,0,7168,0,108,288,48,17,8,17,17,9,8,106,0,83,85,23,23,1,true,3,1
26210V2C.CAD,6946,0da4d88378e7,26210V2,LOCAL STOP,256,256,0,6376,0,118,268,35,9,6,7,7,4,3,118,0,92,55,16,16,0,true,2,1
26210V3C.CAD,6120,785504ccf12e,26210V3,LONG SCREW CONVEYOR,228,228,0,5606,0,114,238,30,8,6,6,6,4,2,114,0,74,47,14,14,0,true,2,1
26210V4C.CAD,6816,be8996a24531,26210V4,CURRENT KILN BUCKET ELEVATOR,247,247,0,6252,0,123,263,37,9,8,9,9,6,3,123,0,76,59,18,18,0,true,2,1
26210V5C.CAD,4752,d85a26c116d4,26210V5,ALSO USED,144,144,0,3952,0,52,151,32,12,3,4,4,3,1,51,0,48,97,24,24,0,true,2,1
26210V6C.CAD,6182,9b2e3e5596b9,26210V6,ALSO USED ON,231,231,0,5656,0,115,240,30,8,5,6,6,3,2,114,0,77,46,15,14,0,true,3,1
26210V7C.CAD,5998,97cd96601038,26210V7,LOCAL STOP,201,201,0,5408,0,84,217,39,8,6,9,9,6,3,84,0,68,62,19,19,0,true,2,1
26210V8C.CAD,3710,4261b7d3e006,26210V8,RUN REQUEST,132,132,0,3276,0,56,136,15,4,3,3,3,2,1,56,0,55,26,6,6,0,true,2,1
26210V9C.CAD,4842,64bc5c09d426,26210V9,PRI AIR FAN,128,128,0,4332,0,39,170,36,3,7,23,23,18,3,37,0,50,58,15,13,0,true,2,1
26210W0C.CAD,5512,01811c410fb7,26210W0,OIL FLOW,148,148,0,4892,0,49,191,44,5,8,23,23,19,3,48,0,49,80,22,21,0,true,2,1
26210W1C.CAD,2200,40d95407d972,26210W1,LIME KILN,58,58,0,1802,0,12,70,13,0,2,7,7,6,1,12,0,31,23,6,6,0,true,1,1
26210W2C.CAD,1896,6001702d74d2,26210W2,MILK OF LIME,52,52,0,1472,0,12,54,7,2,2,2,2,2,0,11,0,30,23,2,2,0,true,2,1
26210W3C.CAD,1360,ac943f9e304d,26210W3,LIME KILN,38,38,0,978,0,7,36,4,1,0,0,0,0,0,5,0,26,11,1,1,0,true,2,1
26210W4C.CAD,3428,ffec408a3fad,26210W4,COMPRESSOR AIR,116,116,0,3078,0,49,130,17,0,4,8,8,7,1,49,0,48,19,3,3,0,true,2,1
26210W5C.CAD,1232,5cf44a2bc746,26210W5,LIME KILN,32,32,0,904,0,1,32,3,0,1,1,1,1,0,1,0,26,7,1,1,0,true,1,1
26210W6C.CAD,1354,40d21abb15e7,26210W6,LIME KILN,36,36,0,1014,0,3,36,4,1,1,1,1,1,0,3,0,26,10,2,2,0,true,1,1
26210W7C.CAD,2102,7dffe89b7619,26210W7,LIME KILN,57,57,0,1650,0,14,61,11,3,1,3,3,3,0,13,0,28,35,6,6,0,true,2,1
26210W8C.CAD,1350,24aaaeefaf60,26210W8,LIME KILN,36,36,0,1010,0,3,36,4,1,1,1,1,1,0,3,0,26,11,2,2,0,true,1,1
26210W9C.CAD,1346,0dd0ba620584,26210W9,LIME KILN,36,36,0,1006,0,3,36,4,1,1,1,1,1,0,3,0,26,11,2,2,0,true,1,1
26210X0C.CAD,1936,d5ad75741553,26210X0,DUST CYCLONE OUTLET GAS,54,54,0,1548,0,6,56,9,1,2,2,2,2,0,6,0,36,23,4,4,1,true,1,1
26210X1C.CAD,1552,e0c0e3d0031c,26210X1,CYCLONE OUTLET GAS TEMP.,44,44,0,1212,0,3,44,5,1,1,1,1,1,0,3,0,33,10,2,2,0,true,1,1
26210X3C.CAD,1442,246a9d63138b,26210X3,DUST CYCLONE PLUG SWITCH,40,40,0,1134,0,1,40,5,0,1,1,1,1,0,1,0,32,4,1,1,0,true,1,1
26210X4C.CAD,1874,7bd2f499c561,26210X4,CYCLONE BOTTUM ROTARY FEEDER,53,53,0,1534,0,6,57,9,0,1,3,3,3,0,6,0,36,13,4,4,0,true,1,1
26210X5C.CAD,1878,69db4dc6c962,26210X5,CYCLONE RETURN DUST SCREW,53,53,0,1538,0,6,57,9,0,1,3,3,3,0,6,0,36,13,4,4,0,true,1,1
26210X6C.CAD,1902,c6e86d374af0,26210X6,LIME MUD INFEED SCREW FEEDER,54,54,0,1562,0,6,58,9,0,1,3,3,3,0,6,0,37,13,4,4,0,true,1,1
26210X7C.CAD,1580,f33983502e7b,26210X7,LIME KILN,44,44,0,1240,0,4,44,6,1,1,1,1,1,0,4,0,31,9,2,2,0,true,1,1
26210X8C.CAD,1872,b8131ab01d4f,26210X8,E/P OUTLET PRESSURE,52,52,0,1484,0,6,54,9,1,2,2,2,2,0,6,0,34,23,4,4,0,true,1,1
26210X9C.CAD,1814,ec494a790b87,26210X9,LIME KILN,51,51,0,1474,0,6,55,9,0,1,3,3,3,0,6,0,34,13,4,4,0,true,1,1
26210Y0C.CAD,1242,beac0a19250d,26210Y0,LIME KILN,28,28,0,902,0,3,28,6,1,1,1,1,1,0,3,0,16,10,2,2,0,true,1,1
26210Y1C.CAD,1196,dc644a8e1bbb,26210Y1,LIME KILN,27,27,0,856,0,3,27,6,1,1,1,1,1,0,3,0,15,9,2,2,0,true,1,1
26210Y2C.CAD,8951,c3a7e442e47e,26210Y2,AIR SLUICE SPEED,317,317,0,8282,0,148,343,52,17,9,14,14,7,7,147,0,99,88,26,26,0,true,3,1
26210Y3C.CAD,5944,e42f91c2e570,26210Y3,LOCAL START,203,203,0,5366,0,82,217,34,11,5,8,8,4,4,82,0,74,58,17,17,0,true,2,1
26210Y4C.CAD,6454,5d53c48b8a22,26210Y4,LOCAL START,217,217,0,5850,0,92,233,42,13,6,9,9,6,3,92,0,68,75,21,21,0,true,2,1
26210Y5C.CAD,4534,ffdfae3a1bbb,26210Y5,RUN REQUEST,155,155,0,4060,0,68,167,23,7,5,7,7,4,3,68,0,55,44,10,10,0,true,2,1
26210Y6C.CAD,7384,43a75e5a8908,26210Y6,LOCAL STOP,264,264,0,6838,0,127,284,42,12,7,11,11,7,4,127,0,81,61,17,17,0,true,2,1
26210Y7C.CAD,3696,15aef67bb25a,26210Y7,RUN REQUEST,131,131,0,3262,0,56,135,15,4,3,3,3,2,1,56,0,54,27,6,6,0,true,2,1
26210Y8C.CAD,5484,618b7a471f0c,26210Y8,REN REQUEST,180,180,0,4838,0,82,193,30,10,7,8,8,5,2,80,0,58,68,13,12,0,true,4,1
26210Y9C.CAD,3486,f3c6ebc234ca,26210Y9,REN REQUEST,122,122,0,3064,0,54,126,15,3,3,3,3,2,1,54,0,48,26,6,6,0,true,2,1
26210Z0C.CAD,1284,54ef14fb38b0,26210Z0C,LIME KILN,33,33,0,956,0,1,33,4,0,1,1,1,1,0,1,0,26,7,1,1,0,true,1,1
26210Z1C.CAD,2746,dac7f3c7bd23,26210Z1,SPARE BLOCK,67,67,0,1986,0,12,70,27,2,1,2,2,1,1,11,0,26,81,23,23,0,true,2,1
26210Z2C.CAD,2786,e9df93fdbe7f,26210Z2,SPARE BLOCK,68,68,0,2072,0,9,68,33,2,1,1,1,1,0,7,0,24,84,30,30,0,true,2,1
26210Z3C.CAD,1340,eb79ec8753ab,26210Z3,SPARE BLOCK,30,30,0,922,0,3,31,4,0,0,3,3,0,0,0,0,24,11,4,1,0,true,1,1
26210Z4C.CAD,2938,b05131cf0fbf,26210Z4,SPARE BLOCK,72,72,0,2212,0,22,85,17,5,5,7,7,3,4,21,0,28,67,10,9,1,true,2,1
26210Z5C.CAD,1870,2eb80ad55690,26210Z5,STRIPPER INJECT STEAM,49,49,0,1446,0,10,53,7,2,3,3,3,2,1,10,0,28,26,2,2,0,true,1,1
26210Z6C.CAD,2442,b64e58239955,26210Z6C,MILK OF LIME NO.1,71,71,0,2022,0,16,75,11,4,3,3,3,2,1,16,0,38,24,5,5,0,true,1,1
26210Z9C.CAD,2100,19b131ef75ef,26210Z9,LIME KILN,53,53,0,1638,0,6,61,12,0,5,5,5,5,0,6,0,33,38,6,6,0,true,1,1
2620500A.CAD,668,d7f4c76a6d51,2620500A,,5,5,0,178,0,0,5,5,0,0,0,0,0,0,0,0,0,47,4,4,0,true,0,1
2061000A.CAD,4794,92172d797d40,2061000,DRAWING NUMBER,168,168,0,4252,0,48,170,12,1,0,2,2,0,2,41,0,112,58,8,7,0,true,3,1
2061001A.CAD,10592,80f5038c554d,2061001A,Externally Powered 4-20 mA,317,317,0,10084,0,55,347,70,2,15,15,15,0,15,40,0,205,42,3,3,0,true,2,1
2061002A.CAD,10768,26f5e9c184e5,2061002A,System Powered 4-20 mA,323,323,0,10260,0,59,353,70,2,15,15,15,0,15,40,0,211,45,3,3,0,true,2,1
2061003A.CAD,10248,37e5d2fb7a1a,2061003A,System Powered 4-20 mA,305,305,0,9740,0,41,335,70,2,15,15,14,0,15,40,0,193,45,3,3,0,true,2,1
2061004A.CAD,15468,2a9126cf660b,2061004A,TOBA PULP LESTARI,495,495,0,14978,0,98,551,93,1,28,28,28,28,0,98,0,303,62,2,2,0,true,2,1
2061005A.CAD,12283,157f25188aa7,2061005A,NOT USED,364,364,0,11794,0,64,408,88,1,22,22,22,22,0,63,0,212,56,2,2,0,true,3,1
2061006A.CAD,14124,3bf2e1ac5231,2061006A,TOBA PULP LESTARI,469,469,0,13634,0,84,497,79,1,14,14,14,14,0,84,0,305,48,2,2,0,true,2,1
2061007A.CAD,9820,62f2ed1494de,2061007A,PART SUFFIX,317,317,0,9498,0,36,345,32,0,14,14,14,0,14,35,0,250,20,2,2,0,true,3,1
2061008A.CAD,9944,c23a6435c247,2061008A,PART SUFFIX,319,319,0,9622,0,52,351,34,0,16,16,16,0,16,37,0,248,22,2,2,0,true,3,1
2061009A.CAD,9798,2bc01f8a52d8,2061009A,PART SUFFIX,315,315,0,9476,0,49,345,33,0,15,15,15,0,15,36,0,246,21,2,2,0,true,3,1
2061010A.CAD,9944,060d97f3e6a8,2061010A,PART SUFFIX,319,319,0,9622,0,52,351,34,0,16,16,16,0,16,37,0,248,22,2,2,0,true,3,1
2061011A.CAD,9770,d10f7b4a4e8f,2061011A,PART SUFFIX,314,314,0,9448,0,48,344,33,0,15,15,15,0,15,36,0,245,21,2,2,0,true,3,1
2061012A.CAD,9042,7bd5b1ea9e0f,2061012A,PART SUFFIX,289,289,0,8720,0,30,313,30,0,12,12,12,0,12,27,0,232,18,2,2,0,true,3,1
2061013A.CAD,9664,24e9e146900e,2061013A,PART SUFFIX,309,309,0,9342,0,42,341,34,0,16,16,16,0,16,37,0,238,22,2,2,0,true,3,1
2061014A.CAD,9694,95e12c07171c,2061014A,PART SUFFIX,309,309,0,9344,0,42,341,34,0,16,16,16,0,16,37,0,238,22,2,2,0,true,3,1
2061015A.CAD,9523,06bd87d33a3d,2061015A,PART SUFFIX,302,302,0,9112,0,36,332,33,0,15,15,15,0,15,36,0,233,21,2,2,0,true,2,1
2061016A.CAD,9853,86971e562c19,2061016A,CONNECT THE SOURCE TO E1 AND E2. POWER POINTS 1-7,311,311,0,9532,0,39,341,33,0,15,15,15,0,15,36,0,242,21,2,2,0,true,3,1
2061017A.CAD,9095,f95d4b4c5de1,2061017A,PART SUFFIX,306,306,0,8774,0,32,320,25,0,7,7,7,0,7,28,0,253,13,2,2,0,true,3,1
2061018A.CAD,9421,fbe9ce75261d,2061018A,PART SUFFIX,319,319,0,9100,0,29,331,24,0,6,6,6,0,6,27,0,268,12,2,2,0,true,3,1
2061019A.CAD,9162,1cdc708531d0,2061019A,PART SUFFIX,312,312,0,8840,0,25,320,22,0,4,4,4,0,4,25,0,265,10,2,2,0,true,2,1
2061020A.CAD,9522,236e1cc13e94,2061020A,PART SUFFIX,320,320,0,9200,0,29,336,26,0,8,8,8,0,8,29,0,265,14,2,2,0,true,2,1
2061021A.CAD,9784,7dc78fc425bf,2061021A,TYPE    LOCATION,302,302,0,9384,0,88,318,83,0,8,8,8,8,0,88,0,131,15,2,2,0,true,2,1
2061022A.CAD,9788,eea997de0b0e,2061022A,TYPE        LOCATION,302,302,0,9388,0,88,318,83,0,8,8,8,8,0,88,0,131,15,2,2,0,true,2,1
2061023A.CAD,9718,762866d12467,2061023A,TYPE    LOCATION,301,301,0,9318,0,87,315,82,0,7,7,7,7,0,87,0,132,14,2,2,0,true,2,1
2061024A.CAD,9840,5298cf3ec318,2061024A,TYPE    LOCATION,303,303,0,9440,0,88,319,83,0,8,8,8,8,0,88,0,132,15,2,2,0,true,2,1
2061025A.CAD,9768,2fde78a471ce,2061025A,TYPE    LOCATION,302,302,0,9368,0,88,318,83,0,8,8,8,8,0,88,0,131,15,2,2,0,true,2,1
2061026A.CAD,9768,5e3360d01a51,2061026A,TYPE    LOCATION,302,302,0,9368,0,88,318,83,0,8,8,8,8,0,88,0,131,15,2,2,0,true,2,1
2061027A.CAD,9770,11e72caeb459,2061027A,TYPE    LOCATION,302,302,0,9370,0,88,318,83,0,8,8,8,8,0,88,0,131,15,2,2,0,true,2,1
2061028A.CAD,9792,5758fc4894a7,2061028A,TYPE    LOCATION,303,303,0,9392,0,88,319,83,0,8,8,7,8,0,88,0,132,15,2,2,0,true,2,1
2061029A.CAD,9768,3c67526b2266,2061029A,TYPE    LOCATION,302,302,0,9368,0,88,318,83,0,8,8,8,8,0,88,0,131,15,2,2,0,true,2,1
2061030A.CAD,9768,8e2df33627d7,2061030A,TYPE    LOCATION,302,302,0,9368,0,88,318,83,0,8,8,8,8,0,88,0,131,15,2,2,0,true,2,1
2061031A.CAD,9790,835e1be0c4b5,2061031A,TYPE    LOCATION,303,303,0,9390,0,88,319,83,0,8,8,8,8,0,88,0,132,15,2,2,0,true,2,1
2061032A.CAD,9704,8f895ef11b8b,2061032A,TYPE    LOCATION,301,301,0,9304,0,87,315,82,0,7,7,7,7,0,87,0,132,14,2,2,0,true,2,1
2061033A.CAD,9750,c908da354b56,2061033A,TYPE    LOCATION,302,302,0,9350,0,88,318,83,0,8,8,8,8,0,88,0,131,15,2,2,0,true,2,1
2061034A.CAD,7342,9909fb9687f5,2061034A,TYPE      LOCATION,237,237,0,6914,0,27,261,35,0,12,12,12,12,0,27,0,175,23,3,3,0,true,2,1
2061035A.CAD,7702,8986318ee9fc,2061035A,TYPE      LOCATION,243,243,0,7184,0,30,273,38,0,15,15,15,15,0,30,0,175,26,3,3,0,true,2,1
2061036A.CAD,6262,d4a350cc64b6,2061036A,TYPE      LOCATION,213,213,0,5834,0,15,213,23,0,0,0,0,0,0,15,0,175,11,3,3,0,true,2,1
2061037A.CAD,6982,9103a1cd2ba8,2061037A,TYPE      LOCATION,229,229,0,6554,0,23,245,31,0,8,8,8,8,0,23,0,175,19,3,3,0,true,2,1
2061038A.CAD,7746,4c2d062ba15b,2061038A,TYPE      LOCATION,247,247,0,7318,0,31,279,39,0,16,16,16,16,0,31,0,177,27,3,3,0,true,2,1
2061039A.CAD,6262,c67b85159473,2061039A,TYPE      LOCATION,213,213,0,5834,0,15,213,23,0,0,0,0,0,0,15,0,175,11,3,3,0,true,2,1
2061040A.CAD,6286,43e18827d63f,2061040A,TYPE      LOCATION,214,214,0,5858,0,15,214,23,0,0,0,0,0,0,15,0,176,11,3,3,0,true,2,1
2061090A.CAD,2732,357ab1cb8b5b,2061090,RAW WATER TREATMENT,60,60,0,2072,0,13,81,24,0,6,11,11,11,0,13,0,22,94,13,13,0,true,1,1
20610A0A.CAD,4739,f3b84633042e,20610A0,DRAWING NUMBER,191,191,0,4432,0,77,191,5,0,1,1,1,1,0,77,0,107,4,1,1,0,true,2,1
20610A1A.CAD,6103,42a83ec49193,20610A1,DRAWING NUMBER,276,276,0,5764,0,158,276,8,0,1,1,1,1,0,157,0,109,6,2,2,0,true,3,1
20610A2A.CAD,7253,7dd411b199fe,20610A2,DRAWING NUMBER,312,312,0,6786,0,170,316,15,4,1,3,3,3,0,169,0,122,40,7,7,0,true,3,1
20610A3A.CAD,6097,6e3706feb6a8,20610A3,DRAWING NUMBER,277,277,0,5758,0,158,277,8,0,1,1,1,1,0,157,0,110,7,2,2,0,true,3,1
20610A4A.CAD,7214,cdab33e6880b,20610A4,DRAWING NUMBER,311,311,0,6762,0,170,315,14,4,1,3,3,3,0,169,0,122,37,6,6,0,true,3,1
20610A5A.CAD,6366,6df056b1627a,20610A5,DRAWING NUMBER,283,283,0,5832,0,162,283,7,1,1,1,1,1,0,162,0,111,13,3,3,0,true,2,1
20610A6A.CAD,6077,9a4d3b9b2e26,20610A6,DRAWING NUMBER,277,277,0,5738,0,158,277,7,1,1,1,1,1,0,158,0,109,10,2,2,0,true,2,1
20610A7A.CAD,6134,4197cd16c7a5,20610A7,DRAWING NUMBER,279,279,0,5794,0,158,278,7,0,1,1,1,1,0,157,0,112,6,2,2,0,true,3,1
20610A8A.CAD,1917,cf6b20378e8f,20610A8,AERATION PUMP #1 STATUS,72,72,0,1610,0,42,72,3,0,1,1,1,1,0,42,0,25,4,1,1,0,true,2,1
20610A9A.CAD,1917,88a39bfbc6b7,20610A9,AERATION PUMP #2 STATUS,72,72,0,1610,0,42,72,3,0,1,1,1,1,0,42,0,25,4,1,1,0,true,2,1
20610B0A.CAD,1917,b1bf506de058,20610B0,AERATION PUMP #3 STATUS,72,72,0,1610,0,42,72,3,0,1,1,1,1,0,42,0,25,4,1,1,0,true,2,1
20610B1A.CAD,1917,084b48437cd7,20610B1,AERATION PUMP #4 STATUS,72,72,0,1610,0,42,72,3,0,1,1,1,1,0,42,0,25,4,1,1,0,true,2,1
20610B2A.CAD,1915,bb39bfa6607f,20610B2,AERATION PUMP #5 STATUS,72,72,0,1608,0,42,72,3,0,1,1,1,1,0,42,0,25,4,1,1,0,true,2,1
20610B3A.CAD,1915,0de5536a4808,20610B3,AERATION PUMP #6 STATUS,72,72,0,1608,0,42,72,3,0,1,1,1,1,0,42,0,25,4,1,1,0,true,2,1
20610B4A.CAD,1913,b18e32bed524,20610B4,AERATION PUMP #7 STATUS,72,72,0,1602,0,42,72,3,0,1,1,1,1,0,42,0,25,4,1,1,0,true,2,1
20610B5A.CAD,1915,58450b8ab972,20610B5,AERATION PUMP #8 STATUS,72,72,0,1608,0,42,72,3,0,1,1,1,1,0,42,0,25,4,1,1,0,true,2,1
20610B6A.CAD,1915,9f89dc073d6b,20610B6,AERATION PUMP #9 STATUS,72,72,0,1608,0,42,72,3,0,1,1,1,1,0,42,0,25,4,1,1,0,true,2,1
20610B7A.CAD,1915,0ad930ba8245,20610B7,AERATION PUMP #10 STATUS,72,72,0,1608,0,42,72,3,0,1,1,1,1,0,42,0,25,4,1,1,0,true,2,1
20610B8A.CAD,1915,88099d13fd66,20610B8,AERATION PUMP #11 STATUS,72,72,0,1608,0,42,72,3,0,1,1,1,1,0,42,0,25,4,1,1,0,true,2,1
20610B9A.CAD,1915,bbed8fd59e35,20610B9,AERATION PUMP #12 STATUS,72,72,0,1608,0,42,72,3,0,1,1,1,1,0,42,0,25,4,1,1,0,true,2,1
20610C0A.CAD,1915,5a502850c7f6,20610C0,AERATION PUMP #13 STATUS,72,72,0,1608,0,42,72,3,0,1,1,1,1,0,42,0,25,4,1,1,0,true,2,1
20610C1A.CAD,1911,b74f9f92817b,20610C1,AERATION PUMP #14 STATUS,72,72,0,1604,0,42,72,3,0,1,1,1,1,0,42,0,25,4,1,1,0,true,2,1
20610C2A.CAD,1917,fa9e9ebeb67d,20610C2,AERATION PUMP #15 STATUS,72,72,0,1610,0,42,72,3,0,1,1,1,1,0,42,0,25,4,1,1,0,true,2,1
20610C3A.CAD,1919,3b5943e7cc63,20610C3,AERATION PUMP #16 STATUS,72,72,0,1612,0,42,72,3,0,1,1,1,1,0,42,0,25,4,1,1,0,true,2,1
20610C4A.CAD,1917,df9d97dccede,20610C4,AERATION PUMP #17 STATUS,72,72,0,1610,0,42,72,3,0,1,1,1,1,0,42,0,25,4,1,1,0,true,2,1
20610C5A.CAD,1917,a56eb2a32f42,20610C5,AERATION PUMP #18 STATUS,72,72,0,1610,0,42,72,3,0,1,1,1,1,0,42,0,25,4,1,1,0,true,2,1
20610C6A.CAD,5634,8596b8accafc,20610C6,INLET WATER TURBIDITY,224,224,0,4958,0,155,236,25,9,1,7,7,3,4,154,0,34,91,15,15,1,true,3,1
20610C7A.CAD,2566,e15e0562ed02,20610C7,INLET WATER TURBIDITY,67,67,0,1972,0,22,73,15,3,1,4,4,3,1,21,0,26,64,10,10,0,true,2,1
20610C8A.CAD,8720,b61a9ded1361,20610C8,RAW INLET WATER FLOW,389,389,0,8148,0,295,409,30,11,7,11,11,7,4,284,0,62,63,12,12,0,true,4,1
20610C9A.CAD,4618,5e72e0c8b20c,20610C9,RAW WATER INLET TOTALIZER,119,119,0,3760,0,42,140,33,6,7,11,11,9,3,41,0,37,127,18,18,0,true,2,1
20610D0A.CAD,7726,9d492bb86403,20610D0,CHLORINE FLOW,356,356,0,7184,0,273,374,23,9,7,10,10,5,5,272,0,50,57,9,9,0,true,3,1
20610D1A.CAD,2810,117227d66092,20610D1,CHLORINE RATIO FLOW,80,80,0,2354,0,28,90,13,5,1,6,6,4,2,28,0,32,37,7,7,0,true,2,1
20610D2A.CAD,2408,08210b2190df,20610D2,LEVEL CLARIFIED WATER LAUNDER,62,62,0,1850,0,18,68,11,4,2,4,4,3,1,18,0,27,55,7,7,0,true,1,1
20610D3A.CAD,8244,101841bd837f,20610D3,ALUM FLOW,381,381,0,7670,0,294,397,25,8,5,9,9,6,3,293,0,53,66,12,12,0,true,3,1
20610D4A.CAD,3968,cd73b3a3ef78,20610D4,ALUM FLOW,119,119,0,3450,0,42,135,20,8,1,9,9,5,4,42,0,47,55,11,11,0,true,2,1
20610D5A.CAD,7720,5d2217b4929d,20610D5,FLOCCULANT SUPPLY PUMP,364,364,0,7160,0,288,375,22,7,4,7,7,4,3,287,0,45,61,11,11,0,true,3,1
20610D6A.CAD,3778,2493cd63373c,20610D6,FLOC FLOW,111,111,0,3260,0,37,125,19,8,1,8,8,5,3,37,0,45,57,11,11,1,true,2,1
20610D7A.CAD,6232,e2077bfb1e87,20610D7,ANALOG OUTPUT FEEDBACK,288,288,0,5748,0,225,299,19,7,4,7,7,4,3,224,0,35,43,7,7,0,true,3,1
20610D8A.CAD,3632,23b522b4cf48,20610D8,INLET WATER FLOW,104,104,0,3096,0,37,120,21,8,1,9,9,5,4,37,0,36,61,12,12,0,true,2,1
20610D9A.CAD,2267,565ac99241a7,20610D9,LOW LEVEL POLYMER SOLUTION TANK,89,89,0,1960,0,57,88,3,0,1,1,1,1,0,57,0,26,3,1,1,0,true,2,1
20610E0A.CAD,2263,218affc94260,20610E0,LOW LEVEL CAUSTIC SOLUTION TANK,89,89,0,1956,0,57,88,3,0,1,1,1,1,0,57,0,26,3,1,1,0,true,2,1
20610E1A.CAD,5693,4e62b82afb7a,20610E1,LOW LEVEL ALUM SOLUTION TANK,258,258,0,5304,0,195,260,13,2,3,3,3,2,1,195,0,44,21,7,7,0,true,2,1
20610E2A.CAD,6258,173a74f41367,20610E2,RAW WATER INLET PH,241,241,0,5418,0,165,250,32,9,1,6,6,4,2,165,0,32,131,20,20,0,true,2,1
20610E3A.CAD,3341,ffbd8c78a9bf,20610E3,AIR FLOW TO GRAVITY FILTER,158,158,0,2990,0,124,157,6,1,1,1,1,1,0,124,0,24,12,3,3,0,true,2,1
20610E4A.CAD,5908,36eb114ebda8,20610E4,NO.1 GRAVITY FILTER INLET CONTROL,239,239,0,5408,0,166,258,23,4,2,10,10,8,3,162,0,48,49,10,10,0,true,4,1
20610E5A.CAD,12862,f599b7f44d48,20610E5,DRAWING NUMBER,554,554,0,12308,0,359,578,32,6,5,13,13,7,6,353,0,161,61,14,14,0,true,3,1
20610E6A.CAD,6229,749b5e6ac81c,20610E6,DRAWING NUMBER,278,278,0,5874,0,159,277,8,1,1,1,1,1,0,159,0,107,13,3,3,0,true,2,1
20610E7A.CAD,2725,8d87a73c1755,20610E7,HIGH LEVEL NO.1 GRAVITY FILTER,98,98,0,2396,0,52,100,6,3,1,2,2,1,1,46,0,41,10,3,3,0,true,3,1
20610E8A.CAD,5784,46bc29478686,20610E8,INLET FLOW CONTROL VALVE,239,239,0,5294,0,168,257,21,4,2,10,10,7,3,164,0,48,45,9,9,0,true,4,1
20610E9A.CAD,13152,7fd555b5e654,20610E9,DRAWING NUMBER,563,563,0,12598,0,356,587,35,6,5,13,13,7,6,350,0,170,61,14,14,0,true,3,1
20610F0A.CAD,6127,1319833feef4,20610F0,DRAWING NUMBER,276,276,0,5772,0,159,276,8,1,1,1,1,1,0,159,0,106,13,3,3,0,true,2,1
20610F1A.CAD,5434,ccc77675f16c,20610F1,ABB INDUSTRY PTE LTD,214,214,0,5096,0,84,216,9,3,1,2,2,1,1,82,0,118,12,4,4,0,true,3,1
20610F2A.CAD,7178,80b6a5ea2dea,20610F2,DRAWING NUMBER,267,267,0,6698,0,119,283,21,4,2,9,9,6,3,115,0,125,42,8,8,0,true,4,1
20610F3A.CAD,7932,77ad26115b77,20610F3,DRAWING NUMBER,258,258,0,7378,0,71,282,39,4,5,13,13,7,6,65,0,148,59,14,14,0,true,3,1
20610F4A.CAD,5990,118726c90cd6,20610F4,DRAWING NUMBER,273,273,0,5650,0,158,272,7,1,1,1,1,1,0,158,0,104,9,2,2,0,true,2,1
20610F5A.CAD,5277,2d63390fad82,20610F5,DRAWING NUMBER,214,214,0,4948,0,99,215,8,3,1,2,2,1,1,96,0,104,10,3,3,0,true,3,1
20610F6A.CAD,7078,9bd979e41996,20610F6,DRAWING NUMBER,262,262,0,6588,0,121,280,23,3,2,10,10,7,3,117,0,117,45,9,9,0,true,4,1
20610F7A.CAD,11242,028753bf28e4,20610F7,DRAWING NUMBER,457,457,0,10688,0,260,481,35,6,5,13,13,7,6,254,0,160,61,14,14,0,true,3,1
20610F8A.CAD,4965,579b2be50aa4,20610F8,DRAWING NUMBER,211,211,0,4626,0,102,210,8,1,1,1,1,1,0,102,0,97,10,2,2,0,true,2,1
20610F9A.CAD,4361,16007df63186,20610F9,DRAWING NUMBER,157,157,0,4032,0,41,158,9,3,1,2,2,1,1,40,0,102,10,3,3,0,true,3,1
20610G0A.CAD,6228,0ce160ba4cac,20610G0,DRAWING NUMBER,208,208,0,5738,0,65,226,24,3,2,10,10,7,3,61,0,118,45,9,9,0,true,4,1
20610G1A.CAD,7984,36eb69a8a445,20610G1,DRAWING NUMBER,260,260,0,7430,0,76,286,41,6,6,14,13,7,7,70,0,141,62,14,14,0,true,3,1
20610G2A.CAD,5354,0f8fc8b4dd6e,20610G2,PRIMARY PCU ROOM TEMP.,221,221,0,4968,0,104,222,12,1,2,2,2,2,0,104,0,101,20,4,4,0,true,2,1
20610G3A.CAD,1765,f88b84fd2fed,20610G3,HIGH LEVEL NO.5 GRAVITY FILTER,45,45,0,1436,0,6,46,7,3,1,2,2,1,1,5,0,27,10,3,3,0,true,2,1
20610G4A.CAD,5922,896a5ac5d28a,20610G4,DRAWING NUMBER,200,200,0,5442,0,62,214,21,4,2,8,8,5,3,58,0,115,41,8,8,0,true,4,1
20610G5A.CAD,8150,ab86c6536f6e,20610G5,DRAWING NUMBER,265,265,0,7596,0,75,289,42,6,5,13,13,7,6,69,0,146,61,14,14,0,true,3,1
20610G6A.CAD,5075,20dae413e614,20610G6,DRAWING NUMBER,214,214,0,4720,0,103,213,9,1,1,1,1,1,0,103,0,98,13,3,3,0,true,2,1
20610G7A.CAD,4337,adc1ac2a52af,20610G7,DRAWING NUMBER,156,156,0,4008,0,41,157,9,3,1,2,2,1,1,40,0,101,10,3,3,0,true,3,1
20610G8A.CAD,6230,78f9e5831ea3,20610G8,DRAWING NUMBER,208,208,0,5740,0,65,226,24,3,2,10,10,7,3,61,0,118,45,9,9,0,true,4,1
20610G9A.CAD,8024,1099e83d7f0a,20610G9,DRAWING NUMBER,263,263,0,7470,0,75,287,40,6,5,13,13,7,6,69,0,146,61,14,14,0,true,3,1
20610H0A.CAD,4884,5464564cfef1,20610H0,DRAWING NUMBER,147,147,0,3712,0,39,147,9,1,1,1,1,1,0,39,0,96,13,3,3,0,true,2,1
20610H1A.CAD,4311,5923dc465731,20610H1,DRAWING NUMBER,156,156,0,3982,0,41,158,9,3,1,2,2,1,1,40,0,102,10,3,3,0,true,3,1
20610H2A.CAD,6258,c1f47bf2f415,20610H2,DRAWING NUMBER,209,209,0,5768,0,66,227,24,4,2,10,10,7,3,62,0,117,45,9,9,0,true,4,1
20610H3A.CAD,8212,a5092f1a9ba3,20610H3,DRAWING NUMBER,268,268,0,7658,0,75,292,41,6,5,13,13,7,6,69,0,150,61,14,14,0,true,3,1
20610H4A.CAD,4908,9d80db711dbf,20610H4,DRAWING NUMBER,149,149,0,3756,0,39,149,9,1,1,1,1,1,0,39,0,98,13,3,3,0,true,2,1
20610H5A.CAD,1686,66d81867957f,20610H5,HIGH LEVEL NO.8 GRAVITY FILTER,43,43,0,1336,0,6,45,6,3,1,2,2,1,1,5,0,27,10,3,3,0,true,2,1
20610H6A.CAD,5524,0749cd1b74c1,20610H6,DRAWING NUMBER,189,189,0,4918,0,67,195,22,6,0,4,4,0,4,55,0,104,68,16,16,0,true,3,1
20610H7A.CAD,4463,1ee9aa5d1c46,20610H7,DRAWING NUMBER,161,161,0,4112,0,44,165,11,2,1,3,3,2,1,44,0,102,14,4,4,0,true,2,1
20610H8A.CAD,4761,211bc7096fe5,20610H8,DRAWING NUMBER,180,180,0,4410,0,60,184,10,3,1,3,3,2,1,60,0,105,14,4,4,0,true,2,1
20610H9A.CAD,4769,0aa92399331f,20610H9,DRAWING NUMBER,180,180,0,4404,0,61,184,11,2,1,3,3,2,1,61,0,104,18,5,5,0,true,2,1
20610I0A.CAD,4767,304c567b0c6e,20610I0,DRAWING NUMBER,180,180,0,4402,0,61,184,11,2,1,3,3,2,1,61,0,104,18,5,5,0,true,2,1
20610I1A.CAD,4805,860c3fd78def,20610I1,DRAWING NUMBER,182,182,0,4440,0,63,186,11,2,1,3,3,2,1,63,0,104,18,5,5,0,true,2,1
20610I2A.CAD,4793,62396cdb19bd,20610I2,DRAWING NUMBER,181,181,0,4428,0,61,185,11,2,1,3,3,2,1,61,0,105,18,5,5,0,true,2,1
20610I3A.CAD,4753,6fd0e3bb1865,20610I3,DRAWING NUMBER,179,179,0,4388,0,61,183,11,2,1,3,3,2,1,61,0,103,18,5,5,0,true,2,1
20610I4A.CAD,4824,660f9de263b7,20610I4,DRAWING NUMBER,208,208,0,4484,0,102,207,7,1,1,1,1,1,0,102,0,95,9,2,2,0,true,2,1
20610I5A.CAD,4793,671d2eae940d,20610I5,DRAWING NUMBER,181,181,0,4428,0,61,185,11,2,1,3,3,2,1,61,0,105,18,5,5,0,true,2,1
20610I6A.CAD,4823,95dab36155f8,20610I6,DRAWING NUMBER,208,208,0,4484,0,102,207,7,1,1,1,1,1,0,102,0,95,9,2,2,0,true,2,1
20610I7A.CAD,4824,2bf58a8b2d13,20610I7,DRAWING NUMBER,208,208,0,4484,0,102,207,7,1,1,1,1,1,0,102,0,95,9,2,2,0,true,2,1
20610I8A.CAD,4824,49f6f9c335e8,20610I8,DRAWING NUMBER,208,208,0,4484,0,102,207,7,1,1,1,1,1,0,102,0,95,9,2,2,0,true,2,1
20610I9A.CAD,4824,70f83d7e2d71,20610I9,DRAWING NUMBER,208,208,0,4484,0,102,207,7,1,1,1,1,1,0,102,0,95,9,2,2,0,true,2,1
20610J0A.CAD,2295,7537d0b84998,20610J0,COOLING AIR FAN CURRENT,98,98,0,1940,0,68,97,6,1,1,1,1,1,0,68,0,20,12,3,3,0,true,2,1
20610J1A.CAD,5622,fbdabd1f891c,20610J1,CLARIFIED WATER LEVEL,253,253,0,5102,0,191,261,18,6,4,5,5,3,3,190,0,36,44,8,8,0,true,3,1
20610J2A.CAD,5276,44b1ebf53af8,20610J2,DRAWING NUMBER,185,185,0,4832,0,46,186,14,3,3,3,3,3,0,46,0,117,24,6,6,0,true,2,1
20610J3A.CAD,8772,6ca361c21500,20610J3,DRAWING NUMBER,329,329,0,8210,0,151,352,29,9,1,13,13,9,4,136,0,152,62,12,12,0,true,3,1
20610J4A.CAD,5380,c8c220c8a8ce,20610J4,DRAWING NUMBER,187,187,0,4936,0,46,188,14,3,3,3,3,3,0,46,0,119,25,6,6,0,true,2,1
20610J5A.CAD,6622,f7c5625ee8c7,20610J5,DRAWING NUMBER,265,265,0,6086,0,129,266,21,7,1,2,2,2,0,126,0,108,52,11,11,0,true,3,1
20610J6A.CAD,6675,ddc12d742bf7,20610J6,DRAWING NUMBER,265,265,0,6124,0,129,266,22,8,1,2,2,2,0,126,0,106,55,12,12,0,true,3,1
20610J7A.CAD,5060,6ef689d39b46,20610J7,DRAWING NUMBER,177,177,0,4716,0,47,193,15,0,8,9,9,8,1,46,0,114,22,3,3,0,true,3,1
20610J8A.CAD,6508,d0f41f8b06ef,20610J8,DRAWING NUMBER,262,262,0,5986,0,126,263,19,7,1,2,2,2,0,124,0,109,47,10,10,0,true,3,1
20610J9A.CAD,4400,3cec754be0ea,20610J9,DRAWING NUMBER,168,168,0,4052,0,55,170,8,0,2,2,2,1,1,55,0,103,11,3,3,0,true,2,1
20610K0A.CAD,4402,de699a5035fe,20610K0,DRAWING NUMBER,168,168,0,4054,0,55,170,8,0,2,2,2,1,1,55,0,103,11,3,3,0,true,2,1
20610K1A.CAD,4402,e7e92ec2b910,20610K1,DRAWING NUMBER,168,168,0,4054,0,55,170,8,0,2,2,2,1,1,55,0,103,11,3,3,0,true,2,1
20610K2A.CAD,4358,2348f4a4b5b5,20610K2,DRAWING NUMBER,166,166,0,4010,0,54,168,8,0,2,2,2,1,1,54,0,102,11,3,3,0,true,2,1
20610K3A.CAD,4426,34e82038f749,20610K3,DRAWING NUMBER,168,168,0,4078,0,55,170,9,0,2,2,2,1,1,55,0,102,11,3,3,0,true,2,1
20610K4A.CAD,4376,6450685620c7,20610K4,DRAWING NUMBER,167,167,0,4028,0,55,169,8,0,2,2,2,1,1,55,0,102,11,3,3,0,true,2,1
20610K5A.CAD,4400,1fffad8d58ac,20610K5,DRAWING NUMBER,168,168,0,4052,0,55,170,8,0,2,2,2,1,1,55,0,103,11,3,3,0,true,2,1
20610K6A.CAD,4883,40fe4a2ebc74,20610K6,DRAWING NUMBER,210,210,0,4528,0,103,209,7,1,1,1,1,1,0,103,0,96,12,3,3,0,true,2,1
20610K7A.CAD,8386,db4665b02527,20610K7,DRAWING NUMBER,314,314,0,7844,0,143,336,32,4,5,12,12,6,6,137,0,139,56,13,13,0,true,3,1
20610K8A.CAD,6062,b8e1cb00b5ee,20610K8,DRAWING NUMBER,210,210,0,5516,0,77,219,22,6,5,6,6,4,3,75,0,103,47,7,7,0,true,3,1
20610K9A.CAD,8504,48ba4db96b0e,20610K9,DRAWING NUMBER,322,322,0,7962,0,151,344,32,4,5,12,12,6,6,145,0,139,56,13,13,0,true,3,1
20610L0A.CAD,6028,5965a0775ce7,20610L0,DRAWING NUMBER,209,209,0,5482,0,78,218,22,6,4,6,6,4,3,76,0,101,47,7,7,0,true,3,1
20610L1A.CAD,8454,8587d9e0f4e1,20610L1,DRAWING NUMBER,317,317,0,7912,0,145,339,32,4,5,12,12,6,6,138,0,141,56,13,13,0,true,3,1
20610L2A.CAD,6052,4459ea9f6460,20610L2,DRAWING NUMBER,210,210,0,5506,0,78,219,22,6,4,6,6,4,3,76,0,102,47,7,7,0,true,3,1
20610L3A.CAD,8470,453bfe2b97df,20610L3,DRAWING NUMBER,319,319,0,7928,0,148,341,32,4,5,12,12,6,6,142,0,139,56,13,13,0,true,3,1
20610L4A.CAD,6076,a2ea7f0634de,20610L4,DRAWING NUMBER,211,211,0,5530,0,78,220,22,6,4,6,6,4,3,76,0,103,47,7,7,0,true,3,1
20610L5A.CAD,8422,cb67a774475d,20610L5,DRAWING NUMBER,316,316,0,7880,0,144,338,32,4,5,12,12,6,6,138,0,140,56,13,13,0,true,3,1
20610L6A.CAD,7252,04840506fd5a,20610L6,DRAWING NUMBER,290,290,0,6706,0,154,302,22,7,5,7,7,4,4,152,0,106,48,7,7,0,true,3,1
20610L7A.CAD,8492,9277417e23e6,20610L7,DRAWING NUMBER,322,322,0,7950,0,151,344,32,4,5,12,12,6,6,146,0,138,55,13,13,0,true,3,1
20610L8A.CAD,7044,e2fd7b30f875,20610L8,DRAWING NUMBER,283,283,0,6498,0,149,293,21,6,4,6,6,4,3,147,0,106,47,7,7,0,true,3,1
20610L9A.CAD,8116,361436a79f5f,20610L9,DRAWING NUMBER,302,302,0,7574,0,135,324,31,4,4,12,12,6,6,130,0,135,56,13,13,0,true,3,1
20610M0A.CAD,6064,dc5678989c81,20610M0,DRAWING NUMBER,210,210,0,5518,0,77,219,22,6,4,6,6,4,3,75,0,103,46,7,7,0,true,3,1
20610M1A.CAD,8592,0e40011b9308,20610M1,DRAWING NUMBER,327,327,0,8050,0,156,349,32,4,5,12,12,6,6,150,0,139,55,13,13,0,true,3,1
20610M2A.CAD,6060,37cfbc18c0db,20610M2,DRAWING NUMBER,210,210,0,5514,0,77,219,22,6,4,6,6,4,3,75,0,103,46,7,7,0,true,3,1
20610M3A.CAD,2092,8b9c03dabf18,20610M3,GRAVITY 9 LEVEL SWITCH,92,92,0,1784,0,65,91,4,0,1,1,1,1,0,65,0,20,4,1,1,0,true,2,1
20610M4A.CAD,4780,e8064eabfaeb,20610M4,DRAWING NUMBER,206,206,0,4472,0,101,207,7,0,1,2,2,1,1,101,0,95,5,1,1,0,true,2,1
20610M5A.CAD,4094,b8b52343dc80,20610M5,DRAWING NUMBER,149,149,0,3776,0,40,152,8,1,2,3,3,2,1,40,0,97,9,2,2,0,true,2,1
20610M6A.CAD,3880,e72c21054d38,20610M6,DRAWING NUMBER,143,143,0,3572,0,37,144,6,0,1,2,2,1,1,37,0,97,5,1,1,0,true,2,1
20610M7A.CAD,4241,3234cec7c42a,20610M7,DRAWING NUMBER,152,152,0,3924,0,39,158,11,0,2,4,4,2,2,39,0,100,10,2,2,0,true,2,1
20610M9A.CAD,4199,c6701129047c,20610M9,DRAWING NUMBER,150,150,0,3882,0,39,156,11,0,2,4,4,2,2,39,0,98,10,2,2,0,true,2,1
20610N1B.CAD,8040,bdde05781439,20610N1,RUN REQUEST,285,285,0,7394,0,115,291,37,12,6,6,6,4,2,114,0,116,71,21,21,0,true,3,1
20610N2A.CAD,7828,269944f8c67f,20610N2,DRAWING NUMBER,270,270,0,7280,0,95,290,35,7,8,11,11,9,4,91,0,133,62,17,17,0,true,3,1
20610N3A.CAD,5586,9ad1fd3a1330,20610N3,DRAWING NUMBER,202,202,0,5156,0,66,208,17,3,3,5,5,4,1,66,0,112,29,7,7,0,true,2,1
20610N4A.CAD,7522,5210419ad720,20610N4,DRAWING NUMBER,259,259,0,6990,0,83,267,32,6,6,7,7,6,1,83,0,132,53,16,16,0,true,2,1
20610N5A.CAD,5910,ccc4f4c7baf4,20610N5,DRAWING NUMBER,215,215,0,5472,0,72,221,18,4,4,5,5,4,1,72,0,117,31,8,8,0,true,2,1
20610N6A.CAD,5664,91316d561443,20610N6,DRAWING NUMBER,206,206,0,5234,0,66,210,16,3,3,4,4,3,1,66,0,117,28,7,7,0,true,2,1
20610N7A.CAD,5588,6a99e4d37269,20610N7,DRAWING NUMBER,206,206,0,5158,0,68,208,15,4,3,3,3,2,1,68,0,115,27,7,7,0,true,2,1
20610N8A.CAD,5540,d1def10d61c8,20610N8,DRAWING NUMBER,204,204,0,5110,0,67,206,15,4,3,3,3,2,1,67,0,114,27,7,7,0,true,2,1
20610N9A.CAD,5534,7e6734eb4681,20610N9,DRAWING NUMBER,204,204,0,5104,0,68,206,15,4,3,3,3,2,1,68,0,113,27,7,7,0,true,2,1
20610P0A.CAD,5448,e9e1948c9eb2,20610P0,DRAWING NUMBER,201,201,0,5018,0,67,203,14,4,3,3,3,2,1,67,0,112,27,7,7,0,true,2,1
20610P1A.CAD,5446,7d1c91089e51,20610P1,DRAWING NUMBER,201,201,0,5016,0,67,203,14,4,3,3,3,2,1,67,0,112,27,7,7,0,true,2,1
20610P2A.CAD,5486,346b88f92e08,20610P2,DRAWING NUMBER,203,203,0,5056,0,68,205,14,4,3,3,3,2,1,68,0,113,27,7,7,0,true,2,1
20610P3A.CAD,5577,89afcab5eb76,20610P3,DRAWING NUMBER,202,202,0,5050,0,67,204,14,4,3,3,3,2,1,67,0,113,27,7,7,0,true,2,1
20610P4A.CAD,5430,afcbd418a284,20610P4,DRAWING NUMBER,200,200,0,5000,0,66,202,14,4,3,3,3,2,1,66,0,112,27,7,7,0,true,2,1
20610P5A.CAD,5528,29bdccf5b9e7,20610P5,DRAWING NUMBER,205,205,0,5098,0,70,207,14,4,3,3,3,2,1,70,0,113,27,7,7,0,true,2,1
20610P6A.CAD,6268,e7f26a4981b1,20610P6,DRAWING NUMBER,226,226,0,5828,0,76,236,19,5,3,7,7,4,3,75,0,123,33,8,8,0,true,3,1
20610P7A.CAD,7754,3c0d5b1ab052,20610P7,PORSEA - NORTH SUMATERA - INDONESIA,281,281,0,7296,0,97,298,27,5,1,9,8,7,2,97,0,151,45,14,14,0,true,2,1
20610P8A.CAD,6252,328e40107cf1,20610P8,DRAWING NUMBER,225,225,0,5812,0,75,235,19,5,3,7,7,4,3,74,0,123,33,8,8,0,true,3,1
20610P9A.CAD,5784,6b9ddae59cfb,20610P9,DRAWING NUMBER,204,204,0,5336,0,64,219,23,5,1,8,8,6,2,64,0,111,42,13,13,0,true,2,1
20610Q0A.CAD,6076,f9852de50b58,20610Q0,DRAWING NUMBER,220,220,0,5646,0,72,228,18,4,3,6,6,3,3,71,0,123,30,7,7,0,true,3,1
20610Q1A.CAD,6032,55f02a1ca7e4,20610Q1,DRAWING NUMBER,211,211,0,5574,0,66,228,25,5,1,9,8,7,2,66,0,114,45,14,14,0,true,2,1
20610Q2A.CAD,6036,a3ca466c27cd,20610Q2,DRAWING NUMBER,217,217,0,5606,0,70,225,18,4,3,6,6,3,3,69,0,122,30,7,7,0,true,3,1
20610Q3A.CAD,6006,77e008edd548,20610Q3,DRAWING NUMBER,212,212,0,5548,0,68,227,24,7,1,8,8,6,2,68,0,112,44,14,14,0,true,2,1
20610Q4A.CAD,10372,8a52bbad7085,20610Q4,DRAWING NUMBER,355,355,0,9680,0,127,377,51,11,10,14,14,10,4,124,0,163,89,28,28,0,true,3,1
20610Q5A.CAD,5388,ce75bc0be221,20610Q5,DRAWING NUMBER,195,195,0,4894,0,67,198,20,6,1,2,2,1,1,64,0,104,43,13,13,0,true,3,1
20610Q6A.CAD,8178,8d32dcb94e7a,20610Q6,DRAWING NUMBER,293,293,0,7634,0,109,305,32,10,6,9,9,6,3,108,0,137,57,17,17,0,true,3,1
20610Q7A.CAD,5388,86f6f900906d,20610Q7,DRAWING NUMBER,195,195,0,4894,0,67,198,20,6,1,2,2,1,1,64,0,104,43,13,13,0,true,3,1
20610Q8A.CAD,8622,82090e2ba03b,20610Q8,DRAWING NUMBER,311,311,0,8078,0,112,323,32,11,6,9,9,6,3,111,0,151,57,17,17,0,true,3,1
20610Q9A.CAD,5388,6490b9bfc1c5,20610Q9,DRAWING NUMBER,195,195,0,4894,0,67,198,20,6,1,2,2,1,1,64,0,104,43,13,13,0,true,3,1
20610R0A.CAD,7456,15b3078080da,20610R0,DRAWING NUMBER,261,261,0,6912,0,93,270,31,10,4,7,7,5,2,92,0,123,55,17,17,0,true,3,1
20610R1A.CAD,5560,84ff8d024c99,20610R1,DRAWING NUMBER,200,200,0,5066,0,68,205,21,7,2,3,3,2,1,65,0,106,44,13,13,0,true,3,1
20610R2A.CAD,7450,bb989a21c55b,20610R2,LOCAL START,237,237,0,6792,0,91,259,46,12,10,14,14,10,4,89,0,84,86,27,27,0,true,2,1
20610R3A.CAD,2794,217439f8f9bb,20610R3,NO.1 CLARIFIED WATER PUMP,83,83,0,2300,0,32,86,18,6,1,2,2,1,1,29,0,29,41,13,13,0,true,2,1
20610R4A.CAD,5702,58ea888c974a,20610R4,ALSO USED ON,189,189,0,5168,0,74,201,29,10,6,9,9,6,3,73,0,71,54,16,16,0,true,2,1
20610R5A.CAD,2794,dbb3c6427e80,20610R5,NO.2 CLARIFIED WATER PUMP,83,83,0,2300,0,32,86,18,6,1,2,2,1,1,29,0,29,43,13,13,0,true,2,1
20610R6A.CAD,5630,1e4bad5c12c3,20610R6,ALSO USED ON,185,185,0,5096,0,74,197,29,10,6,9,9,6,3,73,0,67,54,16,16,0,true,2,1
20610R7A.CAD,2794,f54b6ad31d10,20610R7,NO.3 CLARIFIED WATER PUMP,83,83,0,2300,0,32,86,18,6,1,2,2,1,1,29,0,29,43,13,13,0,true,2,1
20610R8A.CAD,2874,0d1392e458ad,20610R8,RUN REQUEST,90,90,0,2444,0,32,92,12,4,3,3,3,2,1,32,0,38,27,7,7,0,true,1,1
20610R9A.CAD,2892,ae849676b42c,20610R9,RUN REQUEST,91,91,0,2462,0,32,93,12,4,3,3,3,2,1,32,0,39,27,7,7,0,true,1,1
20610S0A.CAD,2908,0525a984e338,20610S0,RUN REQUEST,92,92,0,2478,0,33,94,12,4,3,3,3,2,1,33,0,39,27,7,7,0,true,1,1
20610S1A.CAD,2950,ad6f6dc0769a,20610S1,RUN REQUEST,93,93,0,2520,0,34,95,13,4,3,3,3,2,1,34,0,38,27,7,7,0,true,1,1
20610S2A.CAD,2894,386990d1aa82,20610S2,RUN REQUEST,92,92,0,2464,0,34,94,12,4,3,3,3,2,1,34,0,38,27,7,7,0,true,1,1
20610S3A.CAD,2898,e93de1026b86,20610S3,RUN REQUEST,92,92,0,2468,0,34,94,12,4,3,3,3,2,1,34,0,38,27,7,7,0,true,1,1
20610S4A.CAD,3310,21e6be463ebc,20610S4,RUN REQUEST,102,102,0,2844,0,42,106,18,6,4,4,4,3,1,42,0,32,37,11,11,0,true,1,1
20610S5A.CAD,3288,06ac257f9c73,20610S5,RUN REQUEST,101,101,0,2822,0,42,105,18,6,4,4,4,3,1,42,0,31,37,11,11,0,true,1,1
20610S6A.CAD,3270,0e8b3b41f138,20610S6,RUN REQUEST,100,100,0,2804,0,41,104,18,6,4,4,4,3,1,41,0,31,37,11,11,0,true,1,1
20610S7A.CAD,3134,d56a8259b204,20610S7,RUN REQUEST,96,96,0,2668,0,41,100,18,6,4,4,4,3,1,41,0,27,40,11,11,0,true,1,1
20610S8A.CAD,3334,b0ce547b3b79,20610S8,RUN REQUEST,103,103,0,2868,0,43,107,18,7,4,4,4,3,1,43,0,31,37,11,11,0,true,1,1
20610S9A.CAD,3288,b576bff532fa,20610S9,RUN REQUEST,101,101,0,2822,0,42,105,18,6,4,4,4,3,1,42,0,31,38,11,11,0,true,1,1
20610T0A.CAD,6064,4d2f1bd8ca84,20610T0,RUN REQUEST,191,191,0,5476,0,82,209,40,8,9,12,12,9,3,82,0,55,72,22,22,0,true,1,1
20610T1A.CAD,2992,8a9d5e442a96,20610T1,NO.1 WATER SUPPLY PUMP,89,89,0,2480,0,34,92,20,6,1,2,2,1,1,31,0,31,48,15,15,0,true,2,1
20610T2A.CAD,5260,79485e2fa8a7,20610T2,RUN REQUEST,168,168,0,4728,0,72,180,31,8,6,9,9,6,3,72,0,51,54,16,16,0,true,1,1
20610T3A.CAD,2920,8bb8c6b41cc3,20610T3,NO.2 WATER SUPPLY PUMP,87,87,0,2408,0,34,90,20,6,1,2,2,1,1,31,0,29,48,15,15,0,true,2,1
20610T4A.CAD,5332,2f2eee6828c6,20610T4,RUN REQUEST,170,170,0,4800,0,70,180,30,8,5,8,8,6,2,70,0,56,53,16,16,0,true,1,1
20610T5A.CAD,2920,606111046624,20610T5,NO.3 WATER SUPPLY PUMP,87,87,0,2408,0,34,90,20,6,1,2,2,1,1,31,0,29,48,15,15,0,true,2,1
20610T6A.CAD,5136,53585c27fbed,20610T6,RUN REQUEST,163,163,0,4604,0,72,175,31,8,6,9,9,6,3,72,0,46,54,16,16,0,true,1,1
20610T7A.CAD,2972,6af9d2465a66,20610T7,NO.4 WATER SUPPLY PUMP,89,89,0,2460,0,34,92,20,6,1,2,2,1,1,31,0,31,48,15,15,0,true,2,1
20610T8A.CAD,3412,a433919c75d8,20610T8,RUN REQUEST,111,111,0,2946,0,52,115,18,4,4,4,4,2,2,52,0,33,36,10,10,0,true,1,1
20610T9A.CAD,3050,9a4f6acfb40d,20610T9,RAW WATER TREATMENT,82,82,0,2442,0,30,94,23,7,6,7,7,6,1,29,0,21,75,15,15,0,true,2,1
20610U0A.CAD,4310,8a093da9187a,20610U0A,LOCAL STOP,137,137,0,3786,0,58,139,26,4,4,4,4,4,0,57,0,44,47,15,15,0,true,2,1
20610U1A.CAD,6052,fc1a2f85abdb,20610U1,AIR BLOWER RUNNING,169,169,0,5682,0,56,215,28,0,4,24,24,20,4,24,0,115,34,4,4,0,true,2,1
20610U2A.CAD,12266,a813caa03bec,20610U2,RAW WATER TREATMENT,333,333,0,11584,0,91,460,83,7,64,64,64,64,0,89,0,153,131,17,17,0,true,2,1
20610U3A.CAD,4281,3821c6fa34dd,20610U3,STEP NO,112,112,0,3602,0,37,136,26,4,0,13,13,3,10,32,0,48,80,10,10,0,true,3,1
20610U4A.CAD,4129,10a344d869ad,20610U4,STEP NO,108,108,0,3450,0,35,130,25,4,0,12,12,3,9,31,0,46,79,10,10,0,true,3,1
20610U5A.CAD,5754,d22fd4d773ba,20610U5,IN AUTO ENABLE,176,176,0,5154,0,65,195,39,11,0,10,10,8,3,63,0,61,84,25,25,0,true,2,1
20610U6A.CAD,5816,49af82bb6d8d,20610U6,NO.1 GRAVITY FILTER SEQUENCE CONTROL,175,175,0,5216,0,67,198,41,11,0,12,12,8,5,65,0,56,86,25,25,0,true,2,1
20610U7A.CAD,4253,9d955b1bba23,20610U7,STEP NO,111,111,0,3574,0,36,135,26,4,0,13,13,3,10,32,0,47,80,10,10,0,true,3,1
20610U8A.CAD,6078,ab477d3075af,20610U8,IN AUTO ENABLE,182,182,0,5478,0,66,209,40,12,0,14,14,10,5,66,0,62,88,25,25,0,true,1,1
20610U9A.CAD,4253,25563745eb64,20610U9A,STEP NO,111,111,0,3574,0,36,135,26,4,0,13,13,3,10,32,0,47,80,10,10,0,true,3,1
20610V0A.CAD,6078,47947703a6d4,20610V0,IN AUTO ENABLE,182,182,0,5478,0,66,209,40,12,0,14,14,10,5,66,0,62,88,25,25,0,true,1,1
20610V1A.CAD,4253,cc46da98130f,20610V1,STEP NO,111,111,0,3574,0,36,135,26,4,0,13,13,3,10,32,0,47,80,10,10,0,true,3,1
20610V2A.CAD,6278,e08b4e341b82,20610V2,IN AUTO ENABLE,189,189,0,5664,0,68,216,41,13,0,14,14,10,5,68,0,65,92,26,26,0,true,1,1
20610V3A.CAD,4253,93cb1d14bd5e,20610V3,STEP NO,111,111,0,3574,0,36,135,26,4,0,13,13,3,10,32,0,47,80,10,10,0,true,3,1
20610V4A.CAD,6100,1f61c9c93e53,20610V4,IN AUTO ENABLE,183,183,0,5500,0,66,210,40,12,0,14,14,10,5,66,0,63,88,25,25,0,true,1,1
20610V5A.CAD,4251,5e30d20b8e9b,20610V5,STEP NO,111,111,0,3572,0,36,135,26,4,0,13,13,3,10,32,0,47,80,10,10,0,true,3,1
20610V6A.CAD,6092,722f2a15b3af,20610V6,IN AUTO ENABLE,183,183,0,5492,0,66,210,40,12,0,14,14,10,5,66,0,63,88,25,25,0,true,1,1
20610V7A.CAD,4253,259d1ed1475f,20610V7,STEP NO,111,111,0,3574,0,36,135,26,4,0,13,13,3,10,32,0,47,80,10,10,0,true,3,1
20610V8A.CAD,6098,1c9b24556e35,20610V8,IN AUTO ENABLE,183,183,0,5498,0,66,210,40,12,0,14,14,10,5,66,0,63,88,25,25,0,true,1,1
20610V9A.CAD,4253,04c51c597d59,20610V9,STEP NO,111,111,0,3574,0,36,135,26,4,0,13,13,3,10,32,0,47,80,10,10,0,true,3,1
20610W0A.CAD,6237,ed841eceaa67,20610W0,IN AUTO ENABLE,188,188,0,5648,0,69,212,38,10,0,12,12,10,4,61,0,77,84,24,24,0,true,2,1
20610W1A.CAD,4706,38820200e75d,20610W1,INLET WATER FLOW,140,140,0,4028,0,58,155,35,10,4,8,8,5,3,56,0,38,91,25,25,0,true,2,1
20610W2A.CAD,6790,724f2f5e8585,20610W2,WATER SUPPLY PUMP SCHEDULING,215,215,0,5952,0,101,235,43,28,0,11,11,7,4,100,0,42,126,31,31,0,true,2,1
20610W3A.CAD,3588,b59aaa8570c7,20610W3,GRAVITY FILTER MASTER SEQUENCE,91,91,0,3238,0,18,125,20,0,0,18,18,16,2,18,0,51,24,2,2,0,true,1,1
20610W4A.CAD,8004,5c8946d17a55,20610W4,GRAVITY FILTER MASTER SEQUENCE,219,219,0,7482,0,56,298,52,4,39,40,39,40,0,55,0,107,75,11,11,0,true,2,1
20610W5A.CAD,4127,ee79883a5ea3,20610W5,STEP NO,108,108,0,3448,0,35,130,25,4,0,12,12,3,9,31,0,46,79,10,10,0,true,3,1
20610W6A.CAD,5842,addb6293ae45,20610W6,IN AUTO ENABLE,176,176,0,5242,0,67,199,41,11,0,12,12,8,5,65,0,57,86,25,25,0,true,2,1
20610W7A.CAD,4129,9e32d09e217a,20610W7,STEP NO,108,108,0,3450,0,35,130,25,4,0,12,12,3,9,31,0,46,79,10,10,0,true,3,1
20610W8A.CAD,6198,a882d804f70c,20610W8,IN AUTO ENABLE,182,182,0,5588,0,68,211,42,12,0,15,15,11,5,68,0,58,91,26,26,0,true,1,1
20610W9A.CAD,4062,6daabc2ed26e,20610W9,STEP NO,105,105,0,3382,0,35,127,25,4,0,12,12,3,9,31,0,43,79,10,10,0,true,3,1
20610X0A.CAD,5914,b71198bb9568,20610X0,IN AUTO ENABLE,174,174,0,5314,0,66,201,40,12,0,14,14,10,5,66,0,54,88,25,25,0,true,1,1
20610X1A.CAD,4064,16ffa7b07a59,20610X1,STEP NO,105,105,0,3384,0,35,127,25,4,0,12,12,3,9,31,0,43,79,10,10,0,true,3,1
20610X2A.CAD,5890,93d62889f535,20610X2A,IN AUTO ENABLE,173,173,0,5290,0,66,200,40,12,0,14,14,10,5,66,0,53,88,25,25,0,true,1,1
20610X3A.CAD,4062,cce955ae1ac3,20610X3,STEP NO,105,105,0,3382,0,35,127,25,4,0,12,12,3,9,31,0,43,79,10,10,0,true,3,1
20610X4A.CAD,6324,df1cea07485c,20610X4,IN AUTO ENABLE,189,189,0,5714,0,67,216,41,12,0,14,14,11,4,67,0,67,90,26,26,0,true,1,1
20610X5A.CAD,4062,49abbe1ccf50,20610X5,STEP NO,105,105,0,3382,0,35,127,25,4,0,12,12,3,9,31,0,43,79,10,10,0,true,3,1
20610X6A.CAD,5892,6f34e70200ed,20610X6,IN AUTO ENABLE,173,173,0,5292,0,66,200,40,12,0,14,14,10,5,66,0,53,88,25,25,0,true,1,1
20610X7A.CAD,4062,9fba67100872,20610X7,STEP NO,105,105,0,3382,0,35,127,25,4,0,12,12,3,9,31,0,43,79,10,10,0,true,3,1
20610X8A.CAD,6184,8345aef7a08a,20610X8,IN AUTO ENABLE,186,186,0,5594,0,67,211,38,10,0,13,13,10,4,61,0,75,84,24,24,0,true,2,1
20610X9A.CAD,4414,27ffada438b4,20610X9,ANNUN ALARM WTR TRT,130,130,0,3830,0,36,146,29,5,3,9,9,9,0,36,0,58,66,20,20,0,true,1,1
20610Y0A.CAD,3194,fbbf9cca009f,20610Y0,RAW WATER TREATMENT,119,119,0,2778,0,72,124,14,1,3,5,5,3,2,72,0,27,30,5,5,0,true,2,1
20610Y1A.CAD,1170,fa19ca2bf070,20610Y1,POWER DISTRIBUTION,27,27,0,862,0,1,26,3,0,1,1,1,1,0,1,0,20,4,1,1,0,true,1,1
20610Y2A.CAD,1624,a94ac323a539,20610Y2,POWER DISTRIBUTION,38,38,0,1306,0,2,40,7,0,3,3,3,3,0,2,0,25,9,2,2,0,true,1,1
20610Y3A.CAD,1168,5de21d87e34f,20610Y3,POWER DISTRIBUTION,27,27,0,860,0,1,26,3,0,1,1,1,1,0,1,0,20,4,1,1,0,true,1,1
20610Y4A.CAD,1168,4174c2b0ac49,20610Y4,POWER DISTRIBUTION,27,27,0,860,0,1,26,3,0,1,1,1,1,0,1,0,20,4,1,1,0,true,1,1
20610Y5A.CAD,1168,f232d12ea70a,20610Y5,POWER DISTRIBUTION,27,27,0,860,0,1,26,3,0,1,1,1,1,0,1,0,20,4,1,1,0,true,1,1
20610Y6A.CAD,1168,8ab4db1f8664,20610Y6,POWER DISTRIBUTION,27,27,0,860,0,1,26,3,0,1,1,1,1,0,1,0,20,4,1,1,0,true,1,1
20610Y7A.CAD,1392,1c946c85c273,20610Y7A,EFFLUNT TREAT LOAD SHEDDING,42,42,0,1082,0,18,42,3,0,1,1,1,0,1,17,0,20,1,1,0,1,true,2,1
20610Y8A.CAD,988,bce350e18c1a,20610Y8A,ON COOLING TOWER,19,19,0,670,0,2,23,7,0,2,2,2,2,0,2,0,10,8,2,2,0,true,1,1
20610Z1A.CAD,3340,5a290d0b7000,20610Z1,RAW WATER,47,47,0,1980,0,12,49,29,0,2,2,2,2,0,2,0,14,112,27,17,0,true,2,1
20610Z2A.CAD,3646,1218e66664da,20610Z2,WTP ANNUNCIATOR ALARM,88,88,0,3122,0,31,121,31,0,6,18,18,16,1,30,0,25,56,14,13,1,true,2,1
20610Z3A.CAD,2510,dcbe866bccff,20610Z3,RAW WATER,58,58,0,1636,0,18,58,18,7,1,1,1,1,0,17,0,14,95,16,16,0,true,2,1
20610Z5A.CAD,6733,bc7adf0a8096,20610Z5A,DRAWING NUMBER,200,200,0,5104,0,57,200,16,13,0,1,1,0,1,57,0,112,42,12,12,1,true,2,1
2071000C.CAD,2558,7762cd6957dd,2071000,MFC EXCECUTIVES,64,64,0,1992,0,21,70,17,1,0,4,4,0,4,8,0,36,65,11,10,1,true,3,1
2071002C.CAD,5030,334d9f9b2e67,2071002,EFFLUENT TREATMENT,120,120,0,4534,0,35,185,36,0,0,33,33,33,0,35,0,48,81,3,3,0,true,1,1
2071003C.CAD,2728,dfef885f4d54,2071003,EFFLUENT TREATMENT,58,58,0,2220,0,22,87,18,2,15,15,15,0,15,19,0,18,42,3,3,2,true,2,1
2071004C.CAD,2756,c1217d77186c,2071004,EFFLUENT TREATMENT,59,59,0,2248,0,23,88,18,2,15,15,15,0,15,19,0,19,43,3,3,2,true,2,1
2071005C.CAD,2501,725363b11a0d,2071005,EFFLUENT TREATMENT,61,61,0,2180,0,16,88,16,0,14,14,14,0,14,14,0,30,19,2,2,1,true,3,1
2071006C.CAD,2474,b4b4e25cf839,2071006,EFFLUENT TREATMENT,60,60,0,2152,0,14,87,16,0,14,14,14,0,14,14,0,29,19,2,2,2,true,1,1
2071007C.CAD,2591,02fa5e3f8d2c,2071007,EFFLUENT TREATMENT,64,64,0,2270,0,19,91,16,0,14,14,14,0,14,14,0,33,20,2,2,0,true,3,1
2071008C.CAD,2641,c98ffad44d5c,2071008,EFFLUENT TREATMENT,66,66,0,2320,0,21,93,16,0,14,14,14,0,14,14,0,35,20,2,2,0,true,3,1
2071009C.CAD,2921,064806162ffd,2071009,DIGITAL OUTPUT SLAVE  09,77,77,0,2568,0,16,106,17,0,15,15,15,15,0,15,0,44,23,2,2,0,true,2,1
2071010C.CAD,2921,a55a9dd06112,2071010,DIGITAL OUTPUT SLAVE  10,77,77,0,2568,0,16,106,17,0,15,15,15,15,0,15,0,44,23,2,2,0,true,2,1
2071011C.CAD,1426,f0fdc8914789,2071011,DIGITAL OUTPUT SLAVE  11,34,34,0,1100,0,6,45,7,0,6,6,6,6,0,6,0,20,10,1,1,0,true,1,1
2071012C.CAD,1314,5e2942bfa19a,2071012,DIGITAL OUTPUT SLAVE  12,31,31,0,988,0,5,40,6,0,5,5,5,5,0,5,0,19,9,1,1,0,true,1,1
2071013C.CAD,1202,8049dada4448,2071013,DIGITAL OUTPUT SLAVE  13,28,28,0,876,0,4,35,5,0,4,4,4,4,0,4,0,18,8,1,1,0,true,1,1
2071014C.CAD,3072,9d3eaa42aa00,2071014,EFFLUENT TREATMENT,70,70,0,2564,0,19,99,18,2,15,15,15,0,15,19,0,30,42,3,3,2,true,1,1
2071015C.CAD,3893,0571b358f764,2071015,EFFLUENT TREATMENT,97,97,0,3404,0,25,140,24,1,22,22,22,22,0,24,0,47,56,2,2,0,true,2,1
2071016C.CAD,2818,f9e36afc049b,2071016,EFFLUENT TREATMENT,63,63,0,2328,0,19,98,20,0,18,18,18,18,0,19,0,23,49,2,2,0,true,1,1
2071017C.CAD,2557,1f32fe1d16a5,2071017,EFFLUENT TREATMENT,63,63,0,2236,0,18,90,16,0,14,14,14,0,14,14,0,32,18,2,2,2,true,3,1
2071018C.CAD,2390,0447c7f5175a,2071018,EFFLUENT TREATMENT,58,58,0,2068,0,14,83,15,0,13,13,13,0,13,13,0,29,19,2,2,0,true,2,1
2071019C.CAD,2336,0808cd45ad7b,2071019,EFFLUENT TREATMENT,56,56,0,2014,0,14,81,15,0,13,13,13,0,13,13,0,27,18,2,2,1,true,2,1
2071020C.CAD,2210,156f858443d6,2071020,EFFLUENT TREATMENT,49,49,0,1888,0,14,76,16,0,14,14,14,0,14,14,0,18,18,2,2,2,true,1,1
2071021C.CAD,3230,a16b2cd7429e,2071021,EFFLUENT TREATMENT,75,75,0,2722,0,21,106,19,3,14,16,16,0,16,21,0,31,41,3,3,3,true,1,1
2071022C.CAD,2708,df1821982958,2071022,EFFLUENT TREATMENT,57,57,0,2200,0,22,86,18,2,14,15,15,0,15,19,0,17,43,3,3,0,true,2,1
2071023C.CAD,3380,ea42f7994184,2071023,EFFLUENT TREATMENT,80,80,0,2872,0,26,111,19,4,15,16,15,0,16,22,0,34,43,3,3,0,true,2,1
2071024C.CAD,4381,d6c12bcfb66d,2071024,EFFLUENT TREATMENT,109,109,0,3892,0,28,160,28,2,25,26,26,26,0,27,0,51,59,2,2,1,true,2,1
2071025C.CAD,2592,673512256c05,2071025,EFFLUENT TREATMENT,62,62,0,2270,0,25,93,18,3,14,16,16,0,16,19,0,21,22,2,2,0,true,2,1
2071026C.CAD,2897,cb68bf17eab9,2071026,EFFLUENT TREATMENT,72,72,0,2576,0,18,103,18,2,14,16,16,0,16,16,0,35,21,2,2,1,true,3,1
2071028C.CAD,2611,c3c48138308f,2071028,EFFLUENT TREATMENT,64,64,0,2290,0,19,93,17,2,13,15,15,0,15,17,0,27,21,2,2,0,true,2,1
2071029C.CAD,2566,1b49b06e20ca,2071029,DIGITAL OUTPUT SLAVE  29,63,63,0,2212,0,16,94,18,0,14,16,16,16,0,16,0,28,24,2,2,0,true,1,1
2071031C.CAD,2240,3defc946712d,2071031,EFFLUENT TREATMENT,52,52,0,1918,0,18,79,16,0,11,14,14,0,14,14,0,21,20,2,2,0,true,2,1
2071032C.CAD,2370,a1fa25100fd5,2071032,EFFLUENT TREATMENT,54,54,0,2048,0,18,85,18,2,14,16,16,0,16,18,0,15,22,2,2,0,true,1,1
2071033C.CAD,2426,885b87031207,2071033,EFFLUENT TREATMENT,56,56,0,2104,0,19,87,18,2,14,16,16,0,16,18,0,17,21,2,2,1,true,2,1
2071034C.CAD,2419,f8c18196f14f,2071034,EFFLUENT TREATMENT,57,57,0,2098,0,22,86,17,2,13,15,15,0,15,17,0,20,19,2,2,2,true,2,1
2071035C.CAD,2509,5b667dbc2e57,2071035,EFFLUENT TREATMENT,59,59,0,2188,0,23,90,18,2,14,16,16,0,16,18,0,20,22,2,2,0,true,2,1
2071036C.CAD,2350,b31efe59c80f,2071036,EFFLUENT TREATMENT,53,53,0,2028,0,18,84,18,2,14,16,16,0,16,18,0,14,22,2,2,0,true,1,1
2071037C.CAD,820,c7c3f9dd6c9c,2071037,EFFLUENT TREATMENT,18,18,0,498,0,0,17,2,0,0,0,0,0,0,0,0,15,6,2,2,0,true,0,1
2071038C.CAD,2582,4b42ad2169e7,2071038,DIGITAL OUTPUT SLAVE  38,63,63,0,2228,0,16,94,18,0,14,16,16,14,2,16,0,28,24,2,2,0,true,1,1
2071039C.CAD,3033,585fa077e1cf,2071039,DIGITAL OUTPUT SLAVE  39,79,79,0,2680,0,17,110,18,0,14,16,16,14,2,16,0,44,24,2,2,0,true,2,1
2071040C.CAD,1512,b983aeb1ffc6,2071040,DIGITAL OUTPUT SLAVE  40,33,33,0,1186,0,8,48,9,0,7,8,8,7,1,8,0,15,12,1,1,0,true,1,1
2071041C.CAD,1162,37ce991199aa,2071041,DIGITAL OUTPUT SLAVE 43,27,27,0,836,0,3,32,4,0,2,3,3,2,1,3,0,19,7,1,1,0,true,1,1
2071042C.CAD,1184,f3d96c13aa03,2071042,EFFLUENT TREATMENT,22,22,0,676,0,3,23,4,0,0,1,1,0,1,3,0,14,13,3,3,0,true,1,1
2071043C.CAD,1204,2ca463b1acde,2071043,EFFLUENT TREATMENT,23,23,0,696,0,3,24,4,0,0,1,1,0,1,3,0,15,13,3,3,0,true,1,1
2071044C.CAD,1202,15f41b6364e5,2071044,EFFLUENT TREATMENT,23,23,0,712,0,3,26,4,0,1,2,2,2,0,3,0,15,36,2,2,0,true,1,1
2071047C.CAD,2066,e7c1774ed04a,2071047,EFFLUENT TREATMENT,51,51,0,1652,0,9,57,13,2,3,4,4,2,2,9,0,25,24,5,5,1,true,1,1
2071048C.CAD,6046,8d9289256256,2071048,EFFLUENT TREATMENT,177,177,0,5138,0,78,193,42,20,5,9,9,3,6,75,0,38,128,26,26,2,true,2,1
2071049C.CAD,2691,c82e9762069b,2071049,EFFLUENT TREATMENT,72,72,0,2158,0,24,78,16,5,3,4,4,3,1,22,0,27,50,10,10,0,true,3,1
2071050C.CAD,2493,4fddc61ac328,2071050,EFFLUENT TREATMENT,66,66,0,1988,0,24,70,15,5,3,3,3,2,1,21,0,23,43,8,8,0,true,3,1
2071051C.CAD,2650,4bdeae05936c,2071051,BUCKET SCREEN LIFT,77,77,0,2166,0,31,77,19,7,1,1,1,0,1,29,0,20,37,12,12,0,true,2,1
2071052C.CAD,4282,af33a389f1c1,2071052,EFFLUENT TREATMENT,119,119,0,3582,0,51,133,27,12,3,8,8,5,3,48,0,30,87,14,14,0,true,2,1
2071053C.CAD,4740,0fa1399fdcad,2071053,EFFLUENT TREATMENT,127,127,0,3898,0,57,145,35,11,5,10,10,5,5,53,0,26,114,17,17,1,true,2,1
2071054C.CAD,1628,9207aff6a581,2071054,EFFLUENT TREATMENT,40,40,0,1264,0,8,44,9,2,1,3,3,1,2,8,0,19,17,4,4,0,true,1,1
2071055C.CAD,1525,f01e6f5f8c7b,2071055,EFFLUENT TREATMENT,37,37,0,1208,0,3,39,8,0,2,2,2,2,0,2,0,25,8,2,2,0,true,2,1
2071056C.CAD,1153,4986f00c0885,2071056,EFFLUENT TREATMENT,27,27,0,846,0,2,27,4,0,1,1,1,1,0,1,0,20,3,1,1,0,true,2,1
2071057C.CAD,1499,2bf4c4ea35b7,2071057,EFFLUENT TREATMENT,36,36,0,1182,0,3,38,8,0,2,2,2,2,0,2,0,24,6,2,2,0,true,2,1
2071058C.CAD,4221,e89e37393a55,2071058,EFFLUENT TREATMENT,118,118,0,3522,0,44,124,31,12,4,4,4,3,1,40,0,33,85,22,22,0,true,3,1
2071059C.CAD,2534,760f58a286f7,2071059,PRIM CLAR No.1 PUMP FLUSING,72,72,0,2050,0,28,72,18,6,1,1,1,0,1,26,0,20,37,12,12,0,true,2,1
2071060C.CAD,1628,14b0240f4984,2071060,EFFLUENT TREATMENT,40,40,0,1264,0,8,44,9,2,1,3,3,1,2,8,0,19,17,4,4,0,true,1,1
2071061C.CAD,1525,ab70fcf49f48,2071061,EFFLUENT TREATMENT,37,37,0,1208,0,3,39,8,0,2,2,2,2,0,2,0,25,8,2,2,0,true,2,1
2071062C.CAD,1269,72bccbad531c,2071062,EFFLUENT TREATMENT,30,30,0,962,0,3,32,5,0,1,2,2,1,1,2,0,21,4,1,1,0,true,2,1
2071063C.CAD,4229,2a3b9464b061,2071063,EFFLUENT TREATMENT,118,118,0,3530,0,44,124,31,12,4,4,4,3,1,40,0,33,86,22,22,0,true,3,1
2071064C.CAD,2467,3aa7d07608d0,2071064,PRM CLAR No 2 PUMP FLUSHING,67,67,0,1984,0,25,67,18,6,1,1,1,0,1,20,0,21,36,12,12,1,true,3,1
2071065C.CAD,4229,2c881641a550,2071065,EFFLUENT TREATMENT,118,118,0,3530,0,44,124,31,12,4,4,4,3,1,40,0,33,86,22,22,0,true,3,1
2071066C.CAD,2585,d2776007391a,2071066,PRIM CLAR SLUDGE PUMP 3 FLUSH VALVE,71,71,0,2102,0,27,71,19,7,1,1,1,0,1,22,0,21,37,12,12,0,true,3,1
2071067C.CAD,1335,958814a4b8a0,2071067,EFFLUENT TREATMENT,32,32,0,1020,0,4,34,6,0,1,2,2,1,1,3,0,21,6,2,2,0,true,2,1
2071068C.CAD,1335,64410443264d,2071068,EFFLUENT TREATMENT,31,31,0,992,0,4,33,6,0,1,2,2,1,1,3,0,20,6,2,2,0,true,2,1
2071069C.CAD,1949,d9e79788ca5f,2071069,EFFLUENT TREATMENT,50,50,0,1504,0,15,52,11,3,2,2,2,1,1,13,0,21,24,6,6,0,true,3,1
2071070C.CAD,1645,c3abc690b6f5,2071070,EFFLUENT TREATMENT,40,40,0,1290,0,7,44,8,2,1,3,3,1,2,5,0,23,15,3,3,0,true,3,1
2071071C.CAD,1523,ba1ff84c0cdd,2071071,EFFLUENT TREATMENT,37,37,0,1206,0,3,39,8,0,2,2,2,2,0,2,0,25,8,2,2,0,true,2,1
2071072C.CAD,3119,345597ee99b3,2071072,SLUDGE THICKNER RAKE PUMP No1 SHUTOFF,83,83,0,2636,0,26,89,24,6,4,4,4,3,1,22,0,29,40,12,12,0,true,3,1
2071073C.CAD,2615,e6d5dfe2630d,2071073,SLUDGE THICKNER PUMP 1 FLUSHING,72,72,0,2118,0,27,72,19,7,1,1,1,0,1,22,0,22,40,13,13,0,true,3,1
2071074C.CAD,1337,dee70c3b6c6f,2071074,EFFLUENT TREATMENT,32,32,0,982,0,4,32,6,1,1,1,1,1,0,3,0,20,13,3,3,0,true,2,1
2071075C.CAD,3107,1a456635435e,2071075,SLUDGE THICKNER PUMP SHUTOFF,83,83,0,2624,0,26,89,24,6,4,4,4,3,1,22,0,29,40,12,12,0,true,3,1
2071076C.CAD,2611,d8707d65bccc,2071076,SLUDGE THICNER PUMP 2 FLUSHING,72,72,0,2114,0,27,72,19,7,1,1,1,0,1,22,0,22,40,13,13,0,true,3,1
2071077C.CAD,1337,537987c28be9,2071077,EFFLUENT TREATMENT,32,32,0,982,0,4,32,6,1,1,1,1,1,0,3,0,20,13,3,3,0,true,2,1
2071078C.CAD,2423,8b8d6032adca,2071078,EFFLUENT TREATMENT,63,63,0,1950,0,21,67,15,5,3,3,3,2,1,17,0,24,32,6,6,0,true,3,1
2071079C.CAD,2471,6f6d59e8e4bd,2071079,SLUDGE PRESS SCREEN DILUTION VALVE,67,67,0,1988,0,25,67,18,6,1,1,1,0,1,20,0,21,37,12,12,0,true,3,1
2071080C.CAD,2540,cbe2052fe605,2071080,POLYMER MIX TANK DILUTION VALVE,72,72,0,2056,0,28,72,18,6,1,1,1,0,1,26,0,20,37,12,12,0,true,2,1
2071081C.CAD,2536,eb7f31317d6a,2071081,POLYMER MIX TANK DUMP VALVE,72,72,0,2052,0,28,72,18,6,1,1,1,0,1,26,0,20,37,12,12,0,true,2,1
2071082C.CAD,1341,7bd3f504ea3f,2071082,EFFLUENT TREATMENT,32,32,0,986,0,4,32,6,1,1,1,1,1,0,3,0,20,13,3,3,0,true,2,1
2071083C.CAD,1337,485cf878e376,2071083,EFFLUENT TREATMENT,32,32,0,982,0,4,32,6,1,1,1,1,1,0,3,0,20,13,3,3,0,true,2,1
2071084C.CAD,1137,3bafa9a5d4a5,2071084,EFFLUENT TREATMENT,27,27,0,830,0,2,27,4,0,1,1,1,1,0,1,0,20,4,1,1,0,true,2,1
2071085C.CAD,1147,7d5786c478fb,2071085,EFFLUENT TREATMENT,27,27,0,840,0,2,27,4,0,1,1,1,1,0,1,0,20,4,1,1,0,true,2,1
2071086C.CAD,2743,f3e318699859,2071086,PRIM CLAR 1 SUMP PUMP LEVEL,74,74,0,2260,0,26,76,21,6,2,2,2,1,1,21,0,24,38,12,12,0,true,3,1
2071087C.CAD,2873,36a698805efc,2071087,PRIM CLAR 2 SUMP PUMP LEVEL,78,78,0,2380,0,27,80,22,7,2,2,2,1,1,22,0,25,41,13,13,0,true,3,1
2071088C.CAD,1153,a5725e6d8b96,2071088,EFFLUENT TREATMENT,27,27,0,846,0,2,27,4,0,1,1,1,1,0,1,0,20,4,1,1,0,true,2,1
2071089C.CAD,4817,4147a0320d19,2071089,EFFLUENT TREATMENT,132,132,0,3972,0,49,140,31,18,5,5,5,3,2,46,0,35,108,20,20,0,true,3,1
2071091C.CAD,4047,afb1894477b8,2071091,EFFLUENT TREATMENT,107,107,0,3482,0,24,117,35,6,6,6,6,4,2,23,0,41,57,17,17,0,true,2,1
2071092C.CAD,2463,3cda2e55da43,2071092,EFFLUENT TREATMENT,65,65,0,1934,0,26,71,13,6,3,4,4,2,2,24,0,20,44,6,6,0,true,3,1
2071093C.CAD,1417,c0901ca1ab3b,2071093,EFFLUENT TREATMENT,34,34,0,1062,0,3,36,5,1,1,2,2,1,1,2,0,24,8,1,1,0,true,2,1
2071094C.CAD,2662,f441cf79f6c5,2071094,EFFLUENT TREATMENT,69,69,0,2136,0,15,75,16,3,2,4,4,4,0,14,0,34,51,7,7,0,true,2,1
2071095C.CAD,1716,7ad28ccf4364,2071095,EFFLUENT TREATMENT,41,41,0,1342,0,4,47,9,0,3,4,4,3,1,4,0,26,21,3,3,0,true,1,1
2071096C.CAD,1810,0f7f0303f039,2071096,EFFLUENT TREATMENT,42,42,0,1422,0,3,46,12,0,3,3,3,3,0,3,0,25,21,3,3,0,true,1,1
2071097C.CAD,1444,a2bfc582e5ed,2071097,EFFLUENT TREATMENT,35,35,0,1088,0,6,37,7,1,1,2,2,1,1,5,0,20,15,3,3,0,true,2,1
2071098C.CAD,4906,127bef62427e,2071098,EFFLUENT TREATMENT,136,136,0,4144,0,53,152,35,11,5,8,8,9,1,51,0,37,103,20,20,0,true,2,1
2071099C.CAD,2130,20aaa7e8b537,2071099,EFFLUENT TREATMENT,53,53,0,1730,0,14,65,14,2,6,7,7,6,1,14,0,21,29,7,7,0,true,1,1
20710A0C.CAD,1391,3279f3bee103,20710A0,EFFLUENT TREATMENT,33,33,0,1052,0,4,35,6,1,1,2,2,1,1,3,0,21,11,2,2,0,true,2,1
20710A1C.CAD,2194,6e59b4e131f3,20710A1,EFFLUENT TREATMENT,56,56,0,1716,0,18,62,12,4,3,4,4,3,1,18,0,20,41,6,6,0,true,1,1
20710A2C.CAD,2066,eb8534262922,20710A2,EFFLUENT TREATMENT,51,51,0,1588,0,14,55,11,4,3,3,3,2,1,13,0,21,39,6,6,0,true,2,1
20710A3C.CAD,1546,b8679b810966,20710A3,EFFLUENT TREATMENT,40,40,0,1176,0,10,42,8,2,1,2,2,1,1,10,0,18,17,5,5,0,true,1,1
20710A4C.CAD,1547,21007caccb0d,20710A4,EFFLUENT TREATMENT,39,39,0,1178,0,9,41,8,2,2,2,2,1,1,8,0,19,17,5,5,0,true,2,1
20710A5C.CAD,1228,a4cdc7f32cc7,20710A5,EFFLUENT TREATMENT,29,29,0,920,0,2,31,4,0,1,2,2,1,1,2,0,21,4,1,1,0,true,1,1
20710A6C.CAD,1308,bb989ae4863b,20710A6,SEC.PCU ROOM TEMP.,31,31,0,952,0,5,31,7,0,1,1,1,1,0,4,0,18,13,3,3,0,true,2,1
20710A7C.CAD,3452,f787590d35be,20710A7,EFFLUENT TREATMENT,92,92,0,2846,0,32,102,21,10,4,6,6,5,1,28,0,31,62,11,11,0,true,3,1
20710A8C.CAD,1263,c3362872ee32,20710A8,EFFLUENT TREATMENT,30,30,0,956,0,3,32,4,0,1,2,2,1,1,2,0,22,4,1,1,0,true,2,1
20710A9C.CAD,1520,e81c2f9aa2be,20710A9,EFFLUENT TREATMENT,37,37,0,1156,0,6,39,8,1,1,2,2,1,1,6,0,20,16,4,4,0,true,1,1
20710B0C.CAD,3822,ecfebcfb42b8,20710B0,EFFLUENT TREATMENT,102,102,0,3216,0,34,116,24,10,5,8,8,6,2,29,0,37,63,11,11,0,true,4,1
20710B2C.CAD,1265,9da4c8872517,20710B2,EFFLUENT TREATMENT,29,29,0,938,0,3,31,4,0,1,2,2,1,1,2,0,21,4,1,1,0,true,2,1
20710B3C.CAD,1561,c63ed1c4f825,20710B3,EFFLUENT TREATMENT,38,38,0,1198,0,6,40,8,2,1,2,2,1,1,5,0,21,16,4,4,0,true,2,1
20710B4C.CAD,3826,24919cb5ec00,20710B4,EFFLUENT TREATMENT,102,102,0,3220,0,34,116,24,10,5,8,8,6,2,29,0,37,64,11,11,0,true,4,1
20710B5C.CAD,1916,0c8e5167d37e,20710B5C,River Water Pump,47,47,0,1452,0,22,53,17,4,3,3,3,2,1,21,0,5,32,9,9,0,true,2,1
20710B6C.CAD,4533,01cba114ab40,20710B6,EFFLUENT TREATMENT,121,121,0,3666,0,45,129,29,17,5,5,5,3,2,42,0,31,92,18,18,0,true,3,1
20710B7C.CAD,2496,51c016ba1d39,20710B7,EFFLUENT TREATMENT,63,63,0,1958,0,21,71,16,3,1,5,5,3,2,17,0,25,49,9,9,1,true,2,1
20710B8C.CAD,2155,cb6e2744d783,20710B8,EFFLUENT TREATMENT,56,56,0,1726,0,13,60,13,4,2,3,3,1,2,12,0,25,26,8,8,1,true,2,1
20710B9C.CAD,1109,4d264371f725,20710B9,EFFLUENT TREATMENT,26,26,0,802,0,2,26,3,0,1,1,1,1,0,1,0,20,4,1,1,0,true,2,1
20710C0C.CAD,1981,f547a122c4c7,20710C0,EFFLUENT TREATMENT,51,51,0,1568,0,11,53,12,3,2,2,2,1,1,10,0,24,23,7,7,0,true,2,1
20710C2C.CAD,1282,20bcd52ee6d7,20710C2,EFFLUENT TREATMENT,31,31,0,942,0,3,31,5,1,1,1,1,1,0,3,0,20,10,2,2,0,true,1,1
20710C4C.CAD,1068,88e216f83aa2,20710C4C,EFFLUENT TREATMENT,23,23,0,740,0,2,23,4,0,1,1,1,1,0,1,0,16,7,1,1,0,true,2,1
20710C5C.CAD,1949,eed8bdb6f845,20710C5C,EFFLUENT TREATMENT,50,50,0,1504,0,15,52,11,3,2,2,2,1,1,13,0,21,24,6,6,0,true,3,1
20710C7C.CAD,2468,4855714f1c99,20710C7,EFFLUENT TREATMENT,60,60,0,1948,0,14,70,14,2,3,6,6,5,1,13,0,29,51,6,6,0,true,2,1
20710D1C.CAD,1629,a039b29b3079,20710D1,EFFLUENT TREATMENT,38,38,0,1240,0,5,40,10,0,2,2,2,2,0,4,0,22,20,4,4,0,true,2,1
20710D2C.CAD,1256,3f8462855b34,20710D2,EFFLUENT TREATMENT,29,29,0,904,0,4,29,6,0,1,1,1,1,0,3,0,18,15,3,3,0,true,2,1
20710D3C.CAD,1125,3712e6430526,20710D3,EFFLUENT TREATMENT,25,25,0,798,0,2,25,4,0,1,1,1,1,0,1,0,18,7,1,1,0,true,2,1
20710D4C.CAD,1121,ef71a3bdb71e,20710D4,EFFLUENT TREATMENT,25,25,0,794,0,2,25,4,0,1,1,1,1,0,1,0,18,7,1,1,0,true,2,1
20710D5C.CAD,1406,ffdad3463b0f,20710D5,EFFLUENT TREATMENT,33,33,0,1068,0,2,35,7,0,2,2,2,2,0,2,0,22,11,2,2,0,true,1,1
20710G0C.CAD,2703,9f5ef638773a,20710G0,EFFLUENT TREATMENT,69,69,0,2150,0,21,71,19,3,2,2,2,2,0,18,0,27,33,9,9,0,true,3,1
20710G1C.CAD,4528,c8f8cc8c678c,20710G1,EFFLUENT TREATMENT,124,124,0,3966,0,43,142,38,7,9,10,10,9,1,43,0,34,64,18,18,0,true,1,1
20710G2C.CAD,1271,18bcd6aef36c,20710G2,EFFLUENT TREATMENT,30,30,0,932,0,3,30,5,1,1,1,1,1,0,2,0,20,10,2,2,0,true,2,1
20710G3C.CAD,4244,fc26a33d78da,20710G3,EFFLUENT TREATMENT,117,117,0,3702,0,38,131,38,7,7,8,8,6,2,37,0,33,56,17,17,0,true,2,1
20710G4C.CAD,4464,4888763ddf5e,20710G4,EFFLUENT TREATMENT,123,123,0,3902,0,42,141,38,6,8,10,10,9,1,42,0,35,65,18,18,0,true,1,1
20710G5C.CAD,1271,d1dc7aac6b64,20710G5,EFFLUENT TREATMENT,30,30,0,932,0,3,30,5,1,1,1,1,1,0,2,0,20,10,2,2,0,true,2,1
20710G6C.CAD,4262,f180d4fe56f8,20710G6,EFFLUENT TREATMENT,118,118,0,3720,0,38,132,38,7,7,8,8,6,2,37,0,34,56,17,17,0,true,2,1
20710G7C.CAD,3849,dce28a757528,20710G7,EFFLUENT TREATMENT,105,105,0,3332,0,33,113,32,6,5,5,5,4,1,30,0,35,50,15,15,0,true,3,1
20710G8C.CAD,1273,4c1a812d2667,20710G8,EFFLUENT TREATMENT,26,26,0,752,0,4,24,3,2,0,0,0,0,0,2,0,17,6,2,2,0,true,3,1
20710G9C.CAD,4035,a16b43c39458,20710G9,EFFLUENT TREATMENT,110,110,0,3516,0,34,120,33,7,5,6,6,4,2,31,0,37,50,15,15,1,true,3,1
20710H0C.CAD,2978,043cb213591b,20710H0,EFFLUENT TREATMENT,76,76,0,2468,0,17,86,19,5,3,6,6,4,2,13,0,37,49,8,8,0,true,4,1
20710H1C.CAD,2591,cf72e1b169b4,20710H1,EFFLUENT TREATMENT,67,67,0,2104,0,20,75,15,5,3,5,5,4,1,18,0,27,40,7,7,1,true,3,1
20710H2C.CAD,4003,25e473777d56,20710H2,EFFLUENT TREATMENT,109,109,0,3486,0,34,119,33,7,5,6,6,4,2,31,0,36,50,15,15,0,true,3,1
20710H3C.CAD,3050,ab06902becf3,20710H3,EFFLUENT TREATMENT,78,78,0,2504,0,22,88,19,5,4,6,6,4,2,20,0,32,51,9,9,0,true,3,1
20710H4C.CAD,4423,3dbf58ed73c3,20710H4,EFFLUENT TREATMENT,120,120,0,3872,0,35,136,36,6,6,9,9,8,1,34,0,42,61,17,17,0,true,2,1
20710H5C.CAD,1263,0e6039aa01cd,20710H5,EFFLUENT TREATMENT,30,30,0,924,0,3,30,5,1,1,1,1,1,0,2,0,20,10,2,2,0,true,2,1
20710H6C.CAD,4471,155c8f5e78d5,20710H6,EFFLUENT TREATMENT,120,120,0,3930,0,32,135,39,6,7,8,8,7,2,30,0,43,57,17,17,0,true,3,1
20710H7C.CAD,4010,f6710e406c9c,20710H7,EFFLUENT TREATMENT,112,112,0,3500,0,36,124,31,7,5,7,7,5,2,36,0,36,49,14,14,0,true,1,1
20710H8C.CAD,1273,77276e2f568d,20710H8,EFFLUENT TREATMENT,26,26,0,752,0,4,24,3,2,0,0,0,0,0,2,0,17,6,2,2,0,true,3,1
20710H9C.CAD,4208,626f6a401736,20710H9,EFFLUENT TREATMENT,119,119,0,3690,0,41,131,33,8,5,7,7,5,2,40,0,36,51,15,15,0,true,2,1
20710I0C.CAD,1271,cfe609cdf8a3,20710I0,EFFLUENT TREATMENT,30,30,0,932,0,3,30,5,1,1,1,1,1,0,2,0,20,10,2,2,0,true,2,1
20710I1C.CAD,2728,53f01aa954d0,20710I1,EFFLUENT TREATMENT,76,76,0,2220,0,31,82,15,7,2,4,4,3,1,29,0,23,44,8,8,0,true,2,1
20710I2C.CAD,3283,21dc153d4418,20710I2,EFFLUENT TREATMENT,86,86,0,2818,0,23,94,26,4,5,5,5,4,1,21,0,33,38,10,10,0,true,3,1
20710I3C.CAD,2449,dd7d026ede8a,20710I3,EFFLUENT TREATMENT,65,65,0,1994,0,21,67,17,4,2,2,2,1,1,18,0,24,32,9,9,1,true,3,1
20710I4C.CAD,2725,bd765b02fb6a,20710I4,EFFLUENT TREATMENT,72,72,0,2270,0,22,76,20,4,3,3,3,2,1,19,0,27,34,9,9,0,true,3,1
20710I5C.CAD,2725,a9df1d8aeaa6,20710I5,EFFLUENT TREATMENT,72,72,0,2270,0,22,76,20,4,3,3,3,2,1,19,0,27,34,9,9,0,true,3,1
20710I6C.CAD,2090,440729708c07,20710I6,EFFLUENT TREATMENT,55,55,0,1644,0,17,59,11,3,3,3,3,2,1,16,0,23,24,6,6,1,true,2,1
20710I7C.CAD,3194,e8baa25313f1,20710I7,EFFLUENT TREATMENT,85,85,0,2738,0,24,93,23,5,4,5,5,3,2,20,0,35,36,9,9,0,true,4,1
20710I8C.CAD,3042,a88b1d255946,20710I8,EFFLUENT TREATMENT,81,81,0,2576,0,26,89,24,5,5,5,5,4,1,25,0,25,38,10,10,0,true,2,1
20710I9C.CAD,5782,5519a79aaa38,20710I9,EFFLUENT TREATMENT,159,159,0,4848,0,70,179,44,15,7,11,11,7,4,66,0,32,138,22,22,1,true,3,1
20710J0C.CAD,1271,ffcac12f9838,20710J0,EFFLUENT TREATMENT,30,30,0,932,0,3,30,5,1,1,1,1,1,0,2,0,20,10,2,2,0,true,2,1
20710J1C.CAD,2733,eb8e2bd44b8e,20710J1,EFFLUENT TREATMENT,72,72,0,2278,0,22,76,20,4,3,3,3,2,1,19,0,27,34,9,9,0,true,3,1
20710J2C.CAD,2726,13b9f78e9d73,20710J2,EFFLUENT TREATMENT,72,72,0,2270,0,22,76,20,4,3,3,3,2,1,19,0,27,34,9,9,0,true,3,1
20710J3C.CAD,2590,89ee8223186d,20710J3,EFFLUENT TREATMENT,69,69,0,2134,0,22,73,17,4,3,3,3,2,1,19,0,27,34,9,9,0,true,3,1
20710J4C.CAD,2589,a3507d946239,20710J4,EFFLUENT TREATMENT,69,69,0,2134,0,22,73,17,4,3,3,3,2,1,19,0,27,34,9,9,0,true,3,1
20710J5C.CAD,2590,f7d68c5fbaf7,20710J5,EFFLUENT TREATMENT,69,69,0,2134,0,22,73,17,4,3,3,3,2,1,19,0,27,34,9,9,0,true,3,1
20710J6C.CAD,2590,b66029c749a8,20710J6,EFFLUENT TREATMENT,71,71,0,2134,0,25,75,17,4,2,3,3,2,1,23,0,25,34,9,9,0,true,2,1
20710J7C.CAD,2590,282dd472e640,20710J7,EFFLUENT TREATMENT,69,69,0,2134,0,22,73,17,4,3,3,3,2,1,19,0,27,34,9,9,0,true,3,1
20710J8C.CAD,2600,71cc9af74156,20710J8,EFFLUENT TREATMENT,72,72,0,2144,0,25,76,16,5,3,3,3,2,1,24,0,25,37,9,9,0,true,2,1
20710J9C.CAD,2216,0b0eb0be4637,20710J9,EFFLUENT TREATMENT,61,61,0,1760,0,23,61,14,4,1,1,1,0,1,21,0,20,32,9,9,0,true,2,1
20710K0C.CAD,2725,163d145f464c,20710K0,EFFLUENT TREATMENT,72,72,0,2270,0,22,76,20,4,3,3,3,2,1,19,0,27,34,9,9,0,true,3,1
20710K1C.CAD,2587,64d0d2211059,20710K1,EFFLUENT TREATMENT,69,69,0,2132,0,22,73,17,4,3,3,3,2,1,19,0,27,34,9,9,0,true,3,1
20710K2C.CAD,2638,bff4043bdd8b,20710K2,EFFLUENT TREATMENT,72,72,0,2182,0,24,78,17,4,3,4,4,3,1,23,0,26,37,9,9,0,true,2,1
20710K3C.CAD,2045,3f7327c5cb7c,20710K3,EFFLUENT TREATMENT,52,52,0,1600,0,15,56,11,3,3,3,3,2,1,13,0,23,25,6,6,0,true,3,1
20710K4C.CAD,2740,b4d07a354027,20710K4,EFFLUENT TREATMENT,75,75,0,2284,0,24,81,17,4,3,4,4,3,1,23,0,29,34,9,9,0,true,2,1
20710K5C.CAD,2045,5b2915f1639a,20710K5,EFFLUENT TREATMENT,52,52,0,1600,0,15,56,11,3,3,3,3,2,1,13,0,23,25,6,6,0,true,3,1
20710K6C.CAD,2646,ece09ac4d0a3,20710K6,EFFLUENT TREATMENT,73,73,0,2190,0,25,77,17,4,3,3,3,2,1,23,0,27,33,9,9,0,true,2,1
20710K7C.CAD,2587,2e37baf8c444,20710K7,EFFLUENT TREATMENT,69,69,0,2132,0,22,73,17,4,3,3,3,2,1,19,0,27,33,9,9,0,true,3,1
20710K8C.CAD,2588,880d842f35f0,20710K8,EFFLUENT TREATMENT,69,69,0,2132,0,22,73,17,4,3,3,3,2,1,19,0,27,33,9,9,0,true,3,1
20710K9C.CAD,2587,f7bf58860466,20710K9,EFFLUENT TREATMENT,69,69,0,2132,0,22,73,17,4,3,3,3,2,1,19,0,27,33,9,9,0,true,3,1
20710L0C.CAD,2587,f5cb3da66751,20710L0,EFFLUENT TREATMENT,69,69,0,2132,0,22,73,17,4,3,3,3,2,1,19,0,27,33,9,9,0,true,3,1
20710L1C.CAD,2587,69e6c010570b,20710L1,EFFLUENT TREATMENT,69,69,0,2132,0,22,73,17,4,3,3,3,2,1,19,0,27,33,9,9,0,true,3,1
20710L2C.CAD,2587,590bcc61ebe5,20710L2,EFFLUENT TREATMENT,69,69,0,2132,0,22,73,17,4,3,3,3,2,1,19,0,27,32,9,9,0,true,3,1
20710L3C.CAD,2587,5ca15798923d,20710L3,EFFLUENT TREATMENT,69,69,0,2132,0,22,73,17,4,3,3,3,2,1,19,0,27,33,9,9,0,true,3,1
20710L4C.CAD,2460,6fc75ead3ea2,20710L4,EFFLUENT TREATMENT,68,68,0,2004,0,25,72,16,5,3,3,3,2,1,24,0,21,33,9,9,1,true,2,1
20710L5C.CAD,2577,72bea4754f21,20710L5,EFFLUENT TREATMENT,68,68,0,2122,0,23,74,18,5,3,4,4,2,2,20,0,23,34,9,9,1,true,3,1
20710L6C.CAD,4140,8f97251b358c,20710L6,EFFLUENT TREATMENT,114,114,0,3560,0,44,134,33,8,8,11,11,7,4,44,0,27,73,18,18,0,true,1,1
20710L7C.CAD,1725,4bcc4444deff,20710L7,EFFLUENT TREATMENT,41,41,0,1344,0,5,43,10,2,2,2,2,2,0,4,0,23,20,4,4,0,true,2,1
20710L8C.CAD,2381,94364e475467,20710L8,EFFLUENT TREATMENT,67,67,0,1888,0,26,70,17,8,1,2,2,1,1,23,0,18,42,13,13,1,true,3,1
20710L9C.CAD,4185,352e24e8bd79,20710L9,EFFLUENT TREATMENT,115,115,0,3622,0,35,131,30,7,8,9,9,7,2,33,0,43,65,17,17,1,true,3,1
20710M0C.CAD,2389,e983a4788c2d,20710M0,EFFLUENT TREATMENT,67,67,0,1896,0,26,70,17,8,1,2,2,1,1,23,0,18,41,13,13,1,true,3,1
20710M1C.CAD,1699,3b7ead36afad,20710M1,EFFLUENT TREATMENT,40,40,0,1318,0,5,42,10,2,2,2,2,2,0,4,0,22,20,4,4,0,true,2,1
20710M2C.CAD,2528,16f732e52f32,20710M2,Water Transfer Pump No.1,69,69,0,2072,0,24,75,17,4,3,4,4,3,1,23,0,23,33,9,9,0,true,2,1
20710M3C.CAD,2640,b013aedc1ed1,20710M3,Water Transfer Pump No.2,73,73,0,2184,0,24,79,17,4,3,4,4,3,1,23,0,27,33,9,9,0,true,2,1
20710M4C.CAD,2676,d01514fe22a0,20710M4,Seal Water Pump,74,74,0,2220,0,24,80,17,4,3,4,4,3,1,23,0,28,33,9,9,0,true,2,1
20710M5C.CAD,2778,0aeb92e9acef,20710M5,EFFLUENT TREATMENT,79,79,0,2322,0,29,85,17,6,3,4,4,2,2,26,0,28,33,9,9,0,true,3,1
20710M6C.CAD,3935,18d37d65d03b,20710M6,EFFLUENT TREATMENT,108,108,0,3418,0,33,120,29,8,6,7,7,5,2,31,0,38,51,15,15,1,true,3,1
20710M7C.CAD,1275,441e28eb0dc1,20710M7,EFFLUENT TREATMENT,30,30,0,936,0,3,30,5,1,1,1,1,1,0,2,0,20,10,2,2,0,true,2,1
20710M8C.CAD,4047,b55dbaa1ec54,20710M8,EFFLUENT TREATMENT,111,111,0,3530,0,33,125,29,8,6,8,8,6,2,32,0,40,53,15,15,0,true,2,1
20710M9C.CAD,1277,c941d346f29f,20710M9,EFFLUENT TREATMENT,30,30,0,938,0,3,30,5,1,1,1,1,1,0,2,0,20,10,2,2,0,true,2,1
20710N0C.CAD,4028,6dc3c8e912ea,20710N0,EFFLUENT TREATMENT,110,110,0,3510,0,33,124,29,8,6,8,8,6,2,32,0,39,53,15,15,0,true,2,1
20710N1C.CAD,1275,55b533ee335c,20710N1,EFFLUENT TREATMENT,30,30,0,936,0,3,30,5,1,1,1,1,1,0,2,0,20,10,2,2,0,true,2,1
20710N2C.CAD,4320,6260f02a6dff,20710N2,EFFLUENT TREATMENT,119,119,0,3660,0,41,129,34,9,5,6,6,5,1,38,0,36,73,21,21,0,true,3,1
20710N3C.CAD,1197,c820fe88d667,20710N3,EFFLUENT TREATMENT,28,28,0,858,0,3,28,5,1,1,1,1,1,0,2,0,18,10,2,2,0,true,2,1
20710N4C.CAD,4319,587a8e4041d7,20710N4,EFFLUENT TREATMENT,119,119,0,3660,0,41,129,34,9,5,6,6,5,1,38,0,36,74,21,21,0,true,3,1
20710N5C.CAD,1277,0b03e8256f09,20710N5,EFFLUENT TREATMENT,30,30,0,938,0,3,30,5,1,1,1,1,1,0,2,0,20,10,2,2,0,true,2,1
20710N6C.CAD,4069,599f2d09628c,20710N6,EFFLUENT TREATMENT,112,112,0,3410,0,40,120,33,8,4,5,5,4,1,36,0,33,70,21,21,1,true,3,1
20710N7C.CAD,1345,ea1cf7ef013c,20710N7,EFFLUENT TREATMENT,32,32,0,990,0,4,32,6,1,1,1,1,1,0,3,0,20,13,3,3,0,true,2,1
20710N8C.CAD,4088,918497bb35fe,20710N8,EFFLUENT TREATMENT,118,118,0,3428,0,49,126,31,10,4,5,5,4,1,48,0,27,73,21,21,0,true,2,1
20710N9C.CAD,1345,1d88d0d4f315,20710N9,EFFLUENT TREATMENT,32,32,0,990,0,4,32,6,1,1,1,1,1,0,3,0,20,13,3,3,0,true,2,1
20710O0C.CAD,1549,76cff477e8a9,20710O0,EFFLUENT TREATMENT,40,40,0,1230,0,7,42,4,2,1,2,2,0,2,3,0,29,5,1,1,0,true,3,1
20710O1C.CAD,4315,ffdd19bcb577,20710O1,EFFLUENT TREATMENT,119,119,0,3656,0,41,129,34,9,5,6,6,5,1,38,0,36,72,21,21,0,true,3,1
20710O2C.CAD,1339,8b89ec82a46e,20710O2,EFFLUENT TREATMENT,32,32,0,984,0,4,32,6,1,1,1,1,1,0,3,0,20,13,3,3,0,true,2,1
20710O3C.CAD,4317,3feacfbd3ff8,20710O3,EFFLUENT TREATMENT,119,119,0,3658,0,41,129,34,9,5,6,6,5,1,38,0,36,72,21,21,0,true,3,1
20710O4C.CAD,1273,5d547e7adf0d,20710O4,EFFLUENT TREATMENT,30,30,0,934,0,3,30,5,1,1,1,1,1,0,2,0,20,10,2,2,0,true,2,1
20710O5C.CAD,4262,6ee89805cf6a,20710O5,EFFLUENT TREATMENT,122,122,0,3602,0,49,132,33,10,5,6,6,5,1,48,0,29,71,21,21,1,true,2,1
20710O6C.CAD,1273,e42b3106f783,20710O6,EFFLUENT TREATMENT,30,30,0,934,0,3,30,5,1,1,1,1,1,0,2,0,20,10,2,2,0,true,2,1
20710O7C.CAD,1663,188bac1fa97e,20710O7,EFFLUENT TREATMENT,44,44,0,1344,0,10,46,4,2,1,2,2,0,2,3,0,33,5,1,1,0,true,3,1
20710O8C.CAD,4468,f2273b2eaada,20710O8,EFFLUENT TREATMENT,127,127,0,3808,0,50,141,34,10,4,8,8,6,2,49,0,32,80,21,21,0,true,2,1
20710O9C.CAD,3664,8fb2a6066262,20710O9,EFFLUENT TREATMENT,96,96,0,3114,0,27,110,25,8,5,8,8,6,2,24,0,37,55,11,11,0,true,4,1
20710P0C.CAD,4321,3572fd3359eb,20710P0,EFFLUENT TREATMENT,119,119,0,3662,0,41,129,34,9,5,6,6,5,1,38,0,36,73,21,21,0,true,3,1
20710P1C.CAD,1279,c68ba0b6bcdf,20710P1,EFFLUENT TREATMENT,30,30,0,940,0,3,30,5,1,1,1,1,1,0,2,0,20,10,2,2,0,true,2,1
20710P2C.CAD,4634,9c6aa8eca2b1,20710P2,EFFLUENT TREATMENT,133,133,0,3974,0,50,147,34,10,4,8,8,6,2,49,0,38,73,21,21,0,true,2,1
20710P3C.CAD,3607,b15aaf2ac13e,20710P3,EFFLUENT TREATMENT,94,94,0,3058,0,26,108,25,8,5,8,8,6,2,24,0,35,55,11,11,0,true,3,1
20710P4C.CAD,4318,4f2723393b25,20710P4,EFFLUENT TREATMENT,119,119,0,3658,0,41,129,34,9,5,6,6,5,1,38,0,36,73,21,21,0,true,3,1
20710P5C.CAD,1275,84b204cca806,20710P5,EFFLUENT TREATMENT,25,25,0,718,0,4,23,3,1,0,0,0,0,0,2,0,17,10,2,2,0,true,3,1
20710P6C.CAD,2605,b1dca36454d2,20710P6,EFFLUENT TREATMENT,69,69,0,2150,0,23,75,18,5,3,4,4,2,2,20,0,24,34,9,9,1,true,3,1
20710S1C.CAD,2433,4126b24fce8e,20710S1,EFFLUENT TREATMENT,65,65,0,1978,0,21,67,17,4,2,2,2,1,1,18,0,24,33,9,9,0,true,3,1
20710S2C.CAD,1257,45958ff89c69,20710S2,EFFLUENT TREATMENT,25,25,0,692,0,4,23,3,1,0,0,0,0,0,2,0,17,6,2,2,0,true,3,1
20710S3C.CAD,2433,1365da252a1d,20710S3,EFFLUENT TREATMENT,65,65,0,1978,0,21,67,17,4,2,2,2,1,1,18,0,24,33,9,9,0,true,3,1
20710S4C.CAD,1325,ceb43afb4adf,20710S4,EFFLUENT TREATMENT,32,32,0,970,0,4,32,6,1,1,1,1,1,0,3,0,20,12,3,3,0,true,2,1
20710S5C.CAD,2433,3d19a9783fba,20710S5,EFFLUENT TREATMENT,65,65,0,1978,0,21,67,17,4,2,2,2,1,1,18,0,24,33,9,9,0,true,3,1
20710S6C.CAD,1207,48fd03fc9313,20710S6,EFFLUENT TREATMENT,29,29,0,868,0,3,29,4,1,1,1,1,1,0,2,0,20,11,2,2,0,true,2,1
20710T1C.CAD,962,dc5823a635ea,20710T1,EFFLUENT TREATMENT,23,23,0,634,0,2,21,2,0,0,0,0,0,0,1,0,18,5,1,1,0,true,2,1
20710T2C.CAD,977,f4293a1f4422,20710T2,EFFLUENT TREATMENT,23,23,0,650,0,3,21,2,0,0,0,0,0,0,1,0,18,5,1,1,0,true,3,1
20710T3C.CAD,1538,8aa728fb3aa9,20710T3,EFFLUENT TREATMENT,37,37,0,1114,0,9,37,5,3,1,1,1,0,1,7,0,20,19,2,2,1,true,3,1
20710T5C.CAD,1181,949e22a4b977,20710T5,EFFLUENT TREATMENT,28,28,0,854,0,2,28,4,0,1,1,1,1,0,1,0,21,6,1,1,0,true,2,1
20710T6C.CAD,1183,40f20096972d,20710T6,EFFLUENT TREATMENT,23,23,0,638,0,3,21,2,0,0,0,0,0,0,1,0,18,5,1,1,0,true,3,1
20710T7C.CAD,1518,e9d765323ff4,20710T7,EFFLUENT TREATMENT,37,37,0,1094,0,9,37,5,3,1,1,1,0,1,7,0,20,19,2,2,1,true,3,1
20710T8C.CAD,1518,bfa2c0fca490,20710T8,EFFLUENT TREATMENT,37,37,0,1094,0,9,37,5,3,1,1,1,0,1,7,0,20,19,2,2,1,true,3,1
20710T9C.CAD,1245,3286a0c6006f,20710T9,,23,23,0,618,0,4,21,3,1,0,0,0,0,0,2,0,15,11,2,2,0,true,3,1
20710Y0C.CAD,1091,f068d9a0abda,20710Y0,EFFLUENT TREATMENT,25,25,0,752,0,3,24,2,0,0,1,1,0,0,1,0,20,6,2,1,0,true,3,1
20710Y2C.CAD,1023,4adc3a09a09c,20710Y2,EFFLUENT TREATMENT,24,24,0,716,0,2,24,3,0,1,1,1,1,0,1,0,18,4,1,1,0,true,2,1
20710Y9C.CAD,2076,92ddb5fc95a1,20710Y9,EFFLUENT TREATMENT,57,57,0,1628,0,21,59,12,4,1,2,2,1,1,20,0,19,30,8,8,1,true,2,1
20710Z0C.CAD,4620,ee09bdd84325,20710Z0,EFFLUENT TREATMENT,89,89,0,2710,0,27,92,42,7,0,2,2,1,1,24,0,15,221,37,37,0,true,2,1
20710Z1C.CAD,3688,2263b11cbd2f,20710Z1,EFFLUENT TREATMENT,68,68,0,2254,0,7,69,43,2,1,1,1,0,1,6,0,16,203,41,40,1,true,2,1
20710Z2C.CAD,2626,adb57dd2772e,20710Z2,FISH PUMP,70,70,0,2120,0,29,80,20,4,6,6,6,5,1,28,0,16,47,13,13,0,true,2,1
20710Z3C.CAD,2068,e317d8cf4cb8,20710Z3,EFFLUENT TREATMENT,54,54,0,1608,0,20,58,13,3,2,3,3,2,1,19,0,17,35,9,9,1,true,2,1
20710Z4C.CAD,2176,3938f25c04fa,20710Z4,EFFLUENT TREATMENT,40,40,0,1212,0,10,38,12,2,0,0,0,0,0,8,0,16,57,11,11,0,true,3,1
20710Z6C.CAD,2629,113fd8e7b40f,20710Z6,EFFLUENT TREATMENT,66,66,0,2018,0,22,70,17,3,2,3,3,2,1,19,0,25,36,10,10,1,true,3,1
20710Z7C.CAD,2695,ccc15bec065a,20710Z7,EFFLUENT TREATMENT,72,72,0,2226,0,23,78,19,3,4,4,4,3,1,20,0,28,38,10,10,1,true,3,1
20710Z8C.CAD,2746,cca642b03033,20710Z8,EFFLUENT TREATMENT,76,76,0,2276,0,25,82,18,4,3,4,4,3,1,24,0,28,37,10,10,0,true,2,1
2081000A.CAD,1724,5a5432d437b4,2081000,FEED WATER TREATMENT,39,39,0,1182,0,10,41,10,1,0,2,2,0,2,6,0,20,58,8,7,0,true,2,1
2081001A.CAD,2625,bb9007a228c3,2081001,INLET FILTERED WATER PRESS,70,70,0,2268,0,10,84,9,0,8,8,8,8,0,8,0,51,17,1,1,2,true,2,1
2081002A.CAD,2313,85e194380c24,2081002,CONDENSATE WATER CONDUCTIVITY,63,63,0,1956,0,9,73,7,0,6,6,6,6,0,6,0,48,16,1,1,2,true,3,1
2081003A.CAD,2304,11f7bf1775fa,2081003,CONDENSATE TANK PRESS,63,63,0,1946,0,7,73,7,0,6,6,6,6,0,6,0,48,16,1,1,2,true,2,1
2081004A.CAD,2301,0f7860fc4abf,2081004,INTERMEDIATE STORAGE TANK LEVEL,62,62,0,1944,0,8,72,7,0,6,6,6,6,0,6,0,47,15,1,1,2,true,2,1
2081005A.CAD,2100,1efdf136ea06,2081005,CAUSTIC RECYLE TANK CONDUC,57,57,0,1742,0,5,65,6,0,5,5,5,5,0,5,0,44,14,1,1,3,true,1,1
2081006A.CAD,2529,2d83e6cc5e01,2081006,DAERATOR VALVE FLOW,68,68,0,2172,0,10,82,9,0,8,8,8,8,0,8,0,49,17,1,1,2,true,2,1
2081007A.CAD,2301,ffd64232c5bd,2081007,MIXED BED EXCH NO.1 INLET FLOW,63,63,0,1944,0,10,73,7,0,6,6,6,6,0,7,0,47,15,1,1,2,true,3,1
2081008A.CAD,2415,d7ee2a9d8288,2081008,BOILER FEED WATER TREATMENT,66,66,0,2058,0,11,80,9,0,8,8,8,8,0,8,0,47,17,1,1,2,true,3,1
2081009A.CAD,2172,670b92f1ff95,2081009,BOILER FEED WATER TREATMENT,60,60,0,1814,0,10,70,7,0,6,6,6,6,0,6,0,45,17,1,1,0,true,3,1
2081010A.CAD,1885,1d50984da163,2081010,CIS I/O FOR SLAVE 10,52,52,0,1528,0,6,58,5,0,4,4,4,4,0,4,0,41,15,1,1,0,true,2,1
2081011A.CAD,2415,8ef25ce01485,2081011,BOILER FEED WATER TREATMENT,66,66,0,2056,0,10,80,9,0,6,8,8,8,0,8,0,47,19,1,1,0,true,2,1
2081014A.CAD,2927,cbade2b5f497,2081014,BOILER FEED WATER TREATMENT,73,73,0,2606,0,20,103,18,0,16,16,16,0,16,16,0,37,22,2,2,0,true,3,1
2081015A.CAD,2875,9e678df2cd28,2081015,BOILER FEED WATER TREATMENT,71,71,0,2554,0,18,101,18,0,16,16,16,0,16,16,0,35,22,2,2,0,true,2,1
2081016A.CAD,2871,b1db92c92bb1,2081016,BOILER FEED WATER TREATMENT,71,71,0,2550,0,18,101,18,0,16,16,16,0,16,16,0,35,22,2,2,0,true,2,1
2081017A.CAD,2871,a21d7a9bee02,2081017,BOILER FEED WATER TREATMENT,71,71,0,2550,0,18,101,18,0,16,16,16,0,16,16,0,35,22,2,2,0,true,2,1
2081018A.CAD,2511,30d0be95bd76,2081018,BOILER FEED WATER TREATMENT,63,63,0,2190,0,16,85,14,0,12,12,12,0,12,12,0,35,16,2,2,2,true,3,1
2081019A.CAD,2783,3c806ace271a,2081019,BOILER FEED WATER TREATMENT,70,70,0,2462,0,21,96,16,0,14,14,14,0,14,14,0,38,20,2,2,0,true,3,1
2081020A.CAD,2959,beaea1f7dd36,2081020,BOILER FEED WATER TREATMENT,76,76,0,2638,0,27,102,16,0,14,14,14,0,14,14,0,44,20,2,2,0,true,3,1
2081021A.CAD,2282,9aba39f8c17c,2081021,CONDUCT WTR CONDUCT,57,57,0,1960,0,11,75,12,0,10,10,10,0,10,10,0,33,14,2,2,2,true,2,1
2081022A.CAD,1935,54b5b17a48b8,2081022,BOILER FEED WATER TREATMENT,47,47,0,1614,0,10,61,10,0,8,8,8,0,8,8,0,27,14,2,2,0,true,2,1
2081023A.CAD,2479,9815d76e8fb0,2081023,BOILER FEED WATER TREATMENT,64,64,0,2158,0,21,82,12,0,10,10,10,0,10,10,0,40,16,2,2,0,true,3,1
2081024A.CAD,2361,53cb4cd5358d,2081024,BOILER FEED WATER TREATMENT,61,61,0,2040,0,19,77,11,0,9,9,9,0,9,9,0,39,15,2,2,0,true,3,1
2081028A.CAD,1779,76d03f8dac71,2081028,BOILER FEED WATER TREATMENT,42,42,0,1426,0,9,50,8,0,5,5,5,6,0,6,0,25,14,2,2,0,true,2,1
2081029A.CAD,2535,c3a4fe26b6fd,2081029,BOILER FEED WATER TREATMENT,59,59,0,2084,0,14,81,14,0,12,12,12,12,0,12,0,31,20,2,2,0,true,2,1
2081030A.CAD,1965,27e3e20e119c,2081030,BOILER FEED WATER TREATMENT,47,47,0,1612,0,10,61,10,0,8,8,8,8,0,8,0,27,16,2,2,0,true,2,1
2081035A.CAD,953,39450eade498,2081035,BOILER FEED WATER TREATMENT,22,22,0,628,0,2,20,1,0,0,0,0,0,0,0,0,19,4,1,1,0,true,1,1
2081036A.CAD,953,d5d380b46119,2081036,BOILER FEED WATER TREATMENT,22,22,0,628,0,2,20,1,0,0,0,0,0,0,0,0,19,4,1,1,0,true,1,1
2081037A.CAD,1780,4e64f7e965d7,2081037,BOILER FEED WATER TREATMENT,43,43,0,1454,0,7,55,8,0,7,7,7,7,0,7,0,26,11,1,1,0,true,1,1
2081038A.CAD,1780,ded56662de3a,2081038,BOILER FEED WATER TREATMENT,43,43,0,1454,0,7,55,8,0,7,7,7,7,0,7,0,26,11,1,1,0,true,1,1
2081039A.CAD,1902,206fff6f4b44,2081039,BOILER FEED WATER TREATMENT,46,46,0,1576,0,8,60,9,0,8,8,8,8,0,8,0,27,12,1,1,0,true,1,1
2081040A.CAD,1917,b2efafc1e509,2081040,BOILER FEED WATER TREATMENT,47,47,0,1592,0,11,61,9,0,8,8,8,8,0,9,0,27,12,1,1,0,true,2,1
2081041A.CAD,1917,281cfc51e4f9,2081041,BOILER FEED WATER TREATMENT,47,47,0,1592,0,11,61,9,0,8,8,8,8,0,9,0,27,12,1,1,0,true,2,1
2081042A.CAD,1823,7483ed85d776,2081042,BOILER FEED WATER TREATMENT,43,43,0,1456,0,9,55,8,0,7,7,7,7,0,7,0,26,11,1,1,0,true,2,1
2081043A.CAD,1799,2d3ab4749e00,2081043,BOILER FEED WATER TREATMENT,44,44,0,1474,0,10,56,8,0,7,7,7,7,0,8,0,26,11,1,1,0,true,2,1
2081044A.CAD,1799,1dbaad6b5717,2081044,BOILER FEED WATER TREATMENT,44,44,0,1474,0,10,56,8,0,7,7,7,7,0,8,0,26,11,1,1,0,true,2,1
2081045A.CAD,1917,2abfb4786ced,2081045,BOILER FEED WATER TREATMENT,47,47,0,1592,0,11,61,9,0,8,8,8,8,0,9,0,27,12,1,1,0,true,2,1
2081046A.CAD,1799,89584ae65421,2081046,BOILER FEED WATER TREATMENT,44,44,0,1474,0,10,56,8,0,7,7,7,7,0,8,0,26,11,1,1,0,true,2,1
2081047A.CAD,1917,64795af3930c,2081047,BOILER FEED WATER TREATMENT,47,47,0,1592,0,11,61,9,0,8,8,8,8,0,9,0,27,12,1,1,0,true,2,1
2081048A.CAD,1799,8a75bc2c5933,2081048,BOILER FEED WATER TREATMENT,44,44,0,1474,0,10,56,8,0,7,7,7,7,0,8,0,26,11,1,1,0,true,2,1
20810A1A.CAD,1305,a2bd73f1e77a,20810A1,FILTERED WATER INLET PRESSURE,30,30,0,966,0,7,30,6,1,1,1,1,1,0,2,0,19,10,2,2,0,true,2,1
20810A2A.CAD,1882,879a2c45524c,20810A2,DEARATOR FEED WATER TEMPERATURE,45,45,0,1482,0,7,49,11,2,2,3,3,2,1,7,0,23,25,4,4,0,true,1,1
20810A3A.CAD,3262,835eabfcda94,20810A3,STORAGE TANK LEVEL,87,87,0,2806,0,21,95,24,4,4,4,4,5,1,20,0,37,40,9,9,0,true,2,1
20810A4A.CAD,2118,a6ce621b3a5d,20810A4,STORAGE TANK LEVEL,53,53,0,1750,0,6,59,13,1,4,4,4,3,1,6,0,31,18,3,3,0,true,1,1
20810A5A.CAD,4312,583aa74c08bb,20810A5,ACF NO.2 INLET FLOW,117,117,0,3580,0,39,125,30,12,1,5,5,4,1,32,0,41,94,20,20,0,true,3,1
20810A6A.CAD,4292,a4e61d99be5d,20810A6,ACF NO.1 INLET FLOW,117,117,0,3560,0,39,125,30,12,1,5,5,4,1,32,0,41,94,20,20,0,true,3,1
20810A7A.CAD,5103,82ade4ed5836,20810A7,BACKWASH NOT STARTED,147,147,0,4542,0,38,165,32,3,3,10,10,7,4,27,0,82,60,14,14,0,true,4,1
20810A8A.CAD,3349,0b44c4b06d05,20810A8,BACKWASH STEP,95,95,0,2952,0,24,107,17,4,2,7,7,2,5,13,0,59,28,6,6,0,true,3,1
20810A9A.CAD,4707,cfc79fdaca5a,20810A9,CARBON FILTER,134,134,0,4248,0,37,154,25,12,1,11,11,5,6,30,0,65,46,13,13,0,true,3,1
20810B0A.CAD,4631,cc7230210007,20810B0,BACKWASH REQUEST,129,129,0,4192,0,32,153,25,8,0,13,13,8,5,28,0,66,41,11,11,1,true,4,1
20810B1A.CAD,3997,87d11b9b9ccc,20810B1,ACT CARBON FILTER GRAPPHIC SELECT,106,106,0,3416,0,26,128,25,4,12,12,12,12,0,24,0,51,60,13,13,0,true,2,1
20810B2A.CAD,5113,c05cf6197fe1,20810B2,BACKWASH NOT STARTED,149,149,0,4552,0,40,168,32,3,3,10,10,7,4,28,0,84,60,14,14,0,true,4,1
20810B3A.CAD,2859,495814616b77,20810B3,BACKWASH STEP,81,81,0,2462,0,19,89,15,2,2,5,5,2,3,11,0,51,26,6,6,0,true,3,1
20810B4A.CAD,5167,8ed7b82d27b8,20810B4,ENABLE SEQUENCE,148,148,0,4698,0,38,170,28,13,2,12,12,6,6,31,0,74,50,14,14,0,true,3,1
20810B5A.CAD,5367,e017fda79d8d,20810B5,IN AUTO SEQUENCE,149,149,0,4904,0,38,180,31,9,0,16,16,9,8,34,0,73,49,13,13,2,true,4,1
20810B6A.CAD,3764,fc256defcbcc,20810B6,C EX NO.3 INLET FLOW,107,107,0,3058,0,40,111,25,11,1,3,3,3,0,39,0,30,86,18,18,0,true,2,1
20810B7A.CAD,3722,8f2cf1d104d1,20810B7,C EX NO.2 INLET FLOW,100,100,0,3016,0,34,104,25,12,1,3,3,3,0,28,0,33,87,18,18,0,true,3,1
20810B8A.CAD,3778,4241eaea7d06,20810B8,C EX NO.1 INLET FLOW,102,102,0,3072,0,35,106,26,11,1,3,3,3,0,28,0,35,86,18,18,0,true,3,1
20810B9A.CAD,2995,1bb291813321,20810B9,C EXCH NO.1 CONDUCTIVITY,79,79,0,2494,0,20,83,19,5,2,3,3,2,1,12,0,41,48,10,10,0,true,2,1
20810C0A.CAD,6805,ced6ecd0112c,20810C0,IN FINAL RINSE,176,176,0,5472,0,50,199,40,8,5,12,12,9,4,34,0,92,72,16,16,1,true,4,1
20810C1A.CAD,6759,cc1a0985f99d,20810C1,CATION EXCHANGE FLOW VALVES NO.1,177,177,0,5496,0,48,201,40,4,6,13,13,8,5,29,0,102,65,15,15,0,true,3,1
20810C2A.CAD,6541,b4b799637397,20810C2,REGENERATION RESET,187,187,0,5986,0,55,224,40,7,1,18,18,17,4,45,0,93,78,16,16,0,true,4,1
20810C3A.CAD,5515,4dc01b24db21,20810C3,SELECT LOGIC,150,150,0,4914,0,37,190,36,5,21,21,21,21,0,35,0,72,68,15,15,0,true,2,1
20810C4A.CAD,2913,3c9b71cced94,20810C4,C EXCH NO.2 CONDUCTIVITY,76,76,0,2412,0,20,80,19,5,2,3,3,2,1,12,0,38,46,10,10,0,true,2,1
20810C5A.CAD,6837,32a39fc4cff2,20810C5,FINAL RINSE,201,201,0,6252,0,59,228,46,8,7,14,14,11,4,38,0,107,75,16,16,0,true,4,1
20810C6A.CAD,6605,832f9f392e50,20810C6,CATION EXCHANGE FLOW VALVES NO.2,194,194,0,6082,0,55,222,46,3,8,15,15,10,5,32,0,111,66,15,15,0,true,3,1
20810C7A.CAD,6817,aac1cb641458,20810C7,REGENERATION INITIATED,194,194,0,6244,0,56,234,43,9,1,20,20,17,5,47,0,93,84,18,18,0,true,4,1
20810C8A.CAD,3949,88675d6fe46a,20810C8,OPEND VALVE E,111,111,0,3462,0,32,123,24,8,2,7,7,6,1,25,0,52,46,12,12,0,true,3,1
20810C9A.CAD,2867,7f9885048e5b,20810C9,C EXCH NO.3 CONDUCTIVITY,74,74,0,2366,0,20,78,19,5,2,3,3,2,1,12,0,36,47,10,10,0,true,2,1
20810D0A.CAD,6879,0697c787baf7,20810D0,DISPLACE RINSE,203,203,0,6294,0,58,230,46,8,7,14,14,11,4,38,0,109,75,16,16,0,true,4,1
20810D1A.CAD,6715,bce6536b0a0e,20810D1,CATION EXCHANGE FLOW VALVES NO.3,197,197,0,6192,0,55,225,47,4,8,15,15,10,5,32,0,112,66,15,15,0,true,3,1
20810D2A.CAD,6503,e5270be8da7d,20810D2,REGENERATION RESET,185,185,0,5936,0,53,223,41,8,1,19,19,17,4,45,0,89,81,17,17,0,true,4,1
20810D3A.CAD,6127,9a77ebb7530d,20810D3,INTRODUCING ACID C EXCH,178,178,0,5552,0,54,200,40,11,5,11,11,7,6,38,0,87,66,17,17,0,true,4,1
20810D4A.CAD,3903,5a134f258820,20810D4,OPEN VALVE'E,110,110,0,3416,0,31,122,24,7,2,7,7,6,1,24,0,53,46,12,12,0,true,3,1
20810D5A.CAD,3036,af44a29aadb6,20810D5,DEMIN WATER FLOW TO C/P.,81,81,0,2506,0,28,91,22,6,3,6,6,5,1,27,0,24,55,12,12,0,true,2,1
20810D6A.CAD,4791,38884ae3da89,20810D6,BOILER FEED WATER TREATMENT,131,131,0,4010,0,51,139,33,19,3,5,5,3,2,47,0,30,95,19,19,0,true,3,1
20810D7A.CAD,1944,62d0ee48cad1,20810D7,REGENERANT CAUSTIC CONDUCTIVITY,49,49,0,1602,0,8,53,9,2,1,3,3,1,2,7,0,29,11,3,3,0,true,2,1
20810D8A.CAD,2079,04537c50052d,20810D8,PUMP RUNNING,56,56,0,1720,0,12,60,11,1,3,3,3,3,0,8,0,34,18,6,6,0,true,2,1
20810D9A.CAD,2081,44108b2b7ed1,20810D9,PUMP RUNNING,56,56,0,1722,0,12,60,11,1,3,3,3,3,0,8,0,34,18,6,6,0,true,2,1
20810E1A.CAD,4908,800afa6473c6,20810E1,INTERMEDIATE STORAGE TANK LEVEL,147,147,0,4314,0,49,157,25,10,3,6,6,2,4,37,0,73,62,14,14,0,true,2,1
20810E2A.CAD,3804,917a94da22a9,20810E2,A EX NO.3 INLET FLOW,103,103,0,3098,0,35,107,26,11,1,3,3,3,0,28,0,36,85,18,18,0,true,3,1
20810E3A.CAD,3782,6cc8f9c92285,20810E3,A EX NO.2 INLET FLOW,102,102,0,3076,0,35,106,26,11,1,3,3,3,0,28,0,35,83,18,18,0,true,3,1
20810E4A.CAD,3828,25986176ec22,20810E4,A EX NO.1 INLET FLOW,104,104,0,3122,0,35,108,26,13,1,3,3,3,0,28,0,35,85,18,18,0,true,3,1
20810E5A.CAD,6861,fd01687f6a71,20810E5,CAUSTIC RECIRC,201,201,0,6276,0,59,227,46,8,7,14,14,11,4,38,0,106,75,16,16,0,true,4,1
20810E6A.CAD,6589,f4cc8e3fca94,20810E6,ANION EXCHANGE FLOW VALVES NO.1,190,190,0,6066,0,54,218,47,4,8,15,15,10,5,30,0,107,67,15,15,0,true,3,1
20810E7A.CAD,5907,4e97db2f0803,20810E7,HIGH CONDUCTIVITY,167,167,0,5362,0,50,199,36,8,0,16,16,14,4,40,0,81,71,15,15,0,true,4,1
20810E8A.CAD,5587,412d821ee12e,20810E8,SELECT LOGIC,152,152,0,4986,0,38,192,36,5,21,21,21,21,0,36,0,73,68,15,15,0,true,2,1
20810E9A.CAD,2305,0fbdd4b01a26,20810E9,A EXCH NO.1 CONDUCTIVITY,57,57,0,1842,0,14,61,13,3,1,3,3,1,2,9,0,30,31,7,7,0,true,2,1
20810F0A.CAD,6724,da673edc5b2e,20810F0,IN FINAL RINSE,195,195,0,6138,0,55,222,46,8,7,14,14,11,4,35,0,104,74,16,16,0,true,4,1
20810F1A.CAD,6546,e3c1d7f3c86c,20810F1,BOILER FEED WATER TREATMENT,188,188,0,6022,0,51,216,46,4,8,15,15,10,5,28,0,108,68,15,15,0,true,3,1
20810F2A.CAD,6331,532b84057535,20810F2,NOT IN REGENERATION,176,176,0,5768,0,54,212,40,9,0,18,18,15,5,44,0,81,78,17,17,0,true,4,1
20810F3A.CAD,2283,fb29cf2988de,20810F3,A EXCH NO.2 CONDUCTIVITY,56,56,0,1820,0,14,60,13,3,1,3,3,1,2,9,0,29,31,7,7,0,true,2,1
20810F4A.CAD,6895,482ad4593941,20810F4,IN FINAL RINSE,197,197,0,6282,0,56,225,48,7,7,14,14,12,4,35,0,105,76,16,16,0,true,4,1
20810F5A.CAD,6507,d3bad2f7f538,20810F5,ANION EXCHANGE FLOW VALVES NO.3,188,188,0,5984,0,51,216,46,3,8,15,15,10,5,28,0,109,67,15,15,0,true,3,1
20810F6A.CAD,6089,02268c45a6bf,20810F6,REGENERATION RESET,170,170,0,5532,0,52,204,38,8,0,17,17,15,4,42,0,80,76,16,16,0,true,4,1
20810F7A.CAD,2363,b8892ca557e9,20810F7,A EXCH NO.3 CONDUCTIVITY,61,61,0,1900,0,19,65,13,3,1,3,3,1,2,14,0,29,31,7,7,0,true,2,1
20810F8A.CAD,6241,30d6ecce67ed,20810F8,FINAL RINSING,182,182,0,5666,0,50,204,39,11,5,11,11,7,6,35,0,95,67,17,17,0,true,4,1
20810F9A.CAD,4654,1c73f5ced163,20810F9,DEMINERALIZED STORAGE TANK LEVEL,142,142,0,4114,0,47,152,23,10,1,6,6,1,5,34,0,73,58,14,14,0,true,2,1
20810G0A.CAD,1119,34a0e7aabbef,20810G0,BOILER FEED WATER TREATMENT,25,25,0,792,0,5,25,4,0,1,1,1,1,0,1,0,18,7,1,1,0,true,2,1
20810G1A.CAD,4340,821fdbf633ad,20810G1,MB EX NO.2 INLET FLOW,118,118,0,3604,0,43,128,32,11,1,6,6,5,1,35,0,38,94,20,20,0,true,3,1
20810G2A.CAD,4318,9d0bab71f18d,20810G2,MB EX NO.1 INLET FLOW,117,117,0,3582,0,42,127,32,11,1,6,6,5,1,34,0,38,95,20,20,0,true,3,1
20810G3A.CAD,7031,b858fb5964f8,20810G3,IN FINAL RINSE,202,202,0,6526,0,54,234,50,4,10,17,17,11,6,28,0,118,62,13,13,0,true,3,1
20810G4A.CAD,7209,32c5e0c2e4c4,20810G4,REGENERATION MIXED BED FILTER NO.1,209,209,0,6552,0,60,243,50,8,5,18,18,14,4,44,0,105,97,21,21,0,true,4,1
20810G5A.CAD,4215,246ee8ae65a8,20810G5,MIXED BED FILTER,119,119,0,3750,0,29,135,26,3,3,9,9,5,4,18,0,70,43,11,11,0,true,3,1
20810G6A.CAD,4881,0dba597d5809,20810G6,DEMAND FROM MIX TANK,141,141,0,4422,0,42,163,26,11,0,12,12,7,5,33,0,69,54,13,13,0,true,4,1
20810G7A.CAD,6789,46de468227e3,20810G7,GRAPHIC SELECT LOGIC,186,186,0,6008,0,46,228,45,10,22,22,22,22,0,44,0,85,100,23,23,0,true,2,1
20810G8A.CAD,2151,4addb396188f,20810G8,FLOW DEMIN WATER TOTALIZER,54,54,0,1718,0,15,61,11,2,0,5,5,4,0,11,0,28,32,6,5,0,true,4,1
20810G9A.CAD,2295,60eb448128e4,20810G9,NO.1 MIXED BED EXCH CONDUCTIVITY,56,56,0,1832,0,14,60,13,3,1,3,3,1,2,9,0,29,31,7,7,0,true,2,1
20810H0A.CAD,6973,ddcd09976677,20810H0,IN FINAL RINSE,198,198,0,6480,0,54,232,50,6,10,18,18,10,8,28,0,112,55,12,12,2,true,3,1
20810H1A.CAD,6897,80603d4ed046,20810H1,NO 2 MIXED BED FILTER,196,196,0,6240,0,60,230,50,9,5,18,18,14,4,44,0,91,94,21,21,0,true,4,1
20810H2A.CAD,4233,836a283fbc2b,20810H2,MIXED BED FILTER,120,120,0,3768,0,29,136,26,3,3,9,9,5,4,18,0,71,43,11,11,0,true,3,1
20810H3A.CAD,4039,5498b3a0edb8,20810H3,RESET REGENERATION,114,114,0,3612,0,35,132,21,10,0,10,10,6,4,28,0,53,43,10,10,0,true,4,1
20810H4A.CAD,2337,175a1e2761e5,20810H4,NO.2 MIXED BED EXCH CONDUCTIVITY,58,58,0,1874,0,14,62,13,3,1,3,3,1,2,9,0,31,32,7,7,0,true,2,1
20810H5A.CAD,6651,f4c7901b8afc,20810H5,ALSO USED ON,188,188,0,6066,0,52,212,41,11,6,12,12,8,6,38,0,96,69,18,18,0,true,4,1
20810H6A.CAD,6635,9b8a97a18aaa,20810H6,ALSO USED ON,194,194,0,6036,0,54,218,42,13,6,12,12,8,6,40,0,97,71,19,19,0,true,4,1
20810H7A.CAD,4861,c55b8f12247d,20810H7,PUMP RUNNING,136,136,0,4448,0,38,162,24,6,1,14,14,9,5,26,0,78,40,10,10,0,true,3,1
20810H8A.CAD,4332,9d897fc505c2,20810H8,REGENERATION INITIATED,127,127,0,3904,0,61,147,21,9,0,11,11,5,6,34,0,61,40,10,10,0,true,2,1
20810H9A.CAD,2483,d259b3d7e2c3,20810H9,REGEN INITIATED.,70,70,0,2130,0,18,76,9,2,0,4,4,2,2,10,0,47,17,4,4,0,true,4,1
20810I0A.CAD,5551,2c2f214a4738,20810I0,SEQUENCE LOGIC,167,167,0,4968,0,59,183,35,16,0,9,9,3,6,51,0,63,67,23,23,0,true,4,1
20810I1A.CAD,2653,29cfcd1e8741,20810I1,SEQUENCE ON,71,71,0,2312,0,15,87,12,0,0,9,9,8,1,11,0,46,16,3,3,0,true,3,1
20810I2A.CAD,5695,db54236358ae,20810I2,SEQUENCE LOGIC,171,171,0,5102,0,64,187,37,20,0,9,9,3,6,55,0,57,78,27,27,0,true,4,1
20810I3A.CAD,5079,905ec502a1c8,20810I3,PUMP RUNNING 27-M-031,144,144,0,4666,0,40,170,24,6,1,14,14,9,5,26,0,86,40,10,10,0,true,3,1
20810I4A.CAD,5319,941dacc2f8e9,20810I4,RESET REGENERATION,158,158,0,4908,0,53,180,21,8,0,12,12,7,5,26,0,101,37,9,9,0,true,3,1
20810I5A.CAD,3927,659beb04944e,20810I5,CONDUCTIVITY LOW,113,113,0,3502,0,29,129,20,2,0,9,9,7,2,21,0,68,41,10,10,0,true,4,1
20810I6A.CAD,5531,41a0b06374c3,20810I6,SEQUENCE LOGIC,166,166,0,4948,0,56,182,35,18,0,9,9,3,6,51,0,60,67,23,23,0,true,3,1
20810I7A.CAD,2651,2900faac0f13,20810I7,SEQUENCE ON,71,71,0,2310,0,15,87,12,0,0,9,9,8,1,11,0,46,16,3,3,0,true,3,1
20810I8A.CAD,5737,7ef5a481f0b5,20810I8,SEQUENCE LOGIC,172,172,0,5144,0,64,188,37,21,0,9,9,3,6,55,0,57,78,27,27,0,true,4,1
20810I9A.CAD,4005,439695e5022f,20810I9,START REGENERATION,111,111,0,3582,0,30,127,21,9,0,9,9,5,4,26,0,53,36,10,10,1,true,3,1
20810J0A.CAD,2901,8216c5b87f52,20810J0,PUMP RUNNING,79,79,0,2528,0,18,93,14,2,2,8,8,5,3,13,0,48,27,6,6,0,true,3,1
20810J1A.CAD,4139,c2c1cba3863a,20810J1,NO.2 CAUSTIC METERING TANK,115,115,0,3736,0,32,137,21,8,2,12,12,7,5,24,0,60,33,9,9,0,true,3,1
20810J2A.CAD,4017,fb9462350ab6,20810J2,NaOH REGENERATION,112,112,0,3622,0,31,132,20,7,0,11,11,6,5,22,0,61,34,9,9,0,true,3,1
20810J3A.CAD,4723,25f48d38339d,20810J3,RESET REGEN,141,141,0,4266,0,47,156,22,12,0,8,8,3,6,29,0,76,42,13,13,0,true,3,1
20810J4A.CAD,4077,fbf36f3ae96c,20810J4,CONDUCTIVITY LOW,114,114,0,3648,0,35,134,23,2,0,11,11,9,2,24,0,63,45,11,11,0,true,4,1
20810J5A.CAD,6933,aac58d02bc27,20810J5,PUMP RUNNING,198,198,0,6236,0,58,224,50,12,5,14,14,6,8,44,0,90,89,24,24,0,true,3,1
20810J6A.CAD,4737,a5164ff269d3,20810J6,PUMP RUNNING,137,137,0,4238,0,42,155,28,14,2,10,10,5,5,37,0,56,54,17,17,0,true,4,1
20810J7A.CAD,3618,a91a55794f47,20810J7,MIXING TANK LEVEL,102,102,0,3118,0,29,110,19,8,1,5,5,1,4,17,0,56,45,10,10,0,true,4,1
20810J8A.CAD,2067,f675607e1159,20810J8,BOILER FEED WATER TREATMENT,48,48,0,1562,0,17,52,11,3,3,3,3,2,1,10,0,22,37,3,3,0,true,2,1
20810J9A.CAD,1481,dc076b4ce0bd,20810J9,MIXING TANK pH,37,37,0,1126,0,8,37,7,1,1,1,1,1,0,3,0,24,12,3,3,0,true,2,1
20810K0A.CAD,1905,8296f923f6ed,20810K0,DEARATOR VALVE FLOW,46,46,0,1452,0,17,49,9,3,2,3,3,1,1,11,0,21,28,4,3,0,true,4,1
20810K1A.CAD,1330,2bd4ef2545c2,20810K1,CONDENSATE TANK PRESSURE,31,31,0,974,0,4,31,7,1,1,1,1,1,0,4,0,17,14,3,3,0,true,1,1
20810K2A.CAD,2892,732122130ffe,20810K2,ALSO USED IN,82,82,0,2470,0,19,88,15,4,1,4,4,1,3,16,0,45,30,8,8,0,true,2,1
20810K3A.CAD,1945,06f77aefb646,20810K3,CONDENSATE TANK LEVEL,46,46,0,1522,0,16,50,10,3,3,3,3,2,1,9,0,22,25,2,2,0,true,2,1
20810K4A.CAD,2785,d2925189aab7,20810K4,RESET FLOW TOTALIZER,74,74,0,2282,0,22,78,17,6,1,3,3,2,1,16,0,33,48,10,10,0,true,3,1
20810K5A.CAD,3010,f69139ea8201,20810K5,CONDENSATE FILTER FLOW,83,83,0,2442,0,27,89,18,8,2,4,4,4,0,26,0,29,57,11,11,0,true,2,1
20810K6A.CAD,2410,53d2e56a9a25,20810K6,CONDENSATE CONDUCTIVITY,63,63,0,1918,0,19,65,16,4,1,2,2,1,1,14,0,27,44,11,11,0,true,2,1
20810K7A.CAD,3317,0e5df49e8524,20810K7,CONDENSATE WATER CONDUCTIVITY,88,88,0,2928,0,27,100,23,2,6,7,7,5,2,12,0,49,27,4,4,0,true,3,1
20810K8A.CAD,3463,37d471c7c6d4,20810K8,MIXING TANK LEVEL,96,96,0,3034,0,29,108,20,5,3,7,7,4,3,18,0,51,31,7,7,0,true,3,1
20810K9A.CAD,5151,09db01a232a9,20810K9,MIXING TANK,147,147,0,4654,0,39,173,30,8,0,13,13,11,4,35,0,72,60,15,15,0,true,3,1
20810L0A.CAD,3425,98ed92425bba,20810L0,MIXING TANK LEVEL,94,94,0,2996,0,29,106,20,5,3,7,7,4,3,18,0,49,31,7,7,0,true,3,1
20810L1A.CAD,3531,241d7e834403,20810L1,PUMP TRANSFERRED,99,99,0,3096,0,28,115,21,6,0,9,9,6,3,25,0,45,43,12,12,0,true,3,1
20810L2A.CAD,3463,e49963c8b476,20810L2,MIXING TANK LEVEL,96,96,0,3034,0,29,108,20,5,3,7,7,4,3,18,0,51,31,7,7,0,true,3,1
20810L3A.CAD,3329,0dedfcb9e751,20810L3,PUMP TRANSFERRED,93,93,0,2904,0,27,107,20,4,0,8,8,6,2,23,0,44,40,11,11,0,true,4,1
20810L4A.CAD,3691,aa6fde7d9da5,20810L4,RECYCLE TANK LEVEL,98,98,0,3124,0,27,112,22,3,3,8,8,4,4,17,0,54,34,8,8,0,true,3,1
20810L5A.CAD,3980,bb089764f2cb,20810L5,ACID REGENERANT RECYCLE PUMP NO.1,111,111,0,3504,0,36,134,28,4,1,12,12,10,3,34,0,43,52,15,15,0,true,2,1
20810L6A.CAD,3447,831ddaf1d7ad,20810L6,RECYCLE TANK LEVEL,91,91,0,2918,0,24,103,20,3,3,7,7,4,3,14,0,52,31,7,7,0,true,3,1
20810L7A.CAD,3545,ab59e298015e,20810L7,START PUMP,102,102,0,3098,0,29,116,22,5,1,8,8,6,2,25,0,48,41,13,13,0,true,4,1
20810L8A.CAD,3695,6a29e21cf6d6,20810L8,RECYCLE TANK LEVEL,103,103,0,3258,0,30,117,22,6,3,8,8,4,4,20,0,53,33,8,8,1,true,3,1
20810L9A.CAD,4431,bd9cc7deadb8,20810L9,DISPLACEMENT RINSE,124,124,0,3912,0,35,145,28,4,1,11,11,10,2,31,0,59,51,15,15,0,true,4,1
20810M0A.CAD,3469,8ca8ebe1c9e0,20810M0,RUN REQUEST,94,94,0,2978,0,29,106,24,2,4,7,7,4,3,18,0,48,43,10,10,0,true,4,1
20810M1A.CAD,3575,517cc3f58b44,20810M1,FLOW DEMAND,98,98,0,3046,0,28,112,21,5,1,8,8,5,3,25,0,45,41,13,13,0,true,3,1
20810M2A.CAD,5149,244b00537a2e,20810M2,NEUTRALIZATION TANK LEVEL,93,93,0,2924,0,28,103,23,3,5,6,6,5,1,20,0,45,40,11,11,0,true,2,1
20810M3A.CAD,2909,203ac6773274,20810M3,ALSO USED ON,80,80,0,2480,0,22,86,17,3,3,4,4,3,1,14,0,44,28,7,7,0,true,2,1
20810M4A.CAD,3475,f66801ef078a,20810M4,LOW LOW LEVEL,97,97,0,3046,0,29,109,20,5,3,7,7,4,3,18,0,52,31,7,7,0,true,3,1
20810M5A.CAD,4171,a76fb895a676,20810M5,LOW LEVEL TRIP,118,118,0,3732,0,30,140,25,5,0,12,12,9,3,27,0,59,46,13,13,0,true,3,1
20810M6A.CAD,3485,2937c38b5f30,20810M6,STORAGE TANK,97,97,0,3056,0,29,109,20,5,3,7,7,4,3,18,0,52,31,7,7,0,true,3,1
20810M7A.CAD,4527,f0a4d73fd6eb,20810M7,LOW LEVEL TRIP,129,129,0,4062,0,35,153,29,6,0,13,13,10,3,32,0,60,54,16,16,0,true,3,1
20810M8A.CAD,3491,6632faed366b,20810M8,INTERMEDIATE STORAGE LEVEL,97,97,0,3062,0,29,109,20,5,3,7,7,4,3,18,0,52,31,7,7,0,true,3,1
20810M9A.CAD,4215,55fdd670a51b,20810M9,LOW LEVEL TRIP,120,120,0,3776,0,32,142,26,4,0,12,12,10,2,28,0,60,46,13,13,0,true,4,1
20810N0A.CAD,3557,78995a990966,20810N0,DEMIN TANK LEVEL,99,99,0,3110,0,30,111,22,6,3,7,7,4,3,21,0,48,36,9,9,0,true,3,1
20810N1A.CAD,3811,f853332c0ed5,20810N1,IN FINAL RINSE,106,106,0,3408,0,24,125,22,3,0,9,9,9,3,22,0,57,36,10,10,0,true,2,1
20810N2A.CAD,3513,b2c237c261ce,20810N2,DEMIN TANK LEVEL,97,97,0,3066,0,30,109,22,6,3,7,7,4,3,21,0,46,36,9,9,0,true,3,1
20810N3A.CAD,3377,22276cb5f80d,20810N3,DEMIN TANK LEVEL,94,94,0,2930,0,28,104,21,5,3,6,6,4,2,20,0,46,35,9,9,0,true,3,1
20810N4A.CAD,3417,81ce358be65d,20810N4,DISPLACEMENT RINSE,90,90,0,3072,0,16,111,16,1,0,11,11,9,3,14,0,57,20,4,4,0,true,2,1
20810N5A.CAD,3345,bb66f69366c3,20810N5,DEMIN TANK LEVEL,93,93,0,2898,0,28,103,21,5,3,6,6,4,2,20,0,45,35,9,9,0,true,2,1
20810N6A.CAD,3277,64cc0d074d51,20810N6,LOW LOW TRIP,89,89,0,2830,0,30,99,21,6,3,6,6,4,2,21,0,39,35,9,9,0,true,3,1
20810N7A.CAD,2449,8a27b3067793,20810N7,PULPMILL DEMIN WATER SUPPLY PUMP NO1,65,65,0,2046,0,18,75,15,3,1,6,6,4,2,16,0,29,28,9,9,0,true,2,1
20810N8A.CAD,3247,362d288e8db0,20810N8,DEMIN TANK LEVEL,87,87,0,2798,0,27,97,21,6,3,6,6,4,2,20,0,38,35,9,9,0,true,2,1
20810N9A.CAD,2465,c44a2b771a7b,20810N9,PULPMILL DEMIN WATER SUPPLY PUMP NO2,66,66,0,2062,0,19,75,15,2,1,5,5,4,2,16,0,31,28,9,9,0,true,3,1
20810P0A.CAD,3554,72e3f1aca168,20810P0,RUN REQUEST,98,98,0,3088,0,30,113,24,6,3,9,9,4,4,28,0,38,38,10,9,0,true,3,1
20810P1A.CAD,5060,2d97fa8e8ae8,20810P1,SERVICE DEMAND,145,145,0,4596,0,39,172,33,5,0,13,13,11,5,38,0,67,56,16,16,0,true,2,1
20810P2A.CAD,3416,6c704e1d4850,20810P2,RUN REQUEST,95,95,0,2976,0,25,109,22,5,3,8,8,5,3,25,0,41,34,8,8,0,true,1,1
20810P3A.CAD,2882,3b971cadb17d,20810P3,RUN REQUEST,79,79,0,2442,0,23,87,19,5,3,5,5,4,1,23,0,30,31,8,8,0,true,1,1
20810P4A.CAD,3991,f634b9180b05,20810P4,RUN REQUEST,74,74,0,2348,0,25,80,19,5,3,4,4,2,2,17,0,31,33,9,9,0,true,2,1
20810P5A.CAD,4253,6d27136da6fc,20810P5,RUN REQUEST,78,78,0,2460,0,25,84,19,5,3,4,4,2,2,17,0,35,33,9,9,0,true,2,1
20810P6A.CAD,2557,a81ee5e60c1f,20810P6,RUN REQUEST,65,65,0,2060,0,18,69,15,4,3,3,3,2,1,13,0,31,26,6,6,0,true,2,1
20810P7A.CAD,2527,a6c9b0b202b7,20810P7,RUN REQUEST,65,65,0,2094,0,20,71,17,4,3,4,4,2,2,14,0,28,27,6,6,0,true,3,1
20810P9A.CAD,5377,d436ad306a79,20810P9,ANNUNCIATION ALARM,148,148,0,4784,0,47,178,38,5,0,16,16,15,1,43,0,60,69,22,19,0,true,3,1
20810R1A.CAD,1337,dfea97a55694,20810R1,BOILER FEED WATER TREATMENT,31,31,0,976,0,6,29,4,0,0,0,0,0,0,2,0,23,9,4,2,0,true,3,1
20810Z1A.CAD,3796,d3504ef0ddca,20810Z1,REGENERANT ACID LOW COND,101,101,0,3286,0,34,121,30,8,7,10,10,10,2,31,0,30,62,15,15,2,true,2,1
20810Z2A.CAD,1246,e22ae8e312ea,20810Z2,MHI ANNUNCIATOR ALARM,26,26,0,886,0,6,30,7,0,0,3,3,2,1,5,0,12,14,4,3,1,true,2,1
P810.CAD,1896,70eca10deb6e,P810,DEARATOR FEED WATER TEMPERATURE,46,46,0,1496,0,7,50,11,2,2,3,3,2,1,7,0,24,25,4,4,0,true,1,1
2080500C.CAD,2002,fc4c20ddf561,2080500,MFC EXCECUTIVES,49,49,0,1460,0,22,51,10,1,0,2,2,0,2,6,0,30,58,8,7,0,true,2,1
2080501C.CAD,1336,2e03db520c3e,2080501,ANALOG INPUTS,30,30,0,978,0,7,36,5,0,4,4,4,4,0,4,0,19,15,1,1,0,true,2,1
2080502C.CAD,1316,070d9df087ee,2080502,ANALOG INPUTS SLAVE 02,29,29,0,958,0,6,35,5,0,4,4,4,4,0,4,0,18,15,1,1,0,true,2,1
2080503C.CAD,1393,6a5020c1c7fc,2080503,ANALOG INPUTS #3,32,32,0,1036,0,7,38,5,0,4,4,4,4,0,4,0,21,15,1,1,0,true,3,1
2080504C.CAD,1102,1c0410d46804,2080504,BOILER FEED WATER,24,24,0,744,0,2,26,3,0,2,2,2,2,0,2,0,17,13,1,1,0,true,1,1
2080505C.CAD,1460,bdff3fc6cb40,2080505C,ANALOG INPUTS #5,32,32,0,1102,0,6,42,7,0,6,6,6,6,0,6,0,17,17,1,1,0,true,1,1
2080506C.CAD,893,9751b0aa8571,2080506,ANALOG INPUT #6,19,19,0,536,0,2,17,1,0,0,0,0,0,0,0,0,16,8,1,1,0,true,1,1
2080510C.CAD,2309,9ab58fe3182d,2080510,DIGITAL INPUTS,56,56,0,1988,0,14,78,14,0,12,12,12,0,12,12,0,28,18,2,2,0,true,2,1
2080511C.CAD,2154,9c3e44bdcf3e,2080511,DIGITAL INPUTS,48,48,0,1832,0,14,74,16,0,14,14,14,0,14,14,0,16,20,2,2,0,true,1,1
2080514C.CAD,1556,b71937a404c7,2080514,DIGITAL OUTPUT,34,34,0,1202,0,7,46,9,0,7,7,7,7,0,7,0,16,15,2,2,0,true,1,1
2080515C.CAD,925,3d222b857fda,2080515,DIGITAL OUTPUT,20,20,0,572,0,2,18,2,0,0,0,0,0,0,0,0,16,8,2,2,0,true,1,1
2080518C.CAD,1538,f1f1279e5d32,2080518,DIGITAL OUTPUT,36,36,0,1212,0,6,46,7,0,6,6,6,6,0,6,0,21,10,1,1,0,true,1,1
2080519C.CAD,1685,0db403de1bde,2080519,DIGITAL OUTPUT,40,40,0,1360,0,9,52,8,0,7,7,7,7,0,7,0,23,11,1,1,0,true,2,1
2080520C.CAD,1685,660b9342794f,2080520,DIGITAL OUTPUT,40,40,0,1360,0,9,52,8,0,7,7,7,7,0,7,0,23,11,1,1,0,true,2,1
2080521C.CAD,1685,c6896ad10cb9,2080521,DIGITAL OUTPUT,40,40,0,1360,0,9,52,8,0,7,7,7,7,0,7,0,23,11,1,1,0,true,2,1
2080522C.CAD,1304,d2fd66e841df,2080522,DIGITAL OUTPUT,30,30,0,978,0,4,36,5,0,4,4,4,4,0,4,0,19,8,1,1,0,true,1,1
2080550C.CAD,2116,478545e8c783,2080550,ACTIVATEDCARBON NO.3 INLET,53,53,0,1664,0,16,57,13,3,1,3,3,3,0,10,0,25,35,6,6,0,true,3,1
2080551C.CAD,2442,7fbb26d88753,2080551C,BOILER FEED WATER,61,61,0,1906,0,20,65,16,5,1,3,3,3,0,15,0,23,51,9,9,0,true,3,1
2080552C.CAD,1734,49dab07b16b5,2080552,BOILER FEED WATER,42,42,0,1282,0,13,45,9,3,0,3,3,2,0,9,0,19,30,6,5,0,true,4,1
20805B6C.CAD,1209,676c84d2eb2d,20805B6,ACTIVATEDCARBON NO.3 INLET,28,28,0,882,0,6,28,5,0,1,1,1,1,0,1,0,20,7,1,1,0,true,2,1
20805B8C.CAD,1949,19089b07b978,20805B8,SEQUENCE LOGIC,47,47,0,1568,0,11,51,12,0,3,3,3,0,3,3,0,30,12,3,3,0,true,2,1
20805C1C.CAD,1706,64337d340c94,20805C1,SEQUENCE LOGIC,41,41,0,1352,0,4,45,9,1,3,3,3,0,3,4,0,25,10,2,2,0,true,1,1
20805C2C.CAD,1311,2928a5af0bbc,20805C2,CATION EXCH NO.4,31,31,0,972,0,7,31,6,1,1,1,1,1,0,2,0,20,11,2,2,0,true,2,1
20805C3C.CAD,2420,807e7fddf3f5,20805C3,BOILER FEED WATER,60,60,0,1884,0,20,64,16,5,1,3,3,3,0,15,0,22,51,9,9,0,true,3,1
20805C4C.CAD,1939,f238bc55f03d,20805C4,NO.4 CATION EXCHANGER FLW,47,47,0,1558,0,11,51,12,0,3,3,3,0,3,3,0,30,12,3,3,0,true,2,1
20805C5C.CAD,2871,922697ec1107,20805C5,NO.4 CATION EXCHANGER FLW,71,71,0,2462,0,20,81,22,0,6,6,6,2,4,6,0,41,19,4,4,0,true,2,1
20805C6C.CAD,2491,1c48b81f088c,20805C6,NO.4 ANION EXCHANGER FLOW,61,61,0,2110,0,17,69,18,0,5,5,5,2,3,5,0,36,14,3,3,0,true,2,1
20805C7C.CAD,3431,207b066e2574,20805C7,NO.4 ANION EXCHANGER FLOW,85,85,0,3022,0,25,99,28,0,8,8,8,4,4,8,0,47,20,4,4,0,true,2,1
20805C8C.CAD,1312,9954f38ca8c3,20805C8,ANION EXCH NO.4,31,31,0,972,0,7,31,6,1,1,1,1,1,0,2,0,20,10,2,2,0,true,2,1
20805C9C.CAD,1363,72149fda8aed,20805C9,MIXED BED. EXCH. NO.4 INLET,32,32,0,1008,0,8,32,7,1,1,1,1,1,0,3,0,19,14,3,3,0,true,2,1
20805D1C.CAD,2816,f67f74b41ce3,20805D1,BOILER FEED WATER,71,71,0,2260,0,24,79,19,6,1,5,5,4,1,19,0,25,57,10,10,0,true,3,1
20805D2C.CAD,3103,786c6316b825,20805D2,NO.3 MIXED BED FILTER,76,76,0,2694,0,23,88,25,1,6,7,7,2,5,7,0,41,20,4,4,0,true,2,1
20805D3C.CAD,2583,f5374dc5b1d9,20805D3,NO.3 MIXED BED FILTER,63,63,0,2202,0,19,71,20,0,5,5,5,2,3,5,0,36,14,3,3,0,true,2,1
20805D4C.CAD,1935,ab4d1dc74ed8,20805D4,NO.3 MIXED BED FILTER,47,47,0,1554,0,11,51,12,0,3,3,3,0,3,3,0,30,12,3,3,0,true,2,1
20805D5C.CAD,1315,9301802a3ab3,20805D5,MIXED BED EXCH. NO.3,31,31,0,976,0,7,31,6,1,1,1,1,1,0,2,0,20,10,2,2,0,true,2,1
20805D6C.CAD,1428,5087914cf39f,20805D6,BOILER FEED WATER,32,32,0,1046,0,4,33,8,0,1,2,2,1,0,3,0,19,16,4,3,0,true,2,1
20805D7C.CAD,1856,5f41a07c8ff1,20805D7C,BOILER FEED WATER,44,44,0,1432,0,13,48,9,3,3,3,3,2,1,9,0,21,24,2,2,0,true,2,1
20805D8C.CAD,2968,630de784f1ce,20805D8,BOILER FEED WATER,83,83,0,2502,0,29,89,21,6,3,4,4,2,2,27,0,27,41,10,10,0,true,3,1
20805D9C.CAD,2967,36f97351f45c,20805D9,BOILER FEED WATER,80,80,0,2502,0,32,86,22,5,3,4,4,2,2,21,0,30,37,10,10,0,true,4,1
20805F0C.CAD,2999,08e5615ba17a,20805F0,DEMIN WATER,81,81,0,2534,0,32,87,22,5,3,4,4,2,2,21,0,31,37,10,10,0,true,4,1
20805F1C.CAD,2745,3a11aeb3ccec,20805F1,BOILER FEED WATER,74,74,0,2290,0,30,78,20,4,3,3,3,2,1,19,0,29,33,9,9,0,true,4,1
20805F2C.CAD,2747,a345af0a49e9,20805F2,BOILER FEED WATER,74,74,0,2292,0,30,78,20,4,3,3,3,2,1,19,0,29,33,9,9,0,true,4,1
20805F3C.CAD,3826,9722259d02ff,20805F3,BOILER FEED WATER,102,102,0,3072,0,36,116,29,8,8,8,8,7,1,34,0,29,100,19,19,0,true,2,1
20805F4C.CAD,2356,70b60c80e5b0,20805F4C,MIXBED BLOWER PUMP,64,64,0,1910,0,23,68,15,5,3,3,3,2,1,22,0,20,29,8,8,0,true,2,1
20805F5C.CAD,2166,119f74105cc8,20805F5C,Cooling Water Pump No.2 Near MFB,56,56,0,1704,0,21,61,13,4,3,4,4,2,1,20,0,17,31,8,7,0,true,2,1
20805M1C.CAD,1941,a82ca1ea611f,20805M1,BOILER FEED WATER,47,47,0,1464,0,11,48,9,1,0,3,3,0,0,6,0,29,31,9,6,0,true,3,1
20805M2C.CAD,1941,7d8751f014a1,20805M2,BOILER FEED WATER,47,47,0,1464,0,11,48,9,1,0,3,3,0,0,6,0,29,31,9,6,0,true,3,1
20805M3C.CAD,1805,3a45eb6b2fc2,20805M3,BOILER FEED WATER,42,42,0,1354,0,9,45,7,0,0,4,4,0,1,4,0,29,19,6,3,0,true,3,1
20805M4C.CAD,1165,549e136c33c0,20805M4,BOILER FEED WATER,26,26,0,826,0,5,27,3,0,0,2,2,0,1,2,0,19,7,2,1,0,true,3,1
20805M5C.CAD,930,606467ec89f6,20805M5,BOILER FEED WATER,19,19,0,590,0,2,18,2,0,0,1,1,0,0,1,0,14,6,2,1,0,true,2,1
20805M6C.CAD,932,a2673116b662,20805M6,BOILER FEED WATER,19,19,0,592,0,2,18,2,0,0,1,1,0,0,1,0,14,6,2,1,0,true,2,1
20805M7C.CAD,1053,4cfde7f5e1dd,20805M7,BOILER FEED WATER,23,23,0,714,0,4,22,2,0,0,1,1,0,0,1,0,18,6,2,1,0,true,3,1
20805M8C.CAD,1044,976f36177ffe,20805M8,BOILER FEED WATER,23,23,0,704,0,4,22,2,0,0,1,1,0,0,1,0,18,7,2,1,0,true,3,1
20805M9C.CAD,2189,a06c945e0ab0,20805M9,BOILER FEED WATER,56,56,0,1738,0,18,63,11,3,0,5,5,2,2,14,0,26,31,6,5,2,true,4,1
20805N1C.CAD,1045,9bac09982bf0,20805N1,BOILER FEED WATER,23,23,0,706,0,4,22,2,0,0,1,1,0,0,1,0,18,6,2,1,0,true,3,1
20805N2C.CAD,920,17c00b573674,20805N2,BOILER FEED WATER,18,18,0,580,0,3,19,3,0,0,2,2,0,1,2,0,11,7,2,1,1,true,2,1
20805N3C.CAD,913,5903ab32ccc3,20805N3,BOILER FEED WATER,19,19,0,574,0,4,17,2,0,0,0,0,0,0,1,0,14,6,2,1,0,true,3,1
20805N4C.CAD,913,1e334be847a0,20805N4,BOILER FEED WATER,19,19,0,574,0,4,17,2,0,0,0,0,0,0,1,0,14,6,2,1,0,true,3,1
20805N5C.CAD,913,95f3374677e8,20805N5,BOILER FEED WATER,19,19,0,574,0,4,17,2,0,0,0,0,0,0,1,0,14,6,2,1,0,true,3,1
20805N6C.CAD,1816,cbe5233a6e7c,20805N6,BOILER FEED WATER,44,44,0,1364,0,13,46,9,3,0,2,2,2,0,9,0,21,30,6,5,0,true,4,1
20805N7C.CAD,2110,d2d0abcca277,20805N7,BOILER FEED WATER,52,52,0,1624,0,16,56,13,3,1,3,3,3,0,12,0,22,38,8,7,0,true,4,1
20805N8C.CAD,2088,9adeeaa8f104,20805N8,BOILER FEED WATER,51,51,0,1602,0,16,55,13,3,1,3,3,3,0,12,0,21,37,8,7,0,true,4,1
20805N9C.CAD,1040,abe7daccb41c,20805N9,BOILER FEED WATER,23,23,0,712,0,1,23,4,0,1,1,1,1,0,1,0,16,7,1,1,0,true,1,1
20805O1C.CAD,1078,bdbf637726fd,20805O1,BOILER FEED WATER,24,24,0,750,0,2,26,4,0,1,2,2,1,1,2,0,16,8,1,1,0,true,1,1
20805O2C.CAD,898,041c35d4dbc5,20805O2C,Temp.Turbine PCU room,13,13,0,506,0,5,15,7,0,1,1,1,1,0,3,0,3,16,5,3,0,true,2,1
20805Z7C.CAD,3610,8ce6edbc65ee,20805Z7,BOILER FEED WATER,97,97,0,2888,0,34,101,34,12,1,3,3,3,0,31,0,18,98,30,30,0,true,3,1
20805Z8C.CAD,2567,d78b46994428,20805Z8,BOILER FEED WATER,70,70,0,2090,0,27,78,25,0,5,5,5,5,0,25,0,18,50,20,20,0,true,2,1
3150200A.CAD,426,2ec009fa89e2,3150200A,EXEC IPT01,3,3,0,98,0,0,3,2,0,0,0,0,0,0,0,0,1,5,1,1,0,true,0,1
3150201A.CAD,582,f6e193eba1e8,3150201A,SOAP STORAGE TANK LEVEL,6,6,0,268,0,2,8,3,0,0,1,1,0,1,1,0,2,0,1,0,1,true,2,1
3150202A.CAD,578,48392d6d59c5,3150202A,SOAP SKIM TANK LEVEL,6,6,0,264,0,2,8,3,0,0,1,1,0,1,1,0,2,0,1,0,1,true,2,1
3150203A.CAD,572,6a6689c88c6b,3150203A,HBL TANK LEVEL,6,6,0,258,0,2,8,3,0,0,1,1,0,1,1,0,2,0,1,0,1,true,2,1
3150204A.CAD,514,cde89d23dac6,3150204A,,4,4,0,200,0,2,6,3,0,0,1,1,0,1,1,0,0,0,1,0,1,true,2,1
3150205A.CAD,514,77379336a43f,3150205A,,4,4,0,200,0,2,6,3,0,0,1,1,0,1,1,0,0,0,1,0,1,true,2,1
3150206A.CAD,514,48f65aade01e,3150206A,,4,4,0,200,0,2,6,3,0,0,1,1,0,1,1,0,0,0,1,0,1,true,2,1
3150207A.CAD,514,bdf546cfed36,3150207A,,4,4,0,200,0,2,6,3,0,0,1,1,0,1,1,0,0,0,1,0,1,true,2,1
3150208A.CAD,514,eedf344a9522,3150208A,,4,4,0,200,0,2,6,3,0,0,1,1,0,1,1,0,0,0,1,0,1,true,2,1
3150209A.CAD,514,c7a1d67dd7de,3150209A,,4,4,0,200,0,2,6,3,0,0,1,1,0,1,1,0,0,0,1,0,1,true,2,1
3150210A.CAD,514,7a68e771cf49,3150210A,,4,4,0,200,0,2,6,3,0,0,1,1,0,1,1,0,0,0,1,0,1,true,2,1
3150211A.CAD,514,1594ae777e15,3150211A,,4,4,0,200,0,2,6,3,0,0,1,1,0,1,1,0,0,0,1,0,1,true,2,1
3150212A.CAD,514,952ca1fdee6a,3150212A,,4,4,0,200,0,2,6,3,0,0,1,1,0,1,1,0,0,0,1,0,1,true,2,1
3150213A.CAD,514,125680623182,3150213A,,4,4,0,200,0,2,6,3,0,0,1,1,0,1,1,0,0,0,1,0,1,true,2,1
3150214A.CAD,528,c3eb8a3ad7f7,3150214A,,5,5,0,214,0,3,7,3,0,0,1,1,0,1,2,0,0,0,1,0,1,true,3,1
3150215A.CAD,514,ff0d31cf9508,3150215A,,4,4,0,200,0,2,6,3,0,0,1,1,0,1,1,0,0,0,1,0,1,true,2,1
3150216A.CAD,514,0154661b2de1,3150216A,,4,4,0,200,0,2,6,3,0,0,1,1,0,1,1,0,0,0,1,0,1,true,2,1
3150217A.CAD,514,57e1430e3c20,3150217A,,4,4,0,200,0,2,6,3,0,0,1,1,0,1,1,0,0,0,1,0,1,true,2,1
3150218A.CAD,514,dad154e3c082,3150218A,,4,4,0,200,0,2,6,3,0,0,1,1,0,1,1,0,0,0,1,0,1,true,2,1
3150219A.CAD,514,627bc9a84f8b,3150219A,,4,4,0,200,0,2,6,3,0,0,1,1,0,1,1,0,0,0,1,0,1,true,2,1
3150220A.CAD,514,07792ffd043a,3150220A,,4,4,0,200,0,2,6,3,0,0,1,1,0,1,1,0,0,0,1,0,1,true,2,1
3150221A.CAD,424,62d1d9ef05a0,3150221A,,2,2,0,110,0,1,3,2,0,0,1,1,0,0,0,0,0,0,1,0,0,true,1,1
3150222A.CAD,424,d3636f13fb35,3150222A,,2,2,0,110,0,1,3,2,0,0,1,1,0,0,0,0,0,0,1,0,0,true,1,1
3150223A.CAD,700,fd7dfe498819,3150223A,,5,5,0,338,0,4,8,5,0,0,3,3,0,0,0,0,0,0,4,0,0,true,1,1
3150224A.CAD,514,1f388d13a2ec,3150224A,,4,4,0,200,0,2,6,3,0,0,1,1,0,1,1,0,0,0,1,0,1,true,2,1
3150225A.CAD,514,059a3cbebf5a,3150225A,,4,4,0,200,0,2,6,3,0,0,1,1,0,1,1,0,0,0,1,0,1,true,2,1
3201000A.CAD,1942,8b999bf5bcb8,3201000,,43,43,0,1414,0,16,50,17,1,0,4,4,0,4,10,0,14,55,11,10,0,true,2,1
3201001A.CAD,2893,f67c42aeaa45,3201001,DIGITAL INPUT SLAVE 1,71,71,0,2572,0,32,98,18,0,14,14,14,0,14,14,0,38,20,2,2,0,true,2,1
3201002A.CAD,2865,b5d5e2633b15,3201002,DIGITAL INPUT SLAVE 2,70,70,0,2544,0,31,97,18,0,14,14,14,0,14,14,0,37,20,2,2,0,true,2,1
3201003A.CAD,2124,b72fe7b7d543,3201003,DIGITAL INPUT SLAVE 3,43,43,0,1662,0,12,64,15,0,11,11,11,0,11,12,0,15,17,2,2,1,true,1,1
3201004A.CAD,973,3b8243132177,3201004,DIGITAL INPUT SLAVE 4,18,18,0,652,0,5,21,6,0,2,2,2,0,2,2,0,9,8,2,2,0,true,2,1
3201005A.CAD,1366,245325f7c204,3201005,DIGITAL OUTPUT SLAVE 5,26,26,0,1012,0,6,37,10,0,6,6,6,6,0,6,0,9,14,2,2,0,true,1,1
3201006A.CAD,2542,f8ad201f61e6,3201006,DIGITAL OUTPUT SLAVE 6,56,56,0,2188,0,15,85,19,0,15,15,15,15,0,15,0,21,23,2,2,0,true,1,1
3201007A.CAD,2520,f289a5350e29,3201007,ANALOG INPUT SLAVE 07,51,51,0,2012,0,20,80,20,2,15,15,15,0,15,19,0,9,45,3,3,0,true,2,1
3201008A.CAD,2280,c77ce9aeec6e,3201008,ANALOG OUTPUT SLAVE-08,44,44,0,1790,0,15,71,18,0,14,14,14,14,0,15,0,10,41,2,2,1,true,1,1
3201040A.CAD,2114,c91e0dfb2690,3201040,WARM WATER DISCHARGE FLOW,50,50,0,1622,0,15,55,16,4,1,3,3,3,0,13,0,16,42,8,8,0,true,2,1
3201046A.CAD,2113,0b6554ebdb90,3201046,TURPENTINE TANK LEVEL,17,17,0,598,0,1,18,5,0,1,1,1,1,0,1,0,10,7,1,1,0,true,1,1
3201055A.CAD,3488,14f69ea73867,3201055,TURPENTINE TANK LEVEL,83,83,0,2880,0,28,106,28,7,2,12,12,3,9,28,0,19,57,12,12,8,true,1,1
32010A1A.CAD,3954,29c00971e87b,32010A1,VLV POSTN,110,110,0,3448,0,22,121,26,2,5,6,6,6,2,19,0,60,56,12,12,0,true,2,1
32010A2A.CAD,3279,be4a6d4c190b,32010A2,VLV POSTN,91,91,0,2870,0,17,102,21,1,5,7,7,5,2,14,0,52,30,8,8,0,true,2,1
32010A3A.CAD,2999,737530c597c5,32010A3,VLV POSTN,83,83,0,2616,0,14,92,18,0,5,6,6,5,1,11,0,51,24,6,6,0,true,2,1
32010A4A.CAD,2919,bc341e64e7c4,32010A4,VLV POSTN,77,77,0,2422,0,12,84,16,0,5,5,5,4,1,9,0,49,23,5,5,0,true,2,1
32010A5A.CAD,3962,40f84c570f0c,32010A5,VLV POSTN,110,110,0,3456,0,22,121,26,2,5,6,6,6,2,19,0,60,56,12,12,0,true,2,1
32010A6A.CAD,3279,8bf7cba2daab,32010A6,VLV POSTN,91,91,0,2870,0,17,102,21,1,5,7,7,5,2,14,0,52,30,8,8,0,true,2,1
32010A7A.CAD,3019,5a30006900d0,32010A7,VLV POSTN,83,83,0,2636,0,14,92,18,0,5,6,6,5,1,11,0,51,24,6,6,0,true,2,1
32010A8A.CAD,2793,f62ba7a2e551,32010A8,VLV POSTN,77,77,0,2422,0,12,84,16,0,5,5,5,4,1,9,0,49,23,5,5,0,true,2,1
32010A9A.CAD,3944,0c99925091bb,32010A9,VLV POSTN,109,109,0,3438,0,22,120,26,2,5,6,6,6,2,19,0,59,56,12,12,0,true,2,1
32010B1A.CAD,3279,17e2f5bcdd92,32010B1,VLV POSTN,91,91,0,2870,0,17,102,21,1,5,7,7,5,2,14,0,52,30,8,8,0,true,2,1
32010B2A.CAD,2999,23a00c20c980,32010B2,VLV POSTN,83,83,0,2616,0,14,92,18,0,5,6,6,5,1,11,0,51,24,6,6,0,true,2,1
32010B3A.CAD,2793,9eafeb57717c,32010B3,VLV POSTN,77,77,0,2422,0,12,84,16,0,5,5,5,4,1,9,0,49,23,5,5,0,true,2,1
32010B4A.CAD,3868,fb9ffdf61398,32010B4,VLV POSTN,110,110,0,3362,0,22,120,25,3,5,6,6,5,2,22,0,57,55,12,12,0,true,1,1
32010B5A.CAD,3279,b0328389ab5f,32010B5,VLV POSTN,91,91,0,2870,0,17,102,21,1,5,7,7,5,2,14,0,52,30,8,8,0,true,2,1
32010B6A.CAD,2970,cd73a85ac764,32010B6,VLV POSTN,82,82,0,2586,0,11,91,18,0,5,6,6,5,1,11,0,50,24,6,6,0,true,1,1
32010B7A.CAD,2762,ca36520136ba,32010B7,VLV POSTN,76,76,0,2390,0,9,83,16,0,5,5,5,4,1,9,0,48,23,5,5,0,true,1,1
32010C1A.CAD,2552,229ff9bb8a98,32010C1,CONTAMINATE CONTROL VALVE,69,69,0,2068,0,24,74,12,5,2,5,5,1,2,21,0,28,35,7,5,0,true,3,1
32010C2A.CAD,2936,1232cf4ba6e1,32010C2,CONTAMINATE C/V CONDENSATE TANK,79,79,0,2432,0,22,87,17,4,4,5,5,4,2,21,0,34,43,6,6,0,true,2,1
32010C3A.CAD,1443,db6273d84b7d,32010C3,,38,38,0,1104,0,5,37,5,0,1,1,1,1,0,2,0,28,10,2,2,0,true,2,1
32010C4A.CAD,2128,ba8ace209e65,32010C4,,56,56,0,1676,0,12,59,10,3,1,3,3,3,0,9,0,31,37,6,6,0,true,2,1
32010C5A.CAD,1443,4e215a56636d,32010C5,DIG 12 WL FLOW CONTROL PH,36,36,0,1052,0,4,35,4,0,1,1,1,1,0,1,0,28,7,1,1,0,true,2,1
32010C6A.CAD,3194,f7eb7f3c94bb,32010C6,DIG 12 WL FLOW CONTROL PH,89,89,0,2622,0,28,96,17,6,3,5,5,4,1,26,0,37,55,8,8,0,true,2,1
32010C7A.CAD,2152,a18185861b13,32010C7,DIG PURE CONDENSATE TO BFW,59,59,0,1700,0,12,62,10,3,1,3,3,3,0,12,0,31,34,6,6,0,true,1,1
32010C8A.CAD,3834,c594d0747065,32010C8,DIGESTER SUMPIT CONDUCTIVITY CNTR,99,99,0,3210,0,33,113,33,4,7,8,8,5,2,31,0,30,68,17,16,0,true,3,1
32010C9A.CAD,2456,7b7f5440083a,32010C9,CONTAMINATE CONTROL VALVE,68,68,0,1984,0,23,72,11,5,2,4,4,2,1,21,0,28,34,6,5,0,true,3,1
32010D0A.CAD,1769,275a92e80b26,32010D0,CONTAMINATE ON/OFF LEVEL VLV,41,41,0,1338,0,12,44,14,2,2,2,2,1,1,11,0,13,29,7,7,0,true,2,1
32010D1A.CAD,1769,551a06bca3de,32010D1,SCREW PRESS GATE VALVE,21,21,0,764,0,2,24,7,0,2,2,2,1,1,2,0,11,8,1,1,0,true,1,1
32010D2A.CAD,996,411df22f61c9,32010D2,,17,17,0,628,0,3,20,8,0,1,2,2,1,1,3,0,5,17,3,3,0,true,1,1
32010D3A.CAD,1016,80a8f5f22dd1,32010D3A,,18,18,0,656,0,10,24,9,1,0,4,3,0,2,8,0,0,11,6,4,1,true,2,1
32010D4A.CAD,1486,567a947395e3,32010D4A,,33,33,0,1032,0,18,36,8,5,2,2,2,1,1,17,0,2,27,4,3,0,true,2,1
32010D5A.CAD,1200,61d7d98b54ea,32010D5A,,22,22,0,830,0,9,27,10,0,3,3,3,2,1,8,0,3,18,5,4,0,true,2,1
32010D6A.CAD,1420,67d616f0e4ba,32010D6A,,30,30,0,966,0,16,33,8,4,2,2,2,1,1,15,0,2,27,4,3,0,true,2,1
32010Z0A.CAD,2888,3ab3c582576a,32010Z0A,,54,54,0,2218,0,26,59,27,0,3,3,3,3,0,14,0,12,51,22,10,0,true,2,1
3200500A.CAD,13065,3f7064829642,3200500,TEMPORARY BLOCKS USED FOR COMMISIONING,421,421,0,12500,0,353,458,43,3,0,19,19,1,18,29,0,345,70,15,14,10,true,4,1
3200501A.CAD,3540,0627b3421272,3200501,ANALOG INPUT SLAVE 1,84,84,0,3032,0,15,106,15,2,12,12,12,0,12,15,0,50,39,3,3,0,true,1,1
3200502A.CAD,3796,9b3f9f517dd2,3200502,ANALOG INPUT SLAVE 2,90,90,0,3288,0,17,116,17,1,14,14,14,0,14,17,0,53,41,3,3,0,true,1,1
3200503A.CAD,3572,4eabfc95da2c,3200503,ANALOG INPUT SLAVE 3,86,86,0,3064,0,17,112,17,1,14,14,14,0,14,17,0,49,42,3,3,0,true,1,1
3200504A.CAD,3705,4d1c994d9dec,3200504,ANALOG INPUT SLAVE 4,87,87,0,3170,0,17,111,16,2,13,13,13,0,13,17,0,50,36,3,3,3,true,1,1
3200505A.CAD,3493,da5ca51db261,3200505,ANALOG OUTPUT SLAVE 5,78,78,0,2840,0,14,103,15,0,13,13,13,13,0,14,0,48,47,2,2,0,true,1,1
3200506A.CAD,3337,a751f92101e4,3200506,ANALOG OUTPUT SLAVE 6,79,79,0,2848,0,16,108,17,0,15,15,15,15,0,16,0,45,49,2,2,0,true,1,1
3200507A.CAD,2673,b02a9ee042e4,3200507,DIGITAL INPUT SLAVE 7,67,67,0,2352,0,12,86,12,0,10,10,10,0,10,10,0,44,16,2,2,0,true,2,1
3200508A.CAD,2527,60f3789a1a23,3200508,DIGITAL INPUT SLAVE 8,63,63,0,2206,0,11,80,11,0,9,9,9,0,9,9,0,42,15,2,2,0,true,2,1
3200509A.CAD,3371,081baa186b60,3200509,DIGITAL INPUT SLAVE 9,82,82,0,3050,0,14,109,16,0,14,14,14,0,14,14,0,51,20,2,2,0,true,1,1
3200510A.CAD,3341,879a226ef184,3200510,DIGITAL INPUT SLAVE 10,82,82,0,3020,0,14,109,16,0,14,14,14,0,14,14,0,51,20,2,2,0,true,1,1
3200511A.CAD,3303,7cc072af7a94,3200511,DIGITAL INPUT SLAVE 11,80,80,0,2982,0,14,107,16,0,14,14,14,0,14,14,0,49,19,2,2,1,true,1,1
3200512A.CAD,3411,60ad6d20a06f,3200512,DIGITAL INPUT SLAVE 12,82,82,0,3090,0,14,109,16,0,14,14,14,0,14,14,0,51,19,2,2,2,true,1,1
3200513A.CAD,3173,923e9e7b58d1,3200513,DIGITAL INPUT SLAVE 13,77,77,0,2852,0,13,102,15,0,13,13,13,0,13,13,0,48,19,2,2,0,true,1,1
3200514A.CAD,3021,c01b1eb07cd3,3200514,DIGITAL INPUT SLAVE 14,74,74,0,2700,0,14,97,14,0,12,12,12,0,12,12,0,47,18,2,2,0,true,2,1
3200515A.CAD,3105,9d4eccc7f64b,3200515,DIGITAL INPUT SLAVE 15,77,77,0,2784,0,13,102,15,0,13,13,13,0,13,13,0,48,19,2,2,0,true,1,1
3200516A.CAD,3379,631a991d7407,3200516,DIGITAL OUTPUT SLAVE 16,81,81,0,3026,0,14,108,16,0,14,14,14,14,0,14,0,50,22,2,2,0,true,1,1
3200517A.CAD,3627,121f6bce261a,3200517,DIGITAL OUPTU SLAVE 17,89,89,0,3274,0,16,120,18,0,16,16,16,16,0,16,0,54,24,2,2,0,true,1,1
3200518A.CAD,3462,4f32277ec056,3200518,DIGITAL OUTPUT SLAVE 18,84,84,0,3108,0,15,113,17,0,15,15,15,15,0,15,0,51,23,2,2,0,true,1,1
3200519A.CAD,3276,d5e39f0d9471,3200519,DIGITAL OUTPUT SLAVE 19,80,80,0,2922,0,14,107,16,0,14,14,14,14,0,14,0,49,22,2,2,0,true,1,1
3200521A.CAD,3243,d0b51be646e9,3200521,ANALOG INPUT SALVE 21,78,78,0,2736,0,18,100,15,2,12,12,12,0,12,16,0,43,38,3,3,0,true,2,1
3200522A.CAD,2588,1dbb94db7c23,3200522,ANALOG INPUT SLAVE 22,61,61,0,2080,0,17,77,12,1,8,9,9,0,9,12,0,34,33,3,3,0,true,2,1
3200523A.CAD,1362,10d72269e6b5,3200523,ANALOG INPUT SLAVE 23,29,29,0,854,0,2,27,3,0,0,0,0,0,0,2,0,22,22,3,3,0,true,1,1
3200524A.CAD,3674,0c7cfe9afd99,3200524,ANALOG OUTPUT SLAVE 24,87,87,0,3184,0,19,122,20,0,18,18,16,18,0,19,0,47,50,2,2,2,true,1,1
3200525A.CAD,3371,b33cd83af1cb,3200525,DIGITAL INPUT SLAVE 25,82,82,0,3050,0,15,111,17,0,15,15,15,0,15,15,0,49,19,2,2,2,true,1,1
3200526A.CAD,3166,ced18dcff6f9,3200526,DIGITAL INPUT SLAVE 26,79,79,0,2844,0,16,106,16,0,14,14,14,0,14,14,0,48,18,2,2,2,true,2,1
3200527A.CAD,1285,f75ff37fdae9,3200527,DIGITAL INPUT SLAVE 27,32,32,0,964,0,3,35,4,0,2,2,2,0,2,2,0,25,8,2,2,0,true,2,1
3200535A.CAD,5802,537be5f28fbb,3200535,BATCH DIGESTERS,163,163,0,4994,0,62,191,42,12,1,15,15,11,4,60,0,47,120,22,22,1,true,2,1
3200536A.CAD,2723,a21accc0ab6c,3200536,BATCH DIGESTERS,74,74,0,2246,0,22,82,16,4,1,5,5,3,2,19,0,33,41,7,7,1,true,3,1
3200538A.CAD,1475,7b53689a3a20,3200538,BATCH DIGESTERS,36,36,0,1120,0,6,38,7,1,1,2,2,1,1,4,0,22,14,3,3,0,true,2,1
3200539A.CAD,2548,ba46b9b58830,3200539,BATCH DIGESTERS,69,69,0,2070,0,20,75,15,4,1,4,4,3,1,18,0,30,40,7,7,0,true,2,1
3200540A.CAD,2573,b38dad8a4ec8,3200540,BATCH DIGESTERS,64,64,0,1862,0,19,66,13,4,0,2,2,2,0,14,0,31,43,8,8,0,true,3,1
3200541A.CAD,2794,7e5df18a6ba9,3200541,BATCH DIGESTERS,75,75,0,2372,0,22,85,18,5,2,6,6,1,5,20,0,30,31,8,8,0,true,2,1
3200542A.CAD,1560,10f17a3c3113,3200542,BATCH DIGESTERS,37,37,0,1216,0,6,43,8,1,1,4,4,1,3,6,0,20,13,2,2,0,true,1,1
3200543A.CAD,6582,b68f7166540d,3200543,BATCH DIGESTERS,180,180,0,5860,0,64,221,48,12,2,19,19,11,13,63,0,55,92,20,20,7,true,2,1
3200544A.CAD,7323,0df921a6053a,3200544,BATCH DIGESTERS,198,198,0,6530,0,73,245,54,11,2,22,22,12,15,66,0,65,111,23,22,7,true,4,1
3200545A.CAD,1960,6ae7a0782750,3200545,BATCH DIGESTERS,50,50,0,1578,0,11,56,11,3,1,4,4,1,3,9,0,25,22,5,5,1,true,2,1
3200546A.CAD,1375,81fd014f0413,3200546,BATCH DIGESTERS,34,34,0,1026,0,7,36,5,0,1,2,2,1,1,3,0,24,11,2,2,0,true,3,1
3200547A.CAD,2100,54cce882b1fb,3200547,BATCH DIGESTERS,53,53,0,1710,0,12,61,12,4,1,5,5,1,4,10,0,25,23,5,5,0,true,2,1
3200548A.CAD,1047,b07dd1f00931,3200548,BATCH DIGESTERS,25,25,0,720,0,3,25,2,0,0,1,1,1,0,1,0,20,7,1,1,0,true,2,1
3200550A.CAD,5796,5a015100619a,3200550,DIGESTER COMMON,156,156,0,5110,0,55,193,42,10,2,18,18,9,12,54,0,48,83,17,17,8,true,2,1
3200551A.CAD,5170,1e7e10a2bcdc,3200551,BATCH DIGESTERS,138,138,0,4526,0,47,170,36,8,2,16,16,8,10,46,0,46,71,14,14,8,true,2,1
3200554A.CAD,1289,00a7cf3649cd,3200554,BATCH DIGESTER COMMON,31,31,0,962,0,4,33,4,1,1,2,2,1,1,2,0,22,8,1,1,0,true,2,1
3200555A.CAD,5045,b81b5438e219,3200555,BATCH DIGESTERS,91,91,0,2930,0,32,109,27,4,0,10,10,4,6,27,0,31,53,13,13,6,true,3,1
3200556A.CAD,1220,ae1e1192459c,3200556,BATCH DIGESTER COMMON,29,29,0,892,0,1,29,4,0,1,1,1,1,0,1,0,22,7,1,1,0,true,1,1
3200558A.CAD,5140,fc4dce29c0a4,3200558,HOT WATER TANK,132,132,0,4446,0,52,166,39,9,2,18,18,8,10,49,0,33,75,17,15,9,true,3,1
3200559A.CAD,1190,aea00f52672b,3200559,BATCH DIGESTER COMMON,28,28,0,862,0,1,28,4,0,1,1,1,1,0,1,0,21,8,1,1,0,true,1,1
3200560A.CAD,1196,401ef44ddcd6,3200560,BATCH DIGESTER COMMON,28,28,0,868,0,1,28,4,0,1,1,1,1,0,1,0,21,8,1,1,0,true,1,1
3200561A.CAD,5080,cdfa74b91502,3200561,SECONDARY CONDENSER,137,137,0,4436,0,49,168,36,9,2,16,16,7,10,48,0,42,70,14,14,9,true,2,1
3200562A.CAD,5598,8af7d08c0de8,3200562,DIGESTER COMMON,149,149,0,4944,0,51,186,40,8,2,18,18,11,10,50,0,49,77,15,15,8,true,2,1
3200563A.CAD,6620,021a4595f708,3200563,BLOW TANK A INLET VALVE,180,180,0,5862,0,71,223,55,15,3,22,22,9,14,67,0,41,86,24,24,10,true,3,1
3200564A.CAD,6980,a35e959cdbfc,3200564,BLOW TANK A INLET VALVE,194,194,0,6222,0,73,237,55,15,3,22,22,9,14,69,0,53,86,24,24,10,true,3,1
3200565A.CAD,6980,43aefab01cbc,3200565,BLOW TANK B INLET VALVE,194,194,0,6222,0,73,237,55,15,3,22,22,9,14,69,0,53,86,24,24,10,true,3,1
3200566A.CAD,6996,da34965f49ec,3200566,BLOW TANK B INLET VALVE,194,194,0,6238,0,73,237,55,15,3,22,22,9,14,69,0,53,86,24,24,10,true,3,1
3200567A.CAD,3596,b67cb0b1a07c,3200567,BLOW TANK A,100,100,0,3156,0,37,120,25,7,1,11,11,1,10,28,0,38,43,10,10,4,true,3,1
3200568A.CAD,3556,3efbe89f3e99,3200568,BATCH DIGESTERS,98,98,0,3116,0,37,118,25,7,1,11,11,1,10,28,0,36,43,10,10,4,true,3,1
3200569A.CAD,1674,8bab03451a06,3200569,BATCH DIGESTER COMMON,43,43,0,1306,0,8,45,8,3,1,2,2,1,1,8,0,22,18,4,4,0,true,1,1
3200570A.CAD,5553,aafc1cd5be35,3200570,DIGESTER CHIP CHUTE POSITIONS,147,147,0,5106,0,38,181,49,7,8,18,18,8,10,32,0,57,50,15,15,5,true,2,1
3200571A.CAD,5341,81473b92e24d,3200571,DIGESTER CHIP CHUTE POSITIONS,142,142,0,4884,0,33,172,48,8,8,16,16,8,8,32,0,52,51,16,16,5,true,2,1
3200572A.CAD,8056,196a8bacd42d,3200572,CHIP SHUTTLE POSITION SWITCHES,237,237,0,7512,0,90,279,60,25,8,22,22,8,14,74,0,76,77,21,21,1,true,2,1
3200573A.CAD,5240,e3bab7cb6446,3200573,FEED FORWARD,140,140,0,4568,0,49,172,38,8,2,16,16,8,10,48,0,44,78,16,16,9,true,2,1
3200574A.CAD,5543,9ecb273fb28b,3200574,WHITE LIQUOR FLOW,152,152,0,4760,0,51,179,38,11,2,14,14,12,3,49,0,52,99,19,19,2,true,2,1
3200575A.CAD,5798,12500e563577,3200575,BATCH DIGESTERS,153,153,0,5124,0,52,192,42,9,1,19,19,12,10,46,0,54,81,16,16,7,true,4,1
3200576A.CAD,7600,dd83eb5f3b89,3200576,BATCH DIGESTERS,204,204,0,6896,0,66,266,52,9,0,31,31,25,7,53,0,89,104,18,18,0,true,4,1
3200577A.CAD,11816,20087387d105,3200577,BATCH DIGESTERS,383,383,0,10388,0,191,421,71,68,0,20,20,20,0,191,0,51,219,51,51,0,true,1,1
3200578A.CAD,9109,a0ec55ad2c93,3200578,BATCH DIGESTERS,265,265,0,7852,0,97,295,58,50,0,16,16,16,0,96,0,59,191,42,42,0,true,2,1
3200579A.CAD,2514,4a1a1cddbfcf,3200579,BATCH DIGESTERS,68,68,0,2102,0,15,80,14,1,0,7,7,6,1,15,0,36,33,7,7,0,true,1,1
3200580A.CAD,1532,f550f140e808,3200580,BATCH DIGESTERS,39,39,0,1156,0,9,41,7,0,0,2,2,1,1,6,0,24,23,5,5,0,true,3,1
3200581A.CAD,5974,b8be5259c1e2,3200581,BATCH DIGESTERS,157,157,0,5288,0,55,195,45,9,2,19,19,12,10,47,0,53,85,17,17,7,true,4,1
3200582A.CAD,5886,e8223da3d792,3200582,BATCH DIGESTERS,164,164,0,5114,0,70,204,42,14,0,20,20,16,5,63,0,44,110,20,20,1,true,3,1
3200583A.CAD,17434,72a10d5fa22e,3200583,BATCH DIGESTERS,537,537,0,15512,0,262,623,121,74,0,37,37,45,6,262,0,78,303,70,70,0,true,1,1
3200584A.CAD,7239,a70daaa3a429,3200584,LIQUOR FEED SUPPORT,208,208,0,6508,0,88,255,49,17,0,25,25,21,3,79,0,61,99,25,24,0,true,3,1
3200585A.CAD,9435,bd3b4803d35f,3200585,LIQUOR FEED SUPPORT,285,285,0,8826,0,159,317,48,27,0,17,17,2,15,73,0,135,95,31,31,0,true,3,1
3200586A.CAD,6582,fc9e280769df,3200586,LIQUOR FEED SUPPORT,176,176,0,5870,0,53,222,49,10,0,24,24,16,8,52,0,63,116,25,25,3,true,2,1
3200587A.CAD,1532,07274703b95b,3200587,BATCH DIGESTERS,39,39,0,1156,0,9,41,7,0,0,2,2,1,1,6,0,24,23,5,5,0,true,3,1
3200588A.CAD,741,6628fcb54956,3200588A,,10,10,0,404,0,4,16,6,0,2,3,3,2,1,3,0,1,11,2,2,0,true,2,1
3200589A.CAD,1996,0f9b3ee50fee,3200589,BATCH DIGESTER COMMON,51,51,0,1636,0,11,59,10,2,1,5,5,1,4,9,0,28,18,3,3,0,true,2,1
3200590A.CAD,2732,1d5854f28bc6,3200590,BATCH DIGESTER COMMON,74,74,0,2266,0,19,82,14,3,1,5,5,1,4,14,0,41,37,8,8,0,true,2,1
3200591A.CAD,1998,f7b275699616,3200591,BATCH DIGESTER COMMON,53,53,0,1612,0,18,59,11,2,0,4,4,1,3,11,0,27,27,6,6,0,true,4,1
3200592A.CAD,8455,c51fddd42897,3200592,BATCH DIGESTERS,242,242,0,7370,0,103,279,67,20,1,18,18,15,6,95,0,58,188,41,41,0,true,3,1
3200593A.CAD,13908,bd309e143175,3200593,CHIP TOTALS,428,428,0,12462,0,191,502,94,59,0,38,38,18,20,191,0,82,268,56,56,1,true,1,1
3200594A.CAD,13999,5edc57a599f1,3200594,CHIP TOTALS,420,420,0,12578,0,202,507,103,57,0,42,42,26,21,196,0,62,271,56,56,1,true,2,1
3200595A.CAD,4807,e6332201188c,3200595,CHIP WEIGHT TARGETS,127,127,0,4272,0,45,167,34,4,0,21,21,18,3,37,0,50,67,14,13,1,true,2,1
3200596A.CAD,2767,6aeeb51a41b9,3200596,WOODYARD SELECTION SWITCHES,71,71,0,2222,0,20,75,18,5,3,3,3,1,2,16,0,30,26,6,6,0,true,3,1
3200597A.CAD,1461,f3fc7cafddb1,3200597A,TURPENTINE DECANTER,37,37,0,1100,0,8,37,7,1,1,1,1,1,0,5,0,22,12,3,3,0,true,3,1
3200598A.CAD,7224,ff0d18fbc560,3200598,THIS SHEET,206,206,0,6526,0,78,250,60,19,4,22,22,7,17,78,0,47,99,29,29,13,true,1,1
3200599A.CAD,5019,5f2da308ac87,3200599,BATCH DIGESTER COMMON,129,129,0,4364,0,42,163,35,8,1,17,17,9,10,39,0,45,70,14,14,9,true,3,1
32005A0A.CAD,7178,71251a39d22f,32005A0,BATCH DIGESTER COMMON,195,195,0,6448,0,69,242,53,9,2,22,22,16,11,64,0,67,100,21,21,7,true,3,1
32005A1A.CAD,7178,52b4a31e7ae5,32005A1,BATCH DIGESTER COMMON,195,195,0,6448,0,69,242,53,9,2,22,22,16,11,64,0,67,100,21,21,7,true,3,1
32005A2A.CAD,5352,e53853886622,32005A2,BATCH DIGESTER COMMON,143,143,0,4678,0,50,177,38,9,2,17,17,8,11,49,0,45,76,15,15,9,true,2,1
32005A3A.CAD,1237,aa90b4e740c6,32005A3,BATCH DIGESTER COMMON,30,30,0,898,0,4,30,5,0,1,1,1,1,0,2,0,21,11,2,2,0,true,2,1
32005A4A.CAD,3773,413e8a716dbf,32005A4,BATCH DIGESTERS,99,99,0,3274,0,33,119,30,10,2,11,11,1,10,30,0,27,47,14,14,8,true,3,1
32005A5A.CAD,3511,03e141578ff3,32005A5,SHUTTLE POSITION SWITCH,98,98,0,3108,0,36,121,22,9,1,12,12,8,5,32,0,33,33,7,7,0,true,2,1
32005A6A.CAD,1564,43daad0d6e94,32005A6,SHUTTLE POSITION SWITCH,40,40,0,1246,0,8,44,7,1,1,3,3,1,2,5,0,25,8,2,2,0,true,2,1
32005B0A.CAD,1648,b9a94dfef423,32005B0,SHUTTLE POSITION SWITCH,43,43,0,1330,0,8,47,7,1,1,3,3,1,2,5,0,28,8,2,2,0,true,2,1
32005B1A.CAD,1564,3a26d1140962,32005B1,SHUTTLE POSITION SWITCH,40,40,0,1246,0,8,44,7,1,1,3,3,1,2,5,0,25,8,2,2,0,true,2,1
32005B2A.CAD,1564,9d299164b5ab,32005B2,SHUTTLE POSITION SWITCH,40,40,0,1246,0,8,44,7,1,1,3,3,1,2,5,0,25,8,2,2,0,true,2,1
32005C0A.CAD,1564,0a3464844d6f,32005C0A,SHUTTLE POSITION SWITCH,40,40,0,1246,0,8,44,7,1,1,3,3,1,2,5,0,25,8,2,2,0,true,2,1
32005C1A.CAD,5045,92b2b0515d20,32005C1,MACRO NAME,130,130,0,4390,0,43,159,38,9,2,14,14,7,10,40,0,41,68,15,15,9,true,2,1
32005C2A.CAD,1703,14a532852e3b,32005C2,BATCH DIGESTERS,42,42,0,1356,0,9,47,10,0,1,4,4,2,1,7,0,23,13,5,4,0,true,3,1
32005C3A.CAD,2341,52c0ff298f88,32005C3,BATCH DIGESTERS,63,63,0,1890,0,21,71,14,2,1,5,5,1,4,16,0,29,34,8,8,0,true,2,1
32005C4A.CAD,7016,6bd62d301f4f,32005C4,BLOW TANK A INLET VALVE,194,194,0,6230,0,73,237,55,15,3,22,22,9,14,69,0,53,86,24,24,9,true,3,1
32005C5A.CAD,6888,f76601e69e2a,32005C5,BLOW TANK B INLET VALVE,191,191,0,6102,0,73,234,53,15,3,22,22,9,14,69,0,52,86,24,24,9,true,3,1
32005C6A.CAD,6994,26157bc7aad4,32005C6,MACRO NAME,195,195,0,6246,0,69,240,48,10,1,22,22,12,13,63,0,72,93,21,21,8,true,2,1
32005C7A.CAD,6162,a6e05743352e,32005C7,MIXED LIQUOR TANK,182,182,0,5400,0,69,209,48,11,0,14,14,11,4,66,0,55,128,29,29,1,true,2,1
32005C8A.CAD,6314,3f745235aedc,32005C8,FEED FORWARD,168,168,0,5616,0,60,215,48,9,2,23,23,16,10,59,0,50,91,18,18,7,true,2,1
32005C9A.CAD,6304,99dcd2c62769,32005C9,BATCH DIGESTERS,180,180,0,5498,0,72,215,44,15,0,18,18,15,3,66,0,54,116,22,22,0,true,3,1
32005D0A.CAD,17013,c0f9cf9a41f2,32005D0,BATCH DIGESTERS,478,478,0,14586,0,185,552,115,69,0,31,31,45,0,183,0,109,297,70,70,0,true,2,1
32005D1A.CAD,1628,7700a7f5a498,32005D1,,41,41,0,1272,0,5,47,7,1,0,4,4,3,1,5,0,26,19,3,3,0,true,1,1
32005D6A.CAD,4997,cb4987338b05,32005D6,FEED FORWARD,128,128,0,4354,0,39,160,36,8,2,16,16,8,10,38,0,44,70,14,14,9,true,2,1
32005D7A.CAD,6388,b0cdc5298737,32005D7,FEED FORWARD,166,166,0,5690,0,50,210,47,10,2,21,21,12,13,49,0,58,89,18,18,7,true,2,1
32005D8A.CAD,4997,9b8ff06dc61c,32005D8,FEED FORWARD,128,128,0,4354,0,39,160,36,8,2,16,16,8,10,38,0,44,70,14,14,9,true,2,1
32005D9A.CAD,5532,dfb3811ec3bc,32005D9,FEED FORWARD,143,143,0,4878,0,43,180,40,8,2,18,18,11,10,42,0,51,76,15,15,8,true,2,1
32005E0A.CAD,5047,b9fee38bf44b,32005E0,FEED FORWARD,129,129,0,4404,0,39,161,36,8,2,16,16,8,10,38,0,45,70,14,14,9,true,2,1
32005E1A.CAD,4997,3a5cff0adb6d,32005E1,FEED FORWARD,128,128,0,4354,0,39,160,36,8,2,16,16,8,10,38,0,44,70,14,14,9,true,2,1
32005E2A.CAD,5662,6ba79ac8c7e9,32005E2,FEED FORWARD,151,151,0,5008,0,51,190,41,8,3,19,19,12,10,50,0,50,79,15,15,8,true,2,1
32005E3A.CAD,7320,529602d8c56d,32005E3,FEED FORWARD,202,202,0,6524,0,76,250,56,12,2,23,23,11,16,73,0,59,109,25,25,9,true,3,1
32005E4A.CAD,4993,a2b191269e56,32005E4,FEED FORWARD,128,128,0,4350,0,39,160,36,8,2,16,16,8,10,38,0,44,70,14,14,9,true,2,1
32005E5A.CAD,6554,f1eb495f045c,32005E5,FEED FORWARD,180,180,0,5768,0,68,218,49,13,3,19,19,11,10,64,0,52,104,20,20,9,true,2,1
32005E6A.CAD,5506,f3dc6c0af4ed,32005E6,FEED FORWARD,148,148,0,4850,0,52,186,39,8,2,19,19,11,10,51,0,48,74,15,15,9,true,2,1
32005E7A.CAD,5620,db082b8b62ed,32005E7,FEED FORWARD,148,148,0,4932,0,45,183,43,5,3,17,17,10,10,43,0,55,82,17,17,8,true,2,1
32005F2A.CAD,5273,28379639102d,32005F2,FEED FORWARD,136,136,0,4630,0,39,172,37,8,2,18,18,10,10,39,0,50,73,14,14,7,true,1,1
32005F3A.CAD,5467,b6e9738af985,32005F3,FEED FORWARD,141,141,0,4790,0,42,180,39,8,1,19,19,11,11,42,0,50,83,16,16,8,true,1,1
32005F4A.CAD,1403,8b512ad45302,32005F4,HEATED LIQUOR TANK TEMPERATURE,34,34,0,1060,0,5,36,6,1,1,2,2,1,1,3,0,22,12,2,2,0,true,2,1
32005F5A.CAD,3353,0ee0a99d4987,32005F5,BATCH DIGESTER COMMON,88,88,0,2850,0,26,106,27,3,8,10,10,8,2,25,0,31,53,13,13,1,true,2,1
32005F6A.CAD,1439,063c404c050e,32005F6,BATCH DIGESTERS,34,34,0,1024,0,7,34,7,0,1,1,1,1,0,4,0,21,9,3,3,0,true,3,1
32005F7A.CAD,1321,a724f73347a5,32005F7,ACUMULATOR TANK TOP TEMP,30,30,0,926,0,4,32,4,1,1,2,2,1,1,2,0,21,8,1,1,0,true,2,1
32005F8A.CAD,1353,dc9bbf07eff1,32005F8,OUTLET HEAT EXCHENGER TEMP,31,31,0,958,0,4,33,4,2,1,2,2,1,1,2,0,21,8,1,1,0,true,2,1
32005F9A.CAD,1325,c53cb382e259,32005F9,ACCUMULATOR TANK MIDDLE TEMP,30,30,0,930,0,4,32,4,1,1,2,2,1,1,2,0,21,8,1,1,0,true,2,1
32005G0A.CAD,1325,3449cb42da18,32005G0,ACUMULATOR TANK BOTTOM TEMP,30,30,0,930,0,4,32,4,1,1,2,2,1,1,2,0,21,8,1,1,0,true,2,1
32005G2A.CAD,5270,fd4842f28817,32005G2,BATCH DIGESTERS,141,141,0,4588,0,55,174,37,10,1,17,17,8,10,53,0,39,76,17,16,8,true,3,1
32005G3A.CAD,5017,da952c014680,32005G3,DIGESTER PLANT,151,151,0,4316,0,68,165,35,19,1,8,8,6,2,63,0,32,86,25,25,1,true,3,1
32005G4A.CAD,1189,dc92ec4875de,32005G4,DIGESTER PLANT,26,26,0,760,0,3,26,3,0,1,1,1,1,0,1,0,20,8,1,1,0,true,2,1
32005G5A.CAD,5785,b0c1e0968aeb,32005G5,BATCH DIGESTER COMMON,158,158,0,5108,0,59,193,41,10,2,17,17,8,12,54,0,51,78,17,17,9,true,3,1
32005G6A.CAD,6430,565dba1158db,32005G6,BATCH DIGESTER COMMON,182,182,0,5692,0,70,216,43,14,2,17,17,9,10,65,0,58,94,20,20,7,true,3,1
32005G7A.CAD,1377,80b666552e71,32005G7,DIGESTER PLANT,32,32,0,974,0,5,34,5,0,1,2,2,1,1,3,0,22,11,2,2,1,true,2,1
32005G8A.CAD,5816,a41e99be645c,32005G8,BATCH DIGESTERS,152,152,0,5124,0,52,189,42,9,1,18,18,12,9,47,0,52,87,17,17,6,true,3,1
32005G9A.CAD,5924,64bb4123595b,32005G9,BATCH DIGESTERS,154,154,0,5250,0,51,194,42,9,1,19,19,14,9,47,0,54,85,16,16,7,true,3,1
32005H0A.CAD,7448,b73dfcbcfb8f,32005H0,BATCH DIGESTER COMMON,215,215,0,6564,0,84,244,52,13,2,14,14,9,8,70,0,78,125,32,32,0,true,2,1
32005H1A.CAD,1485,fd5deeeed6ee,32005H1,BATCH DIGESTER COMMON,39,39,0,1170,0,9,41,5,0,1,2,2,1,1,3,0,29,7,2,2,0,true,3,1
32005H2A.CAD,1199,b401127b0e79,32005H2,NCG BURSTING DISK,30,30,0,892,0,3,30,3,0,1,1,1,1,0,1,0,24,3,1,1,0,true,2,1
32005H3A.CAD,1851,3b62dd2d204f,32005H3,ACCUMULATOR VALVE,48,48,0,1450,0,10,52,7,5,2,3,3,2,1,9,0,25,19,2,2,0,true,2,1
32005H4A.CAD,1885,864ea8e30c8d,32005H4,ACCUMULATOR VALVE,49,49,0,1484,0,10,53,7,5,2,3,2,2,1,9,0,26,19,2,2,0,true,2,1
32005H5A.CAD,4894,367aef64e247,32005H5,BATCH DIGESTER COMMON,135,135,0,4194,0,48,159,35,9,2,12,12,10,4,48,0,41,87,18,18,0,true,1,1
32005H6A.CAD,4547,f89483a0d682,32005H6,ACC TANK LEVEL CONTROL,120,120,0,3832,0,38,140,31,8,1,10,10,9,3,35,0,44,85,17,17,2,true,3,1
32005H7A.CAD,1292,242e75ae362c,32005H7,TOP TANK ACC LEVEL,32,32,0,964,0,2,34,4,0,1,2,2,1,1,2,0,24,9,1,1,0,true,1,1
32005H8A.CAD,2448,c7b48da464c5,32005H8,FEED BACK,61,61,0,2068,0,14,69,20,2,4,5,5,3,2,13,0,24,22,6,6,0,true,2,1
32005H9A.CAD,2565,b92590b8f58b,32005H9,HYDRAULIC PUMP NO.2,66,66,0,2158,0,16,72,21,1,4,4,4,3,1,13,0,29,26,8,8,0,true,3,1
32005I1A.CAD,10008,6be87e1d843e,32005I1,BATCH DIGESTERS,285,285,0,9196,0,116,358,83,23,3,37,37,21,17,109,0,68,143,40,39,8,true,4,1
32005I2A.CAD,4728,e69ac308df1a,32005I2,BATCH DIGESTERS,130,130,0,4206,0,51,159,36,10,2,16,16,5,10,46,0,36,56,16,15,6,true,4,1
32005I3A.CAD,4874,7f60c52d83fb,32005I3,BATCH DIGESTERS,139,139,0,4364,0,52,164,34,10,2,13,13,3,11,43,0,50,54,15,15,8,true,3,1
32005I4A.CAD,4133,587c49a8dd74,32005I4,BATCH DIGESTERS,110,110,0,3634,0,35,132,32,10,3,12,12,2,10,31,0,35,49,14,14,8,true,4,1
32005I5A.CAD,4640,2aea093dfb5f,32005I5,BATCH DIGESTERS,124,124,0,4090,0,43,151,39,9,2,14,14,5,10,39,0,35,64,18,18,7,true,3,1
32005I6A.CAD,7232,2b95f8025a1c,32005I6,WHITE LIQUOR DISCHARGE,198,198,0,6624,0,65,245,57,14,2,22,22,14,13,57,0,68,92,24,24,4,true,4,1
32005I7A.CAD,5557,0c9f725b1898,32005I7,BATCH DIGESTERS,152,152,0,4994,0,48,194,38,9,0,22,22,19,3,45,0,58,62,15,15,0,true,3,1
32005I8A.CAD,4257,200ff6273d6a,32005I8,BATCH DIGESTERS,113,113,0,3748,0,37,138,34,10,2,13,13,4,10,34,0,33,55,15,15,7,true,3,1
32005I9A.CAD,4257,2f7edd28bd4f,32005I9,BATCH DIGESTERS,113,113,0,3748,0,37,138,34,10,2,13,13,4,10,34,0,33,54,15,15,7,true,3,1
32005J0A.CAD,3731,ba9711f5bebe,32005J0,BATCH DIGESTERS,98,98,0,3232,0,33,118,30,10,2,11,11,1,10,30,0,26,47,14,14,9,true,3,1
32005J1A.CAD,4118,a1ce69df5702,32005J1,BATCH DIGESTERS,115,115,0,3610,0,44,137,33,10,2,12,12,2,10,43,0,27,54,15,15,8,true,2,1
32005J2A.CAD,3442,3e9d3b7c0db4,32005J2,BATCH DIGESTERS,103,103,0,3008,0,39,115,20,9,0,7,7,5,2,37,0,35,32,11,11,0,true,2,1
32005J3A.CAD,8497,ee555744a958,32005J3,BLACK LIQUOR DISCHARGE,243,243,0,7820,0,95,297,67,20,2,25,25,14,17,89,0,65,109,30,30,6,true,3,1
32005J4A.CAD,6479,64440378761b,32005J4,BLACK LIQUOR DISCHARGE,186,186,0,5890,0,72,223,49,16,2,18,18,10,11,68,0,51,80,22,22,5,true,3,1
32005J5A.CAD,4041,035ed5ac6157,32005J5,BATCH DIGESTERS,106,106,0,3528,0,35,130,33,9,2,13,13,3,10,32,0,30,50,15,15,9,true,3,1
32005J6A.CAD,4039,999a63df27e0,32005J6,BATCH DIGESTERS,106,106,0,3526,0,35,130,33,9,2,13,13,3,10,32,0,30,51,15,15,9,true,3,1
32005J7A.CAD,3688,ef68fa82b3fc,32005J7,BATCH DIGESTERS,102,102,0,3188,0,38,120,30,8,2,10,10,2,8,37,0,25,52,14,14,6,true,2,1
32005J8A.CAD,4261,f5ebd04a991f,32005J8,WARM WATER TO EXCHANGER,113,113,0,3752,0,37,138,34,10,2,13,13,4,10,34,0,33,53,15,15,8,true,3,1
32005J9A.CAD,6676,14ae393dd889,32005J9,WHITE LIQ NO.2,189,189,0,6086,0,68,230,52,12,2,19,19,13,11,65,0,58,84,22,22,4,true,3,1
32005K0A.CAD,5248,add0a72a352d,32005K0,COOLING WATER TANK LEVEL,150,150,0,4636,0,60,175,41,15,2,14,14,2,11,58,0,34,72,23,22,7,true,3,1
32005K1A.CAD,7911,4cecff620474,32005K1,BATCH DIGESTERS,217,217,0,7270,0,86,275,72,17,7,30,30,11,19,79,0,47,103,28,28,7,true,2,1
32005K2A.CAD,5864,ed60c94acfae,32005K2,SHUTTLE CONVEYOR,164,164,0,5280,0,60,202,52,12,4,20,20,13,7,60,0,38,82,24,24,0,true,1,1
32005K3A.CAD,7784,95d0dd4971cc,32005K3,REV DRIVER,213,213,0,6850,0,106,274,60,26,0,31,31,26,5,106,0,20,139,29,29,0,true,1,1
32005K4A.CAD,6542,00068996bd6b,32005K4,FORWARD SHUTTLE CONVEYOR,176,176,0,5938,0,71,224,55,14,4,25,25,11,14,68,0,37,84,22,21,6,true,3,1
32005K5A.CAD,6910,e372476bcc1c,32005K5,SHUTTLE CONVEYOR BELT,188,188,0,6310,0,52,226,60,13,7,20,20,11,9,48,0,65,86,26,26,0,true,3,1
32005K6A.CAD,8712,2b610a48877b,32005K6,SHUTTLE CONV SUPPORT LOGIC,236,236,0,8166,0,69,319,61,6,0,40,40,41,4,69,0,98,84,16,16,1,true,1,1
32005K7A.CAD,6266,38f08be46b0f,32005K7,MAIN CONVEYOR MOTOR,174,174,0,5696,0,60,216,51,12,4,22,22,9,13,57,0,52,74,20,20,9,true,3,1
32005K8A.CAD,3641,cf1e603c1bce,32005K8,SUPPORT LOGIC,96,96,0,3182,0,25,112,27,5,3,9,9,6,3,23,0,39,40,12,12,0,true,2,1
32005K9A.CAD,1149,4c49e00da927,32005K9,CONVEYOR  NO.3 MOTOR,28,28,0,842,0,1,28,4,0,1,1,1,1,0,1,0,21,4,1,1,0,true,1,1
32005L0A.CAD,4189,ddf895a8eae3,32005L0,BOOSTED WATER PUMP FAULT,110,110,0,3690,0,32,132,33,10,3,12,12,2,10,31,0,34,49,14,14,7,true,2,1
32005L1A.CAD,7930,31af4a3b1817,32005L1,BATCH DIGESTERS,221,221,0,7302,0,79,273,66,17,6,26,26,12,16,77,0,59,94,26,26,8,true,2,1
32005L2A.CAD,6237,ff699409e2bc,32005L2,DIG 9-15 SHUTTLE CONVEYOR SHUTTLE,170,170,0,5668,0,47,212,50,11,4,22,22,15,7,47,0,60,79,22,22,0,true,1,1
32005L3A.CAD,6389,ded7d5159078,32005L3,DIG 9-15 SHUTTLE CONVEYOR SHUTTLE,178,178,0,5614,0,62,213,41,24,0,18,18,14,4,62,0,50,110,23,23,0,true,1,1
32005L4A.CAD,7418,7909a0442769,32005L4,BATCH DIGESTERS,205,205,0,6778,0,76,258,57,15,4,28,28,12,15,72,0,59,89,24,22,6,true,3,1
32005L5A.CAD,6009,67f2f9e8a6db,32005L5,BATCH DIGESTERS,160,160,0,5474,0,40,196,51,11,6,19,19,10,9,38,0,58,69,20,20,0,true,2,1
32005L6A.CAD,4923,91df183d5835,32005L6,DIG 9-15 SHUTTLE CONVEYOR BELT,131,131,0,4482,0,33,175,32,4,0,23,23,20,3,33,0,60,44,9,9,0,true,1,1
32005L7A.CAD,5096,7fdef524acec,32005L7,CROSS CONVEYOR,136,136,0,4576,0,44,168,40,10,3,17,17,6,11,37,0,47,58,16,16,8,true,3,1
32005L8A.CAD,3436,be8ae604c6a5,32005L8,BATCH DIGESTERS,99,99,0,2988,0,38,114,22,8,0,9,9,5,3,35,0,32,35,12,11,0,true,3,1
32005L9A.CAD,7391,cf3792390cfa,32005L9,MIXED LIQUOR TO DIGESTERS,206,206,0,6808,0,77,260,58,14,3,27,27,13,16,69,0,63,89,22,22,6,true,3,1
32005M0A.CAD,5844,10529ed4ce44,32005M0,MIXED LIQUOR TO DIGESTERS,161,161,0,5302,0,59,200,47,9,4,20,20,10,11,53,0,50,71,18,18,6,true,3,1
32005M1A.CAD,5427,81688d746782,32005M1,MIXED LIQUOR TANK RECIRC,144,144,0,4896,0,44,178,44,9,3,17,17,8,11,40,0,49,63,17,17,7,true,3,1
32005M2A.CAD,5120,7a615544124e,32005M2,HEAT RECOVERY FLASH TANK FAULT,142,142,0,4610,0,49,171,38,9,3,15,15,6,10,44,0,49,56,15,15,6,true,3,1
32005M3A.CAD,5188,1af013798304,32005M3,AIR EVAC SEAL TANK,142,142,0,4622,0,47,173,39,10,3,16,16,6,11,46,0,45,59,15,15,8,true,2,1
32005M4A.CAD,5987,f27c0842e10f,32005M4,STANDBY EVAC BLOWER FAULT,165,165,0,5428,0,59,207,47,12,3,22,22,10,12,57,0,47,68,18,18,8,true,3,1
32005M5A.CAD,4173,1aa748e5c90f,32005M5,AIR EVAC BLOWER FAULT,109,109,0,3674,0,32,133,34,9,3,13,13,3,10,31,0,33,49,14,14,8,true,2,1
32005M6A.CAD,3500,1be8a42a5921,32005M6,CONDENSATE PUMP 2 RUNNING,97,97,0,2992,0,34,107,27,8,3,6,6,3,3,33,0,27,49,14,14,2,true,2,1
32005M7A.CAD,2553,414eee8461a8,32005M7,SCREW COMVEYOR,70,70,0,2134,0,17,76,14,6,3,4,4,3,1,17,0,31,30,7,7,0,true,1,1
32005M8A.CAD,2553,f564f8c290e1,32005M8,BELT CONVEYOR,70,70,0,2134,0,17,76,14,6,3,4,4,3,1,17,0,31,29,7,7,0,true,1,1
32005N1A.CAD,4514,17b86615d0b7,32005N1,AMAZON PROJECT,128,128,0,3880,0,44,144,35,8,4,9,9,7,2,43,0,40,85,20,20,0,true,2,1
32005O0A.CAD,3600,b1b7bc4d04e4,32005O0,SOAP SEP. TANK LEVEL,89,89,0,2924,0,18,96,18,0,0,9,9,0,0,9,0,60,54,18,9,0,true,2,1
32005P1A.CAD,6635,4ebe87ca28c7,32005P1A,AUTO LOGIC LIQ. CALCULATION,179,179,0,5780,0,76,229,61,2,0,26,26,24,2,74,0,40,114,35,35,0,true,2,1
32005Q0A.CAD,10918,979337e6d19d,32005Q0,BLOW VALVE SUPPORT LOGIC,319,319,0,9862,0,128,386,80,27,0,34,34,28,7,126,0,84,181,44,44,0,true,3,1
32005Q1A.CAD,6769,0490887ceae9,32005Q1,BATCH DIGESTERS,192,192,0,6224,0,74,238,46,24,0,24,24,7,17,66,0,54,85,22,22,0,true,3,1
32005Q2A.CAD,6480,872504210a34,32005Q2,BATCH DIGESTERS,183,183,0,5810,0,81,226,55,11,0,21,21,14,10,67,0,48,109,31,31,0,true,2,1
32005Q3A.CAD,7139,c130c09b8103,32005Q3,BATCH DIGESTERS,215,215,0,6478,0,99,249,38,15,0,18,18,15,3,64,0,96,79,19,19,0,true,3,1
32005Q4A.CAD,1233,3f5251579e6c,32005Q4,BATCH DIGESTERS,30,30,0,904,0,5,32,5,0,0,2,2,1,1,3,0,20,10,3,3,0,true,2,1
32005Q5A.CAD,2159,efde84cac2d3,32005Q5,PHK SCHEDULING LOGIC,57,57,0,1676,0,16,61,12,4,0,3,3,2,1,16,0,23,42,9,9,0,true,1,1
32005Q6A.CAD,944,553f4eee627c,32005Q6A,,23,23,0,616,0,2,21,3,0,0,0,0,0,0,1,0,17,4,2,2,0,true,2,1
32005Z0A.CAD,3868,eeb2a4c07896,32005Z0,BATCH DIGESTERS,96,96,0,3152,0,32,109,39,7,0,8,8,1,6,30,0,18,79,31,30,6,true,3,1
32005Z1A.CAD,1181,a781ce8a576b,32005Z1,DIGESTER PLANT,25,25,0,728,0,3,25,3,0,1,1,1,1,0,1,0,19,4,1,1,0,true,2,1
32005Z2A.CAD,15922,1efdb220a0b9,32005Z2,INTER MODULE COMMUNICATIONS,359,359,0,14886,0,177,485,120,0,0,70,70,0,58,61,0,176,61,62,2,1,true,3,1
32005Z3A.CAD,12914,725a5236ed9c,32005Z3,INTER MODULE COMMUNICATIONS,237,237,0,11848,0,155,397,128,0,0,97,97,0,64,64,0,44,64,64,0,0,true,3,1
32005Z4A.CAD,11515,cf272c88eff3,32005Z4,INTER MODULE COMMUNICATIONS,296,296,0,10700,0,133,424,109,2,0,63,63,37,29,84,0,100,185,43,39,3,true,3,1
32005Z5A.CAD,10945,409d6e3bf778,32005Z5,INTER MODULE COMMUNICATIONS,251,251,0,10170,0,103,394,115,0,0,72,72,29,43,72,0,63,154,43,29,8,true,3,1
32005Z6A.CAD,4149,c42bc24d0a99,32005Z6,INTER MODULE COMMUNICATIONS,96,96,0,3558,0,42,125,35,1,0,15,15,6,9,28,0,31,53,20,11,1,true,3,1
32005Z7A.CAD,3272,03151592c4e2,32005Z7,DIG COMMON AUDIBLE ALARM,83,83,0,2844,0,21,114,23,0,0,16,16,15,1,21,0,38,37,7,7,0,true,1,1
32005Z8A.CAD,2884,0b8c2e67db0b,32005Z8A,DIG COMMON AUDIBLE ALARM,89,89,0,2374,0,35,94,18,15,3,3,3,3,0,35,0,20,46,13,13,0,true,1,1
3231000A.CAD,18837,1e84253ab6e0,3231000,,626,626,0,18134,0,546,663,43,3,0,19,19,0,19,29,0,550,69,15,14,10,true,3,1
3231001A.CAD,3510,b432665f3b2c,3231001,ANALOG INPUT SLAVE 1,81,81,0,3002,0,18,109,18,2,15,15,15,0,15,17,0,42,45,3,3,0,true,2,1
3231002A.CAD,3308,ab9d759d048c,3231002,ANALOG INPUT SLAVE 2,76,76,0,2800,0,15,100,16,2,13,13,13,0,13,15,0,41,42,3,3,0,true,1,1
3231003A.CAD,3386,f8ed6502559c,3231003,ANALOG INPUT SLAVE 3,77,77,0,2878,0,15,101,16,3,13,13,13,0,13,15,0,41,39,3,3,0,true,1,1
3231004A.CAD,3539,f0403fbba9c2,3231004,ANALOG INPUT SLAVE 4,82,82,0,3032,0,17,110,18,2,15,15,15,0,15,17,0,43,43,3,3,0,true,1,1
3231005A.CAD,3401,c9d46c6d66db,3231005,ANALOG OUTPUT SLAVE 5,77,77,0,2912,0,19,108,19,0,16,16,16,16,0,17,0,40,50,2,2,1,true,3,1
3231006A.CAD,2979,b1a7074a9019,3231006,ANALOG OUTPUT SLAVE 6,67,67,0,2490,0,13,90,14,0,12,12,12,12,0,13,0,39,45,2,2,0,true,1,1
3231007A.CAD,2979,2d0e29d5cba5,3231007,ANALOG OUTPUT SLAVE 7,67,67,0,2490,0,13,90,14,0,12,12,12,12,0,13,0,39,45,2,2,0,true,1,1
3231008A.CAD,3343,812d3549bf02,3231008,ANALOG OUTPUT SLAVE 8,76,76,0,2854,0,17,105,17,0,15,15,15,15,0,16,0,42,49,2,2,0,true,2,1
3231009A.CAD,3085,9efbca18f1c4,3231009,DIGITAL INPUT SLAVE 9,75,75,0,2764,0,15,102,16,0,14,14,14,0,14,14,0,44,20,2,2,0,true,2,1
3231010A.CAD,3083,28bcb95bea3c,3231010,DIGITAL INPUT SLAVE 10,75,75,0,2762,0,15,102,16,0,14,14,14,0,14,14,0,44,20,2,2,0,true,2,1
3231011A.CAD,2957,7504a44121c9,3231011,DIGITAL INPUT SLAVE 11,72,72,0,2636,0,13,97,15,0,13,13,13,0,13,13,0,43,19,2,2,0,true,1,1
3231012A.CAD,2676,07b7fe81dfc0,3231012,DIGITAL INPUT SLAVE 12,61,61,0,2354,0,14,88,16,0,14,14,14,0,14,14,0,30,20,2,2,0,true,1,1
3231013A.CAD,2781,29316929d4fd,3231013,DIGITAL INPUT SLAVE 13,66,66,0,2460,0,12,89,14,0,12,12,12,0,12,12,0,39,18,2,2,0,true,1,1
3231014A.CAD,2642,2a7155577b8c,3231014,DIGITAL INPUT SLAVE 14,62,62,0,2320,0,12,85,14,0,12,12,11,0,12,12,0,35,18,2,2,0,true,1,1
3231015A.CAD,2615,5d202d7947eb,3231015,DIGITAL INPUT SLAVE 15,62,62,0,2294,0,11,83,13,0,11,11,11,0,11,11,0,37,17,2,2,0,true,1,1
3231016A.CAD,2487,4f10aa5e0ef5,3231016,DIGITAL INPUT SLAVE 16,59,59,0,2166,0,11,78,12,0,10,10,10,0,10,10,0,36,16,2,2,0,true,2,1
3231017A.CAD,3137,06606ec3d5f0,3231017,DIGITAL OUTPUT SLAVE 17,75,75,0,2784,0,15,104,17,0,15,15,15,15,0,15,0,42,23,2,2,0,true,1,1
3231018A.CAD,2942,9e894a4eeff4,3231018,DIGITAL OUTPUT SLAVE 18,70,70,0,2588,0,14,97,16,0,14,14,14,14,0,14,0,39,22,2,2,0,true,1,1
3231019A.CAD,2477,ba3dd89a9046,3231019,DIGITAL OUTPUT SLAVE 19,58,58,0,2124,0,10,77,12,0,10,10,10,10,0,10,0,35,18,2,2,0,true,1,1
3231020A.CAD,2475,7869cfc7979f,3231020,DIGITAL OUTPUT SLAVE 20,58,58,0,2122,0,10,77,12,0,10,10,10,10,0,10,0,35,18,2,2,0,true,1,1
3231030A.CAD,5095,96664a8e5c3c,3231030,THIS SHEET,138,138,0,4530,0,45,175,36,6,0,18,18,17,4,44,0,50,82,15,15,0,true,2,1
3231031A.CAD,4485,c15358ce7023,3231031,DIGESTER 6 MPS STEAM SMOOTHING,122,122,0,3934,0,41,152,31,6,0,15,15,14,3,40,0,43,74,14,14,0,true,2,1
3231032A.CAD,4511,93df769d147b,3231032,DIGESTER 7 MPS STEAM SMOOTHING,123,123,0,3960,0,41,153,31,6,0,15,15,14,3,40,0,44,74,14,14,0,true,2,1
3231033A.CAD,4511,9cb10e027530,3231033,DIGESTER 8 MPS STEAM SMOOTHING,123,123,0,3960,0,41,153,31,6,0,15,15,14,3,40,0,44,74,14,14,0,true,2,1
3231034A.CAD,6008,27980556d173,3231034,MACRO NAME,161,161,0,5328,0,53,204,44,8,2,22,22,13,10,53,0,54,83,17,17,7,true,1,1
3231035A.CAD,2827,1b1137397325,3231035,DIGESTER 5 TOP RECIRCULATION FLOW,73,73,0,2354,0,20,89,19,3,0,9,9,7,2,20,0,29,50,10,10,0,true,1,1
3231036A.CAD,6008,a6e9ebcc06df,3231036,MACRO NAME,161,161,0,5328,0,53,204,44,8,2,22,22,13,10,53,0,54,83,17,17,7,true,1,1
3231037A.CAD,2823,e0bc26a24076,3231037,DIGESTER 6 TOP RECIRCULATION FLOW,73,73,0,2350,0,20,89,19,3,0,9,9,7,2,20,0,29,50,10,10,0,true,1,1
3231038A.CAD,6010,c6efeb02977e,3231038,MACRO NAME,161,161,0,5330,0,53,204,44,8,2,22,22,13,10,53,0,54,83,17,17,7,true,1,1
3231039A.CAD,2825,feefd976bda6,3231039,DIGESTER 7 TOP RECIRCULATION FLOW,73,73,0,2352,0,20,89,19,3,0,9,9,7,2,20,0,29,50,10,10,0,true,1,1
3231040A.CAD,6083,b4dd450ba1f1,3231040,MACRO NAME,158,158,0,5404,0,46,202,45,8,2,22,22,14,10,46,0,57,84,17,17,7,true,1,1
3231041A.CAD,2825,764a28dcbbd2,3231041,DIGESTER 8 TOP RECIRCULATION FLOW,73,73,0,2352,0,20,89,19,3,0,9,9,7,2,20,0,29,50,10,10,0,true,1,1
3231042A.CAD,5870,50513fdd51da,3231042,MACRO NAME,157,157,0,5194,0,52,197,43,8,2,20,20,12,10,52,0,52,83,17,17,7,true,1,1
3231043A.CAD,5872,e352e2b3ec43,3231043,MACRO NAME,157,157,0,5196,0,52,197,43,8,2,20,20,12,10,52,0,52,83,17,17,7,true,1,1
3231044A.CAD,5870,59c55c34fe62,3231044,MACRO NAME,152,152,0,5204,0,44,194,43,8,2,21,21,13,10,44,0,55,80,16,16,7,true,1,1
3231045A.CAD,6118,2242322dd484,3231045,MACRO NAME,164,164,0,5452,0,54,208,44,9,2,22,22,13,11,54,0,55,82,16,16,7,true,1,1
3231046A.CAD,9427,6b7e79119341,3231046,MACRO NAME,263,263,0,8430,0,101,324,74,14,2,30,30,20,13,95,0,78,168,37,37,8,true,3,1
3231047A.CAD,4452,b3878667c48b,3231047,BLW TK,123,123,0,3894,0,40,149,32,8,0,14,14,1,13,34,0,47,60,18,18,2,true,2,1
3231048A.CAD,10170,cf55be59aaad,3231048,MACRO NAME,283,283,0,9158,0,113,354,80,20,2,35,35,20,18,107,0,74,173,38,38,10,true,3,1
3231049A.CAD,4746,9a6c500c0d1e,3231049,BLW TK,136,136,0,4174,0,49,164,34,8,0,15,15,2,13,44,0,48,64,19,19,2,true,2,1
3231050A.CAD,7357,a4bac6cdd1c1,3231050,MACRO NAME,195,195,0,6574,0,60,248,54,11,2,26,26,16,13,56,0,72,118,22,22,8,true,2,1
3231051A.CAD,4424,23bb3be184e2,3231051,BLW TK,122,122,0,3866,0,39,148,32,8,0,14,14,1,13,34,0,46,59,18,18,3,true,2,1
3231052A.CAD,7564,ad374f100fa6,3231052,MACRO NAME,208,208,0,6780,0,72,261,54,12,2,26,26,16,13,68,0,72,118,22,22,8,true,2,1
3231053A.CAD,4424,c6f8c3bd608e,3231053,BLW TK,122,122,0,3866,0,39,148,32,8,0,14,14,1,13,34,0,46,61,18,18,3,true,2,1
3231054A.CAD,3791,e06aadadb9e1,3231054,MEDIUM PRESSURE STEAM,103,103,0,3234,0,31,122,28,0,0,9,9,8,4,28,0,45,68,16,16,0,true,2,1
3231055A.CAD,3747,d59b36292d4c,3231055,LOW PRESSURE STEAM HEADER PRESSURE,102,102,0,3218,0,32,121,28,0,0,9,9,8,4,28,0,44,68,16,16,0,true,2,1
3231056A.CAD,1892,04c38c687779,3231056,HEATER OUTLET,45,45,0,1516,0,5,51,11,1,2,4,4,3,1,5,0,26,19,3,3,0,true,1,1
3231057A.CAD,10088,57b64c885b08,3231057,MACRO NAME,271,271,0,9158,0,104,354,80,15,2,37,37,30,18,99,0,75,166,30,30,8,true,3,1
3231058A.CAD,8785,dfe8bbc277ad,3231058,MACRO NAME,236,236,0,7984,0,74,303,63,14,1,33,33,22,14,70,0,87,121,25,25,4,true,2,1
3231059A.CAD,1915,59fbd54dafb8,3231059,HEATER OUTLET,45,45,0,1520,0,5,51,11,1,2,4,4,3,1,5,0,26,19,3,3,0,true,1,1
3231060A.CAD,7051,9011e246768c,3231060,MACRO NAME,186,186,0,6330,0,59,239,51,12,1,26,26,17,12,57,0,64,98,20,20,9,true,2,1
3231061A.CAD,8785,b5c6439c4e97,3231061,MACRO NAME,236,236,0,7984,0,74,303,63,14,1,33,33,22,14,70,0,87,121,25,25,4,true,2,1
3231062A.CAD,2424,4537d17f8126,3231062,HEATER OUTLET,61,61,0,1980,0,15,67,17,3,2,4,4,3,1,13,0,26,30,7,7,0,true,2,1
3231063A.CAD,7051,5e6f2ecb52e2,3231063,MACRO NAME,186,186,0,6330,0,59,239,51,12,1,26,26,17,12,57,0,64,98,20,20,9,true,2,1
3231064A.CAD,8629,749f73b4151f,3231064,MACRO NAME,232,232,0,7828,0,73,297,62,14,1,32,32,21,14,69,0,85,120,25,25,4,true,2,1
3231065A.CAD,2232,3f17525f4ae0,3231065,HEATER OUTLET,55,55,0,1806,0,11,61,15,2,2,4,4,3,1,10,0,26,27,6,6,0,true,2,1
3231066A.CAD,7730,fc8a72e9949b,3231066,MACRO NAME,210,210,0,6980,0,77,269,56,15,2,28,28,19,14,75,0,62,102,20,20,10,true,3,1
3231067A.CAD,8629,9192636e7942,3231067,MACRO NAME,232,232,0,7828,0,73,297,62,14,1,32,32,21,14,69,0,85,120,25,25,4,true,2,1
3231068A.CAD,2391,37ef7fbd6016,3231068,DIG 5 TOP AND BOTTOM TEMP,59,59,0,1976,0,11,69,15,3,2,6,6,3,3,9,0,30,29,5,5,0,true,2,1
3231069A.CAD,7046,a75ba412881b,3231069,MACRO NAME,185,185,0,6334,0,57,240,51,11,1,27,27,18,12,56,0,65,95,19,19,9,true,2,1
3231070A.CAD,8668,813af0355547,3231070,MACRO NAME,235,235,0,7832,0,95,309,70,14,1,36,36,27,13,93,0,56,138,28,28,4,true,2,1
3231071A.CAD,2707,1bb48af6d261,3231071,DIGESTER 5 DIRECT MPS FOR KRAFT RAMP,70,70,0,2276,0,19,86,18,3,0,9,9,6,3,19,0,28,38,9,9,0,true,1,1
3231072A.CAD,2395,cb7bc7cd5297,3231072,DIG 6 TOP AND BOTTOM TEMP,59,59,0,1980,0,11,69,15,3,2,6,6,3,3,9,0,30,29,5,5,0,true,2,1
3231073A.CAD,7046,be9b9ad4361c,3231073,MACRO NAME,185,185,0,6334,0,57,240,51,11,1,27,27,18,12,56,0,65,95,19,19,9,true,2,1
3231074A.CAD,9522,884100f083aa,3231074,MACRO NAME,265,265,0,8686,0,95,339,70,14,1,36,36,27,13,93,0,86,138,28,28,4,true,2,1
3231075A.CAD,2707,87ce7da4c38f,3231075,DIGESTER 6 DIRECT MPS FOR KRAFT RAMP,70,70,0,2276,0,19,86,18,3,0,9,9,6,3,19,0,28,38,9,9,0,true,1,1
3231076A.CAD,2727,49e19796ac40,3231076,DIG 7 TOP AND BOTTOM TEMP,69,69,0,2262,0,17,79,19,4,2,6,6,3,3,14,0,30,37,8,8,0,true,3,1
3231077A.CAD,7046,09273a077438,3231077,MACRO NAME,185,185,0,6334,0,57,240,51,11,1,27,27,18,12,56,0,65,95,19,19,9,true,2,1
3231078A.CAD,8996,bd7352f82a0c,3231078,MACRO NAME,251,251,0,8200,0,89,320,64,14,1,34,34,25,12,87,0,84,128,25,25,4,true,2,1
3231079A.CAD,2597,d6e9ce0d685f,3231079,DIGESTER 7 DIRECT MPS FOR KRAFT RAMP,65,65,0,2166,0,19,81,18,3,0,9,9,6,3,19,0,23,38,9,9,0,true,1,1
3231080A.CAD,2527,8b1d7aacc5c2,3231080,DIG 8 TOP AND BOTTOM TEMP,63,63,0,2080,0,13,73,17,3,2,6,6,3,3,11,0,30,35,7,7,0,true,2,1
3231081A.CAD,7045,2f3fb84d9e27,3231081,MACRO NAME,185,185,0,6334,0,57,240,51,11,1,27,27,18,12,56,0,65,95,19,19,9,true,2,1
3231082A.CAD,8896,8e01f07d8479,3231082,MACRO NAME,249,249,0,8100,0,88,316,63,14,1,33,33,24,12,86,0,84,126,25,25,4,true,2,1
3231083A.CAD,2741,4ab935401f36,3231083,DIGESTER 8 DIRECT MPS FOR KRAFT RAMP,71,71,0,2310,0,19,87,18,4,0,9,9,6,3,19,0,28,38,9,9,0,true,1,1
3231084A.CAD,1852,be2efce1d41d,3231084,CONDENSATE FLOW TOTAL,46,46,0,1430,0,10,50,10,2,1,3,3,3,0,9,0,23,28,5,5,0,true,2,1
3231091A.CAD,2602,d11fc198df47,3231091,,72,72,0,2154,0,21,78,16,3,1,4,4,2,2,17,0,34,35,10,10,0,true,2,1
3231092A.CAD,2102,52d71384dbc5,3231092,,55,55,0,1678,0,12,59,13,2,1,3,3,2,1,11,0,27,29,8,8,0,true,2,1
3231093A.CAD,1922,4b437c9e5214,3231093,,49,49,0,1508,0,9,53,12,1,1,3,3,2,1,9,0,25,27,7,7,0,true,1,1
3231094A.CAD,2070,1be58e8c5518,3231094,,55,55,0,1646,0,13,59,13,2,1,3,3,2,1,13,0,25,28,8,8,0,true,1,1
32310A4A.CAD,9508,060c9506daae,32310A4,MACRO NAME,264,264,0,8668,0,95,335,67,16,2,34,34,25,14,92,0,87,137,26,26,6,true,2,1
32310A5A.CAD,2572,b769a5ece045,32310A5,DIG 5 COOKING RELIEF,72,72,0,2112,0,28,80,16,6,0,5,5,4,1,27,0,21,37,10,10,0,true,2,1
32310A6A.CAD,9438,023f54e8c092,32310A6,MACRO NAME,262,262,0,8598,0,94,333,67,16,2,34,34,25,14,92,0,85,137,26,26,6,true,2,1
32310A7A.CAD,2564,c4fffe425cf3,32310A7,DIG 6 COOKING RELIEF,72,72,0,2104,0,28,80,16,6,0,5,5,4,1,27,0,21,37,10,10,0,true,2,1
32310A8A.CAD,6962,b143ad53f01b,32310A8,MACRO NAME,189,189,0,6284,0,62,244,48,9,1,27,27,18,12,61,0,69,95,17,17,6,true,2,1
32310A9A.CAD,2503,5401bb6328eb,32310A9,DIG 7 COOKING RELIEF,67,67,0,2040,0,22,75,16,6,0,5,5,4,1,21,0,22,38,10,10,0,true,2,1
32310B0A.CAD,7062,7c55033a73e0,32310B0,MACRO NAME,191,191,0,6384,0,63,248,49,9,1,28,28,19,12,62,0,69,96,17,17,6,true,2,1
32310B1A.CAD,2503,a442de33b66f,32310B1,DIG 8 COOKING RELIEF,67,67,0,2044,0,22,75,16,6,0,5,5,4,1,21,0,22,37,10,10,0,true,2,1
32310B2A.CAD,9732,396a78e40eb7,32310B2,MACRO NAME,267,267,0,9014,0,98,343,74,16,3,41,41,20,17,86,0,89,103,31,26,9,true,3,1
32310B3A.CAD,8809,5d79dd613fe3,32310B3,MACRO NAME,244,244,0,8156,0,90,315,69,17,3,36,36,21,16,83,0,73,104,26,26,8,true,2,1
32310B4A.CAD,8190,47da1645f96f,32310B4,MACRO NAME,228,228,0,7542,0,82,291,64,15,3,32,32,18,15,77,0,70,97,25,25,9,true,2,1
32310B5A.CAD,8568,5ab35bcc614d,32310B5,MACRO NAME,233,233,0,7760,0,82,300,68,16,3,34,34,19,16,82,0,65,105,27,27,8,true,1,1
32310B6A.CAD,7489,66c81fd71f9a,32310B6,BATHING STEAM VALVE,199,199,0,6748,0,60,257,54,13,1,29,29,18,13,60,0,70,105,21,21,8,true,1,1
32310B7A.CAD,7467,2460487025f1,32310B7,BATHING STEAM VALVE,198,198,0,6726,0,60,256,54,13,1,29,29,18,13,60,0,69,105,21,21,7,true,1,1
32310B8A.CAD,7489,678b20d989db,32310B8,BATHING STEAM VALVE,199,199,0,6748,0,60,257,54,13,1,29,29,18,13,60,0,70,105,21,21,7,true,1,1
32310B9A.CAD,7120,f0688dc288ce,32310B9,BATHING STEAM VALVE,196,196,0,6378,0,69,248,51,13,1,26,26,15,13,69,0,61,102,21,21,8,true,1,1
32310C0A.CAD,6786,8eb7a3b4675b,32310C0,MACRO NAME,190,190,0,5826,0,77,221,51,14,1,16,16,12,4,72,0,52,138,32,30,0,true,4,1
32310C1A.CAD,6040,955db77de9ce,32310C1,MACRO NAME,166,166,0,5148,0,63,195,47,9,1,14,14,13,3,60,0,49,125,28,27,0,true,4,1
32310C2A.CAD,6216,c66b4d1dbc1c,32310C2,MACRO NAME,173,173,0,5590,0,54,215,43,9,1,20,20,14,10,54,0,65,76,17,17,5,true,1,1
32310C3A.CAD,5818,dcc642884fb4,32310C3,MACRO NAME,160,160,0,5174,0,59,203,44,11,1,20,20,14,10,59,0,45,80,18,18,5,true,1,1
32310C4A.CAD,5341,e9597d33ad5f,32310C4,MACRO NAME,140,140,0,4796,0,41,178,44,13,3,20,20,6,14,41,0,40,65,18,18,9,true,1,1
32310C5A.CAD,5341,f8304e8227b2,32310C5,MACRO NAME,140,140,0,4796,0,41,178,44,13,3,20,20,6,14,41,0,40,65,18,18,9,true,1,1
32310C6A.CAD,5405,c530367d86d0,32310C6,MACRO NAME,140,140,0,4796,0,41,178,44,13,3,20,20,6,14,41,0,40,66,18,18,8,true,1,1
32310C7A.CAD,5342,321628a71519,32310C7,MACRO NAME,140,140,0,4796,0,41,178,44,13,3,20,20,6,14,41,0,40,66,18,18,9,true,1,1
32310C8A.CAD,6624,e1fc1e74de6e,32310C8,MACRO NAME,185,185,0,5960,0,71,225,56,17,4,20,20,6,16,70,0,40,86,25,25,13,true,2,1
32310C9A.CAD,6632,bafa7a1815fb,32310C9,MACRO NAME,185,185,0,5968,0,71,225,56,17,4,20,20,6,16,70,0,40,86,25,25,13,true,2,1
32310D0A.CAD,6375,4ec151bbe13c,32310D0,MACRO NAME,168,168,0,5712,0,54,208,56,17,4,20,20,6,16,53,0,40,82,25,25,13,true,2,1
32310D1A.CAD,6372,3f3e64f923e7,32310D1,MACRO NAME,168,168,0,5708,0,54,208,56,17,4,20,20,6,16,53,0,40,83,25,25,13,true,2,1
32310D2A.CAD,7451,9a5f715254ec,32310D2,MACRO NAME,202,202,0,6844,0,77,268,61,14,3,34,34,20,14,72,0,53,88,21,21,10,true,2,1
32310D3A.CAD,8155,acd186912be8,32310D3,MACRO NAME,226,226,0,7548,0,77,292,61,14,3,34,34,20,14,72,0,77,88,21,21,10,true,2,1
32310D4A.CAD,7901,c722edce36e0,32310D4,MACRO NAME,218,218,0,7304,0,74,282,59,13,3,33,33,19,14,69,0,75,85,20,20,10,true,2,1
32310D5A.CAD,7874,9e046a265d5a,32310D5,MACRO NAME,214,214,0,7192,0,70,278,59,13,3,33,33,19,14,69,0,71,85,20,20,10,true,2,1
32310D6A.CAD,5600,8d7ba3e4a7f8,32310D6,THIS SHEET,149,149,0,4772,0,43,178,39,13,1,15,15,13,3,42,0,53,129,21,21,0,true,2,1
32310D7A.CAD,5469,92db38ff9bc4,32310D7,THIS SHEET,145,145,0,4666,0,41,174,38,12,1,15,15,13,3,40,0,53,122,20,20,0,true,2,1
32310D8A.CAD,5351,c1a65ba0cb0d,32310D8,THIS SHEET,142,142,0,4544,0,40,169,37,12,1,14,14,13,2,39,0,52,121,20,20,0,true,2,1
32310D9A.CAD,5526,c14c5ee6e69c,32310D9,THIS SHEET,154,154,0,4730,0,54,181,38,12,1,14,14,12,3,52,0,50,121,20,20,0,true,3,1
32310E0A.CAD,5554,1d3dc49375c0,32310E0,THIS SHEET,148,148,0,4726,0,43,175,38,13,1,14,14,13,2,41,0,54,127,21,21,0,true,2,1
32310E1A.CAD,5407,a245b43dab08,32310E1,THIS SHEET,143,143,0,4604,0,40,170,37,12,1,14,14,13,2,38,0,54,120,20,20,0,true,2,1
32310E2A.CAD,5415,c3928addad33,32310E2,THIS SHEET,144,144,0,4608,0,41,171,37,12,1,14,14,13,2,39,0,54,120,20,20,0,true,2,1
32310E3A.CAD,5520,a708267dae80,32310E3,THIS SHEET,154,154,0,4696,0,53,179,37,12,1,13,13,12,2,51,0,52,119,20,20,0,true,3,1
32310E6A.CAD,5924,8c9dc9c307b1,32310E6,MACRO NAME,154,154,0,5242,0,46,194,43,10,2,20,20,12,10,46,0,53,85,17,17,8,true,1,1
32310E7A.CAD,5924,2222baae9f7a,32310E7,MACRO NAME,154,154,0,5242,0,46,194,43,10,2,20,20,12,10,46,0,53,85,17,17,8,true,1,1
32310E8A.CAD,5924,fe795ba71f8e,32310E8,MACRO NAME,154,154,0,5242,0,46,194,43,10,2,20,20,12,10,46,0,53,85,17,17,8,true,1,1
32310E9A.CAD,5854,96bef9fd0294,32310E9,MACRO NAME,158,158,0,5172,0,57,196,44,9,2,19,19,11,10,55,0,48,83,17,17,8,true,2,1
32310F0A.CAD,4690,2667fa30b247,32310F0,PUMP OUTLET VALVE,126,126,0,4150,0,37,156,31,5,1,14,14,13,5,36,0,52,58,11,11,2,true,2,1
32310F1A.CAD,4346,71ed36b484e9,32310F1,PUMP OUTLET VALVE,116,116,0,3816,0,33,142,28,4,1,12,12,12,4,32,0,50,54,10,10,2,true,2,1
32310F2A.CAD,4159,69fabe8ba48d,32310F2,PUMP OUTLET VALVE,109,109,0,3640,0,27,133,26,4,1,11,11,11,4,26,0,51,50,9,9,2,true,2,1
32310F3A.CAD,4137,bc72c01a1ce9,32310F3,PUMP OUTLET VALVE,108,108,0,3618,0,27,132,26,4,1,11,11,11,4,26,0,50,50,9,9,2,true,2,1
32310F4A.CAD,1958,3c9793b48484,32310F4,,50,50,0,1484,0,18,53,9,4,2,3,3,1,1,16,0,19,30,5,4,0,true,3,1
32310F5A.CAD,1835,b0eec15b1aea,32310F5,DIGESTER 5/6 VESSEL PRESSURE,44,44,0,1510,0,6,50,11,2,2,4,4,2,2,5,0,24,11,3,3,0,true,2,1
32310F6A.CAD,1803,b8a0e2b723d1,32310F6,DIGESTER 7/8 VESSEL PRESSURE,42,42,0,1458,0,5,48,10,2,2,4,4,2,2,4,0,24,10,2,2,1,true,2,1
32310F7A.CAD,1469,e094f5d7f121,32310F7,DIGESTER 5/6 DOME TEMPERATURE,33,33,0,1112,0,2,35,8,0,2,2,2,2,0,2,0,21,14,2,2,0,true,1,1
32310F8A.CAD,1989,c3cb53f7b047,32310F8,DIGESTER 7/8 DOME TEMPERATURE,49,49,0,1564,0,12,51,14,2,2,2,2,2,0,10,0,21,24,6,6,0,true,2,1
32310F9A.CAD,1758,d8ac91bf379b,32310F9,FOUL CUNDUCTIVITY AND VALVE,43,43,0,1328,0,11,45,10,3,2,2,2,1,1,10,0,18,25,5,5,0,true,2,1
32310G0A.CAD,5413,4db1c7b87565,32310G0,MACRO NAME,141,141,0,4852,0,42,181,45,13,3,21,21,7,14,42,0,39,62,18,18,13,true,1,1
32310G1A.CAD,6952,cc98e0a81cf2,32310G1,MACRO NAME,192,192,0,6320,0,77,238,59,16,5,23,23,10,15,69,0,46,88,25,25,8,true,3,1
32310G2A.CAD,5973,69a39f697699,32310G2,MACRO NAME,157,157,0,5352,0,49,199,50,17,3,22,22,6,16,49,0,39,73,22,22,15,true,1,1
32310G3A.CAD,5545,2240dead2c67,32310G3,MACRO NAME,147,147,0,4988,0,44,185,44,13,3,20,20,6,14,41,0,47,63,18,18,11,true,2,1
32310G4A.CAD,5517,10c920ee0633,32310G4,MACRO NAME,144,144,0,4946,0,43,184,46,14,3,21,21,6,15,43,0,39,66,19,19,12,true,1,1
32310G5A.CAD,2523,8758c582c860,32310G5,DIGESTER 5 RECIRC PMP SEAL WATER,62,62,0,2076,0,12,72,16,2,3,6,6,4,2,12,0,30,37,7,7,0,true,1,1
32310G6A.CAD,8955,d7f0dfeaa4b2,32310G6,MACRO NAME,249,249,0,8144,0,83,313,63,18,0,31,31,22,13,73,0,93,135,27,27,3,true,3,1
32310G7A.CAD,6338,0f74264886b0,32310G7,THIS SHEET,172,172,0,5482,0,59,206,54,4,0,15,15,14,7,55,0,57,151,33,33,1,true,2,1
32310G8A.CAD,5411,e5a36665cd60,32310G8,MACRO NAME,141,141,0,4854,0,42,181,45,13,3,21,21,7,14,42,0,39,62,18,18,13,true,1,1
32310G9A.CAD,7980,6306a70d4f21,32310G9,MACRO NAME,225,225,0,7346,0,81,277,62,15,4,26,26,11,17,71,0,75,93,26,26,8,true,2,1
32310H0A.CAD,1691,c035ca393fc0,32310H0,MACRO NAME,40,40,0,1298,0,7,46,8,1,1,4,4,3,1,7,0,22,21,3,3,0,true,1,1
32310H1A.CAD,5869,f8e94f26c168,32310H1,MACRO NAME,156,156,0,5308,0,47,198,48,15,3,22,22,8,14,47,0,44,72,20,20,11,true,1,1
32310H2A.CAD,5973,b0ec2fa0500d,32310H2,MACRO NAME,157,157,0,5360,0,49,199,50,17,3,22,22,6,16,49,0,39,75,22,22,13,true,1,1
32310H3A.CAD,5545,74e49bc59b2f,32310H3,MACRO NAME,147,147,0,4988,0,44,185,44,13,3,20,20,6,14,41,0,47,65,18,18,9,true,2,1
32310H4A.CAD,5518,cfd7f87dd876,32310H4,MACRO NAME,144,144,0,4946,0,43,184,46,14,3,21,21,6,15,43,0,39,66,19,19,12,true,1,1
32310H5A.CAD,1515,7b73b4c1c0dc,32310H5,DIGESTER 6 RECIRC PMP SEAL WATER,36,36,0,1180,0,4,40,7,1,2,3,3,2,1,4,0,22,11,2,2,0,true,1,1
32310H6A.CAD,8955,4d6e504a6947,32310H6,MACRO NAME,249,249,0,8144,0,83,313,63,18,0,31,31,22,13,73,0,93,135,27,27,3,true,3,1
32310H7A.CAD,6360,9e606fa860aa,32310H7,THIS SHEET,173,173,0,5504,0,59,207,54,4,0,15,15,14,7,55,0,58,151,33,33,1,true,2,1
32310H8A.CAD,5413,a5bd732518fe,32310H8,MACRO NAME,141,141,0,4856,0,42,181,45,13,3,21,21,7,14,42,0,39,62,18,18,13,true,1,1
32310H9A.CAD,7237,e65bd19f8984,32310H9,MACRO NAME,194,194,0,6628,0,59,241,57,15,4,23,23,11,15,52,0,68,85,23,23,9,true,2,1
32310I0A.CAD,5973,aa36e0c0f774,32310I0,MACRO NAME,157,157,0,5360,0,49,199,50,17,3,22,22,6,16,49,0,39,73,22,22,15,true,1,1
32310I1A.CAD,5545,4809664f5c62,32310I1,MACRO NAME,147,147,0,4988,0,44,185,44,13,3,20,20,6,14,41,0,47,63,18,18,11,true,2,1
32310I2A.CAD,5551,16d8ee69eb2e,32310I2,MACRO NAME,144,144,0,4946,0,43,184,46,14,3,21,21,6,15,43,0,39,64,19,19,14,true,1,1
32310I3A.CAD,1079,3d5afbbd7f73,32310I3,DIGESTER 7 RECIRC PMP SEAL WATER,24,24,0,772,0,1,24,4,0,1,1,1,1,0,1,0,17,4,1,1,0,true,1,1
32310I4A.CAD,8649,19f643c4d202,32310I4,MACRO NAME,241,241,0,7882,0,78,303,59,18,0,30,30,22,12,68,0,94,125,24,24,3,true,3,1
32310I5A.CAD,5752,c4d45eeb2932,32310I5,THIS SHEET,155,155,0,4930,0,51,185,50,3,0,13,13,13,6,50,0,50,140,31,31,1,true,2,1
32310I6A.CAD,5413,727dd874b33f,32310I6,MACRO NAME,141,141,0,4856,0,42,181,45,13,3,21,21,7,14,42,0,39,62,18,18,13,true,1,1
32310I7A.CAD,7974,5a1158727d6c,32310I7,DIG 8 CAPPING VALVE,223,223,0,7332,0,82,275,63,16,4,25,25,13,16,73,0,69,92,26,26,9,true,2,1
32310I8A.CAD,5974,7d69d2fe771f,32310I8,MACRO NAME,157,157,0,5360,0,49,199,50,17,3,22,22,6,16,49,0,39,75,22,22,13,true,1,1
32310I9A.CAD,5545,98b645e140b2,32310I9,MACRO NAME,147,147,0,4988,0,44,185,44,13,3,20,20,6,14,41,0,47,65,18,18,9,true,2,1
32310J0A.CAD,5515,ce53158fcf4b,32310J0,MACRO NAME,144,144,0,4944,0,43,184,46,14,3,21,21,6,15,43,0,39,66,19,19,12,true,1,1
32310J1A.CAD,1079,8712209aa0bf,32310J1,DIGESTER 8 RECIRC PMP SEAL WATER,24,24,0,772,0,1,24,4,0,1,1,1,1,0,1,0,17,4,1,1,0,true,1,1
32310J2A.CAD,8581,bbaf0d002143,32310J2,MACRO NAME,238,238,0,7814,0,77,300,59,18,0,30,30,22,12,68,0,91,124,24,24,3,true,3,1
32310J3A.CAD,5722,40bf028225cc,32310J3,THIS SHEET,154,154,0,4900,0,51,184,50,3,0,13,13,13,6,50,0,49,140,31,31,1,true,2,1
32310J4A.CAD,4440,22042ed4c849,32310J4A,MACRO NAME,121,121,0,3748,0,54,142,33,10,2,11,11,8,4,52,0,24,94,18,18,0,true,2,1
32310J8A.CAD,1928,171b62fd5995,32310J8,MACRO NAME,50,50,0,1532,0,12,54,11,3,2,3,3,1,2,12,0,22,25,5,5,0,true,1,1
32310J9A.CAD,3677,9cced217db92,32310J9,MACRO NAME,104,104,0,3162,0,44,124,28,10,4,11,10,7,4,42,0,22,60,16,16,0,true,3,1
32310K0A.CAD,6167,eed0ac143e61,32310K0,THIS SHEET,176,176,0,5446,0,64,201,32,17,0,13,13,6,8,40,0,85,74,18,18,0,true,2,1
32310K1A.CAD,7511,baf103887962,32310K1,NEXT PAGE,209,209,0,7070,0,49,274,42,4,0,33,33,33,1,48,0,113,57,8,8,0,true,2,1
32310K2A.CAD,7835,aa1e39ce349c,32310K2,PREVIOUS PAGE,204,204,0,7308,0,54,265,47,3,0,21,21,42,0,54,0,98,56,5,5,0,true,1,1
32310K3A.CAD,13158,e7a3b1565ed4,32310K3,THIS SHEET,304,304,0,10216,0,142,378,77,19,0,37,37,5,33,119,0,88,297,39,39,0,true,3,1
32310K4A.CAD,6184,039776b3ca33,32310K4,DIGESTER 5 SEQ DRIVERS,149,149,0,4872,0,62,196,45,15,0,24,24,2,22,62,0,26,143,21,21,2,true,1,1
32310K5A.CAD,5592,e2e352f4f21e,32310K5,DIGESTER 5 SEQ DRIVERS,127,127,0,4350,0,40,170,38,10,0,22,22,2,20,40,0,38,102,16,16,2,true,1,1
32310K6A.CAD,7962,b2d2c9ecd8aa,32310K6,WAIT CHIP FILL,238,238,0,6788,0,90,266,50,28,0,15,15,15,0,90,0,68,211,35,35,0,true,1,1
32310K7A.CAD,3389,4adad1f6d905,32310K7,DIGESTER 5 SEQUENCE TIMERS,87,87,0,2670,0,28,95,28,8,0,5,5,3,2,27,0,22,82,22,22,2,true,2,1
32310K8A.CAD,3393,feeed2f7f890,32310K8,DIGESTER 5 SEQUENCE DRIVER,87,87,0,2970,0,21,115,22,6,0,15,15,8,7,21,0,36,36,7,7,0,true,1,1
32310K9A.CAD,6139,d1811dd18a93,32310K9,THIS SHEET,178,178,0,5502,0,66,203,32,17,0,13,13,6,8,40,0,87,74,18,18,0,true,2,1
32310L0A.CAD,7493,1539b35dc33a,32310L0,NEXT PAGE,208,208,0,7052,0,49,272,42,4,0,32,32,33,1,48,0,112,57,8,8,0,true,2,1
32310L1A.CAD,8251,600a77d05762,32310L1,PREVIOUS PAGE,224,224,0,7816,0,55,294,48,3,0,30,30,42,0,55,0,116,58,6,6,0,true,1,1
32310L2A.CAD,13136,8d06daf40d8b,32310L2,THIS SHEET,304,304,0,10194,0,142,378,77,19,0,37,37,5,33,119,0,88,325,39,39,0,true,3,1
32310L3A.CAD,6764,83e8a5e552ac,32310L3,DIGESTER 6 SEQ DRIVERS,160,160,0,5452,0,49,209,46,15,0,25,25,2,23,48,0,50,143,21,21,2,true,2,1
32310L4A.CAD,5570,1a673ee28bf9,32310L4,DIGESTER 6 SEQ DRIVERS,126,126,0,4328,0,40,169,38,10,0,22,22,2,20,40,0,37,115,16,16,2,true,1,1
32310L5A.CAD,7962,925eaf7770d4,32310L5,WAIT CHIP FILL,238,238,0,6788,0,90,266,50,28,0,15,15,15,0,90,0,68,211,35,35,0,true,1,1
32310L6A.CAD,3389,409bb0a57b4e,32310L6,DIGESTER 6 SEQUENCE TIMERS,87,87,0,2670,0,28,95,28,8,0,5,5,3,2,27,0,22,84,22,22,0,true,2,1
32310L7A.CAD,3371,e6800976d6fc,32310L7,DIGESTER 6 SEQUENCE DRIVER,87,87,0,2948,0,21,115,22,6,0,15,15,8,7,21,0,36,36,7,7,0,true,1,1
32310L8A.CAD,6139,ae386b87b7dc,32310L8,THIS SHEET,178,178,0,5502,0,66,203,32,17,0,13,13,6,8,40,0,87,74,18,18,0,true,2,1
32310L9A.CAD,7333,ee44c30fa8d1,32310L9,NEXT PAGE,203,203,0,6856,0,48,267,41,2,0,33,33,32,1,46,0,112,53,7,7,0,true,3,1
32310M0A.CAD,7544,ecc573aafbcf,32310M0,DIGESTER 7 SEQUENCE TRIGGERS,198,198,0,7116,0,57,256,47,3,0,18,18,42,0,57,0,89,56,5,5,0,true,1,1
32310M1A.CAD,12537,c0511794b703,32310M1,THIS SHEET,274,274,0,9612,0,116,344,74,18,0,35,35,5,31,97,0,84,283,38,38,0,true,3,1
32310M2A.CAD,6617,31b9388df5c4,32310M2,DIGESTER 7 SEQ DRIVERS,156,156,0,5306,0,47,203,45,15,0,24,24,2,22,47,0,48,131,21,21,2,true,1,1
32310M3A.CAD,5576,3794cd081929,32310M3,DIGESTER 7 SEQ DRIVERS,126,126,0,4334,0,40,169,38,10,0,22,22,2,20,40,0,37,98,16,16,0,true,1,1
32310M4A.CAD,7261,2bdd6f8b9ff1,32310M4,WAIT CHIP FILL,202,202,0,6124,0,58,228,46,27,0,14,14,14,0,58,0,69,202,32,32,0,true,1,1
32310M5A.CAD,3389,369f472f794a,32310M5,DIGESTER 7 SEQUENCE TIMERS,87,87,0,2670,0,28,95,28,8,0,5,5,3,2,27,0,22,84,22,22,0,true,2,1
32310M6A.CAD,3391,db0a72a28b2b,32310M6,DIGESTER 7 SEQUENCE DRIVER,87,87,0,2968,0,21,115,22,6,0,15,15,8,7,21,0,36,36,7,7,0,true,1,1
32310M7A.CAD,6139,4d1d9ce43326,32310M7,THIS SHEET,178,178,0,5502,0,66,203,32,17,0,13,13,6,8,40,0,87,78,18,18,0,true,2,1
32310M8A.CAD,7216,605fe27528e6,32310M8,NEXT PAGE,203,203,0,6784,0,51,265,41,2,0,32,32,31,1,48,0,110,52,7,7,0,true,3,1
32310M9A.CAD,7858,8584922b89cc,32310M9,PREVIOUS PAGE,212,212,0,7422,0,58,282,48,3,0,30,30,42,0,58,0,101,58,6,6,0,true,1,1
32310N0A.CAD,12763,677cb64a287c,32310N0,THIS SHEET,293,293,0,9838,0,135,363,74,18,0,35,35,5,31,115,0,85,303,38,38,0,true,3,1
32310N1A.CAD,6918,1fd80f114e26,32310N1,DIGESTER 8 SEQ DRIVERS,174,174,0,5606,0,63,223,46,15,0,25,25,2,23,63,0,49,141,21,21,2,true,1,1
32310N2A.CAD,5576,9bdc7f34b931,32310N2,DIGESTER 8 SEQ DRIVERS,126,126,0,4334,0,40,169,38,10,0,22,22,2,20,40,0,37,113,16,16,2,true,1,1
32310N3A.CAD,7630,92eee6802c90,32310N3,WAIT CHIP FILL,228,228,0,6492,0,84,254,46,27,0,14,14,14,0,84,0,69,202,32,32,0,true,1,1
32310N4A.CAD,3389,726f51a184cf,32310N4,DIGESTER 8 SEQUENCE TIMERS,87,87,0,2670,0,28,95,28,8,0,5,5,3,2,27,0,22,84,22,22,2,true,2,1
32310N5A.CAD,3391,a52b770d51c6,32310N5,DIGESTER 8 SEQUENCE DRIVER,87,87,0,2968,0,21,115,22,6,0,15,15,8,7,21,0,36,36,7,7,5,true,1,1
32310P0A.CAD,8972,5fbbc27f3942,32310P0,RUNNING FEEDBACK,252,252,0,8182,0,92,305,72,13,4,26,26,14,15,79,0,86,130,35,34,8,true,3,1
32310P1A.CAD,2628,ad1ff5735693,32310P1,PUMP AUTO RESTART,71,71,0,2188,0,19,83,18,1,0,7,7,6,1,19,0,31,39,11,11,0,true,1,1
32310P2A.CAD,8962,b699f644284b,32310P2,RUNNING FEEDBACK,251,251,0,8172,0,92,304,72,13,4,26,26,14,15,79,0,85,130,35,34,8,true,3,1
32310P3A.CAD,2628,81b22b8fc396,32310P3,PUMP AUTO RESTART,71,71,0,2188,0,19,83,18,1,0,7,7,6,1,19,0,31,39,11,11,0,true,1,1
32310P4A.CAD,8494,561c2f16be66,32310P4,RUNNING FEEDBACK,231,231,0,7706,0,77,279,68,13,4,23,23,12,15,62,0,86,123,33,32,5,true,3,1
32310P5A.CAD,2643,e6f9eddc2d38,32310P5,PUMP AUTO RESTART,71,71,0,2204,0,18,83,18,1,0,7,7,6,1,18,0,32,39,11,11,0,true,1,1
32310P6A.CAD,8569,82625c820dc6,32310P6,RUNNING FEEDBACK,235,235,0,7810,0,80,283,68,13,4,23,23,12,15,62,0,90,124,33,32,5,true,3,1
32310P7A.CAD,2675,fc11775822e0,32310P7,PUMP AUTO RESTART,72,72,0,2236,0,18,84,18,1,0,7,7,6,1,18,0,33,39,11,11,0,true,1,1
32310Z0A.CAD,18094,64cef624ed65,32310Z0,,479,479,0,17128,0,215,617,113,10,0,84,83,12,43,85,0,270,102,58,21,8,true,3,1
32310Z1A.CAD,8935,806f62b70de9,32310Z1A,,213,213,0,8276,0,99,325,85,3,0,61,61,22,30,61,0,63,96,33,21,15,true,3,1
32310Z2A.CAD,11501,cd95091ff811,32310Z2,,321,321,0,10660,0,115,404,90,15,0,45,45,27,12,88,0,127,141,49,38,0,true,4,1
32310Z4A.CAD,1951,ea67ee9aa532,32310Z4,ANUNCIATOR ALARM,47,47,0,1614,0,8,61,12,0,0,8,8,4,4,8,0,25,16,4,4,4,true,1,1
32310Z5A.CAD,2304,901d7fcb6c36,32310Z5,,57,57,0,1826,0,21,69,17,3,2,8,8,1,5,19,0,16,38,11,9,0,true,2,1
32310Z6A.CAD,1298,40b13e5a3f12,32310Z6A,,25,25,0,740,0,1,23,9,0,0,0,0,0,0,1,0,13,42,8,8,0,true,1,1
32310Z7A.CAD,3720,17deea16c8aa,32310Z7A,MACRO NAME,99,99,0,3084,0,34,113,26,5,1,7,7,7,2,33,0,33,66,14,14,2,true,2,1
32310Z9A.CAD,2888,b5006f458c18,32310Z9A,,69,69,0,2390,0,27,91,27,3,0,12,12,11,1,26,0,11,53,14,14,0,true,2,1
3230500A.CAD,17816,3e895db5fe64,3230500,,573,573,0,16748,0,513,610,43,3,0,19,19,0,19,29,0,497,69,15,14,10,true,3,1
3230501A.CAD,3570,e63978203d5a,3230501,ANALOG INPUT SLAVE 1,84,84,0,3062,0,19,112,18,2,15,15,15,0,15,19,0,43,40,3,3,2,true,1,1
3230502A.CAD,3308,37222a1d9fb5,3230502,ANALOG INPUT SLAVE 2,76,76,0,2800,0,15,100,16,2,13,13,13,0,13,15,0,41,40,3,3,0,true,1,1
3230503A.CAD,3495,b876d6c5e556,3230503,ANALOG INPUT SLAVE 3,80,80,0,2988,0,17,106,17,2,14,14,14,0,14,16,0,43,42,3,3,0,true,2,1
3230504A.CAD,3482,62404bdde66e,3230504,ANALOG INPUT SLAVE 4,80,80,0,2974,0,17,106,17,2,14,14,14,0,14,16,0,43,42,3,3,0,true,2,1
3230505A.CAD,2764,5a0fc5d61c65,3230505,ANALOG OUTPUT SLAVE 5,58,58,0,2274,0,15,83,16,0,13,13,13,13,0,14,0,27,47,2,2,0,true,2,1
3230506A.CAD,3072,c0847cd59c76,3230506,ANALOG OUTPUT SLAVE 6,69,69,0,2582,0,15,94,16,0,13,13,13,13,0,14,0,38,46,2,2,0,true,2,1
3230507A.CAD,3488,249f60a96bd6,3230507,ANALOG OUTPUT SLAVE 7,79,79,0,2998,0,19,112,20,0,16,17,17,17,0,18,0,40,51,2,2,0,true,2,1
3230508A.CAD,3100,451e7934c2f7,3230508,ANALOG OUTPUT SLAVE 8,70,70,0,2610,0,15,95,16,0,13,13,13,13,0,14,0,39,46,2,2,0,true,2,1
3230509A.CAD,3119,63934c5b4eae,3230509,DIG 3 LIQUOR RECIRC PUMP,76,76,0,2798,0,17,103,16,0,14,14,14,0,14,14,0,45,20,2,2,0,true,2,1
3230510A.CAD,2559,52652ab1366e,3230510,DIGITAL INPUT SLAVE 10,58,58,0,2238,0,14,83,15,0,13,13,13,0,13,13,0,29,19,2,2,0,true,2,1
3230511A.CAD,2391,ce2326764771,3230511,DIGITAL INPUT SLAVE 11,54,54,0,2070,0,13,77,14,0,12,12,12,0,12,12,0,27,18,2,2,0,true,2,1
3230512A.CAD,3103,5353b218ab89,3230512,DIGITAL INPUT SLAVE 12,76,76,0,2782,0,16,103,16,0,14,14,14,0,14,14,0,45,20,2,2,0,true,2,1
3230513A.CAD,2975,55563c63e286,3230513,DIGITAL INPUT SLAVE 13,70,70,0,2654,0,14,97,16,0,14,14,14,0,14,14,0,39,20,2,2,1,true,1,1
3230514A.CAD,2831,d70d82618302,3230514,DIGITAL INPUT SLAVE 14,66,66,0,2510,0,15,91,15,0,13,13,13,0,13,13,0,37,19,2,2,0,true,2,1
3230515A.CAD,2367,af7cb728dcdb,3230515,DIGITAL INPUT SLAVE 15,52,52,0,2046,0,13,73,13,0,11,11,11,0,11,11,0,27,17,2,2,0,true,2,1
3230516A.CAD,2505,ae6ce5f06d92,3230516,DIGITAL INPUT SLAVE 16,58,58,0,2184,0,10,77,12,0,10,10,10,0,10,10,0,35,16,2,2,0,true,1,1
3230517A.CAD,2482,8cfc701c0548,3230517,DIG 1 DRAIN VALVE,55,55,0,2128,0,13,80,15,0,13,13,13,13,0,13,0,26,21,2,2,0,true,1,1
3230518A.CAD,2656,07ae06ec2a3b,3230518,DIG 2 DRAIN VALVE,62,62,0,2302,0,12,85,14,0,12,12,12,12,0,12,0,35,20,2,2,0,true,1,1
3230519A.CAD,2448,894e7864217b,3230519,DIG 3 VENT VALVE,54,54,0,2094,0,13,79,15,0,13,13,13,13,0,13,0,25,21,2,2,0,true,1,1
3230520A.CAD,2475,f16b2c8f0a7b,3230520,DIG 4 BLOW VALVE,58,58,0,2122,0,10,77,12,0,10,10,10,10,0,10,0,35,18,2,2,0,true,1,1
3230530A.CAD,5412,0a869eb17197,3230530,THIS SHEET,145,145,0,4818,0,47,186,38,7,0,20,20,18,5,47,0,51,83,15,15,1,true,1,1
3230531A.CAD,4654,e818709b3645,3230531,DIGESTER 2 MPS STEAM SMOOTHING,125,125,0,4074,0,42,157,32,7,0,16,16,14,4,42,0,42,75,14,14,0,true,1,1
3230532A.CAD,4680,4f4063a24f6c,3230532,DIGESTER 3 MPS STEAM SMOOTHING,126,126,0,4100,0,42,158,32,7,0,16,16,14,4,42,0,43,75,14,14,0,true,1,1
3230533A.CAD,4714,1362300f1166,3230533,DIGESTER 4 MPS STEAM SMOOTHING,126,126,0,4134,0,41,160,33,6,0,17,17,15,4,41,0,44,76,14,14,0,true,1,1
3230534A.CAD,5986,86729a14c708,3230534,MACRO NAME,160,160,0,5306,0,53,203,44,8,2,22,22,13,10,53,0,53,83,17,17,7,true,1,1
3230535A.CAD,2847,e5691583ce45,3230535,DIGESTER 1 TOP RECIRCULATION FLOW,73,73,0,2374,0,20,89,19,3,0,9,9,7,2,20,0,29,50,10,10,0,true,1,1
3230536A.CAD,5986,50e7e821c43c,3230536,MACRO NAME,160,160,0,5306,0,53,203,44,8,2,22,22,13,10,53,0,53,83,17,17,7,true,1,1
3230537A.CAD,2839,91f01c6f7298,3230537,DIGESTER 2 TOP RECIRCULATION FLOW,73,73,0,2366,0,20,89,19,3,0,9,9,7,2,20,0,29,50,10,10,0,true,1,1
3230538A.CAD,5988,ef0ba591639e,3230538,MACRO NAME,160,160,0,5308,0,53,203,44,8,2,22,22,13,10,53,0,53,83,17,17,7,true,1,1
3230539A.CAD,2833,6f5f58081f7e,3230539,DIGESTER 3 TOP RECIRCULATION FLOW,73,73,0,2360,0,20,89,19,3,0,9,9,7,2,20,0,29,50,10,10,0,true,1,1
3230540A.CAD,5988,8caf6f7a8bef,3230540,MACRO NAME,160,160,0,5308,0,53,203,44,8,2,22,22,13,10,53,0,53,83,17,17,7,true,1,1
3230541A.CAD,2841,093fab0f2358,3230541,DIGESTER 4 TOP RECIRCULATION FLOW,73,73,0,2368,0,20,89,19,3,0,9,9,7,2,20,0,29,50,10,10,0,true,1,1
3230542A.CAD,6107,25d345ea563f,3230542,MACRO NAME,163,163,0,5424,0,56,205,45,9,2,21,21,12,11,55,0,52,86,18,18,7,true,2,1
3230543A.CAD,6101,763d7292c8d6,3230543,MACRO NAME,163,163,0,5418,0,56,205,45,9,2,21,21,12,11,55,0,52,86,18,18,7,true,2,1
3230544A.CAD,6093,31bb4853c66e,3230544,MACRO NAME,163,163,0,5410,0,56,205,45,9,2,21,21,12,11,55,0,52,86,18,18,7,true,2,1
3230545A.CAD,6097,d2f22da76bcd,3230545,MACRO NAME,163,163,0,5414,0,56,205,45,9,2,21,21,12,11,55,0,52,86,18,18,7,true,2,1
3230546A.CAD,9632,708f2e569add,3230546,MACRO NAME,269,269,0,8620,0,106,332,76,16,2,31,31,20,14,100,0,75,172,38,38,8,true,3,1
3230547A.CAD,4690,443a050e1c77,3230547,BLW TK,130,130,0,4122,0,43,158,34,8,0,15,15,2,13,36,0,50,63,19,19,2,true,2,1
3230548A.CAD,9300,03c09865d55d,3230548,MACRO NAME,261,261,0,8302,0,102,321,73,15,2,30,30,19,13,96,0,75,168,37,37,8,true,3,1
3230549A.CAD,4508,d5966dbd962c,3230549,BLW TK,125,125,0,3950,0,42,151,32,8,0,14,14,1,13,34,0,49,60,18,18,2,true,2,1
3230550A.CAD,9332,1693c2003e28,3230550,MACRO NAME,262,262,0,8334,0,102,322,73,15,2,30,30,19,13,96,0,76,167,37,37,8,true,3,1
3230551A.CAD,4760,92e8e8ad57c2,3230551,BLW TK,137,137,0,4202,0,52,165,33,9,0,15,15,1,14,44,0,49,60,18,18,3,true,2,1
3230552A.CAD,9828,fdff4b6ac940,3230552,MACRO NAME,274,274,0,8806,0,112,336,75,17,2,32,32,17,15,100,0,80,168,39,37,8,true,4,1
3230553A.CAD,4480,9dec12962271,3230553,BLW TK,124,124,0,3922,0,41,150,32,8,0,14,14,1,13,34,0,48,60,18,18,2,true,2,1
3230554A.CAD,3791,5fc6a960b98f,3230554,MEDIUM PRESSURE STEAM,104,104,0,3262,0,32,123,28,0,0,9,9,8,4,28,0,46,68,16,16,0,true,2,1
3230555A.CAD,3657,a202e18a06e3,3230555,LOW PRESSURE STEAM HEADER PRESSURE,99,99,0,3128,0,32,118,28,0,0,9,9,8,4,28,0,41,68,16,16,0,true,2,1
3230556A.CAD,1893,393b6c4a2533,3230556,HEATER OUTLET,45,45,0,1518,0,5,51,11,1,2,4,4,3,1,5,0,26,19,3,3,0,true,1,1
3230557A.CAD,7650,b41034864ec2,3230557,MACRO NAME,208,208,0,6626,0,90,252,68,15,2,23,23,15,8,84,0,39,167,38,37,1,true,4,1
3230558A.CAD,8785,0d56a510bb97,3230558,MACRO NAME,236,236,0,7984,0,74,303,63,14,1,33,33,22,14,70,0,87,121,25,25,5,true,2,1
3230559A.CAD,1893,fe77973fbdd5,3230559,HEATER OUTLET,45,45,0,1518,0,5,51,11,1,2,4,4,3,1,5,0,26,19,3,3,0,true,1,1
3230560A.CAD,6062,0496d277000b,3230560,MACRO NAME,167,167,0,5122,0,72,194,51,17,2,14,14,10,5,70,0,27,144,31,31,0,true,2,1
3230561A.CAD,8785,8d81a9e305ad,3230561,MACRO NAME,236,236,0,7984,0,74,303,63,14,1,33,33,22,14,70,0,87,121,25,25,6,true,2,1
3230562A.CAD,1893,c062b7ae046e,3230562,HEATER OUTLET,45,45,0,1518,0,5,51,11,1,2,4,4,3,1,5,0,26,19,3,3,0,true,1,1
3230563A.CAD,5256,2eb2e264f2bd,3230563,MACRO NAME,141,141,0,4494,0,59,168,44,10,2,15,15,11,5,57,0,26,114,23,23,0,true,2,1
3230564A.CAD,8786,2602af1d0913,3230564,MACRO NAME,236,236,0,7984,0,74,303,63,14,1,33,33,22,14,70,0,87,124,25,25,6,true,2,1
3230565A.CAD,2161,e842c6699d21,3230565,HEATER OUTLET,45,45,0,1518,0,5,51,11,1,2,4,4,3,1,5,0,26,19,3,3,0,true,1,1
3230566A.CAD,6224,6282177e5e72,3230566,MACRO NAME,170,170,0,5284,0,72,199,52,17,2,15,15,11,5,70,0,29,145,31,31,0,true,2,1
3230567A.CAD,8785,6e727edda5f6,3230567,MACRO NAME,236,236,0,7984,0,74,303,63,14,1,33,33,22,14,70,0,87,121,25,25,6,true,2,1
3230576A.CAD,2647,2f6834935577,3230576,DIG 1 TOP AND BOTTOM TEMP,59,59,0,1972,0,11,69,15,3,2,6,6,3,3,9,0,30,29,5,5,0,true,2,1
3230577A.CAD,7023,dfba03a9dfed,3230577,MACRO NAME,184,184,0,6312,0,57,239,51,11,1,27,27,18,12,56,0,64,95,19,19,9,true,2,1
3230578A.CAD,9500,1304b70eeaef,3230578,MACRO NAME,264,264,0,8664,0,95,338,70,14,1,36,36,27,13,93,0,85,137,28,28,4,true,2,1
3230581A.CAD,2707,79b30947f751,3230581,DIGESTER 1 DIRECT MPS FOR KRAFT RAMP,70,70,0,2276,0,19,86,18,3,0,9,9,6,3,19,0,28,38,9,9,0,true,1,1
3230582A.CAD,2419,68e23f143bff,3230582,DIG 2 TOP AND BOTTOM TEMP,60,60,0,2004,0,11,70,15,3,2,6,6,3,3,9,0,31,29,5,5,0,true,2,1
3230583A.CAD,7023,3e2ccd245621,3230583,MACRO NAME,184,184,0,6312,0,57,239,51,11,1,27,27,18,12,56,0,64,95,19,19,9,true,2,1
3230584A.CAD,9456,e90bff044a01,3230584,MACRO NAME,262,262,0,8620,0,95,336,70,14,1,36,36,27,13,93,0,83,138,28,28,4,true,2,1
3230587A.CAD,2707,98ac61afb352,3230587,DIGESTER 2 DIRECT MPS FOR KRAFT RAMP,70,70,0,2276,0,19,86,18,3,0,9,9,6,3,19,0,28,38,9,9,0,true,1,1
3230588A.CAD,2399,ddbd6c94369a,3230588,DIG 3 TOP AND BOTTOM TEMP,59,59,0,1984,0,11,69,15,3,2,6,6,3,3,9,0,30,29,5,5,0,true,2,1
3230589A.CAD,7023,0ad28f06175c,3230589,MACRO NAME,184,184,0,6312,0,57,239,51,11,1,27,27,18,12,56,0,64,95,19,19,9,true,2,1
3230590A.CAD,9500,c134ec0a32b4,3230590,MACRO NAME,264,264,0,8664,0,95,338,70,14,1,36,36,27,13,93,0,85,138,28,28,4,true,2,1
3230593A.CAD,2707,e5aa890812e4,3230593,DIGESTER 3 DIRECT MPS FOR KRAFT RAMP,70,70,0,2276,0,19,86,18,3,0,9,9,6,3,19,0,28,38,9,9,0,true,1,1
3230594A.CAD,2391,2b83aa600581,3230594,DIG 4 TOP AND BOTTOM TEMP,59,59,0,1976,0,11,69,15,3,2,6,6,3,3,9,0,30,29,5,5,0,true,2,1
3230595A.CAD,7023,88d4588add24,3230595,MACRO NAME,184,184,0,6312,0,57,239,51,11,1,27,27,18,12,56,0,64,95,19,19,9,true,2,1
3230596A.CAD,9500,5eff304dd05d,3230596,MACRO NAME,264,264,0,8664,0,95,338,70,14,1,36,36,27,13,93,0,85,137,28,28,4,true,2,1
3230597A.CAD,2707,3883fc699567,3230597,DIGESTER 4 DIRECT MPS FOR KRAFT RAMP,70,70,0,2276,0,19,86,18,3,0,9,9,6,3,19,0,28,38,9,9,0,true,1,1
3230598A.CAD,1436,11611e434867,3230598,CHIPS DIGESTER LEVEL SWITCH HIGH,35,35,0,1098,0,5,37,7,0,1,2,2,1,1,5,0,21,12,4,4,1,true,1,1
3230599A.CAD,1954,2e3eb7c71450,3230599,BLOCKADE SWITCH,46,46,0,1588,0,11,56,11,0,1,6,6,5,1,9,0,24,15,5,3,0,true,2,1
32305A0A.CAD,2594,138451a63a0d,32305A0,,72,72,0,2146,0,21,78,16,3,1,4,4,2,2,17,0,34,34,10,10,0,true,2,1
32305A1A.CAD,2186,13ac8b31e424,32305A1,,59,59,0,1754,0,15,63,14,2,1,3,3,2,1,14,0,27,30,9,9,0,true,2,1
32305A2A.CAD,2178,715790ffed88,32305A2,,59,59,0,1746,0,15,63,14,2,1,3,3,2,1,14,0,27,30,9,9,0,true,2,1
32305A3A.CAD,2216,bdbee4da6020,32305A3,,60,60,0,1784,0,15,64,14,2,1,3,3,2,1,14,0,28,31,9,9,0,true,2,1
32305A4A.CAD,9754,28fe4b2f1064,32305A4,MACRO NAME,271,271,0,8902,0,98,342,68,16,2,34,34,25,14,92,0,93,137,27,26,6,true,3,1
32305A5A.CAD,2599,5b989daaa19a,32305A5,DIG 1 COOKING RELIEF,73,73,0,2140,0,29,81,16,6,0,5,5,4,1,27,0,22,37,10,10,0,true,3,1
32305A6A.CAD,9234,d0ec9aaea0df,32305A6,MACRO NAME,256,256,0,8394,0,92,326,66,15,2,34,34,25,13,90,0,83,136,26,26,6,true,2,1
32305A7A.CAD,2596,3432d4ed9204,32305A7,DIG 2 COOKING RELIEF,73,73,0,2136,0,28,81,16,6,0,5,5,4,1,27,0,22,37,10,10,0,true,2,1
32305A8A.CAD,9206,f21a5b88ca12,32305A8,MACRO NAME,255,255,0,8366,0,92,325,66,15,2,34,34,25,13,90,0,82,136,26,26,6,true,2,1
32305A9A.CAD,2596,b58a1638ba86,32305A9,DIG 3 COOKING RELIEF,73,73,0,2136,0,28,81,16,6,0,5,5,4,1,27,0,22,38,10,10,0,true,2,1
32305B0A.CAD,9226,ad75632e2d02,32305B0,MACRO NAME,256,256,0,8386,0,92,326,66,15,2,34,34,25,13,90,0,83,136,26,26,6,true,2,1
32305B1A.CAD,2596,84ced0210213,32305B1,DIG 4 COOKING RELIEF,73,73,0,2136,0,28,81,16,6,0,5,5,4,1,27,0,22,37,10,10,0,true,2,1
32305B2A.CAD,8732,c424189c8933,32305B2,MACRO NAME,234,234,0,7948,0,101,303,76,14,3,38,38,21,12,87,0,55,120,37,31,3,true,4,1
32305B3A.CAD,8246,5baa3ebafd62,32305B3,MACRO NAME,226,226,0,7542,0,92,295,71,16,2,35,35,21,15,87,0,50,116,30,30,8,true,2,1
32305B4A.CAD,7274,e76d56d1788f,32305B4,MACRO NAME,198,198,0,6654,0,77,257,65,12,3,30,30,20,11,71,0,48,96,27,27,5,true,3,1
32305B5A.CAD,9141,f303bf6a4c1d,32305B5,MACRO NAME,254,254,0,8448,0,92,327,73,16,3,37,37,23,15,87,0,76,114,29,29,8,true,2,1
32305B7A.CAD,7686,cb3d910dbf88,32305B7,BATHING STEAM VALVE,212,212,0,6944,0,74,270,55,13,1,29,29,18,13,73,0,69,104,21,21,8,true,2,1
32305B8A.CAD,7684,74af03afc3c8,32305B8,BATHING STEAM VALVE,212,212,0,6942,0,74,270,55,13,1,29,29,18,13,73,0,69,105,21,21,7,true,2,1
32305B9A.CAD,7684,4b6fdb89c9d6,32305B9,BATHING STEAM VALVE,212,212,0,6942,0,74,270,55,13,1,29,29,18,13,73,0,69,105,21,21,7,true,2,1
32305C0A.CAD,7684,d267a4fc38a3,32305C0,BATHING STEAM VALVE,212,212,0,6942,0,74,270,55,13,1,29,29,18,13,73,0,69,105,21,21,7,true,2,1
32305C1A.CAD,6148,c85c5bbb7b19,32305C1,MACRO NAME,168,168,0,5244,0,68,198,48,10,1,15,15,12,4,62,0,47,123,29,27,0,true,4,1
32305C2A.CAD,6068,a93c014d2853,32305C2,MACRO NAME,167,167,0,5176,0,63,196,47,9,1,14,14,13,3,60,0,50,123,28,27,0,true,4,1
32305C3A.CAD,6070,3b493507f326,32305C3,MACRO NAME,167,167,0,5178,0,63,196,47,9,1,14,14,13,3,60,0,50,124,28,27,0,true,4,1
32305C4A.CAD,6062,a9f63d5461ca,32305C4,MACRO NAME,167,167,0,5170,0,63,196,47,9,1,14,14,13,3,60,0,50,127,28,27,0,true,4,1
32305C5A.CAD,5534,feacf5cf99dc,32305C5,MACRO NAME,153,153,0,4988,0,54,191,44,13,3,20,20,6,14,54,0,40,65,18,18,9,true,1,1
32305C6A.CAD,5341,c402c3991e29,32305C6,MACRO NAME,140,140,0,4796,0,41,178,44,13,3,20,20,6,14,41,0,40,65,18,18,9,true,1,1
32305C7A.CAD,5341,16cfb33ba61b,32305C7,MACRO NAME,140,140,0,4796,0,41,178,44,13,3,20,20,6,14,41,0,40,65,18,18,9,true,1,1
32305C8A.CAD,5534,bf3b9481186b,32305C8,MACRO NAME,153,153,0,4988,0,54,191,44,13,3,20,20,6,14,54,0,40,65,18,18,9,true,1,1
32305C9A.CAD,6310,1528973ae6d2,32305C9,MACRO NAME,165,165,0,5666,0,50,205,55,18,4,20,20,6,16,50,0,40,80,24,24,13,true,1,1
32305D0A.CAD,6300,4426da6cfa9c,32305D0,MACRO NAME,166,166,0,5636,0,54,206,55,17,4,20,20,6,16,53,0,39,84,25,25,13,true,2,1
32305D1A.CAD,6468,5911e987529b,32305D1,MACRO NAME,178,178,0,5824,0,65,219,55,15,4,20,20,7,16,65,0,41,81,24,24,13,true,1,1
32305D2A.CAD,6380,c98f1ddeae3d,32305D2,MACRO NAME,168,168,0,5716,0,54,208,56,17,4,20,20,6,16,53,0,40,83,25,25,13,true,2,1
32305D3A.CAD,5413,45fea70743e4,32305D3,MACRO NAME,141,141,0,4856,0,42,181,45,13,3,21,21,7,14,42,0,39,62,18,18,13,true,1,1
32305D4A.CAD,8287,ae69c2913325,32305D4,MACRO NAME,229,229,0,7668,0,82,296,62,15,3,35,35,19,15,74,0,76,88,22,21,10,true,3,1
32305D5A.CAD,8070,68423a7a155e,32305D5,MACRO NAME,223,223,0,7462,0,77,289,61,14,3,34,34,20,14,72,0,74,88,21,21,10,true,2,1
32305D6A.CAD,8070,a79f7a4eec61,32305D6,MACRO NAME,223,223,0,7462,0,77,289,61,14,3,34,34,20,14,72,0,74,88,21,21,10,true,2,1
32305D7A.CAD,8070,dab349b38ff7,32305D7,MACRO NAME,223,223,0,7462,0,77,289,61,14,3,34,34,20,14,72,0,74,88,21,21,10,true,2,1
32305D8A.CAD,8338,d8fe8d512f5e,32305D8,MACRO NAME,235,235,0,7704,0,85,291,64,17,4,28,28,12,18,74,0,78,93,26,26,9,true,2,1
32305D9A.CAD,1675,69f7850d0bf9,32305D9,MACRO NAME,40,40,0,1290,0,7,46,8,1,1,4,4,3,1,7,0,22,21,3,3,0,true,1,1
32305E0A.CAD,6254,10756b0780ef,32305E0,MACRO NAME,175,175,0,5692,0,63,219,49,15,3,23,23,9,14,63,0,46,73,20,20,11,true,1,1
32305E1A.CAD,5973,a1b019e0ad33,32305E1,MACRO NAME,157,157,0,5360,0,49,199,50,17,3,22,22,6,16,49,0,39,76,22,22,13,true,1,1
32305E2A.CAD,5567,a0e7f4f30eaa,32305E2,MACRO NAME,148,148,0,5010,0,44,186,44,13,3,20,20,6,14,41,0,48,65,18,18,9,true,2,1
32305E3A.CAD,5540,5701d03410c3,32305E3,MACRO NAME,145,145,0,4968,0,43,185,46,14,3,21,21,6,15,43,0,40,66,19,19,12,true,1,1
32305E4A.CAD,1801,abd0adb03c9e,32305E4,DIGESTER 1 RECIRC PMP SEAL WATER,44,44,0,1408,0,9,48,10,1,2,3,3,2,1,8,0,23,23,4,4,0,true,2,1
32305E5A.CAD,5604,92f5daf8886e,32305E5,THIS SHEET,157,157,0,4776,0,54,184,38,13,1,14,14,12,3,54,0,50,126,21,21,0,true,1,1
32305E6A.CAD,5604,22bc07d9d285,32305E6,THIS SHEET,157,157,0,4776,0,54,184,38,13,1,14,14,12,3,54,0,50,127,21,21,0,true,1,1
32305E7A.CAD,5632,9e02d0ba0364,32305E7,THIS SHEET,157,157,0,4776,0,54,184,38,13,1,14,14,12,3,54,0,50,127,21,21,0,true,1,1
32305E8A.CAD,5632,83f13c3b4477,32305E8,THIS SHEET,157,157,0,4776,0,54,184,38,13,1,14,14,12,3,54,0,50,127,21,21,0,true,1,1
32305E9A.CAD,5554,a49913f2c56e,32305E9,THIS SHEET,148,148,0,4726,0,43,175,38,13,1,14,14,13,2,41,0,54,127,21,21,0,true,2,1
32305F0A.CAD,5554,f36c969dd18c,32305F0,THIS SHEET,148,148,0,4726,0,43,175,38,13,1,14,14,13,2,41,0,54,127,21,21,0,true,2,1
32305F1A.CAD,5554,8cabc68275ff,32305F1,THIS SHEET,148,148,0,4726,0,43,175,38,13,1,14,14,13,2,41,0,54,127,21,21,0,true,2,1
32305F2A.CAD,5554,ae5e73946bd9,32305F2,THIS SHEET,148,148,0,4726,0,43,175,38,13,1,14,14,13,2,41,0,54,127,21,21,0,true,2,1
32305F3A.CAD,5964,c163916fb232,32305F3,MACRO NAME,160,160,0,5282,0,54,200,43,9,2,20,20,12,10,54,0,52,85,17,17,8,true,1,1
32305F4A.CAD,5936,181a42c57b90,32305F4,MACRO NAME,159,159,0,5254,0,54,199,43,9,2,20,20,12,10,54,0,51,85,17,17,8,true,1,1
32305F5A.CAD,5584,b2e489f1f3c8,32305F5,MACRO NAME,147,147,0,4902,0,54,187,43,9,2,20,20,12,10,54,0,39,85,17,17,8,true,1,1
32305F6A.CAD,5964,1f704f7d2a26,32305F6,MACRO NAME,160,160,0,5282,0,54,200,43,9,2,20,20,12,10,54,0,52,85,17,17,8,true,1,1
32305F7A.CAD,4722,058ab60b08f8,32305F7,PUMP OUTLET VALVE,124,124,0,4172,0,35,157,33,4,1,16,16,15,4,34,0,51,62,12,12,2,true,2,1
32305F8A.CAD,4240,87c7c2165104,32305F8,PUMP OUTLET VALVE,113,113,0,3710,0,31,138,27,4,1,12,12,11,4,30,0,50,53,10,10,2,true,2,1
32305F9A.CAD,4218,12a7c94a9b72,32305F9,PUMP OUTLET VALVE,112,112,0,3688,0,31,137,27,4,1,12,12,11,4,30,0,49,53,10,10,2,true,2,1
32305G0A.CAD,4210,fd111a1e6b00,32305G0,PUMP OUTLET VALVE,112,112,0,3680,0,31,137,27,4,1,12,12,11,4,30,0,49,53,10,10,2,true,2,1
32305G1A.CAD,9810,5e49896e3ddf,32305G1,MACRO NAME,284,284,0,8910,0,109,350,68,20,0,32,32,23,13,99,0,95,152,31,31,3,true,3,1
32305G2A.CAD,7334,ab042a342d5b,32305G2,THIS SHEET,205,205,0,6356,0,77,241,61,10,0,16,16,14,8,72,0,60,175,39,39,1,true,2,1
32305G3A.CAD,1169,917204573f91,32305G3,,27,27,0,842,0,2,29,4,0,1,2,2,1,1,2,0,19,7,1,1,1,true,1,1
32305G4A.CAD,1953,113907459da9,32305G4,DIGESTER 1/2 VESSEL PRESSURES,47,47,0,1592,0,8,53,12,2,2,4,4,2,2,6,0,25,12,4,4,0,true,2,1
32305G5A.CAD,1686,29a64f8f8e8b,32305G5,DIGESTER 3/4 VESSEL PRESSURES,40,40,0,1368,0,7,46,10,2,2,4,4,2,2,6,0,20,10,2,2,0,true,2,1
32305G6A.CAD,1469,8215eab2ace7,32305G6,DIGESTER 1/2 DOME TEMPERATURE,33,33,0,1112,0,2,35,8,0,2,2,2,2,0,2,0,21,14,2,2,0,true,1,1
32305G7A.CAD,1469,f88727d244bd,32305G7,DIGESTER 3/4 DOME TEMPERATURE,33,33,0,1112,0,2,35,8,0,2,2,2,2,0,2,0,21,14,2,2,0,true,1,1
32305G9A.CAD,5413,724e8c1874bc,32305G9,MACRO NAME,141,141,0,4856,0,42,181,45,13,3,21,21,7,14,42,0,39,62,18,18,13,true,1,1
32305H0A.CAD,8024,90ac181ec4b5,32305H0,MACRO NAME,225,225,0,7356,0,85,278,65,16,5,26,26,13,16,76,0,66,100,28,28,7,true,2,1
32305H1A.CAD,5974,b62ee45c99aa,32305H1,MACRO NAME,157,157,0,5360,0,49,199,50,17,3,22,22,6,16,49,0,39,75,22,22,13,true,1,1
32305H2A.CAD,5734,d35952165766,32305H2,MACRO NAME,160,160,0,5176,0,57,198,44,13,3,20,20,6,14,54,0,47,65,18,18,9,true,2,1
32305H3A.CAD,5518,5acbcc385c01,32305H3,MACRO NAME,144,144,0,4946,0,43,184,46,14,3,21,21,6,15,43,0,39,66,19,19,12,true,1,1
32305H4A.CAD,1275,4a2e9db1c341,32305H4,DIGESTER 2 RECIRC PMP SEAL WATER,25,25,0,794,0,1,25,4,0,1,1,1,1,0,1,0,18,4,1,1,0,true,1,1
32305H5A.CAD,9271,493a9f809a8e,32305H5,MACRO NAME,269,269,0,8460,0,101,333,63,18,0,31,31,22,13,91,0,95,135,27,27,3,true,3,1
32305H6A.CAD,6364,95ae8a66e1ca,32305H6,THIS SHEET,173,173,0,5508,0,60,207,54,4,0,15,15,14,7,55,0,58,150,33,33,1,true,2,1
32305H7A.CAD,5413,d9820095690f,32305H7,MACRO NAME,141,141,0,4856,0,42,181,45,13,3,21,21,7,14,42,0,39,62,18,18,13,true,1,1
32305H8A.CAD,7550,86be30f5e5e6,32305H8,MACRO NAME,209,209,0,6868,0,85,260,65,16,4,25,25,12,16,76,0,50,101,27,27,7,true,3,1
32305H9A.CAD,5910,135d15c60d31,32305H9,MACRO NAME,165,165,0,5296,0,67,205,50,17,3,21,21,5,16,66,0,30,74,22,22,13,true,2,1
32305I0A.CAD,5318,43f99c0f192f,32305I0,MACRO NAME,147,147,0,4760,0,58,183,44,13,3,19,19,5,14,54,0,34,64,18,18,9,true,3,1
32305I1A.CAD,5518,cab47a59ffdd,32305I1,MACRO NAME,144,144,0,4946,0,43,184,46,14,3,21,21,6,15,43,0,39,66,19,19,12,true,1,1
32305I2A.CAD,1275,d4b265f56c62,32305I2,DIGESTER 3 RECIRC PMP SEAL WATER,25,25,0,794,0,1,25,4,0,1,1,1,1,0,1,0,18,4,1,1,0,true,1,1
32305I3A.CAD,8955,8046264476d7,32305I3,MACRO NAME,249,249,0,8144,0,82,313,63,18,0,31,31,22,13,73,0,93,135,27,27,2,true,3,1
32305I4A.CAD,6364,e63a241dc744,32305I4,THIS SHEET,173,173,0,5508,0,60,207,54,4,0,15,15,14,7,55,0,58,150,33,33,1,true,2,1
32305I5A.CAD,5413,0ad556b0f08c,32305I5,MACRO NAME,141,141,0,4856,0,42,181,45,13,3,21,21,7,14,42,0,39,62,18,18,13,true,1,1
32305I6A.CAD,7552,0ecd924132d3,32305I6,MACRO NAME,212,212,0,6920,0,76,260,59,15,5,24,24,11,15,69,0,67,89,25,25,8,true,2,1
32305I7A.CAD,5973,ddb33c85efa7,32305I7,MACRO NAME,157,157,0,5360,0,49,199,50,17,3,22,22,6,16,49,0,39,73,22,22,15,true,1,1
32305I8A.CAD,5545,9152fef92521,32305I8,MACRO NAME,147,147,0,4988,0,44,185,44,13,3,20,20,6,14,41,0,47,63,18,18,11,true,2,1
32305I9A.CAD,5518,0be780297507,32305I9,MACRO NAME,144,144,0,4946,0,43,184,46,14,3,21,21,6,15,43,0,39,65,19,19,12,true,1,1
32305J0A.CAD,1275,42004dafa7e3,32305J0,DIGESTER 4 RECIRC PMP SEAL WATER,25,25,0,794,0,1,25,4,0,1,1,1,1,0,1,0,18,4,1,1,0,true,1,1
32305J1A.CAD,9039,5f530c780dd4,32305J1,MACRO NAME,252,252,0,8228,0,85,316,63,18,0,31,31,22,13,73,0,96,135,27,27,3,true,3,1
32305J2A.CAD,6724,1b3c8fc289eb,32305J2,THIS SHEET,183,183,0,5868,0,66,223,57,7,0,18,18,14,10,61,0,56,152,33,33,2,true,2,1
32305J3A.CAD,6542,9bb058b0a163,32305J3,DIGESTER 1 SEQUENCE CONTROL,200,200,0,5904,0,85,227,33,18,0,14,14,7,8,60,0,87,75,18,18,0,true,2,1
32305J4A.CAD,7489,30f855f32bfd,32305J4,NEXT PAGE,208,208,0,7048,0,49,272,42,4,0,32,32,33,1,48,0,112,57,8,8,0,true,2,1
32305J5A.CAD,8336,054c66768c39,32305J5,PREVIOUS PAGE,229,229,0,7900,0,59,299,48,4,0,30,30,42,0,59,0,116,58,6,6,0,true,1,1
32305J6A.CAD,13322,3c66db39dd3f,32305J6,THIS SHEET,311,311,0,10366,0,145,386,78,20,0,38,38,5,33,122,0,90,304,40,40,1,true,3,1
32305J7A.CAD,6768,5851be43c143,32305J7,DIGESTER 1 SEQ DRIVERS,160,160,0,5456,0,49,209,46,15,0,25,25,2,23,48,0,50,143,21,21,2,true,2,1
32305J8A.CAD,5592,cff0c17c1bff,32305J8,DIGESTER 1 SEQ DRIVERS,127,127,0,4350,0,41,170,38,10,0,22,22,2,20,40,0,38,115,16,16,3,true,2,1
32305J9A.CAD,8024,4c2fb5092eed,32305J9,WAIT CHIP FILL,240,240,0,6850,0,90,268,50,28,0,15,15,15,0,90,0,70,211,35,35,0,true,1,1
32305K0A.CAD,3389,d33ead929568,32305K0,DIGESTER 1 SEQUENCE TIMERS,87,87,0,2670,0,28,95,28,8,0,5,5,3,2,27,0,22,84,22,22,0,true,2,1
32305K1A.CAD,3391,f2575650e13b,32305K1,DIGESTER 1 SEQUENCE DRIVER,87,87,0,2968,0,21,115,22,6,0,15,15,8,7,21,0,36,36,7,7,0,true,1,1
32305K2A.CAD,6167,94ca1484bc83,32305K2,THIS SHEET,177,177,0,5474,0,65,202,32,17,0,13,13,6,8,40,0,86,74,18,18,0,true,2,1
32305K3A.CAD,7489,5f817c7a8435,32305K3,NEXT PAGE,208,208,0,7048,0,49,272,42,4,0,32,32,33,1,48,0,112,57,8,8,0,true,2,1
32305K4A.CAD,7964,9d8b463ce825,32305K4,PREVIOUS PAGE,216,216,0,7536,0,57,286,47,3,1,30,30,42,0,57,0,107,56,5,5,0,true,1,1
32305K5A.CAD,13184,3074649b65bc,32305K5,THIS SHEET,305,305,0,10242,0,142,379,77,19,0,37,37,5,33,119,0,89,301,39,39,0,true,3,1
32305K6A.CAD,6262,f43aad6f35c2,32305K6,DIGESTER 2 SEQ DRIVERS,150,150,0,4950,0,64,199,46,15,0,25,25,2,23,63,0,25,143,21,21,2,true,2,1
32305K7A.CAD,5598,683fdcb23e01,32305K7,DIGESTER 2 SEQ DRIVERS,127,127,0,4356,0,41,170,38,10,0,22,22,2,20,40,0,38,102,16,16,4,true,2,1
32305K8A.CAD,7996,ad03119227f9,32305K8,WAIT CHIP FILL,239,239,0,6822,0,90,267,50,28,0,15,15,15,0,90,0,69,211,35,35,0,true,1,1
32305K9A.CAD,3389,f038210edd91,32305K9,DIGESTER 2 SEQUENCE TIMERS,87,87,0,2670,0,28,95,28,8,0,5,5,3,2,27,0,22,84,22,22,0,true,2,1
32305L0A.CAD,3391,beb7a0ae08b8,32305L0,DIGESTER 2 SEQUENCE DRIVER,88,88,0,2996,0,22,116,22,6,0,15,15,8,7,21,0,37,36,7,7,0,true,2,1
32305L1A.CAD,6167,49d45aacaf9a,32305L1,THIS SHEET,177,177,0,5474,0,65,202,32,17,0,13,13,6,8,40,0,86,74,18,18,0,true,2,1
32305L2A.CAD,7470,a52924c279aa,32305L2,NEXT PAGE,211,211,0,7028,0,54,274,42,4,0,32,32,32,1,52,0,111,56,8,8,0,true,3,1
32305L3A.CAD,7430,689dfa8f0067,32305L3,add new step,197,197,0,7002,0,57,267,47,3,0,30,30,42,0,57,0,88,56,5,5,0,true,1,1
32305L4A.CAD,11728,b3058feed87d,32305L4,DIGESTER 3 SEQ DRIVERS,252,252,0,8786,0,136,326,77,19,0,37,37,5,33,113,0,42,308,39,39,1,true,2,1
32305L5A.CAD,6264,20ea608fa2f1,32305L5,DIGESTER 3 SEQ DRIVERS,150,150,0,4952,0,64,199,46,15,0,25,25,2,23,63,0,25,149,21,21,2,true,2,1
32305L6A.CAD,5106,1f215ac4dffe,32305L6,DIGESTER 3 SEQ DRIVERS,115,115,0,3864,0,51,158,38,10,0,22,22,2,20,50,0,16,104,16,16,4,true,2,1
32305L7A.CAD,8024,0f55d4010ef7,32305L7,WAIT CHIP FILL,240,240,0,6850,0,90,268,50,28,0,15,15,15,0,90,0,70,211,35,35,0,true,1,1
32305L8A.CAD,3372,cc4d4b70c6a6,32305L8,DIGESTER 3 SEQUENCE TIMERS,90,90,0,2652,0,36,98,28,8,0,5,5,3,2,35,0,17,84,22,22,0,true,2,1
32305L9A.CAD,3363,9ab536980eb0,32305L9,DIGESTER 3 SEQUENCE DRIVER,88,88,0,2996,0,22,116,22,6,0,15,15,8,7,21,0,37,36,7,7,0,true,2,1
32305M0A.CAD,6083,4c30c2f48a8e,32305M0,THIS SHEET,174,174,0,5418,0,66,199,32,17,0,13,13,6,8,40,0,83,78,18,18,0,true,2,1
32305M1A.CAD,7509,cdad211daacf,32305M1,NEXT PAGE,209,209,0,7068,0,49,274,42,4,0,33,33,33,1,48,0,113,57,8,8,0,true,2,1
32305M2A.CAD,7796,5e08d3313db8,32305M2,PREVIOUS PAGE,208,208,0,7368,0,57,269,47,3,0,21,21,42,0,57,0,99,56,5,5,0,true,1,1
32305M3A.CAD,13250,dfb4bd0bd109,32305M3,THIS SHEET,307,307,0,10308,0,143,381,77,19,0,37,37,5,33,119,0,91,299,39,39,0,true,3,1
32305M4A.CAD,6618,a799646d9275,32305M4,DIGESTER 4 SEQ DRIVERS,156,156,0,5306,0,47,203,45,15,0,24,24,2,22,47,0,48,137,21,21,2,true,1,1
32305M5A.CAD,5604,4de197deb92e,32305M5,DIGESTER 4 SEQ DRIVERS,127,127,0,4362,0,41,170,38,10,0,22,22,2,20,40,0,38,102,16,16,4,true,2,1
32305M6A.CAD,8026,ae29645642cb,32305M6A,WAIT CHIP FILL,240,240,0,6852,0,90,268,50,28,0,15,15,15,0,90,0,70,211,35,35,0,true,1,1
32305M7A.CAD,3389,5222e22a77fd,32305M7,DIGESTER 4 SEQUENCE TIMERS,87,87,0,2670,0,28,95,28,8,0,5,5,3,2,27,0,22,82,22,22,2,true,2,1
32305M8A.CAD,3391,b1d88d18fade,32305M8,DIGESTER 4 SEQUENCE DRIVER,88,88,0,2996,0,22,116,22,6,0,15,15,8,7,21,0,37,36,7,7,0,true,2,1
32305M9A.CAD,9022,84259fd78c9c,32305M9,RUNNING FEEDBACK,254,254,0,8232,0,92,307,72,13,4,26,26,14,15,79,0,88,130,35,34,8,true,3,1
32305N0A.CAD,2666,c904c40fa8cb,32305N0,PUMP AUTO RESTART,72,72,0,2226,0,19,84,18,1,0,7,7,6,1,19,0,32,39,11,11,0,true,1,1
32305N1A.CAD,8980,ea835f590399,32305N1,RUNNING FEEDBACK,252,252,0,8190,0,91,305,72,13,4,26,26,14,15,79,0,86,130,35,34,8,true,3,1
32305N2A.CAD,2666,f63298820b1f,32305N2,PUMP AUTO RESTART,72,72,0,2226,0,19,84,18,1,0,7,7,6,1,19,0,32,39,11,11,0,true,1,1
32305N3A.CAD,8974,d95d774b3c40,32305N3,RUNNING FEEDBACK,252,252,0,8184,0,90,305,72,13,4,26,26,14,15,79,0,86,130,35,34,8,true,3,1
32305N4A.CAD,2674,5e63efa2388d,32305N4,PUMP AUTO RESTART,72,72,0,2234,0,19,84,18,1,0,7,7,6,1,19,0,32,39,11,11,0,true,1,1
32305N5A.CAD,8982,0c19fc812bd5,32305N5,RUNNING FEEDBACK,252,252,0,8192,0,90,305,72,13,4,26,26,14,15,79,0,86,132,35,34,8,true,3,1
32305N6A.CAD,2666,aac296a0db3e,32305N6,PUMP AUTO RESTART,72,72,0,2226,0,19,84,18,1,0,7,7,6,1,19,0,32,39,11,11,0,true,1,1
32305N7A.CAD,1673,57be7bcb159f,32305N7A,MACRO NAME,40,40,0,1288,0,7,46,8,1,1,4,4,3,1,7,0,22,20,3,3,0,true,1,1
32305N8A.CAD,6086,bfa7429cf65a,32305N8A,MACRO NAME,170,170,0,5524,0,62,212,48,15,3,22,22,8,14,62,0,43,72,20,20,11,true,1,1
32305N9A.CAD,5341,a267b0ad754b,32305N9A,MACRO NAME,28,28,0,866,0,3,30,4,1,1,2,2,1,1,3,0,18,8,1,1,0,true,1,1
32305O0A.CAD,1192,b8edd045a30e,32305O0,MACRO NAME,28,28,0,866,0,3,30,4,1,1,2,2,1,1,3,0,18,8,1,1,0,true,1,1
32305O1A.CAD,1191,a88edc787ec6,32305O1,MACRO NAME,28,28,0,866,0,3,30,4,1,1,2,2,1,1,3,0,18,7,1,1,0,true,1,1
32305O2A.CAD,2702,509429e9209e,32305O2,MACRO NAME,72,72,0,2116,0,30,80,13,6,4,5,5,3,2,28,0,23,57,6,6,0,true,2,1
32305O4A.CAD,5350,c5558aa6253a,32305O4A,SAFETY LOCK VALVE,145,145,0,4788,0,63,187,49,15,4,21,21,7,14,62,0,19,74,20,20,11,true,2,1
32305O5A.CAD,4402,12b9420640de,32305O5A,DIGESTER COOKING FACTORS,115,115,0,3666,0,39,140,38,2,0,12,12,15,0,39,0,34,110,23,23,1,true,1,1
32305R1A.CAD,4752,76600ed33343,32305R1A,MACRO NAME,126,126,0,4024,0,50,152,39,10,0,16,16,4,8,44,0,31,80,24,20,0,true,3,1
32305Z0A.CAD,12874,8aa3ebc7c1a3,32305Z0,,315,315,0,11958,0,190,445,102,9,0,78,78,16,37,80,0,123,96,49,20,10,true,3,1
32305Z1A.CAD,10135,9e9410260434,32305Z1,,244,244,0,9452,0,117,369,93,4,0,68,68,26,32,69,0,77,102,35,21,15,true,3,1
32305Z2A.CAD,12401,d0e86c5dd7bb,32305Z2,,340,340,0,11536,0,132,438,97,14,0,55,55,28,16,91,0,137,145,51,38,0,true,4,1
32305Z8A.CAD,2907,9773f90ebf62,32305Z8,BRIDGE CABINET,70,70,0,2244,0,17,69,17,1,0,1,1,0,0,9,0,41,54,17,9,0,true,2,1
32305Z9A.CAD,4650,7fee7b8ca4da,32305Z9,,127,127,0,3504,0,46,125,46,21,0,0,0,0,0,44,0,14,151,42,42,0,true,2,1
3251000C.CAD,11024,988f15db3ea8,3251000,,348,348,0,10478,0,287,388,43,5,0,21,21,0,21,32,0,266,67,13,12,10,true,3,1
3251001C.CAD,2770,d886aa900efe,3251001,ANALOG INPUT SLAVE 1,61,61,0,2262,0,19,89,18,2,15,15,15,0,15,19,0,20,43,3,3,0,true,1,1
3251002C.CAD,2770,698a89132d68,3251002,ANALOG INPUT SLAVE 2,61,61,0,2262,0,19,89,18,2,15,15,15,0,15,19,0,20,43,3,3,0,true,1,1
3251003C.CAD,2680,336bf6a785e9,3251003,ANALOG INPUT SLAVE 3,59,59,0,2172,0,18,85,17,2,14,14,14,0,14,18,0,20,41,3,3,0,true,1,1
3251005C.CAD,2642,390ad4125817,3251005,ANALOG OUTPUT SLAVE 5,56,56,0,2152,0,13,79,14,0,12,12,12,12,0,13,0,28,45,2,2,1,true,1,1
3251006C.CAD,2310,1ba585737eb1,3251006,ANALOG OUTPUT SLAVE 6,49,49,0,1820,0,10,66,11,0,9,9,9,9,0,10,0,27,42,2,2,0,true,1,1
3251007C.CAD,2442,120bba7167e3,3251007,ANALOG OUTPUT SLAVE 7,52,52,0,1952,0,11,71,12,0,10,10,10,10,0,11,0,28,41,2,2,0,true,1,1
3251009C.CAD,2843,c8cca8c71bdc,3251009,DIGITAL INPUT SLAVE 9,66,66,0,2522,0,15,93,16,0,14,14,14,0,14,14,0,35,20,2,2,0,true,2,1
3251010C.CAD,2899,23267c41d85c,3251010,DIGITAL INPUT SLAVE 10,68,68,0,2578,0,17,95,16,0,14,14,14,0,14,14,0,37,20,2,2,0,true,2,1
3251011C.CAD,2843,288940a45126,3251011,DIGITAL INPUT SLAVE 11,66,66,0,2522,0,15,93,16,0,14,14,14,0,14,14,0,35,20,2,2,1,true,2,1
3251013C.CAD,2910,f1bf6e25b9a2,3251013,DIGITAL INPUT SLAVE 13,64,64,0,2588,0,14,91,16,0,14,14,14,0,14,14,0,33,20,2,2,0,true,1,1
3251014C.CAD,2818,89bba50b5f9d,3251014,DIGITAL INPUT SLAVE 14,62,62,0,2496,0,13,87,15,0,13,13,13,0,13,13,0,33,19,2,2,0,true,1,1
3251015C.CAD,2822,5b6abb308328,3251015,DIGITAL INPUT SLAVE 15,62,62,0,2500,0,13,87,15,0,13,13,13,0,13,13,0,33,19,2,2,0,true,1,1
3251017C.CAD,2936,c0c84dedc367,3251017,DIGITAL OUTPUT SLAVE 17,66,66,0,2582,0,16,97,18,0,16,16,16,16,0,16,0,31,24,2,2,0,true,1,1
3251018C.CAD,2688,3fdee36362b1,3251018,DIGITAL OUTPUT SLAVE 18,61,61,0,2334,0,13,86,15,0,13,13,13,13,0,13,0,32,21,2,2,0,true,1,1
3251019C.CAD,2776,7ae0bbd7865c,3251019,DIGITAL OUTPUT SLAVE 19,63,63,0,2422,0,14,90,16,0,14,14,14,14,0,14,0,32,22,2,2,0,true,1,1
3251029C.CAD,4544,eb808d7fa72f,3251029,DIGESTER 13 MPS STEAM SMOOTHING,119,119,0,3978,0,44,156,36,6,0,18,18,17,4,44,0,31,82,15,15,0,true,1,1
3251030C.CAD,4072,12e88153758f,3251030,DIGESTER 14 MPS STEAM SMOOTHING,108,108,0,3520,0,40,137,31,6,0,15,15,14,3,40,0,28,74,14,14,0,true,1,1
3251031C.CAD,4098,8f2bf1a4da2a,3251031,DIGESTER 15 MPS STEAM SMOOTHING,109,109,0,3546,0,40,138,31,6,0,15,15,14,3,40,0,29,74,14,14,0,true,1,1
3251032C.CAD,2970,4889fcbc5fc6,3251032,MEDIUM PRESSURE STEAM,83,83,0,2498,0,21,97,21,0,0,7,7,6,3,21,0,39,51,12,12,0,true,1,1
3251033C.CAD,2948,ba5960382fbd,3251033,LOW PRESSURE STEAM HEADER PRESSURE,82,82,0,2476,0,21,96,21,0,0,7,7,6,3,21,0,38,50,12,12,0,true,1,1
3251034C.CAD,2940,9de914cdfd7a,3251034,BLEACHING ALKALI SEWER FLOW &,71,71,0,2436,0,12,83,21,0,3,8,8,3,3,10,0,38,41,9,7,2,true,2,1
3251035C.CAD,8798,3006923ba9a8,3251035,MACRO NAME,241,241,0,7958,0,96,315,68,16,2,35,35,26,14,92,0,64,138,26,26,6,true,2,1
3251036C.CAD,2482,8f0a2d62d73c,3251036,,69,69,0,2022,0,27,77,16,5,0,5,5,4,1,26,0,20,37,10,10,0,true,2,1
3251037C.CAD,5992,e1cd16c682ae,3251037,MACRO NAME,162,162,0,5116,0,70,190,47,11,1,14,14,10,5,62,0,41,117,29,26,0,true,4,1
3251038C.CAD,8954,8ccefa05fa60,3251038,MACRO NAME,244,244,0,7980,0,106,308,72,17,2,33,33,18,15,96,0,57,156,35,33,8,true,4,1
3251039C.CAD,3772,35699fa793fe,3251039,,105,105,0,3242,0,47,129,30,9,0,13,13,1,12,43,0,21,59,17,17,0,true,2,1
3251040C.CAD,1082,583238949e49,3251040,DIGESTER 13 DOME TEMPERATURE,24,24,0,754,0,1,24,4,0,1,1,1,1,0,1,0,17,7,1,1,0,true,1,1
3251041C.CAD,1318,ffe5f808bf52,3251041,DIGESTER 13 VESSEL PRESSURE,32,32,0,1002,0,5,34,6,1,1,2,2,1,1,4,0,19,6,2,2,0,true,2,1
3251042C.CAD,2480,8fc3ab7a27fe,3251042,,67,67,0,2032,0,21,75,17,3,1,5,5,2,3,18,0,27,34,10,10,0,true,2,1
3251043C.CAD,1396,efc89d4671ed,3251043,DIG 13 TOP TEMP,33,33,0,1050,0,5,37,7,1,1,3,3,2,1,5,0,18,12,2,2,0,true,1,1
3251044C.CAD,1408,6c03bfe6569f,3251044C,DIG 13 BOTTOM TEMP,33,33,0,1062,0,5,37,7,1,1,3,3,2,1,5,0,18,12,2,2,0,true,1,1
3251045C.CAD,1172,ea7dd7c0df91,3251045,DIGESTER 13 TOP RECIRCULATION FLOW,27,27,0,832,0,2,26,5,0,1,1,1,1,0,2,0,17,11,2,2,0,true,1,1
3251046C.CAD,4972,d7631808e2fa,3251046,PHK RAMP COOK,137,137,0,4174,0,52,162,36,12,1,13,13,12,2,51,0,36,120,20,20,0,true,2,1
3251047C.CAD,8126,dfa50cb2b0d4,3251047,MACRO NAME,221,221,0,7320,0,87,288,63,14,1,33,33,21,15,83,0,59,123,25,25,6,true,2,1
3251048C.CAD,3898,c9b9b6eabd43,3251048,DIGESTER 13 LOW PRESS FLOW,101,101,0,3242,0,34,124,30,6,1,12,12,10,3,34,0,29,86,15,15,0,true,1,1
3251049C.CAD,3308,e2fef91d08bf,3251049,MACRO NAME,82,82,0,2780,0,25,108,25,2,0,14,14,10,4,25,0,28,52,11,11,4,true,1,1
3251050C.CAD,8766,0c6ad1de2687,3251050,MACRO NAME,242,242,0,7914,0,99,314,70,16,1,35,35,25,14,96,0,58,137,29,29,6,true,2,1
3251051C.CAD,2558,86d9f59daffe,3251051,DIG 13 DIRECT MPS FOR KRAFT RAMP,67,67,0,2126,0,21,83,18,2,0,9,9,6,3,21,0,24,38,9,9,0,true,1,1
3251052C.CAD,5432,d01d3dfed2ad,3251052,AND   DIGESTER 13 BLOW VALVE.,147,147,0,4686,0,66,182,43,14,4,18,18,9,9,63,0,26,111,21,21,0,true,3,1
3251053C.CAD,6186,6a0157bd44db,3251053,MACRO NAME,161,161,0,5476,0,57,211,51,8,2,25,25,17,10,57,0,43,94,20,20,8,true,1,1
3251054C.CAD,1406,102c7f808baa,3251054,DIGESTER 13 MIDDLE TEMPS,33,33,0,1060,0,5,37,7,1,1,3,3,2,1,5,0,18,12,2,2,0,true,1,1
3251055C.CAD,5332,ea17178cb46e,3251055,MACRO NAME,139,139,0,4678,0,50,179,41,8,2,20,20,12,10,50,0,38,79,15,15,8,true,1,1
3251056C.CAD,6674,2d735603760b,3251056,MACRO NAME,188,188,0,5988,0,75,228,58,19,4,20,20,6,16,75,0,34,93,28,28,13,true,1,1
3251057C.CAD,8962,ca176d2e7abe,3251057,DIGESTER 13 BLOW VALVE,242,242,0,8180,0,111,316,77,17,3,40,40,19,17,94,0,52,119,38,32,8,true,3,1
3251058C.CAD,5686,723635f7a871,3251058,MACRO NAME,158,158,0,5124,0,62,198,47,15,3,21,21,7,14,61,0,33,72,20,20,9,true,2,1
3251059C.CAD,7226,e564688133db,3251059,MACRO NAME,200,200,0,6602,0,81,258,60,16,3,30,30,16,14,74,0,48,90,23,23,10,true,3,1
3251060C.CAD,6352,18b600735fdc,3251060,MACRO NAME,176,176,0,5758,0,69,224,53,16,3,25,25,11,14,68,0,37,81,22,22,9,true,2,1
3251061C.CAD,7296,e59ff7ae72f2,3251061,MACRO NAME,203,203,0,6656,0,82,253,63,16,4,25,25,11,16,75,0,47,96,27,27,7,true,2,1
3251062C.CAD,1632,c825e98e47d2,3251062,MACRO NAME,39,39,0,1246,0,8,45,8,1,1,4,4,3,1,8,0,20,20,3,3,0,true,1,1
3251063C.CAD,5786,0de8b0145d61,3251063,MACRO NAME,160,160,0,5224,0,62,202,48,15,3,22,22,8,14,62,0,33,72,20,20,10,true,1,1
3251064C.CAD,5580,f6984698151f,3251064C,MACRO NAME,155,155,0,5006,0,60,193,46,15,3,20,20,6,14,60,0,32,69,20,20,11,true,1,1
3251065C.CAD,5692,62a4563b5cc7,3251065,MACRO NAME,158,158,0,5118,0,62,198,47,15,3,21,21,7,14,61,0,33,72,20,20,10,true,2,1
3251066C.CAD,5962,e7c54f8e8386,3251066,MACRO NAME,166,166,0,5374,0,67,208,49,16,3,22,22,7,15,64,0,35,76,21,21,11,true,2,1
3251067C.CAD,1726,8ebf35b979e7,3251067,DIGESTER 13 RECIRC PMP SEAL WATER,42,42,0,1382,0,8,48,10,2,2,4,4,2,2,8,0,20,14,3,3,0,true,1,1
3251068C.CAD,8173,5a6975cc5e13,3251068,MACRO NAME,230,230,0,7344,0,102,294,65,18,0,31,31,22,13,93,0,52,138,28,28,2,true,3,1
3251069C.CAD,5824,2aa9363b8d16,3251069,DIGESTER COOKING FACTORS,153,153,0,4968,0,58,187,54,4,0,15,15,14,7,55,0,38,150,33,33,1,true,2,1
3251070C.CAD,8666,2489eec4cfc9,3251070,MACRO NAME,237,237,0,7826,0,92,309,67,15,2,35,35,26,13,90,0,63,137,26,26,6,true,2,1
3251071C.CAD,2482,b6987198b2f1,3251071,,69,69,0,2022,0,27,77,16,5,0,5,5,4,1,26,0,20,37,10,10,0,true,2,1
3251072C.CAD,5460,6e0cdd52d697,3251072,MACRO NAME,151,151,0,4680,0,59,177,42,9,1,13,13,12,2,56,0,43,106,25,24,0,true,4,1
3251073C.CAD,8470,804f03d129ae,3251073,MACRO NAME,232,232,0,7520,0,96,294,70,13,2,31,31,20,13,90,0,57,155,33,33,8,true,3,1
3251074C.CAD,3756,2305e9cad3b8,3251074,,105,105,0,3226,0,47,129,30,9,0,13,13,1,12,43,0,21,59,17,17,0,true,2,1
3251075C.CAD,1082,a56266052ac6,3251075,DIGESTER 14 DOME TEMPERATURE,24,24,0,754,0,1,24,4,0,1,1,1,1,0,1,0,17,7,1,1,0,true,1,1
3251076C.CAD,1318,5f44aa5c2fbb,3251076,DIGESTER 14 VESSEL PRESSURE,32,32,0,1002,0,5,34,6,1,1,2,2,1,1,4,0,19,6,2,2,0,true,2,1
3251077C.CAD,2190,e10dc2476775,3251077,,58,58,0,1758,0,16,64,15,2,1,4,4,2,2,15,0,24,30,9,9,0,true,2,1
3251078C.CAD,1396,8f3c85d242ec,3251078,DIG 14 TOP TEMP,33,33,0,1050,0,5,37,7,1,1,3,3,2,1,5,0,18,12,2,2,0,true,1,1
3251079C.CAD,1400,b8075688e451,3251079,DIG 14 BOTTOM TEMP,33,33,0,1054,0,5,37,7,1,1,3,3,2,1,5,0,18,12,2,2,0,true,1,1
3251080C.CAD,1152,921493d0b523,3251080,DIGESTER 10 TOP RECIRCULATION FLOW,26,26,0,812,0,2,26,5,0,1,1,1,1,0,2,0,17,11,2,2,0,true,1,1
3251081C.CAD,4972,cc54bb9c7473,3251081,PHK RAMP COOK,137,137,0,4174,0,52,162,36,12,1,13,13,12,2,51,0,36,120,20,20,0,true,2,1
3251082C.CAD,8182,be3bfc771c83,3251082,MACRO NAME,223,223,0,7376,0,87,290,63,14,1,33,33,21,15,83,0,61,123,25,25,6,true,2,1
3251083C.CAD,3784,c3ebc52f2de8,3251083,DIGESTER 14 LOW PRESS STEAM FLOW,98,98,0,3128,0,33,119,29,6,1,11,11,9,3,33,0,28,85,15,15,0,true,1,1
3251084C.CAD,2968,a604f89aed88,3251084,MACRO NAME,76,76,0,2426,0,23,92,24,5,0,9,9,3,6,22,0,23,47,12,12,6,true,2,1
3251085C.CAD,8796,d6ef4c99529f,3251085,MACRO NAME,243,243,0,7944,0,99,315,70,16,1,35,35,25,14,96,0,59,136,29,29,6,true,2,1
3251086C.CAD,2558,58688d81c42b,3251086,DIG 14 DIRECT MPS FOR KRAFT RAMP,67,67,0,2126,0,21,83,18,2,0,9,9,6,3,21,0,24,39,9,9,0,true,1,1
3251087C.CAD,4674,e2ddf03776dc,3251087,AND  DIGESTER 14 BLOW VALVE.,126,126,0,3942,0,55,151,37,9,4,13,13,9,4,52,0,27,104,20,20,0,true,3,1
3251088C.CAD,5510,ac30f1245ce0,3251088,MACRO NAME,145,145,0,4834,0,52,185,43,8,2,20,20,12,10,52,0,40,82,17,17,8,true,1,1
3251089C.CAD,1406,4f9525a7146b,3251089,DIGESTER 14 MIDDLE TEMPS,33,33,0,1060,0,5,37,7,1,1,3,3,2,1,5,0,18,12,2,2,0,true,1,1
3251090C.CAD,5318,80a585ba7513,3251090,MACRO NAME,139,139,0,4664,0,50,179,40,8,2,20,20,12,10,50,0,39,79,15,15,8,true,1,1
3251091C.CAD,6682,394cd644823d,3251091,MACRO NAME,188,188,0,5996,0,75,228,58,19,4,20,20,6,16,75,0,34,93,28,28,13,true,1,1
3251092C.CAD,8502,a053aea8a99a,3251092,MACRO NAME,236,236,0,7792,0,98,307,73,15,4,35,35,23,15,89,0,57,122,32,32,8,true,2,1
3251093C.CAD,5684,7c67bb1a4c0a,3251093,MACRO NAME,158,158,0,5122,0,62,198,47,15,3,21,21,7,14,61,0,33,72,20,20,9,true,2,1
3251094C.CAD,7230,c7fe5c428b77,3251094,MACRO NAME,200,200,0,6606,0,81,258,60,16,3,30,30,16,14,74,0,48,90,23,23,10,true,3,1
3251095C.CAD,6326,4509b9db5ac9,3251095,MACRO NAME,175,175,0,5732,0,69,223,53,16,3,25,25,10,15,68,0,36,81,22,22,11,true,2,1
3251096C.CAD,7298,5bff7bd39004,3251096,MACRO NAME,203,203,0,6658,0,82,253,63,16,4,25,25,11,16,75,0,47,96,27,27,7,true,2,1
3251097C.CAD,1632,335c272caafb,3251097,MACRO NAME,39,39,0,1246,0,8,45,8,1,1,4,4,3,1,8,0,20,20,3,3,0,true,1,1
32510A1C.CAD,5782,c4e515701a83,32510A1,MACRO NAME,160,160,0,5220,0,62,202,48,15,3,22,22,8,14,62,0,33,72,20,20,10,true,1,1
32510A2C.CAD,5544,df5e0e10f11d,32510A2,MACRO NAME,154,154,0,4970,0,60,192,46,15,3,20,20,6,14,60,0,31,70,20,20,11,true,1,1
32510A3C.CAD,5688,3a38cbe64808,32510A3,MACRO NAME,158,158,0,5114,0,62,198,47,15,3,21,21,7,14,61,0,33,72,20,20,10,true,2,1
32510A4C.CAD,5958,4484404a5292,32510A4,MACRO NAME,166,166,0,5370,0,67,208,49,16,3,22,22,7,15,64,0,35,76,21,21,11,true,2,1
32510A5C.CAD,1754,49b82448f920,32510A5,DIGESTER 14 RECIRC PMP SEAL WATER,43,43,0,1410,0,8,49,10,2,2,4,4,2,2,8,0,21,13,3,3,0,true,1,1
32510A6C.CAD,8206,fb2786a7d3a3,32510A6,MACRO NAME,230,230,0,7376,0,102,294,65,18,0,31,31,22,13,93,0,52,138,28,28,2,true,3,1
32510A7C.CAD,5764,8d42ea45dd2d,32510A7,DIGESTER COOKING FACTORS,151,151,0,4908,0,58,185,54,4,0,15,15,14,7,55,0,36,150,33,33,1,true,2,1
32510B0C.CAD,8666,a942682462e1,32510B0,MACRO NAME,237,237,0,7826,0,92,309,67,15,2,35,35,26,13,90,0,63,137,26,26,6,true,2,1
32510B1C.CAD,2536,060a81ed31c2,32510B1,,71,71,0,2076,0,28,79,16,6,0,5,5,4,1,27,0,20,37,10,10,0,true,2,1
32510B2C.CAD,5446,a640b97a4b7c,32510B2,MACRO NAME,148,148,0,4684,0,55,174,41,8,1,13,13,13,2,52,0,45,98,23,22,0,true,4,1
32510B3C.CAD,8404,84b4362d317c,32510B3,MACRO NAME,229,229,0,7454,0,96,291,70,13,2,31,31,20,13,90,0,54,156,33,33,8,true,3,1
32510B4C.CAD,3736,1052b9e411f5,32510B4,,105,105,0,3206,0,47,129,30,9,0,13,13,1,12,43,0,21,59,17,17,0,true,2,1
32510B5C.CAD,1082,9db4a4d94070,32510B5,DIGESTER 15 DOME TEMPERATURE,24,24,0,754,0,1,24,4,0,1,1,1,1,0,1,0,17,7,1,1,0,true,1,1
32510B6C.CAD,1318,4bd454967f92,32510B6,DIGESTER 15 VESSEL PRESSURE,32,32,0,1002,0,5,34,6,1,1,2,2,1,1,4,0,19,6,2,2,0,true,2,1
32510B7C.CAD,2198,c1cf7c393fe6,32510B7,,58,58,0,1766,0,16,64,15,2,1,4,4,2,2,15,0,24,30,9,9,0,true,2,1
32510B8C.CAD,1818,0853d41e25d9,32510B8,DIG 15 TOP TEMP,44,44,0,1418,0,8,50,12,1,2,4,4,3,1,8,0,21,26,5,5,0,true,1,1
32510C0C.CAD,1400,a7805691981d,32510C0,DIG 15 BOTTOM TEMP,33,33,0,1054,0,5,37,7,1,1,3,3,2,1,5,0,18,12,2,2,0,true,1,1
32510C1C.CAD,1150,52219fd7ea57,32510C1,DIGESTER 15 TOP RECIRCULATION FLOW,26,26,0,810,0,2,26,5,0,1,1,1,1,0,2,0,17,11,2,2,0,true,1,1
32510C2C.CAD,4972,96ebfecfea74,32510C2,PHK RAMP COOK,137,137,0,4174,0,52,162,36,12,1,13,13,12,2,51,0,36,120,20,20,0,true,2,1
32510C3C.CAD,8160,d73d790ec6a4,32510C3,MACRO NAME,222,222,0,7354,0,87,289,63,14,1,33,33,21,15,83,0,60,123,25,25,6,true,2,1
32510C4C.CAD,3904,8446fc1f80f8,32510C4,DIGESTER 15 LOW PRESS STEAM FLOW,101,101,0,3248,0,34,124,30,6,1,12,12,10,3,34,0,29,86,15,15,0,true,1,1
32510C5C.CAD,2916,6f7a7b78f3d2,32510C5,MACRO NAME,74,74,0,2388,0,21,92,21,2,0,10,10,10,0,21,0,28,52,11,11,0,true,1,1
32510C6C.CAD,8804,cd76d1790bd5,32510C6,MACRO NAME,243,243,0,7952,0,99,315,70,16,1,35,35,25,14,96,0,59,137,29,29,6,true,2,1
32510C7C.CAD,2558,59f3c269edb7,32510C7,DIG 15 DIRECT MPS FOR KRAFT RAMP,67,67,0,2126,0,21,83,18,2,0,9,9,6,3,21,0,24,38,9,9,0,true,1,1
32510C8C.CAD,5506,ec41c5071890,32510C8,HEATER OUTLET,152,152,0,4760,0,68,187,43,15,4,18,18,9,9,65,0,28,111,21,21,0,true,3,1
32510C9C.CAD,5452,d0a1c97bf81b,32510C9,TRANSFER TO MANUAL,141,141,0,4776,0,52,181,43,8,2,20,20,12,10,52,0,36,82,17,17,8,true,1,1
32510D0C.CAD,1406,c8923255044e,32510D0,DIGESTER 15 MIDDLE TEMPS,33,33,0,1060,0,5,37,7,1,1,3,3,2,1,5,0,18,12,2,2,0,true,1,1
32510D1C.CAD,5346,67cd3044bd6c,32510D1,MACRO NAME,139,139,0,4692,0,50,179,41,8,2,20,20,12,10,50,0,38,78,15,15,8,true,1,1
32510D2C.CAD,6706,ee222460f1f0,32510D2,MACRO NAME,189,189,0,6020,0,75,229,58,19,4,20,20,6,16,75,0,35,94,28,28,13,true,1,1
32510D3C.CAD,8106,c88163144059,32510D3,MACRO NAME,228,228,0,7396,0,95,291,69,16,2,32,32,19,14,87,0,54,118,32,32,7,true,2,1
32510D4C.CAD,5674,96a639bf2d54,32510D4,MACRO NAME,158,158,0,5112,0,62,198,47,15,3,21,21,7,14,61,0,33,72,20,20,9,true,2,1
32510D5C.CAD,7221,a5c3c073c81f,32510D5,MACRO NAME,200,200,0,6598,0,81,258,60,16,3,30,30,16,14,74,0,48,90,23,23,10,true,3,1
32510D6C.CAD,6326,b86910eb6113,32510D6,MACRO NAME,175,175,0,5732,0,69,223,53,16,3,25,25,10,15,68,0,36,82,22,22,9,true,2,1
32510D7C.CAD,7202,9c73e057e9ce,32510D7,MACRO NAME,199,199,0,6562,0,80,249,63,14,4,25,25,11,16,73,0,47,96,27,27,7,true,2,1
32510D8C.CAD,1632,117f7703af29,32510D8,MACRO NAME,39,39,0,1246,0,8,45,8,1,1,4,4,3,1,8,0,20,20,3,3,0,true,1,1
32510D9C.CAD,5782,3fe282db6b69,32510D9,MACRO NAME,160,160,0,5220,0,62,202,48,15,3,22,22,8,14,62,0,33,72,20,20,10,true,1,1
32510E0C.CAD,5636,817a3634c5f6,32510E0,MACRO NAME,157,157,0,5062,0,60,195,46,16,3,20,20,6,14,60,0,33,70,20,20,11,true,1,1
32510E1C.CAD,5688,99df50a80ce7,32510E1,MACRO NAME,158,158,0,5114,0,62,198,47,15,3,21,21,7,14,61,0,33,72,20,20,10,true,2,1
32510E2C.CAD,5954,a1f894b2784d,32510E2,MACRO NAME,166,166,0,5366,0,67,208,49,16,3,22,22,7,15,64,0,35,76,21,21,11,true,2,1
32510E3C.CAD,1752,0f1c45cbd3bf,32510E3,DIGESTER 15 RECIRC PMP SEAL WATER,43,43,0,1408,0,8,49,10,2,2,4,4,2,2,8,0,21,14,3,3,0,true,1,1
32510E4C.CAD,8218,cb44001e5f11,32510E4,MACRO NAME,231,231,0,7388,0,102,295,65,18,0,31,31,22,13,93,0,53,138,28,28,2,true,3,1
32510E5C.CAD,5742,25129717d569,32510E5,DIGESTER COOKING FACTORS,150,150,0,4886,0,58,184,54,4,0,15,15,14,7,55,0,35,150,33,33,1,true,2,1
32510E7C.CAD,3254,f8f6e7aa2178,32510E7,MACRO NAME,86,86,0,2588,0,32,95,22,5,1,6,6,4,1,31,0,26,68,16,15,0,true,2,1
32510E8C.CAD,3256,b70f5cecd772,32510E8,MACRO NAME,88,88,0,2604,0,32,96,22,6,2,5,5,4,1,32,0,26,67,15,15,0,true,1,1
32510F1C.CAD,3832,89c01ef7ee32,32510F1,MACRO NAME,100,100,0,3166,0,37,116,26,5,1,9,9,7,2,35,0,32,69,16,14,0,true,2,1
32510G0C.CAD,6072,c17cda302fc9,32510G0,DIGESTER 13 SEQUENCE CONTROL,183,183,0,5412,0,83,210,34,19,0,14,14,6,9,62,0,66,77,19,19,1,true,2,1
32510G1C.CAD,6352,c5cdaef0c41c,32510G1,NEXT PAGE,173,173,0,5920,0,50,237,40,3,0,33,33,32,1,49,0,79,52,7,7,0,true,2,1
32510G2C.CAD,7856,98ae6d7c26da,32510G2,PREVIOUS PAGE,213,213,0,7410,0,60,294,50,3,0,40,40,43,0,60,0,98,62,7,7,0,true,1,1
32510G3C.CAD,11800,a3738e3a9268,32510G3,DIGESTER 13 SEQ DRIVERS,252,252,0,8858,0,134,328,78,19,0,38,38,5,34,114,0,40,336,39,39,1,true,2,1
32510G4C.CAD,6514,7e59ddd19115,32510G4,DIGESTER 13 SEQ DRIVERS,158,158,0,5202,0,67,211,48,15,0,27,27,2,25,65,0,29,158,21,21,5,true,2,1
32510G5C.CAD,4192,da19c46f30ae,32510G5,DIGESTER 13 SEQ DRIVERS,92,92,0,2992,0,39,123,29,7,0,16,16,2,14,38,0,17,103,13,13,2,true,2,1
32510G6C.CAD,7598,ce63517ba496,32510G6,WAIT CHIP FILL,224,224,0,6424,0,88,252,50,29,0,15,15,15,0,88,0,55,209,35,35,0,true,1,1
32510G7C.CAD,3394,02e1485e7686,32510G7,DIGESTER 13 SEQUENCE TIMERS,91,91,0,2674,0,36,99,28,8,0,5,5,3,2,35,0,18,84,22,22,0,true,2,1
32510G8C.CAD,3740,97344ded6f94,32510G8,,101,101,0,3352,0,37,137,28,8,0,19,19,10,9,35,0,28,46,9,9,0,true,2,1
32510G9C.CAD,6100,db35f3cf7ad1,32510G9,DIGESTER 14 SEQUENCE CONTROL,182,182,0,5384,0,82,209,34,19,0,14,14,6,9,62,0,65,77,19,19,1,true,2,1
32510H0C.CAD,6352,e78eb153e156,32510H0,NEXT PAGE,173,173,0,5920,0,50,237,40,3,0,33,33,32,1,49,0,79,52,7,7,0,true,2,1
32510H1C.CAD,7856,c2dcabde968f,32510H1,PREVIOUS PAGE,213,213,0,7410,0,60,294,50,3,0,40,40,43,0,60,0,98,62,7,7,0,true,1,1
32510H2C.CAD,11766,d22552bdf76b,32510H2,DIGESTE 14 SEQ DRIVERS,252,252,0,8824,0,134,328,78,19,0,38,38,5,34,114,0,40,340,39,39,1,true,2,1
32510H3C.CAD,6474,ad3666eb0b8c,32510H3,DIGESTER 14 SEQ DRIVERS,155,155,0,5162,0,66,208,48,15,0,27,27,2,25,65,0,26,161,21,21,4,true,2,1
32510H4C.CAD,4192,05cc5d23f332,32510H4,DIGESTER 14 SEQ DRIVERS,92,92,0,2992,0,39,123,29,7,0,16,16,2,14,38,0,17,103,13,13,2,true,2,1
32510H5C.CAD,7564,ca2cc8c253a3,32510H5,WAIT CHIP FILL,223,223,0,6390,0,88,251,50,28,0,15,15,15,0,88,0,55,209,35,35,0,true,1,1
32510H6C.CAD,3394,8994e0337f16,32510H6,DIGESTER 14 SEQUENCE TIMERS,91,91,0,2674,0,36,99,28,8,0,5,5,3,2,35,0,18,76,22,22,0,true,2,1
32510H7C.CAD,3740,d2ac03886019,32510H7,,101,101,0,3352,0,37,137,28,8,0,19,19,10,9,35,0,28,46,9,9,0,true,2,1
32510H8C.CAD,6100,24d83c912293,32510H8,DIGESTER 15 SEQUENCE CONTROL,182,182,0,5384,0,82,209,34,19,0,14,14,6,9,62,0,65,77,19,19,1,true,2,1
32510H9C.CAD,6352,4018fba5714f,32510H9,NEXT PAGE,173,173,0,5920,0,50,237,40,3,0,33,33,32,1,49,0,79,52,7,7,0,true,2,1
32510I0C.CAD,7856,b78ef6e9c18e,32510I0,PREVIOUS PAGE,213,213,0,7410,0,60,294,50,3,0,40,40,43,0,60,0,98,62,7,7,0,true,1,1
32510I1C.CAD,11808,e5e88eb3fc27,32510I1,DIGESTER 15 SEQ DRIVERS,252,252,0,8866,0,134,328,78,19,0,38,38,5,34,114,0,40,340,39,39,1,true,2,1
32510I2C.CAD,6474,e3e7ded2fbaa,32510I2,DIGESTER 15 SEQ DRIVERS,155,155,0,5162,0,66,208,48,15,0,27,27,2,25,65,0,26,156,21,21,4,true,2,1
32510I3C.CAD,4192,9c57eda5a4cf,32510I3,DIGESTER 15 SEQ DRIVERS,92,92,0,2992,0,39,123,29,7,0,16,16,2,14,38,0,17,103,13,13,2,true,2,1
32510I4C.CAD,7598,f0a0185f489e,32510I4,WAIT CHIP FILL,224,224,0,6424,0,88,252,50,29,0,15,15,15,0,88,0,55,209,35,35,0,true,1,1
32510I5C.CAD,3460,5fa391d13bd2,32510I5,DIGESTER 15 SEQUENCE TIMERS,94,94,0,2740,0,38,102,28,9,0,5,5,3,2,37,0,18,76,22,22,0,true,2,1
32510I6C.CAD,3740,2f8b1b577ab3,32510I6,,101,101,0,3352,0,37,137,28,8,0,19,19,10,9,35,0,28,46,9,9,0,true,2,1
32510I7C.CAD,3754,f26903d0f473,32510I7C,CONDENSATE RECOVERY PUMP,104,104,0,3178,0,43,119,30,10,2,9,9,1,7,41,0,21,58,19,18,6,true,3,1
32510K0C.CAD,8138,a65cc76c2048,32510K0,RUNNING FEEDBACK,219,219,0,7350,0,85,276,75,12,5,28,28,17,14,79,0,51,131,34,33,7,true,3,1
32510K1C.CAD,1506,06f5c2d8d406,32510K1,,39,39,0,1164,0,10,43,7,2,0,3,3,2,1,10,0,18,14,4,4,0,true,1,1
32510K2C.CAD,8312,be62ec98cab4,32510K2,RUNNING FEEDBACK,224,224,0,7510,0,87,283,77,13,5,29,29,17,15,82,0,50,133,35,34,8,true,3,1
32510K3C.CAD,1506,272210db31fe,32510K3,,39,39,0,1164,0,10,43,7,2,0,3,3,2,1,10,0,18,14,4,4,0,true,1,1
32510K4C.CAD,8318,5b86a113fc89,32510K4,RUNNING FEEDBACK,224,224,0,7516,0,87,283,77,13,5,29,29,17,15,82,0,50,133,35,34,8,true,3,1
32510K5C.CAD,1506,60a74647f57d,32510K5,,39,39,0,1164,0,10,43,7,2,0,3,3,2,1,10,0,18,14,4,4,0,true,1,1
32510Z0C.CAD,9874,65cfe2ef886a,32510Z0,,236,236,0,9120,0,150,341,80,10,0,67,67,6,34,63,0,81,72,40,13,3,true,3,1
32510Z1C.CAD,7096,fb76ed5b1028,32510Z1,,163,163,0,6300,0,80,240,72,5,0,45,45,19,15,51,0,33,111,38,27,1,true,3,1
32510Z2C.CAD,11231,f8a5432311b0,32510Z2,,275,275,0,10214,0,144,399,113,13,0,69,69,36,21,108,0,39,169,55,43,5,true,4,1
32510Z2D.CAD,11170,707e00d3b81e,32510Z2,,277,277,0,10236,0,147,399,112,13,0,68,68,36,20,107,0,43,168,55,43,3,true,4,1
32510Z4C.CAD,4006,a83e3a2a42ba,32510Z4,BLOW VLV ANUNCIATOR,98,98,0,3404,0,40,126,33,1,0,18,18,7,5,31,0,31,53,21,15,3,true,3,1
32510Z5C.CAD,2732,d7a13646e0ab,32510Z5,,64,64,0,2176,0,18,77,24,3,0,9,9,0,6,15,0,20,45,18,15,0,true,2,1
3250500D.CAD,10964,af1cba5f3727,3250500,,327,327,0,9830,0,270,363,41,3,0,19,19,0,19,28,0,253,65,13,12,10,true,3,1
3250501D.CAD,2680,ffb669d78fc5,3250501,ANALOG INPUT SLAVE 1,59,59,0,2172,0,18,85,17,2,14,14,14,0,14,18,0,20,42,3,3,0,true,1,1
3250502D.CAD,2770,7d68bd370580,3250502,ANALOG INPUT SLAVE 2,61,61,0,2262,0,19,89,18,2,15,15,15,0,15,19,0,20,44,3,3,0,true,1,1
3250503D.CAD,2590,42112e2539bf,3250503,ANALOG INPUT SLAVE 3,57,57,0,2082,0,17,81,16,2,13,13,13,0,13,17,0,20,39,3,3,0,true,1,1
3250505D.CAD,2368,ef022e1b94f1,3250505,ANALOG OUTPUT SLAVE 5,50,50,0,1878,0,10,67,11,0,9,9,9,9,0,10,0,28,40,2,2,0,true,1,1
3250506D.CAD,2382,91a08670d16c,3250506,ANALOG OUTPUT SLAVE 6,50,50,0,1892,0,10,67,11,0,9,9,9,9,0,10,0,28,39,2,2,0,true,1,1
3250507D.CAD,2350,533ad5382559,3250507,ANALOG OUTPUT SLAVE 7,50,50,0,1860,0,10,67,11,0,9,9,9,9,0,10,0,28,39,2,2,0,true,1,1
3250509D.CAD,2945,01fe98c0b44e,3250509,DIGITAL INPUT SLAVE 9,69,69,0,2624,0,15,96,16,0,14,14,14,0,14,14,0,38,20,2,2,0,true,2,1
3250510D.CAD,2843,456b12580a7b,3250510,DIGITAL INPUT SLAVE 10,66,66,0,2522,0,15,93,16,0,14,14,14,0,14,14,0,35,20,2,2,0,true,2,1
3250511D.CAD,2843,9119c8da4df2,3250511,DIGITAL INPUT SLAVE 11,66,66,0,2522,0,15,93,16,0,14,14,14,0,14,14,0,35,20,2,2,0,true,2,1
3250513D.CAD,2804,4f6b1ac7fbc8,3250513,DIGITAL INPUT SLAVE 13,62,62,0,2482,0,13,87,15,0,13,13,13,0,13,13,0,33,19,2,2,0,true,1,1
3250514D.CAD,2822,e6b712f18c96,3250514,DIGITAL INPUT SLAVE 14,62,62,0,2500,0,13,87,15,0,13,13,13,0,13,13,0,33,19,2,2,0,true,1,1
3250515D.CAD,2878,79664fbfd9cf,3250515,DIGITAL INPUT SLAVE 15,62,62,0,2556,0,13,87,15,0,13,13,13,0,13,13,0,33,19,2,2,0,true,1,1
3250517D.CAD,2884,b3a18071cc25,3250517,DIGITAL OUTPUT SLAVE 17,66,66,0,2530,0,15,95,17,0,15,15,15,15,0,15,0,33,23,2,2,0,true,1,1
3250518D.CAD,2576,06c839769cd8,3250518,DIGITAL OUTPUT SLAVE 18,58,58,0,2222,0,12,81,14,0,12,12,12,12,0,12,0,31,20,2,2,0,true,1,1
3250519D.CAD,2866,e045bfd0fa3c,3250519,DIGITAL OUTPUT SLAVE 19,65,65,0,2512,0,15,94,17,0,15,15,15,15,0,15,0,32,23,2,2,0,true,1,1
3250530D.CAD,4542,23998964dcc7,3250530,DIGESTER 9 MPS STEAM SMOOTHING,119,119,0,3976,0,44,156,36,6,0,18,18,17,4,44,0,31,82,15,15,0,true,1,1
3250531D.CAD,4074,5340b1ec8848,3250531,DIGESTER 10 MPS STEAM SMOOTHING,108,108,0,3522,0,40,137,31,6,0,15,15,14,3,40,0,28,74,14,14,0,true,1,1
3250532D.CAD,4098,a46d85ccc56d,3250532,DIGESTER 11 MPS STEAM SMOOTHING,109,109,0,3546,0,40,138,31,6,0,15,15,14,3,40,0,29,74,14,14,0,true,1,1
3250534D.CAD,2970,68685602ea6c,3250534,MEDIUM PRESSURE STEAM,83,83,0,2498,0,21,97,21,0,0,7,7,6,3,21,0,39,51,12,12,0,true,1,1
3250535D.CAD,2948,9445068043b0,3250535,LOW PRESSURE STEAM HEADER PRESSURE,82,82,0,2476,0,21,96,21,0,0,7,7,6,3,21,0,38,50,12,12,0,true,1,1
3250536D.CAD,8748,daf399784ec0,3250536,MACRO NAME,240,240,0,7908,0,96,311,67,16,2,34,34,25,14,92,0,63,137,26,26,6,true,2,1
3250537D.CAD,2552,7193eae9ba8a,3250537,,72,72,0,2092,0,29,80,16,6,0,5,5,4,1,28,0,20,37,10,10,0,true,2,1
3250538D.CAD,7398,591a436d70e0,3250538,MACRO NAME,204,204,0,6374,0,89,240,59,15,2,18,18,13,6,79,0,50,156,35,33,0,true,4,1
3250539D.CAD,8615,b7d8c7dce48c,3250539,FEED FORWARD,235,235,0,7642,0,105,295,71,16,2,30,30,17,15,95,0,51,154,35,33,8,true,4,1
3250542D.CAD,3764,e6fb61e718cc,3250542,,106,106,0,3234,0,48,130,30,9,0,13,13,1,12,43,0,22,59,17,17,0,true,2,1
3250543D.CAD,1082,11ebad6137e0,3250543,DIGESTER 9 DOME TEMPERATURE,24,24,0,754,0,1,24,4,0,1,1,1,1,0,1,0,17,7,1,1,0,true,1,1
3250544D.CAD,1316,89acdc54c288,3250544,DIGESTER 9 VESSEL PRESSURE,32,32,0,1000,0,5,34,6,1,1,2,2,1,1,4,0,19,6,2,2,0,true,2,1
3250546D.CAD,2478,e035e7756c44,3250546,,67,67,0,2030,0,21,75,17,3,1,5,5,2,3,18,0,27,34,10,10,0,true,2,1
3250547D.CAD,1400,cb39522204bc,3250547,DIG 9 TOP TEMP,33,33,0,1054,0,5,37,7,1,1,3,3,2,1,5,0,18,12,2,2,0,true,1,1
3250548D.CAD,1464,f2867300d34a,3250548,DIG 9 BOTTOM TEMP,34,34,0,1118,0,6,40,8,1,1,4,4,2,2,6,0,17,13,2,2,0,true,1,1
3250549D.CAD,1170,f258dbee8142,3250549,DIGESTER 9 TOP RECIRCULATION FLOW,27,27,0,830,0,2,26,5,0,1,1,1,1,0,2,0,17,11,2,2,0,true,1,1
3250550D.CAD,4972,802b212532ed,3250550,PHK RAMP COOK,137,137,0,4174,0,52,162,36,12,1,13,13,12,2,51,0,36,120,20,20,0,true,2,1
3250551D.CAD,8124,1a2335aadffa,3250551,MACRO NAME,221,221,0,7318,0,87,288,63,14,1,33,33,21,15,83,0,59,123,25,25,6,true,2,1
3250554D.CAD,3904,302f702989e4,3250554,DIGESTER 9 LOW PRESS STEAM FLOW,101,101,0,3248,0,34,124,30,6,1,12,12,10,3,34,0,29,86,15,15,0,true,1,1
3250556D.CAD,7396,5cb529745d17,3250556,MACRO NAME,203,203,0,6460,0,88,250,60,17,2,23,23,16,10,85,0,39,147,30,30,4,true,3,1
3250557D.CAD,8932,16b99e8fde46,3250557,MACRO NAME,244,244,0,8080,0,101,319,72,16,1,36,36,27,14,97,0,57,142,29,29,4,true,2,1
3250561D.CAD,2562,a948111556a7,3250561,DIGESTER 9 DIRECT MPS FOR KRAFT RAMP,67,67,0,2130,0,21,83,18,2,0,9,9,6,3,21,0,24,38,9,9,0,true,1,1
3250562D.CAD,1108,83dc8f2c6c65,3250562,HEATER OUTLET,25,25,0,780,0,1,25,4,0,1,1,1,1,0,1,0,18,7,1,1,0,true,1,1
3250564D.CAD,5752,de29cf8e47af,3250564,MACRO NAME,151,151,0,5066,0,54,195,46,8,2,22,22,14,10,54,0,41,86,18,18,8,true,1,1
3250566D.CAD,1360,a9081843001a,3250566,,33,33,0,1014,0,6,35,7,1,1,2,2,1,1,5,0,18,11,2,2,0,true,2,1
3250567D.CAD,5308,5e6f412f983e,3250567,MACRO NAME,138,138,0,4654,0,50,178,41,8,2,20,20,12,10,50,0,37,79,15,15,8,true,1,1
3250573D.CAD,6680,4144e1109e3f,3250573,MACRO NAME,188,188,0,5994,0,75,228,58,19,4,20,20,6,16,75,0,34,94,28,28,13,true,1,1
3250574D.CAD,9723,10eae28b06c2,3250574,MACRO NAME,264,264,0,8932,0,119,342,84,19,4,42,42,20,18,101,0,58,125,39,33,8,true,3,1
3250575D.CAD,5654,b51f8ddfb935,3250575,MACRO NAME,157,157,0,5092,0,62,197,47,15,3,21,21,7,14,61,0,32,71,20,20,9,true,2,1
3250576D.CAD,7845,d246d879267b,3250576,MACRO NAME,217,217,0,7204,0,88,283,66,17,3,34,34,19,15,81,0,51,98,25,25,10,true,3,1
3250577D.CAD,6138,1cc2cfbdf8ad,3250577,MACRO NAME,169,169,0,5526,0,66,215,51,15,3,24,24,10,14,65,0,36,78,21,21,9,true,2,1
3250578D.CAD,7360,2b3e9291215d,3250578,MACRO NAME,205,205,0,6720,0,81,255,62,16,4,25,25,11,16,74,0,51,96,27,27,7,true,2,1
3250579D.CAD,1576,32b35cf6617f,3250579,DIG 9 SPRAY WATER VALVE,37,37,0,1190,0,8,43,8,1,1,4,4,3,1,8,0,18,21,3,3,0,true,1,1
3250580D.CAD,5814,9d74be81cce6,3250580,MACRO NAME,161,161,0,5252,0,62,203,48,16,3,22,22,8,14,62,0,33,72,20,20,10,true,1,1
3250581D.CAD,5544,2efe27462b2e,3250581,MACRO NAME,154,154,0,4970,0,60,192,46,15,3,20,20,6,14,60,0,31,69,20,20,11,true,1,1
3250582D.CAD,5686,22b4c7e72211,3250582,MACRO NAME,158,158,0,5112,0,62,198,47,15,3,21,21,7,14,61,0,33,72,20,20,10,true,2,1
3250583D.CAD,5952,1ce19aa20258,3250583,MACRO NAME,166,166,0,5364,0,67,208,49,16,3,22,22,7,15,64,0,35,76,21,21,11,true,2,1
3250584D.CAD,2020,8e367de3d058,3250584,DIGESTER 9 RECIRC PMP SEAL WATER,50,50,0,1608,0,13,56,14,2,2,4,4,2,2,12,0,20,28,6,6,0,true,2,1
3250585D.CAD,8205,c38ca899569b,3250585,MACRO NAME,230,230,0,7376,0,103,294,65,18,0,31,31,22,13,93,0,52,138,28,28,2,true,3,1
3250586D.CAD,5688,f7adb3c0f1f1,3250586,DIGESTER COOKING FACTORS,152,152,0,4832,0,57,183,52,4,0,14,14,13,6,54,0,40,148,33,33,1,true,2,1
3250587D.CAD,8546,5d05fbae2bd7,3250587,MACRO NAME,234,234,0,7706,0,92,304,66,15,2,34,34,25,13,90,0,61,135,26,26,6,true,2,1
3250588D.CAD,2490,22ec92f3fbff,3250588,,69,69,0,2030,0,27,77,16,5,0,5,5,4,1,26,0,20,37,10,10,0,true,2,1
3250589D.CAD,5370,230d23bc9b2d,3250589,MACRO NAME,144,144,0,4552,0,55,169,41,7,1,13,13,12,2,52,0,42,108,24,23,0,true,4,1
3250590D.CAD,8347,998852773ffa,3250590,MACRO NAME,229,229,0,7398,0,97,289,69,14,2,30,30,19,13,91,0,53,154,33,33,8,true,3,1
3250591D.CAD,3768,1109c0aa8ced,3250591,,106,106,0,3238,0,48,130,30,9,0,13,13,1,12,43,0,22,58,17,17,0,true,2,1
3250592D.CAD,1082,778d346e9969,3250592,DIGESTER 10 DOME TEMPERATURE,24,24,0,754,0,1,24,4,0,1,1,1,1,0,1,0,17,7,1,1,0,true,1,1
3250593D.CAD,1318,7641892f62a7,3250593,DIGESTER 10 VESSEL PRESSURE,32,32,0,1002,0,5,34,6,1,1,2,2,1,1,4,0,19,6,2,2,0,true,2,1
32505A0D.CAD,2220,8766fd3b5caa,32505A0,,59,59,0,1788,0,16,65,15,2,1,4,4,2,2,15,0,25,30,9,9,0,true,2,1
32505A1D.CAD,1372,bdbdfcb7bc77,32505A1,DIG 10 TOP TEMP,32,32,0,1026,0,5,36,7,1,1,3,3,2,1,5,0,17,12,2,2,0,true,1,1
32505A2D.CAD,1464,10e6579cc90f,32505A2,DIG 10 BOTTOM TEMP,34,34,0,1118,0,6,40,8,1,1,4,4,2,2,6,0,17,13,2,2,0,true,1,1
32505A4D.CAD,1128,16596e8f7db4,32505A4,DIGESTER 10 TOP RECIRCULATION FLOW,25,25,0,788,0,2,25,5,0,1,1,1,1,0,2,0,16,11,2,2,0,true,1,1
32505A5D.CAD,4972,b17826ac8a84,32505A5,PHK RAMP COOK,137,137,0,4174,0,52,162,36,12,1,13,13,12,2,51,0,36,120,20,20,0,true,2,1
32505A6D.CAD,8072,240829bf2dcc,32505A6,MACRO NAME,219,219,0,7266,0,87,286,63,14,1,33,33,21,15,83,0,57,123,25,25,6,true,2,1
32505A8D.CAD,3784,7325b507ee2e,32505A8,DIGESTER 10 LOW PRESS STEAM FLOW,98,98,0,3128,0,33,119,29,6,1,11,11,9,3,33,0,28,85,15,15,1,true,1,1
32505A9D.CAD,5490,ab6c37179452,32505A9,MACRO NAME,146,146,0,4564,0,61,172,48,12,2,14,14,7,7,58,0,26,131,29,29,4,true,2,1
32505B0D.CAD,8892,641a3a3698be,32505B0,MACRO NAME,242,242,0,8040,0,100,317,72,15,1,36,36,27,14,96,0,57,141,29,29,4,true,2,1
32505B6D.CAD,2564,9733629ca9a6,32505B6,DIGESTER 10 DIRECT MPS FOR KRAFT RAMP,67,67,0,2132,0,21,83,18,2,0,9,9,6,3,21,0,24,38,9,9,0,true,1,1
32505B7D.CAD,1184,dd4e5a156201,32505B7,HEATER OUTLET,27,27,0,840,0,2,27,5,0,1,1,1,1,0,2,0,18,10,2,2,0,true,1,1
32505B8D.CAD,5472,d1a452ae09f4,32505B8,MACRO NAME,143,143,0,4796,0,52,183,43,8,2,20,20,12,10,52,0,38,81,17,17,8,true,1,1
32505C0D.CAD,1404,ca7e32da375f,32505C0,DIGESTER 10 MIDDLE TEMPS,33,33,0,1058,0,5,37,7,1,1,3,3,2,1,5,0,18,12,2,2,0,true,1,1
32505C1D.CAD,5398,e3eafe555e6c,32505C1,MACRO NAME,141,141,0,4744,0,50,181,41,8,2,20,20,12,10,50,0,40,79,15,15,8,true,1,1
32505C2D.CAD,6682,7977167125fd,32505C2,MACRO NAME,188,188,0,5996,0,75,228,58,19,4,20,20,6,16,75,0,34,94,28,28,13,true,1,1
32505C4D.CAD,9185,9f810b4b96e6,32505C4,MACRO NAME,255,255,0,8466,0,102,327,78,22,4,36,36,22,16,92,0,61,124,33,33,8,true,2,1
32505C5D.CAD,5654,81115eb410fa,32505C5,MACRO NAME,157,157,0,5092,0,62,197,47,15,3,21,21,7,14,61,0,32,72,20,20,9,true,2,1
32505C6D.CAD,7620,9291f29226a5,32505C6,MACRO NAME,210,210,0,6986,0,84,274,64,16,3,33,33,19,14,78,0,50,95,24,24,10,true,3,1
32505C7D.CAD,5958,c9a01912c4ef,32505C7,MACRO NAME,164,164,0,5356,0,64,208,49,15,3,23,23,9,14,63,0,35,75,20,20,11,true,2,1
32505C8D.CAD,7238,96d6e13b4622,32505C8,MACRO NAME,201,201,0,6598,0,81,251,62,16,4,25,25,11,16,74,0,47,96,27,27,7,true,2,1
32505C9D.CAD,1576,950de26961df,32505C9,DIG 10 SPRAY WATER VALVE,37,37,0,1190,0,8,43,8,1,1,4,4,3,1,8,0,18,21,3,3,0,true,1,1
32505D0D.CAD,5782,0765ffd4a55d,32505D0,MACRO NAME,160,160,0,5220,0,62,202,48,15,3,22,22,8,14,62,0,33,73,20,20,10,true,1,1
32505D1D.CAD,5544,bbabd85a3245,32505D1,MACRO NAME,154,154,0,4970,0,60,192,46,15,3,20,20,6,14,60,0,31,70,20,20,11,true,1,1
32505D2D.CAD,5688,e12414e4887f,32505D2,MACRO NAME,158,158,0,5114,0,62,198,47,15,3,21,21,7,14,61,0,33,72,20,20,10,true,2,1
32505D3D.CAD,5954,00d981033ccf,32505D3,MACRO NAME,166,166,0,5366,0,67,208,49,16,3,22,22,7,15,64,0,35,76,21,21,11,true,2,1
32505D4D.CAD,1732,efa3c9ddc30d,32505D4,DIGESTER 10 RECIRC PMP SEAL WATER,42,42,0,1388,0,8,48,10,2,2,4,4,2,2,8,0,20,14,3,3,0,true,1,1
32505D5D.CAD,8209,694653426c21,32505D5,MACRO NAME,230,230,0,7380,0,103,294,65,18,0,31,31,22,13,93,0,52,139,28,28,2,true,3,1
32505D6D.CAD,5608,4501ceb46d6f,32505D6,DIGESTER COOKING FACTORS,148,148,0,4752,0,57,179,52,4,0,14,14,13,6,54,0,36,148,33,33,1,true,2,1
32505D7D.CAD,8500,62c726e46b84,32505D7,MACRO NAME,233,233,0,7644,0,93,300,66,15,2,32,32,24,13,91,0,59,139,27,27,6,true,2,1
32505D8D.CAD,2536,263cc30ccef6,32505D8,,71,71,0,2076,0,28,79,16,6,0,5,5,4,1,27,0,20,37,10,10,0,true,2,1
32505D9D.CAD,5370,ce01a3eb03ba,32505D9,MACRO NAME,144,144,0,4552,0,55,169,41,7,1,13,13,12,2,52,0,42,107,24,23,0,true,4,1
32505E0D.CAD,8365,aec024e224f7,32505E0,MACRO NAME,230,230,0,7416,0,97,290,69,14,2,30,30,19,13,91,0,54,155,33,33,8,true,3,1
32505E1D.CAD,3784,2237c0ec9d42,32505E1,,106,106,0,3254,0,48,130,30,9,0,13,13,1,12,43,0,22,59,17,17,0,true,2,1
32505E2D.CAD,1082,8ce7cecb48b5,32505E2,DIGESTER 11 DOME TEMPERATURE,24,24,0,754,0,1,24,4,0,1,1,1,1,0,1,0,17,7,1,1,0,true,1,1
32505E3D.CAD,1318,145ae2b3bacc,32505E3,DIGESTER 11 VESSEL PRESSURE,32,32,0,1002,0,5,34,6,1,1,2,2,1,1,4,0,19,6,2,2,0,true,2,1
32505E4D.CAD,2220,b90dc259b4cb,32505E4,,59,59,0,1788,0,16,65,15,2,1,4,4,2,2,15,0,25,30,9,9,0,true,2,1
32505E5D.CAD,1404,daaec23d4e6e,32505E5,DIG 11 TOP AND BOTTOM TEMP,33,33,0,1058,0,5,37,7,1,1,3,3,2,1,5,0,18,12,2,2,0,true,1,1
32505E6D.CAD,1464,c8dd85e46dc9,32505E6,DIG 11 BOTTOM TEMP,34,34,0,1118,0,6,40,8,1,1,4,4,2,2,6,0,17,13,2,2,0,true,1,1
32505E7D.CAD,1176,a6bafb4c3305,32505E7,DIGESTER 3 TOP RECIRCULATION FLOW,27,27,0,836,0,2,27,5,0,1,1,1,1,0,2,0,18,11,2,2,0,true,1,1
32505E8D.CAD,4972,e50aa8555442,32505E8,PHK RAMP COOK,137,137,0,4174,0,52,162,36,12,1,13,13,12,2,51,0,36,120,20,20,0,true,2,1
32505E9D.CAD,8092,8f71c7fb0964,32505E9,MACRO NAME,219,219,0,7286,0,87,286,63,14,1,33,33,21,15,83,0,57,123,25,25,6,true,2,1
32505F4D.CAD,3784,db0a60adeb0d,32505F4,DIGESTER 11 LOW PRESS STEAM FLOW,98,98,0,3128,0,33,119,29,6,1,11,11,9,3,33,0,28,85,15,15,1,true,1,1
32505F5D.CAD,5596,5253de36f5f7,32505F5,MACRO NAME,152,152,0,4660,0,65,176,49,13,2,13,13,7,6,62,0,26,135,30,30,3,true,2,1
32505F6D.CAD,8936,da96bb172663,32505F6,MACRO NAME,244,244,0,8084,0,100,319,72,15,1,36,36,27,14,96,0,59,140,29,29,4,true,2,1
32505F8D.CAD,2564,10e7243030af,32505F8,DIGESTER 11 DIRECT MPS FOR KRAFT RAMP,67,67,0,2132,0,21,83,18,2,0,9,9,6,3,21,0,24,38,9,9,0,true,1,1
32505F9D.CAD,1116,35b297051927,32505F9,HEATER OUTLET,25,25,0,788,0,1,25,4,0,1,1,1,1,0,1,0,18,7,1,1,0,true,1,1
32505G0D.CAD,5464,86c0aabc7df0,32505G0,MACRO NAME,143,143,0,4788,0,52,183,43,8,2,20,20,12,10,52,0,38,81,17,17,8,true,1,1
32505G1D.CAD,1404,a83215a6261b,32505G1,DIGESTER 11 MIDDLE TEMPS,33,33,0,1058,0,5,37,7,1,1,3,3,2,1,5,0,18,12,2,2,0,true,1,1
32505G2D.CAD,5310,dacd50381e5d,32505G2,MACRO NAME,138,138,0,4656,0,50,178,41,8,2,20,20,12,10,50,0,37,77,15,15,8,true,1,1
32505G3D.CAD,6682,ed9f240572b3,32505G3,MACRO NAME,188,188,0,5996,0,75,228,58,19,4,20,20,6,16,75,0,34,93,28,28,13,true,1,1
32505G4D.CAD,8869,676c311c2165,32505G4,MACRO NAME,246,246,0,8150,0,102,318,78,16,4,36,36,22,16,92,0,58,124,33,33,8,true,2,1
32505G5D.CAD,5654,cd5208232fec,32505G5,MACRO NAME,157,157,0,5092,0,62,197,47,15,3,21,21,7,14,61,0,32,71,20,20,9,true,2,1
32505G6D.CAD,7748,495411ce7c23,32505G6,MACRO NAME,213,213,0,7114,0,85,279,65,16,3,34,34,20,14,79,0,51,96,24,24,10,true,3,1
32505G7D.CAD,6144,8f6991e4df23,32505G7,MACRO NAME,169,169,0,5532,0,66,215,51,15,3,24,24,10,14,65,0,36,77,21,21,11,true,2,1
32505G8D.CAD,7212,ae83b6715ff1,32505G8,MACRO NAME,200,200,0,6572,0,81,250,62,16,4,25,25,11,16,74,0,46,96,27,27,7,true,2,1
32505G9D.CAD,1576,ba37ce546e5e,32505G9,DIG 11 SPRAY WATER VALVE,37,37,0,1190,0,8,43,8,1,1,4,4,3,1,8,0,18,21,3,3,0,true,1,1
32505H0D.CAD,5782,23f36a7d56e0,32505H0,MACRO NAME,160,160,0,5220,0,62,202,48,15,3,22,22,8,14,62,0,33,72,20,20,10,true,1,1
32505H1D.CAD,5544,cef9b2ad62ba,32505H1,MACRO NAME,154,154,0,4970,0,60,192,46,15,3,20,20,6,14,60,0,31,70,20,20,11,true,1,1
32505H2D.CAD,5692,011699ddd58f,32505H2,MACRO NAME,158,158,0,5118,0,62,198,47,15,3,21,21,7,14,61,0,33,72,20,20,10,true,2,1
32505H3D.CAD,5958,c5aa1e911649,32505H3,MACRO NAME,166,166,0,5370,0,67,208,49,16,3,22,22,7,15,64,0,35,76,21,21,11,true,2,1
32505H4D.CAD,1730,e553fe1d37d9,32505H4,DIGESTER 11 RECIRC PMP SEAL WATER,42,42,0,1386,0,8,48,10,2,2,4,4,2,2,8,0,20,14,3,3,0,true,1,1
32505H5D.CAD,8165,b987f0c74bfd,32505H5,MACRO NAME,230,230,0,7336,0,103,294,65,18,0,31,31,22,13,93,0,52,138,28,28,2,true,3,1
32505H6D.CAD,5644,395c82831e47,32505H6,DIGESTER COOKING FACTORS,150,150,0,4788,0,57,181,52,4,0,14,14,13,6,54,0,38,148,33,33,1,true,2,1
32505I1D.CAD,6100,914190241173,32505I1,DIGESTER 9 SEQUENCE CONTROL,183,183,0,5412,0,83,210,34,19,0,14,14,6,9,62,0,66,81,19,19,1,true,2,1
32505I2D.CAD,6350,e7b696e191fb,32505I2,NEXT PAGE,173,173,0,5918,0,50,237,40,3,0,33,33,32,1,49,0,79,52,7,7,0,true,2,1
32505I3D.CAD,8152,7407bc58ea5d,32505I3,PREVIOUS PAGE,222,222,0,7696,0,64,305,52,5,0,41,41,44,0,64,0,99,66,8,8,0,true,1,1
32505I4D.CAD,11806,ea299a6aba00,32505I4,DIGESTER 9 SEQ DRIVERS,252,252,0,8864,0,134,328,78,19,0,38,38,5,34,114,0,40,336,39,39,1,true,2,1
32505I5D.CAD,6448,f4055897f5da,32505I5,DIGESTER 9 SEQ DRIVERS,155,155,0,5136,0,66,208,48,15,0,27,27,2,25,65,0,26,160,21,21,4,true,2,1
32505I6D.CAD,4282,5237bde22ef1,32505I6,DIGESTER 9 SEQ DRIVERS,92,92,0,3082,0,39,123,29,7,0,16,16,2,14,38,0,17,103,13,13,2,true,2,1
32505I7D.CAD,7494,06902275b1d1,32505I7,WAIT CHIP FILL,221,221,0,6320,0,88,249,50,26,0,15,15,15,0,88,0,55,209,35,35,0,true,1,1
32505I8D.CAD,3422,58a55d74406f,32505I8,DIGESTER 9 SEQUENCE TIMERS,91,91,0,2702,0,35,101,28,8,0,6,6,4,2,35,0,18,85,22,22,0,true,1,1
32505I9D.CAD,3739,8924430d925c,32505I9,,101,101,0,3352,0,37,137,28,8,0,19,19,10,9,35,0,28,46,9,9,0,true,2,1
32505J0D.CAD,6100,aeaf2445904e,32505J0,DIGESTER 10 SEQUENCE CONTROL,183,183,0,5412,0,83,210,34,19,0,14,14,6,9,62,0,66,77,19,19,1,true,2,1
32505J1D.CAD,6354,92fae746ea1c,32505J1,NEXT PAGE,173,173,0,5922,0,50,237,40,3,0,33,33,32,1,49,0,79,52,7,7,0,true,2,1
32505J2D.CAD,8146,9f1649f82ced,32505J2,PREVIOUS PAGE,222,222,0,7690,0,64,305,52,5,0,41,41,44,0,64,0,99,66,8,8,0,true,1,1
32505J3D.CAD,11840,145bcaf3fb82,32505J3,DIGESTER 10 SEQ DRIVERS,252,252,0,8898,0,134,328,78,19,0,38,38,5,34,114,0,40,340,39,39,1,true,2,1
32505J4D.CAD,6474,7ca2b169b614,32505J4,DIGESTER 10 SEQ DRIVERS,155,155,0,5162,0,66,208,48,15,0,27,27,2,25,65,0,26,161,21,21,4,true,2,1
32505J5D.CAD,4192,caa22de716a5,32505J5,DIGESTER 10 SEQ DRIVERS,92,92,0,2992,0,39,123,29,7,0,16,16,2,14,38,0,17,103,13,13,2,true,2,1
32505J6D.CAD,7496,6d61132a61ba,32505J6,WAIT CHIP FILL,221,221,0,6322,0,88,249,50,26,0,15,15,15,0,88,0,55,209,35,35,0,true,1,1
32505J7D.CAD,3440,334e4caae359,32505J7,DIGESTER 10 SEQUENCE TIMERS,91,91,0,2720,0,35,101,28,8,0,6,6,4,2,35,0,18,77,22,22,0,true,1,1
32505J8D.CAD,3739,fa660fc25455,32505J8,,101,101,0,3352,0,37,137,28,8,0,19,19,10,9,35,0,28,46,9,9,0,true,2,1
32505J9D.CAD,6016,ea91a802158f,32505J9,DIGESTER 11 SEQUENCE CONTROL,179,179,0,5328,0,83,206,34,19,0,14,14,6,9,62,0,62,77,19,19,1,true,2,1
32505K0D.CAD,6352,6089c2e5f392,32505K0,NEXT PAGE,173,173,0,5920,0,50,237,40,3,0,33,33,32,1,49,0,79,52,7,7,0,true,2,1
32505K1D.CAD,8146,20987602a3b6,32505K1,PREVIOUS PAGE,222,222,0,7690,0,64,305,52,5,0,41,41,44,0,64,0,99,66,8,8,0,true,1,1
32505L1D.CAD,11538,9ca1eabd0f51,32505L1,DIGESTER 11 SEQ DRIVERS,245,245,0,8612,0,131,317,75,18,0,36,36,5,32,110,0,41,334,38,38,1,true,2,1
32505L2D.CAD,6474,3ffa5399656a,32505L2,DIGESTER 11 SEQ DRIVERS,155,155,0,5162,0,66,208,48,15,0,27,27,2,25,65,0,26,159,21,21,4,true,2,1
32505L3D.CAD,4192,19f6b1d99c45,32505L3,DIGESTER 11 SEQ DRIVERS,92,92,0,2992,0,39,123,29,7,0,16,16,2,14,38,0,17,103,13,13,2,true,2,1
32505L4D.CAD,7496,e81707b2c882,32505L4,WAIT CHIP FILL,221,221,0,6322,0,88,249,50,26,0,15,15,15,0,88,0,55,209,35,35,0,true,1,1
32505L5D.CAD,3512,43b8539932c2,32505L5,DIGESTER 11 SEQUENCE TIMERS,95,95,0,2792,0,37,105,28,9,0,6,6,4,2,37,0,19,77,22,22,0,true,1,1
32505L6D.CAD,3761,e0f0d46ba243,32505L6,,102,102,0,3374,0,37,138,28,8,0,19,19,10,9,35,0,29,46,9,9,0,true,2,1
32505L7D.CAD,8566,4d384b099d05,32505L7,RUNNING FEEDBACK,230,230,0,7750,0,89,291,79,14,5,30,30,17,16,85,0,50,137,36,35,8,true,3,1
32505L8D.CAD,1528,6dd934fdc3e3,32505L8,,40,40,0,1186,0,10,44,7,2,0,3,3,2,1,10,0,19,14,4,4,0,true,1,1
32505L9D.CAD,8368,9f327b027913,32505L9,RUNNING FEEDBACK,225,225,0,7566,0,87,284,77,13,5,29,29,17,15,82,0,51,133,35,34,8,true,3,1
32505M0D.CAD,1528,dc1e12af6b7c,32505M0,,40,40,0,1186,0,10,44,7,2,0,3,3,2,1,10,0,19,14,4,4,0,true,1,1
32505M2D.CAD,1040,cf0440380539,32505M2,MAIN CONVEYOR M110 SPEED,22,22,0,712,0,1,22,3,0,1,1,1,1,0,1,0,16,7,1,1,0,true,1,1
32505M3D.CAD,1488,e16971f62f24,32505M3,MAIN CONVEYOR M110 CURRENT,34,34,0,1120,0,7,38,8,1,1,3,3,1,2,7,0,16,19,4,4,0,true,1,1
32505M6D.CAD,8368,9ce97be71687,32505M6,RUNNING FEEDBACK,225,225,0,7566,0,87,284,77,13,5,29,29,17,15,82,0,51,134,35,34,8,true,3,1
32505M7D.CAD,1528,5bd4c5a92c82,32505M7,,40,40,0,1186,0,10,44,7,2,0,3,3,2,1,10,0,19,14,4,4,0,true,1,1
32505Z0D.CAD,10329,180f6bc7e740,32505Z0,,243,243,0,9544,0,159,352,84,8,0,70,70,5,36,63,0,86,66,43,13,6,true,3,1
32505Z1D.CAD,7886,144e185b987a,32505Z1,,189,189,0,7106,0,83,265,73,4,0,44,44,19,15,49,0,61,107,39,26,3,true,3,1
32505Z2D.CAD,10775,53b840197de3,32505Z2,,271,271,0,9914,0,126,389,104,4,0,66,66,33,21,84,0,77,148,49,37,3,true,4,1
32505Z3D.CAD,4334,d4c69ea3c67e,32505Z3,SPARE BLOCK,110,110,0,3716,0,47,135,36,12,0,15,15,6,6,40,0,20,70,23,17,0,true,3,1
32505Z4D.CAD,6600,fdafe7196101,32505Z4,BLOW VALAVE ANUNCIATOR,176,176,0,5830,0,60,230,66,9,0,28,28,21,7,60,0,39,125,36,36,3,true,1,1
3260500A.CAD,18838,82fa324410ca,3260500A,,631,631,0,18274,0,551,668,43,3,0,19,19,0,19,29,0,555,69,15,14,10,true,3,1
3260501A.CAD,3510,cab5c77f789a,3260501A,ANALOG INPUT SLAVE 1,81,81,0,3002,0,18,109,18,2,15,15,15,0,15,17,0,42,45,3,3,0,true,2,1
3260502A.CAD,3308,d7b88726ec49,3260502A,ANALOG INPUT SLAVE 2,76,76,0,2800,0,15,100,16,2,13,13,13,0,13,15,0,41,42,3,3,0,true,1,1
3260503A.CAD,2480,17ee1c2fd297,3260503A,ANALOG INPUT SLAVE 3,53,53,0,1972,0,17,77,16,3,13,13,13,0,13,17,0,15,39,3,3,0,true,1,1
3260504A.CAD,2626,9c05e03f42e3,3260504A,ANALOG INPUT SLAVE 4,56,56,0,2118,0,19,84,18,2,15,15,15,0,15,19,0,15,43,3,3,0,true,1,1
3260505A.CAD,2978,b34b1bd1dbc9,3260505A,ANALOG OUTPUT SLAVE 5,67,67,0,2488,0,13,90,14,0,12,12,12,12,0,13,0,39,46,2,2,0,true,1,1
3260506A.CAD,2979,a865aa8630ee,3260506A,ANALOG OUTPUT SLAVE 6,67,67,0,2490,0,13,90,14,0,12,12,12,12,0,13,0,39,45,2,2,0,true,1,1
3260507A.CAD,2979,cb9386c7e822,3260507A,ANALOG OUTPUT SLAVE 7,67,67,0,2490,0,13,90,14,0,12,12,12,12,0,13,0,39,45,2,2,0,true,1,1
3260508A.CAD,3160,5f15d6c940f9,3260508A,ANALOG OUTPUT SLAVE 8,71,71,0,2670,0,15,98,16,0,14,14,14,14,0,15,0,39,48,2,2,0,true,1,1
3260509A.CAD,3057,0c2ab15fcbdf,3260509A,DIGITAL INPUT SLAVE 9,74,74,0,2736,0,14,101,16,0,14,14,14,0,14,14,0,43,20,2,2,0,true,1,1
3260510A.CAD,3055,d734773630f6,3260510A,DIGITAL INPUT SLAVE 10,74,74,0,2734,0,14,101,16,0,14,14,14,0,14,14,0,43,20,2,2,0,true,1,1
3260511A.CAD,2957,20e896d1f5bc,3260511A,DIGITAL INPUT SLAVE 11,72,72,0,2636,0,13,97,15,0,13,13,13,0,13,13,0,43,19,2,2,0,true,1,1
3260512A.CAD,2676,46fa82e40f68,3260512A,DIGITAL INPUT SLAVE 12,61,61,0,2354,0,14,88,16,0,14,14,14,0,14,14,0,30,20,2,2,0,true,1,1
3260513A.CAD,2781,2c9657c3fa7e,3260513A,DIGITAL INPUT SLAVE 13,66,66,0,2460,0,12,89,14,0,12,12,12,0,12,12,0,39,18,2,2,0,true,1,1
3260514A.CAD,2461,be7cb0f8699e,3260514A,DIGITAL INPUT SLAVE 14,58,58,0,2140,0,10,77,12,0,10,10,10,0,10,10,0,35,16,2,2,0,true,1,1
3260515A.CAD,2615,a5f65cc7cb05,3260515A,DIGITAL INPUT SLAVE 15,62,62,0,2294,0,11,83,13,0,11,11,11,0,11,11,0,37,17,2,2,0,true,1,1
3260516A.CAD,2487,047b636109e7,3260516A,DIGITAL INPUT SLAVE 16,59,59,0,2166,0,11,78,12,0,10,10,10,0,10,10,0,36,16,2,2,0,true,2,1
3260517A.CAD,3137,e5bf013bdef3,3260517A,DIGITAL OUTPUT SLAVE 17,75,75,0,2784,0,15,104,17,0,15,15,15,15,0,15,0,42,23,2,2,0,true,1,1
3260518A.CAD,2823,db50a99996e8,3260518A,DIGITAL OUTPUT SLAVE 18,67,67,0,2470,0,13,92,15,0,13,13,13,13,0,13,0,38,21,2,2,0,true,1,1
3260519A.CAD,2477,ccad608822e4,3260519A,DIGITAL OUTPUT SLAVE 19,58,58,0,2124,0,10,77,12,0,10,10,10,10,0,10,0,35,18,2,2,0,true,1,1
3260520A.CAD,2475,1967a738eca0,3260520A,DIGITAL OUTPUT SLAVE 20,58,58,0,2122,0,10,77,12,0,10,10,10,10,0,10,0,35,18,2,2,0,true,1,1
3260530A.CAD,4815,614f7b37ab23,3260530A,THIS SHEET,127,127,0,4270,0,36,162,34,6,0,17,17,16,4,36,0,49,78,14,14,0,true,1,1
3260531A.CAD,4057,688f54fb7a3c,3260531A,DIGESTER 6 MPS STEAM SMOOTHING,107,107,0,3526,0,31,133,28,6,0,13,13,12,3,31,0,40,69,13,13,0,true,1,1
3260532A.CAD,4083,1a1f65efd5e8,3260532A,DIGESTER 7 MPS STEAM SMOOTHING,108,108,0,3552,0,31,134,28,6,0,13,13,12,3,31,0,41,69,13,13,0,true,1,1
3260533A.CAD,4083,cde28cdafb25,3260533A,DIGESTER 8 MPS STEAM SMOOTHING,108,108,0,3552,0,31,134,28,6,0,13,13,12,3,31,0,41,69,13,13,0,true,1,1
3260534A.CAD,6081,5c7fd2dfcd43,3260534A,MACRO NAME,158,158,0,5402,0,46,202,45,8,2,22,22,14,10,46,0,57,84,17,17,7,true,1,1
3260535A.CAD,2827,a690700c81fe,3260535A,DIGESTER 5 TOP RECIRCULATION FLOW,73,73,0,2354,0,20,89,19,3,0,9,9,7,2,20,0,29,50,10,10,0,true,1,1
3260536A.CAD,6081,8489f1fe751d,3260536A,MACRO NAME,158,158,0,5402,0,46,202,45,8,2,22,22,14,10,46,0,57,84,17,17,7,true,1,1
3260537A.CAD,2823,b8f5bfd7d86b,3260537A,DIGESTER 6 TOP RECIRCULATION FLOW,73,73,0,2350,0,20,89,19,3,0,9,9,7,2,20,0,29,50,10,10,0,true,1,1
3260538A.CAD,6083,1e1877af778c,3260538A,MACRO NAME,158,158,0,5404,0,46,202,45,8,2,22,22,14,10,46,0,57,84,17,17,7,true,1,1
3260539A.CAD,2825,29dc22994075,3260539A,DIGESTER 7 TOP RECIRCULATION FLOW,73,73,0,2352,0,20,89,19,3,0,9,9,7,2,20,0,29,50,10,10,0,true,1,1
3260540A.CAD,6083,4ea21a06b751,3260540A,MACRO NAME,158,158,0,5404,0,46,202,45,8,2,22,22,14,10,46,0,57,84,17,17,7,true,1,1
3260541A.CAD,2825,1790ecab01d4,3260541A,DIGESTER 8 TOP RECIRCULATION FLOW,73,73,0,2352,0,20,89,19,3,0,9,9,7,2,20,0,29,50,10,10,0,true,1,1
3260542A.CAD,5869,c25e56234819,3260542A,MACRO NAME,152,152,0,5204,0,44,194,43,8,2,21,21,13,10,44,0,55,81,16,16,7,true,1,1
3260543A.CAD,5871,c68ad7f024b0,3260543A,MACRO NAME,152,152,0,5206,0,44,194,43,8,2,21,21,13,10,44,0,55,81,16,16,7,true,1,1
3260544A.CAD,5869,475671f097f6,3260544A,MACRO NAME,152,152,0,5204,0,44,194,43,8,2,21,21,13,10,44,0,55,81,16,16,7,true,1,1
3260545A.CAD,5870,26bf1e3f0cf8,3260545A,MACRO NAME,152,152,0,5204,0,44,194,43,8,2,21,21,13,10,44,0,55,81,16,16,7,true,1,1
3260546A.CAD,7659,678cd9af7369,3260546A,MACRO NAME,204,204,0,6850,0,64,259,57,11,2,27,27,17,13,59,0,75,123,24,24,8,true,2,1
3260547A.CAD,4452,57321c09a4ed,3260547A,BLW TK,123,123,0,3894,0,40,149,32,8,0,14,14,1,13,34,0,47,61,18,18,2,true,2,1
3260548A.CAD,7857,fb179a53a4ca,3260548A,MACRO NAME,209,209,0,7034,0,65,266,59,12,2,28,28,17,14,61,0,75,126,25,25,8,true,2,1
3260549A.CAD,4634,90409b20f98a,3260549A,BLW TK,128,128,0,4062,0,41,156,34,8,0,15,15,2,13,36,0,48,64,19,19,2,true,2,1
3260550A.CAD,7357,3962f85acb58,3260550A,MACRO NAME,195,195,0,6574,0,60,248,54,11,2,26,26,16,13,56,0,72,118,22,22,8,true,2,1
3260551A.CAD,4424,ad193fc4b36e,3260551A,BLW TK,122,122,0,3866,0,39,148,32,8,0,14,14,1,13,34,0,46,60,18,18,3,true,2,1
3260552A.CAD,9138,b668e5eff7f1,3260552A,MACRO NAME,252,252,0,8160,0,96,307,70,14,2,27,27,17,13,90,0,76,157,36,34,8,true,3,1
3260553A.CAD,4452,bd4d15f897a3,3260553A,BLW TK,123,123,0,3894,0,40,149,32,8,0,14,14,1,13,34,0,47,59,18,18,4,true,2,1
3260554A.CAD,3791,aec5bb9cd326,3260554A,MEDIUM PRESSURE STEAM,104,104,0,3262,0,32,123,28,0,0,9,9,8,4,28,0,46,68,16,16,0,true,2,1
3260555A.CAD,3747,1f936ba5eb28,3260555A,LOW PRESSURE STEAM HEADER PRESSURE,102,102,0,3218,0,32,121,28,0,0,9,9,8,4,28,0,44,68,16,16,0,true,2,1
3260556A.CAD,1891,b4a3edd7d45e,3260556A,HEATER OUTLET,45,45,0,1516,0,5,51,11,1,2,4,4,3,1,5,0,26,19,3,3,0,true,1,1
3260557A.CAD,7052,4cfb748f52ec,3260557A,MACRO NAME,186,186,0,6330,0,59,239,51,12,1,26,26,17,12,57,0,64,99,20,20,9,true,2,1
3260558A.CAD,8785,e8d6b8ab811a,3260558A,MACRO NAME,236,236,0,7984,0,74,303,63,14,1,33,33,22,14,70,0,87,121,25,25,4,true,2,1
3260559A.CAD,1915,8176efb0cd63,3260559A,HEATER OUTLET,45,45,0,1520,0,5,51,11,1,2,4,4,3,1,5,0,26,19,3,3,0,true,1,1
3260560A.CAD,7051,e15e690f8288,3260560A,MACRO NAME,186,186,0,6330,0,59,239,51,12,1,26,26,17,12,57,0,64,98,20,20,9,true,2,1
3260561A.CAD,8785,fe1317f5f473,3260561A,MACRO NAME,236,236,0,7984,0,74,303,63,14,1,33,33,22,14,70,0,87,121,25,25,4,true,2,1
3260562A.CAD,2453,32066c3edf9a,3260562A,HEATER OUTLET,61,61,0,1980,0,15,67,17,3,2,4,4,3,1,13,0,26,29,7,7,0,true,2,1
3260563A.CAD,7051,3d3c7aa202e9,3260563A,MACRO NAME,186,186,0,6330,0,59,239,51,12,1,26,26,17,12,57,0,64,98,20,20,9,true,2,1
3260564A.CAD,8629,8705c82a50fd,3260564A,MACRO NAME,232,232,0,7828,0,73,297,62,14,1,32,32,21,14,69,0,85,120,25,25,4,true,2,1
3260565A.CAD,2232,f53623aba02a,3260565A,HEATER OUTLET,55,55,0,1806,0,11,61,15,2,2,4,4,3,1,10,0,26,27,6,6,0,true,2,1
3260566A.CAD,7444,0d5ab393244d,3260566A,MACRO NAME,205,205,0,6712,0,74,260,53,13,1,27,27,17,13,72,0,65,104,21,21,9,true,2,1
3260567A.CAD,8630,4647b9ae720c,3260567A,MACRO NAME,232,232,0,7828,0,73,297,62,14,1,32,32,21,14,69,0,85,120,25,25,4,true,2,1
3260568A.CAD,2391,47f89d8e29f3,3260568A,DIG 5 TOP AND BOTTOM TEMP,59,59,0,1976,0,11,69,15,3,2,6,6,3,3,9,0,30,29,5,5,0,true,2,1
3260569A.CAD,7045,36f2ffc8f998,3260569A,MACRO NAME,185,185,0,6334,0,57,240,51,11,1,27,27,18,12,56,0,65,95,19,19,9,true,2,1
3260570A.CAD,8018,1d6e907c5618,3260570A,MACRO NAME,218,218,0,7222,0,88,285,63,14,1,33,33,24,12,86,0,53,124,25,25,4,true,2,1
3260571A.CAD,2707,a246ebeb7fcb,3260571A,DIGESTER 5 DIRECT MPS FOR KRAFT RAMP,70,70,0,2276,0,19,86,18,3,0,9,9,6,3,19,0,28,38,9,9,0,true,1,1
3260572A.CAD,2395,d37c541ae751,3260572A,DIG 6 TOP AND BOTTOM TEMP,59,59,0,1980,0,11,69,15,3,2,6,6,3,3,9,0,30,29,5,5,0,true,2,1
3260573A.CAD,7045,49a66bd9e851,3260573A,MACRO NAME,185,185,0,6334,0,57,240,51,11,1,27,27,18,12,56,0,65,95,19,19,9,true,2,1
3260574A.CAD,8715,1766793736c6,3260574A,MACRO NAME,235,235,0,7920,0,74,302,63,14,1,33,33,24,12,72,0,84,124,25,25,4,true,2,1
3260575A.CAD,2707,a46406e0b803,3260575A,DIGESTER 6 DIRECT MPS FOR KRAFT RAMP,70,70,0,2276,0,19,86,18,3,0,9,9,6,3,19,0,28,38,9,9,0,true,1,1
3260576A.CAD,2727,6a922be40309,3260576A,DIG 7 TOP AND BOTTOM TEMP,69,69,0,2262,0,17,79,19,4,2,6,6,3,3,14,0,30,37,8,8,0,true,3,1
3260577A.CAD,7045,e4acc723c8a4,3260577A,MACRO NAME,185,185,0,6334,0,57,240,51,11,1,27,27,18,12,56,0,65,95,19,19,9,true,2,1
3260578A.CAD,8715,932dff3d7bb3,3260578A,MACRO NAME,235,235,0,7920,0,74,302,63,14,1,33,33,24,12,72,0,84,127,25,25,4,true,2,1
3260579A.CAD,2597,4a91ba0eaa15,3260579A,DIGESTER 7 DIRECT MPS FOR KRAFT RAMP,65,65,0,2166,0,19,81,18,3,0,9,9,6,3,19,0,23,38,9,9,0,true,1,1
3260580A.CAD,2527,3ab58a8752e9,3260580A,DIG 8 TOP AND BOTTOM TEMP,63,63,0,2080,0,13,73,17,3,2,6,6,3,3,11,0,30,35,7,7,0,true,2,1
3260581A.CAD,7045,6a6ad90a7826,3260581A,MACRO NAME,185,185,0,6334,0,57,240,51,11,1,27,27,18,12,56,0,65,95,19,19,9,true,2,1
3260582A.CAD,8743,cd3056577c10,3260582A,MACRO NAME,236,236,0,7948,0,74,303,63,14,1,33,33,24,12,72,0,85,126,25,25,4,true,2,1
3260583A.CAD,2741,cec9c9e3923d,3260583A,DIGESTER 8 DIRECT MPS FOR KRAFT RAMP,71,71,0,2310,0,19,87,18,4,0,9,9,6,3,19,0,28,38,9,9,0,true,1,1
3260584A.CAD,1852,c3afbd869626,3260584A,CONDENSATE FLOW TOTAL,46,46,0,1430,0,10,50,10,2,1,3,3,3,0,9,0,23,28,5,5,0,true,2,1
3260591A.CAD,2554,95f6cd6b7211,3260591A,,69,69,0,2106,0,18,75,16,3,1,4,4,2,2,14,0,34,34,10,10,0,true,2,1
3260592A.CAD,2102,7bead36f3f45,3260592A,,55,55,0,1678,0,12,59,13,2,1,3,3,2,1,11,0,27,28,8,8,0,true,2,1
3260593A.CAD,1922,c30e91581fa3,3260593A,,49,49,0,1508,0,9,53,12,1,1,3,3,2,1,9,0,25,26,7,7,0,true,1,1
3260594A.CAD,1922,134306951fda,3260594A,,49,49,0,1508,0,9,53,12,1,1,3,3,2,1,9,0,25,27,7,7,0,true,1,1
32605A4A.CAD,8482,9c4f0152ae6d,32605A4A,MACRO NAME,226,226,0,7672,0,71,289,61,12,1,30,30,22,13,68,0,83,127,24,24,6,true,2,1
32605A5A.CAD,2511,6753f69fd2ea,32605A5A,DIG 5 COOKING RELIEF,67,67,0,2048,0,22,75,16,6,0,5,5,4,1,21,0,22,37,10,10,0,true,2,1
32605A6A.CAD,8436,1b221d509b17,32605A6A,MACRO NAME,225,225,0,7626,0,71,288,61,12,1,30,30,22,13,69,0,81,127,24,24,6,true,2,1
32605A7A.CAD,2503,7a22763e1a0f,32605A7A,DIG 6 COOKING RELIEF,67,67,0,2044,0,22,75,16,6,0,5,5,4,1,21,0,22,37,10,10,0,true,2,1
32605A8A.CAD,6653,352936d9000e,32605A8A,MACRO NAME,175,175,0,5992,0,51,228,46,9,1,26,26,18,11,50,0,68,90,16,16,6,true,2,1
32605A9A.CAD,2503,f77da265d1ca,32605A9A,DIG 7 COOKING RELIEF,67,67,0,2040,0,22,75,16,6,0,5,5,4,1,21,0,22,38,10,10,0,true,2,1
32605B0A.CAD,6634,4d1407ba3079,32605B0A,MACRO NAME,174,174,0,5972,0,51,227,46,9,1,26,26,18,11,50,0,67,91,16,16,6,true,2,1
32605B1A.CAD,2503,f99874763568,32605B1A,DIG 8 COOKING RELIEF,67,67,0,2044,0,22,75,16,6,0,5,5,4,1,21,0,22,37,10,10,0,true,2,1
32605B2A.CAD,9320,0957d7d89e8f,32605B2A,MACRO NAME,258,258,0,8612,0,94,326,69,15,3,37,37,18,15,82,0,90,97,30,25,9,true,3,1
32605B3A.CAD,7889,370012bbfef6,32605B3A,MACRO NAME,211,211,0,7242,0,66,272,63,14,3,31,31,18,14,61,0,71,96,25,25,9,true,2,1
32605B4A.CAD,8075,1c9654986791,32605B4A,MACRO NAME,225,225,0,7428,0,80,286,63,14,3,31,31,18,14,75,0,71,96,25,25,9,true,2,1
32605B5A.CAD,7890,81814565f62d,32605B5A,MACRO NAME,211,211,0,7242,0,66,272,63,14,3,31,31,18,14,61,0,71,96,25,25,9,true,2,1
32605B6A.CAD,7489,f886d7692aeb,32605B6A,BATHING STEAM VALVE,199,199,0,6748,0,60,257,54,13,1,29,29,18,13,60,0,70,105,21,21,7,true,1,1
32605B7A.CAD,7467,f694d7202656,32605B7A,BATHING STEAM VALVE,198,198,0,6726,0,60,256,54,13,1,29,29,18,13,60,0,69,105,21,21,7,true,1,1
32605B8A.CAD,7489,93a35c93f830,32605B8A,BATHING STEAM VALVE,199,199,0,6748,0,60,257,54,13,1,29,29,18,13,60,0,70,105,21,21,7,true,1,1
32605B9A.CAD,7490,f1ad4493a3ed,32605B9A,BATHING STEAM VALVE,199,199,0,6748,0,60,257,54,13,1,29,29,18,13,60,0,70,105,21,21,7,true,1,1
32605C0A.CAD,7174,9957e2585237,32605C0A,MACRO NAME,196,196,0,6232,0,61,226,49,14,1,16,16,12,4,56,0,75,128,30,28,0,true,4,1
32605C1A.CAD,6336,c9f58c15222c,32605C1A,MACRO NAME,172,172,0,5462,0,52,200,46,9,1,14,14,13,3,49,0,66,118,27,26,0,true,4,1
32605C2A.CAD,6241,cd3567001af9,32605C2A,MACRO NAME,168,168,0,5616,0,46,212,44,9,1,21,21,15,10,46,0,67,77,17,17,5,true,1,1
32605C3A.CAD,5930,9b297fefe002,32605C3A,MACRO NAME,163,163,0,5286,0,60,208,45,11,1,21,21,15,10,60,0,46,82,18,18,5,true,1,1
32605C4A.CAD,5341,a34cd2bae037,32605C4A,MACRO NAME,140,140,0,4796,0,41,178,44,13,3,20,20,6,14,41,0,40,65,18,18,9,true,1,1
32605C5A.CAD,5341,e1b5ab80389f,32605C5A,MACRO NAME,140,140,0,4796,0,41,178,44,13,3,20,20,6,14,41,0,40,65,18,18,9,true,1,1
32605C6A.CAD,5405,2271f3fb05f7,32605C6A,MACRO NAME,140,140,0,4796,0,41,178,44,13,3,20,20,6,14,41,0,40,66,18,18,8,true,1,1
32605C7A.CAD,5342,107b6cc411ec,32605C7A,MACRO NAME,140,140,0,4796,0,41,178,44,13,3,20,20,6,14,41,0,40,66,18,18,8,true,1,1
32605C8A.CAD,6368,95ae54366de8,32605C8A,MACRO NAME,168,168,0,5704,0,54,208,56,17,4,20,20,6,16,53,0,40,82,25,25,13,true,2,1
32605C9A.CAD,6376,f43c2e0b4fec,32605C9A,MACRO NAME,168,168,0,5712,0,54,208,56,17,4,20,20,6,16,53,0,40,82,25,25,13,true,2,1
32605D0A.CAD,6375,6b2251b1fb09,32605D0A,MACRO NAME,168,168,0,5712,0,54,208,56,17,4,20,20,6,16,53,0,40,82,25,25,13,true,2,1
32605D1A.CAD,6372,ec421f236a87,32605D1A,MACRO NAME,168,168,0,5708,0,54,208,56,17,4,20,20,6,16,53,0,40,83,25,25,13,true,2,1
32605D2A.CAD,7648,29421bf6097c,32605D2A,MACRO NAME,202,202,0,7036,0,59,266,58,13,3,33,33,19,14,55,0,74,81,19,19,10,true,2,1
32605D3A.CAD,7734,f757863f885d,32605D3A,MACRO NAME,205,205,0,7122,0,59,269,58,13,3,33,33,19,14,55,0,77,81,19,19,10,true,2,1
32605D4A.CAD,7643,58251cc6c1f7,32605D4A,MACRO NAME,202,202,0,7032,0,59,266,58,13,3,33,33,19,14,55,0,74,81,19,19,10,true,2,1
32605D5A.CAD,7800,85d3b31124d4,32605D5A,MACRO NAME,215,215,0,7216,0,72,279,58,13,3,33,33,19,14,68,0,74,81,19,19,10,true,2,1
32605D6A.CAD,5600,2542895bace5,32605D6A,THIS SHEET,149,149,0,4772,0,43,178,39,13,1,15,15,13,3,42,0,53,128,21,21,0,true,2,1
32605D7A.CAD,5469,2959553c6219,32605D7A,THIS SHEET,145,145,0,4666,0,41,174,38,12,1,15,15,13,3,40,0,53,122,20,20,0,true,2,1
32605D8A.CAD,5351,c1ac5a3202eb,32605D8A,THIS SHEET,142,142,0,4544,0,40,169,37,12,1,14,14,13,2,39,0,52,121,20,20,0,true,2,1
32605D9A.CAD,5343,ad4a6f57e72f,32605D9A,THIS SHEET,141,141,0,4540,0,39,168,37,12,1,14,14,13,2,38,0,52,121,20,20,0,true,2,1
32605E0A.CAD,5554,fd667191c3d5,32605E0A,THIS SHEET,148,148,0,4726,0,43,175,38,13,1,14,14,13,2,41,0,54,127,21,21,0,true,2,1
32605E1A.CAD,5407,23de2e07c94d,32605E1A,THIS SHEET,143,143,0,4604,0,40,170,37,12,1,14,14,13,2,38,0,54,120,20,20,0,true,2,1
32605E2A.CAD,5415,cc4e2aed302a,32605E2A,THIS SHEET,144,144,0,4608,0,41,171,37,12,1,14,14,13,2,39,0,54,120,20,20,0,true,2,1
32605E3A.CAD,5435,d1d99696a2cd,32605E3A,THIS SHEET,144,144,0,4632,0,40,171,37,12,1,14,14,13,2,38,0,55,120,20,20,0,true,2,1
32605E6A.CAD,5923,29b671bc92d4,32605E6A,MACRO NAME,154,154,0,5242,0,46,194,43,10,2,20,20,12,10,46,0,53,84,17,17,8,true,1,1
32605E7A.CAD,5923,5f055f8a630b,32605E7A,MACRO NAME,154,154,0,5242,0,46,194,43,10,2,20,20,12,10,46,0,53,84,17,17,8,true,1,1
32605E8A.CAD,5923,20fa2ffc0af9,32605E8A,MACRO NAME,154,154,0,5242,0,46,194,43,10,2,20,20,12,10,46,0,53,84,17,17,8,true,1,1
32605E9A.CAD,5642,d80ee871fa26,32605E9A,MACRO NAME,150,150,0,4960,0,56,190,43,10,2,20,20,12,10,56,0,39,85,17,17,8,true,1,1
32605F0A.CAD,4159,31df1dffa056,32605F0A,PUMP OUTLET VALVE,109,109,0,3640,0,27,133,26,4,1,11,11,11,4,26,0,51,50,9,9,2,true,2,1
32605F1A.CAD,4137,e91e42445a7b,32605F1A,PUMP OUTLET VALVE,108,108,0,3618,0,27,132,26,4,1,11,11,11,4,26,0,50,50,9,9,2,true,2,1
32605F2A.CAD,4159,bdb034cde0c1,32605F2A,PUMP OUTLET VALVE,109,109,0,3640,0,27,133,26,4,1,11,11,11,4,26,0,51,50,9,9,2,true,2,1
32605F3A.CAD,4137,9d70fd967c18,32605F3A,PUMP OUTLET VALVE,108,108,0,3618,0,27,132,26,4,1,11,11,11,4,26,0,50,50,9,9,2,true,2,1
32605F4A.CAD,2018,b07aa69ac860,32605F4A,,52,52,0,1544,0,20,55,10,4,2,3,3,1,1,17,0,19,30,5,4,0,true,3,1
32605F5A.CAD,1835,3254ef8457dc,32605F5A,DIGESTER 5/6 VESSEL PRESSURE,44,44,0,1510,0,6,50,11,2,2,4,4,2,2,5,0,24,11,3,3,0,true,2,1
32605F6A.CAD,1712,24f1b8a2ebef,32605F6A,DIGESTER 7/8 VESSEL PRESSURE,41,41,0,1394,0,8,47,10,2,2,4,4,2,2,6,0,21,10,2,2,0,true,2,1
32605F7A.CAD,1469,c635c3771d04,32605F7A,DIGESTER 5/6 DOME TEMPERATURE,33,33,0,1112,0,2,35,8,0,2,2,2,2,0,2,0,21,14,2,2,0,true,1,1
32605F8A.CAD,1989,84457c7bd85a,32605F8A,DIGESTER 7/8 DOME TEMPERATURE,49,49,0,1564,0,12,51,14,2,2,2,2,2,0,10,0,21,24,6,6,0,true,2,1
32605F9A.CAD,1758,b97d8357c338,32605F9A,FOUL CUNDUCTIVITY AND VALVE,43,43,0,1328,0,11,45,10,3,2,2,2,1,1,10,0,18,25,5,5,0,true,2,1
32605G0A.CAD,5413,3b8ee0256bc0,32605G0A,MACRO NAME,141,141,0,4852,0,42,181,45,13,3,21,21,7,14,42,0,39,62,18,18,13,true,1,1
32605G1A.CAD,7307,17acd257052c,32605G1A,MACRO NAME,193,193,0,6558,0,59,239,57,16,5,23,23,10,15,52,0,66,86,24,24,8,true,2,1
32605G2A.CAD,5973,bcc18b7d2697,32605G2A,MACRO NAME,157,157,0,5352,0,49,199,50,17,3,22,22,6,16,49,0,39,73,22,22,15,true,1,1
32605G3A.CAD,5545,9722dd7f8ec2,32605G3A,MACRO NAME,147,147,0,4988,0,44,185,44,13,3,20,20,6,14,41,0,47,63,18,18,11,true,2,1
32605G4A.CAD,5517,a5cd15e74e20,32605G4A,MACRO NAME,144,144,0,4946,0,43,184,46,14,3,21,21,6,15,43,0,39,66,19,19,12,true,1,1
32605G5A.CAD,2523,9f52648b8043,32605G5A,DIGESTER 5 RECIRC PMP SEAL WATER,62,62,0,2076,0,12,72,16,2,3,6,6,4,2,12,0,30,37,7,7,0,true,1,1
32605G6A.CAD,8899,2d8557f07e51,32605G6A,MACRO NAME,247,247,0,8088,0,81,311,63,18,0,31,31,22,13,73,0,91,134,27,27,2,true,3,1
32605G7A.CAD,5206,d5d928fb4757,32605G7A,THIS SHEET,140,140,0,4428,0,43,163,42,3,0,10,10,10,5,40,0,53,124,27,27,1,true,2,1
32605G8A.CAD,5411,b0aae5b060e9,32605G8A,MACRO NAME,141,141,0,4854,0,42,181,45,13,3,21,21,7,14,42,0,39,62,18,18,13,true,1,1
32605G9A.CAD,7563,e6269a60a89a,32605G9A,MACRO NAME,203,203,0,6892,0,63,253,59,15,4,25,25,10,17,53,0,74,91,24,24,8,true,2,1
32605H0A.CAD,1691,40de7612d72c,32605H0A,MACRO NAME,40,40,0,1298,0,7,46,8,1,1,4,4,3,1,7,0,22,21,3,3,0,true,1,1
32605H1A.CAD,5869,3f94e813608f,32605H1A,MACRO NAME,156,156,0,5308,0,47,198,48,15,3,22,22,8,14,47,0,44,72,20,20,11,true,1,1
32605H2A.CAD,5973,543b5688d8fa,32605H2A,MACRO NAME,157,157,0,5360,0,49,199,50,17,3,22,22,6,16,49,0,39,75,22,22,13,true,1,1
32605H3A.CAD,5545,34f8fa3b798e,32605H3A,MACRO NAME,147,147,0,4988,0,44,185,44,13,3,20,20,6,14,41,0,47,65,18,18,9,true,2,1
32605H4A.CAD,5517,e28564f50a39,32605H4A,MACRO NAME,144,144,0,4946,0,43,184,46,14,3,21,21,6,15,43,0,39,66,19,19,12,true,1,1
32605H5A.CAD,1515,b64cc46a109f,32605H5A,DIGESTER 6 RECIRC PMP SEAL WATER,36,36,0,1180,0,4,40,7,1,2,3,3,2,1,4,0,22,11,2,2,0,true,1,1
32605H6A.CAD,8899,e502654f1899,32605H6A,MACRO NAME,247,247,0,8088,0,81,311,63,18,0,31,31,22,13,73,0,91,134,27,27,2,true,3,1
32605H7A.CAD,5206,684a58b41e3e,32605H7A,THIS SHEET,140,140,0,4428,0,43,163,42,3,0,10,10,10,5,40,0,53,124,27,27,1,true,2,1
32605H8A.CAD,5413,ed485ddd2f6e,32605H8A,MACRO NAME,141,141,0,4856,0,42,181,45,13,3,21,21,7,14,42,0,39,62,18,18,13,true,1,1
32605H9A.CAD,7237,23acae2668b1,32605H9A,MACRO NAME,194,194,0,6628,0,59,241,57,15,4,23,23,11,15,52,0,68,85,23,23,9,true,2,1
32605I0A.CAD,5973,ce9cd3aa24ef,32605I0A,MACRO NAME,157,157,0,5360,0,49,199,50,17,3,22,22,6,16,49,0,39,73,22,22,15,true,1,1
32605I1A.CAD,5545,8fefa5f50f9d,32605I1A,MACRO NAME,147,147,0,4988,0,44,185,44,13,3,20,20,6,14,41,0,47,63,18,18,11,true,2,1
32605I2A.CAD,5551,1699ab13297f,32605I2A,MACRO NAME,144,144,0,4946,0,43,184,46,14,3,21,21,6,15,43,0,39,64,19,19,14,true,1,1
32605I3A.CAD,1079,4a9de37ace67,32605I3A,DIGESTER 7 RECIRC PMP SEAL WATER,24,24,0,772,0,1,24,4,0,1,1,1,1,0,1,0,17,4,1,1,0,true,1,1
32605I4A.CAD,8594,43726ca0e5c2,32605I4A,MACRO NAME,239,239,0,7826,0,76,301,59,18,0,30,30,22,12,68,0,92,125,24,24,2,true,3,1
32605I5A.CAD,5153,a062226cab4d,32605I5A,THIS SHEET,138,138,0,4424,0,41,165,42,3,0,12,12,12,5,40,0,51,115,25,25,1,true,2,1
32605I6A.CAD,5413,13569960d856,32605I6A,MACRO NAME,141,141,0,4856,0,42,181,45,13,3,21,21,7,14,42,0,39,62,18,18,13,true,1,1
32605I7A.CAD,7306,c35e3ccc7bb5,32605I7A,DIG 8 CAPPING VALVE,201,201,0,6664,0,81,251,62,15,4,24,24,13,15,71,0,51,93,26,26,8,true,2,1
32605I8A.CAD,5974,54bc1a98d878,32605I8A,MACRO NAME,157,157,0,5360,0,49,199,50,17,3,22,22,6,16,49,0,39,75,22,22,13,true,1,1
32605I9A.CAD,5545,4a2759b640dd,32605I9A,MACRO NAME,147,147,0,4988,0,44,185,44,13,3,20,20,6,14,41,0,47,65,18,18,9,true,2,1
32605J0A.CAD,5515,0c1f18bf3dba,32605J0A,MACRO NAME,144,144,0,4944,0,43,184,46,14,3,21,21,6,15,43,0,39,66,19,19,12,true,1,1
32605J1A.CAD,1079,6c669ce7a096,32605J1A,DIGESTER 8 RECIRC PMP SEAL WATER,24,24,0,772,0,1,24,4,0,1,1,1,1,0,1,0,17,4,1,1,0,true,1,1
32605J2A.CAD,8553,824391e9c004,32605J2A,MACRO NAME,237,237,0,7786,0,76,299,59,18,0,30,30,22,12,68,0,90,124,24,24,2,true,3,1
32605J3A.CAD,5153,5d327e8bdb36,32605J3A,THIS SHEET,138,138,0,4424,0,41,165,42,3,0,12,12,12,5,40,0,51,115,25,25,1,true,2,1
32605J4A.CAD,3702,a36493a84147,32605J4A,MACRO NAME,103,103,0,3010,0,45,110,26,9,0,4,4,4,1,43,0,23,86,18,18,0,true,2,1
32605J8A.CAD,1928,e2f4d1021d3b,32605J8A,MACRO NAME,50,50,0,1532,0,12,54,11,3,2,3,3,1,2,12,0,22,25,5,5,0,true,1,1
32605J9A.CAD,2988,80fd1045887c,32605J9A,MACRO NAME,82,82,0,2472,0,31,94,24,5,1,7,7,5,2,30,0,21,56,16,16,0,true,2,1
32605K0A.CAD,6167,2b03bc17ccd3,32605K0A,THIS SHEET,179,179,0,5530,0,67,204,32,17,0,13,13,6,8,40,0,88,74,18,18,0,true,2,1
32605K1A.CAD,7511,28982a064111,32605K1A,NEXT PAGE,209,209,0,7070,0,49,274,42,4,0,33,33,33,1,48,0,113,57,8,8,0,true,2,1
32605K2A.CAD,7835,2b93a9d47e22,32605K2A,PREVIOUS PAGE,204,204,0,7308,0,54,265,47,3,0,21,21,42,0,54,0,98,56,5,5,0,true,1,1
32605K3A.CAD,12544,b8b8f40930ac,32605K3A,THIS SHEET,275,275,0,9618,0,117,345,74,18,0,35,35,5,31,97,0,85,292,38,38,0,true,3,1
32605K4A.CAD,6618,e8c44ec4666a,32605K4A,DIGESTER 5 SEQ DRIVERS,156,156,0,5306,0,47,203,45,15,0,24,24,2,22,47,0,48,142,21,21,2,true,1,1
32605K5A.CAD,5619,1d9a3e66278a,32605K5A,DIGESTER 5 SEQ DRIVERS,127,127,0,4350,0,40,170,38,10,0,22,22,2,20,40,0,38,103,16,16,2,true,1,1
32605K6A.CAD,7257,4a1d5239bf09,32605K6A,WAIT CHIP FILL,202,202,0,6120,0,58,228,46,27,0,14,14,14,0,58,0,69,202,32,32,0,true,1,1
32605K7A.CAD,3389,0c8d09bc8b1d,32605K7A,DIGESTER 5 SEQUENCE TIMERS,87,87,0,2670,0,28,95,28,8,0,5,5,3,2,27,0,22,82,22,22,2,true,2,1
32605K8A.CAD,3393,5324301a913d,32605K8A,DIGESTER 5 SEQUENCE DRIVER,87,87,0,2970,0,21,115,22,6,0,15,15,8,7,21,0,36,36,7,7,0,true,1,1
32605K9A.CAD,6139,66ab08717859,32605K9A,THIS SHEET,177,177,0,5474,0,65,202,32,17,0,13,13,6,8,40,0,86,74,18,18,0,true,2,1
32605L0A.CAD,7493,e6378a2e60c5,32605L0A,NEXT PAGE,208,208,0,7052,0,49,272,42,4,0,32,32,33,1,48,0,112,57,8,8,0,true,2,1
32605L1A.CAD,8251,f8f45ad5f23a,32605L1A,PREVIOUS PAGE,224,224,0,7816,0,55,294,48,3,0,30,30,42,0,55,0,116,58,6,6,0,true,1,1
32605L2A.CAD,12490,70f1e6947b97,32605L2A,THIS SHEET,274,274,0,9564,0,116,344,74,18,0,35,35,5,31,97,0,84,313,38,38,0,true,3,1
32605L3A.CAD,6764,dad78e6cf67a,32605L3A,DIGESTER 6 SEQ DRIVERS,160,160,0,5452,0,49,209,46,15,0,25,25,2,23,48,0,50,143,21,21,2,true,2,1
32605L4A.CAD,5597,7c02e156aa4e,32605L4A,DIGESTER 6 SEQ DRIVERS,126,126,0,4328,0,40,169,38,10,0,22,22,2,20,40,0,37,116,16,16,2,true,1,1
32605L5A.CAD,7257,63d076ebecff,32605L5A,WAIT CHIP FILL,202,202,0,6120,0,58,228,46,27,0,14,14,14,0,58,0,69,202,32,32,0,true,1,1
32605L6A.CAD,3389,8d41714450e3,32605L6A,DIGESTER 6 SEQUENCE TIMERS,87,87,0,2670,0,28,95,28,8,0,5,5,3,2,27,0,22,84,22,22,0,true,2,1
32605L7A.CAD,3371,3c4c90fff83e,32605L7A,DIGESTER 6 SEQUENCE DRIVER,87,87,0,2948,0,21,115,22,6,0,15,15,8,7,21,0,36,36,7,7,0,true,1,1
32605L8A.CAD,6139,c52a9b755b83,32605L8A,THIS SHEET,178,178,0,5502,0,66,203,32,17,0,13,13,6,8,40,0,87,74,18,18,0,true,2,1
32605L9A.CAD,7333,ec576dd6b07c,32605L9A,NEXT PAGE,203,203,0,6856,0,48,267,41,2,0,33,33,32,1,46,0,112,53,7,7,0,true,3,1
32605M0A.CAD,7535,1f26c66f88e2,32605M0A,DIGESTER 7 SEQUENCE TRIGGERS,196,196,0,7108,0,54,254,47,3,0,18,18,42,0,54,0,90,56,5,5,0,true,1,1
32605M1A.CAD,12482,3255f864f7f0,32605M1A,THIS SHEET,272,272,0,9556,0,114,342,74,18,0,35,35,5,31,97,0,82,284,38,38,0,true,3,1
32605M2A.CAD,6617,7e93bb41fabb,32605M2A,DIGESTER 7 SEQ DRIVERS,156,156,0,5306,0,47,203,45,15,0,24,24,2,22,47,0,48,131,21,21,2,true,1,1
32605M3A.CAD,5603,be511f8043b2,32605M3A,DIGESTER 7 SEQ DRIVERS,126,126,0,4334,0,40,169,38,10,0,22,22,2,20,40,0,37,99,16,16,0,true,1,1
32605M4A.CAD,7261,736cbb0d7795,32605M4A,WAIT CHIP FILL,202,202,0,6124,0,58,228,46,27,0,14,14,14,0,58,0,69,202,32,32,0,true,1,1
32605M5A.CAD,3389,9972b3513a02,32605M5A,DIGESTER 7 SEQUENCE TIMERS,87,87,0,2670,0,28,95,28,8,0,5,5,3,2,27,0,22,82,22,22,2,true,2,1
32605M6A.CAD,3391,1b83a6c8fbc9,32605M6A,DIGESTER 7 SEQUENCE DRIVER,87,87,0,2968,0,21,115,22,6,0,15,15,8,7,21,0,36,36,7,7,0,true,1,1
32605M7A.CAD,6167,c54f08976eeb,32605M7A,THIS SHEET,179,179,0,5530,0,67,204,32,17,0,13,13,6,8,40,0,88,78,18,18,0,true,2,1
32605M8A.CAD,7337,c477284f688c,32605M8A,NEXT PAGE,203,203,0,6860,0,48,267,41,2,0,33,33,32,1,46,0,112,53,7,7,0,true,3,1
32605M9A.CAD,7722,d64622619ddf,32605M9A,PREVIOUS PAGE,210,210,0,7286,0,56,276,46,3,0,28,28,40,0,56,0,103,56,6,6,0,true,1,1
32605N0A.CAD,12672,6eee957e489c,32605N0A,THIS SHEET,290,290,0,9746,0,133,360,74,18,0,35,35,5,31,115,0,82,302,38,38,0,true,3,1
32605N1A.CAD,6918,7f0493ed50f4,32605N1A,DIGESTER 8 SEQ DRIVERS,174,174,0,5606,0,63,223,46,15,0,25,25,2,23,63,0,49,140,21,21,2,true,1,1
32605N2A.CAD,5576,9dcb644fe904,32605N2A,DIGESTER 8 SEQ DRIVERS,126,126,0,4334,0,40,169,38,10,0,22,22,2,20,40,0,37,117,16,16,0,true,1,1
32605N3A.CAD,7269,15303953d867,32605N3A,WAIT CHIP FILL,202,202,0,6132,0,58,228,46,27,0,14,14,14,0,58,0,69,202,32,32,0,true,1,1
32605N4A.CAD,3389,88eaa421dfca,32605N4A,DIGESTER 8 SEQUENCE TIMERS,87,87,0,2670,0,28,95,28,8,0,5,5,3,2,27,0,22,84,22,22,0,true,2,1
32605N5A.CAD,3391,2bf50534dad7,32605N5A,DIGESTER 8 SEQUENCE DRIVER,87,87,0,2968,0,21,115,22,6,0,15,15,8,7,21,0,36,36,7,7,0,true,1,1
32605P0A.CAD,8776,d5a5417ebdcf,32605P0A,RUNNING FEEDBACK,240,240,0,7986,0,81,290,71,13,4,24,24,13,15,65,0,89,131,35,34,5,true,3,1
32605P1A.CAD,2641,27cfeb1b971b,32605P1A,PUMP AUTO RESTART,71,71,0,2202,0,18,83,18,1,0,7,7,6,1,18,0,32,39,11,11,0,true,1,1
32605P2A.CAD,8766,213dd1e2b674,32605P2A,RUNNING FEEDBACK,239,239,0,7976,0,81,289,71,13,4,24,24,13,15,65,0,88,132,35,34,5,true,3,1
32605P3A.CAD,2641,15fcb03978a9,32605P3A,PUMP AUTO RESTART,71,71,0,2202,0,18,83,18,1,0,7,7,6,1,18,0,32,39,11,11,0,true,1,1
32605P4A.CAD,8494,a9745e5a7c10,32605P4A,RUNNING FEEDBACK,232,232,0,7734,0,78,280,68,13,4,23,23,12,15,62,0,87,122,33,32,5,true,3,1
32605P5A.CAD,2643,b1817ed1c67b,32605P5A,PUMP AUTO RESTART,71,71,0,2204,0,18,83,18,1,0,7,7,6,1,18,0,32,39,11,11,0,true,1,1
32605P6A.CAD,8514,7ce20f3f1231,32605P6A,RUNNING FEEDBACK,233,233,0,7754,0,78,281,68,13,4,23,23,12,15,62,0,88,123,33,32,5,true,3,1
32605P7A.CAD,2675,35654ccfedfd,32605P7A,PUMP AUTO RESTART,72,72,0,2236,0,18,84,18,1,0,7,7,6,1,18,0,33,39,11,11,0,true,1,1
32605Z0A.CAD,16106,c34836ed1520,32605Z0A,,431,431,0,15286,0,183,558,97,7,0,76,76,15,37,71,0,255,89,45,17,7,true,3,1
32605Z1A.CAD,7816,9a9d8cd044b6,32605Z1A,,182,182,0,7188,0,79,280,75,0,0,54,54,24,21,48,0,58,92,30,20,10,true,3,1
32605Z2A.CAD,10646,8df30adb7cb3,32605Z2A,,292,292,0,9828,0,111,379,90,15,0,47,47,29,12,88,0,98,143,47,38,0,true,4,1
32605Z4A.CAD,1704,cc4c955993c8,32605Z4A,ANUNCIATOR ALARM,39,39,0,1366,0,8,53,12,0,0,8,8,4,4,8,0,17,16,4,4,4,true,1,1
32605Z5A.CAD,3791,6538722ce45b,32605Z5A,,31,31,0,902,0,8,33,7,1,2,2,2,1,1,8,0,13,21,5,5,0,true,1,1
32605Z6A.CAD,1528,85144cb770c3,32605Z6A,,30,30,0,920,0,1,28,14,0,0,0,0,0,0,1,0,13,55,13,13,0,true,1,1
32605Z7A.CAD,4589,74ae7420b35c,32605Z7A,MACRO NAME,94,94,0,3016,0,29,108,26,5,1,7,7,7,2,28,0,33,67,14,14,2,true,2,1
3270500C.CAD,10566,c05bbaf41a1a,3270500,,335,335,0,10030,0,279,369,39,3,0,18,18,0,18,27,0,264,61,12,11,10,true,3,1
3270501C.CAD,2460,e4a41671c6ee,3270501,ANALOG INPUT SLAVE 1,53,53,0,1952,0,17,77,16,2,13,13,13,0,13,17,0,16,39,3,3,0,true,1,1
3270502C.CAD,1566,41046595c20f,3270502,ANALOG OUTPUT SLAVE 2,31,31,0,1076,0,5,38,6,0,4,4,4,4,0,5,0,19,32,2,2,0,true,1,1
3270503C.CAD,2770,4ffac24a1f55,3270503,DIGITAL INPUT SLAVE 3,61,61,0,2448,0,14,88,16,0,14,14,14,0,14,14,0,30,20,2,2,0,true,1,1
3270504C.CAD,2564,9d16781e3239,3270504,DIGITAL INPUT SLAVE 4,56,56,0,2242,0,13,81,15,0,13,13,13,0,13,13,0,27,19,2,2,0,true,1,1
3270505C.CAD,2772,896bd3e41030,3270505,SOFTEN #2 FILTERED WATER INLET,61,61,0,2450,0,14,88,16,0,14,14,14,0,14,14,0,30,20,2,2,0,true,1,1
3270506C.CAD,2400,7fd966545380,3270506,DIGITAL INPUT SLAVE 6,53,53,0,2078,0,12,76,14,0,12,12,12,0,12,12,0,26,18,2,2,0,true,1,1
3270507C.CAD,2824,a90932df0ce0,3270507,SOFTEN #3 FILTERED WATER INLET,61,61,0,2502,0,14,88,16,0,14,14,14,0,14,14,0,30,20,2,2,0,true,1,1
3270508C.CAD,2651,e0378acb2281,3270508,DIGITAL INPUT SLAVE 8,58,58,0,2330,0,15,83,15,0,13,13,13,0,13,13,0,29,19,2,2,0,true,2,1
3270509C.CAD,2868,be5681d6833b,3270509,DIGITAL OUTPUT SLAVE 9,63,63,0,2514,0,16,94,18,0,16,16,16,16,0,16,0,28,24,2,2,0,true,1,1
3270510C.CAD,2908,187187ae0879,3270510,DIGITAL OUTPUT SLAVE 10,63,63,0,2554,0,16,94,18,0,16,16,16,16,0,16,0,28,24,2,2,0,true,1,1
3270511C.CAD,2954,cdc437adfa0a,3270511,DIGITAL OUTPUT SLAVE 11,64,64,0,2600,0,16,95,18,0,16,16,16,16,0,16,0,29,24,2,2,0,true,1,1
3270517C.CAD,822,2e2ab541aaaa,3270517,DIGITAL INPUT SLAVE 17,17,17,0,500,0,0,16,2,0,0,0,0,0,0,0,0,14,6,2,2,0,true,0,1
3270518C.CAD,1902,0c8fc069e9b4,3270518,DIGITAL INPUT SLAVE 18,41,41,0,1580,0,12,64,14,0,12,12,12,0,12,12,0,14,18,2,2,0,true,1,1
3270519C.CAD,3370,c308fc4bdf8e,3270519,ANALOG INPUT SLAVE 19,72,72,0,2862,0,19,100,18,2,15,15,15,0,15,19,0,31,45,3,3,0,true,1,1
3270520C.CAD,3166,9976180dc4ad,3270520,ANALOG INPUT SLAVE 20,68,68,0,2658,0,18,94,17,2,14,14,14,0,14,18,0,29,36,3,3,3,true,1,1
3270521C.CAD,2356,2fe8dc20922b,3270521,ANALOG INPUT SLAVE 21,50,50,0,1848,0,14,68,13,2,10,10,10,0,10,14,0,19,33,3,3,0,true,1,1
3270522C.CAD,1560,c6df77e21ac7,3270522,ANALOG INPUT SLAVE 22,31,31,0,1052,0,6,37,7,0,4,4,4,0,4,6,0,16,20,3,3,0,true,1,1
3270523C.CAD,3497,c430e67cd10b,3270523,ANALOG OUTPUT SLAVE 23,81,81,0,3008,0,17,112,18,0,16,16,16,16,0,17,0,45,50,2,2,0,true,1,1
3270524C.CAD,2874,23f1bc3df46c,3270524,ANALOG OUTPUT SLAVE 24,66,66,0,2384,0,15,91,15,1,13,13,13,13,0,15,0,34,47,2,2,0,true,1,1
3270525C.CAD,3139,902fe6ed6781,3270525,DIGITAL INPUT SLAVE 25,77,77,0,2818,0,16,104,16,0,14,14,14,0,14,14,0,46,20,2,2,0,true,2,1
3270526C.CAD,3265,6675e06da9b6,3270526,RADITRIM JUNK TRAP,83,83,0,2944,0,14,110,16,0,14,14,14,0,14,14,0,52,20,2,2,0,true,1,1
3270527C.CAD,3209,88ca9da549af,3270527,DIGITAL INPUT SLAVE 27,71,71,0,2582,0,14,94,14,0,12,12,12,0,12,12,0,44,18,2,2,0,true,2,1
3270528C.CAD,2956,09305c221e73,3270528,SCREW PRESS #2,67,67,0,2602,0,16,98,18,0,16,16,16,16,0,16,0,32,24,2,2,0,true,1,1
3270539C.CAD,5400,07e83c5f18cd,3270539,MACRO NAME,151,151,0,4848,0,60,187,44,15,3,19,19,5,14,57,0,33,68,19,19,10,true,2,1
3270540C.CAD,6324,eb96ca613d7d,3270540,MACRO NAME,176,176,0,5740,0,68,223,52,16,3,24,24,11,14,67,0,39,82,21,21,9,true,2,1
3270541C.CAD,5394,43047a8c70cd,3270541,MACRO NAME,151,151,0,4842,0,59,187,44,16,3,19,19,5,14,57,0,32,69,19,19,9,true,2,1
3270542C.CAD,5398,ccac5cf12dcc,3270542,MACRO NAME,150,150,0,4846,0,58,188,45,15,3,20,20,6,14,58,0,30,68,19,19,11,true,1,1
3270543C.CAD,6260,c56f2bc9b721,3270543,MACRO NAME,175,175,0,5680,0,71,220,52,16,3,23,23,10,14,67,0,38,83,22,22,8,true,2,1
3270544C.CAD,5840,eb7d34ed7140,3270544,MACRO NAME,161,161,0,5276,0,61,205,48,15,3,23,23,9,14,61,0,35,72,19,19,11,true,1,1
3270545C.CAD,5368,837d5456c783,3270545,MACRO NAME,150,150,0,4816,0,59,186,44,15,3,19,19,5,14,57,0,32,69,19,19,9,true,2,1
3270546C.CAD,5336,60c6bb077045,3270546,MACRO NAME,148,148,0,4774,0,59,184,45,15,3,19,19,5,14,59,0,27,66,20,20,13,true,1,1
3270547C.CAD,5332,36377e9a75d7,3270547,MACRO NAME,148,148,0,4770,0,59,184,45,15,3,19,19,5,14,59,0,27,66,20,20,13,true,1,1
3270548C.CAD,5982,6506aed18bf0,3270548,SOFT #1 FILTERED WATER INLET FLOW,169,169,0,5052,0,65,196,41,18,1,14,14,14,1,65,0,43,148,24,24,0,true,1,1
3270549C.CAD,1044,b746a7c1fbdf,3270549,SOFTENER #1 OUTLET HARDNESS,24,24,0,736,0,1,23,4,0,1,1,1,1,0,1,0,16,3,1,1,0,true,1,1
3270550C.CAD,5392,9e28d3151dee,3270550,MACRO NAME,151,151,0,4840,0,60,187,44,15,3,19,19,5,14,57,0,33,68,19,19,10,true,2,1
3270554C.CAD,6280,f173a09ce354,3270554,MACRO NAME,175,175,0,5696,0,68,222,52,16,3,24,24,11,14,67,0,38,82,21,21,9,true,2,1
3270555C.CAD,5390,e012f11b51b4,3270555,MACRO NAME,151,151,0,4838,0,59,187,44,15,3,19,19,5,14,57,0,33,69,19,19,9,true,2,1
3270556C.CAD,5430,8f12580748c8,3270556,MACRO NAME,151,151,0,4878,0,58,189,45,15,3,20,20,6,14,58,0,31,67,19,19,11,true,1,1
3270557C.CAD,6239,4d74998700e6,3270557,MACRO NAME,174,174,0,5668,0,70,219,51,16,3,23,23,10,14,66,0,39,80,21,21,8,true,2,1
3270558C.CAD,5824,1df281b433ee,3270558,MACRO NAME,161,161,0,5260,0,61,205,48,15,3,23,23,9,14,61,0,35,71,19,19,11,true,1,1
3270559C.CAD,5338,d8461cb45941,3270559,MACRO NAME,149,149,0,4786,0,59,185,44,15,3,19,19,5,14,57,0,31,68,19,19,9,true,2,1
3270560C.CAD,5364,0717f52630ac,3270560,MACRO NAME,149,149,0,4802,0,59,185,45,15,3,19,19,5,14,59,0,28,66,20,20,13,true,1,1
3270561C.CAD,5362,296b17233faf,3270561,MACRO NAME,149,149,0,4800,0,59,185,45,15,3,19,19,5,14,59,0,28,66,20,20,13,true,1,1
3270562C.CAD,5844,ff13e3d54066,3270562,SOFT #2 FILTERED WATER INLET FLOW,166,166,0,4914,0,65,193,41,18,1,14,14,14,1,65,0,40,149,24,24,0,true,1,1
3270563C.CAD,1024,be07030fbbea,3270563,SOFTENER #2 OUTLET HARDNESS,23,23,0,716,0,1,23,4,0,1,1,1,1,0,1,0,16,3,1,1,0,true,1,1
3270564C.CAD,626,b7082b950ec4,3270564C,HCL FLOW TO D1,8,8,0,298,0,1,10,4,0,1,1,1,1,0,1,0,3,7,1,1,0,true,1,1
3270565C.CAD,5422,5064aabde166,3270565,MACRO NAME,152,152,0,4870,0,60,188,44,15,3,19,19,5,14,57,0,34,65,19,19,10,true,2,1
3270568C.CAD,6280,012db9c69ce7,3270568,MACRO NAME,175,175,0,5696,0,68,222,52,16,3,24,24,11,14,67,0,38,78,21,21,9,true,2,1
3270569C.CAD,5342,356b16f00612,3270569,MACRO NAME,149,149,0,4790,0,59,185,44,15,3,19,19,5,14,57,0,31,66,19,19,9,true,2,1
3270570C.CAD,5394,219400d614e5,3270570,MACRO NAME,150,150,0,4842,0,58,188,45,15,3,20,20,6,14,58,0,30,67,19,19,11,true,1,1
3270571C.CAD,6110,00a7f710486b,3270571,MACRO NAME,170,170,0,5538,0,68,215,51,15,3,23,23,10,14,64,0,38,80,21,21,8,true,2,1
3270572C.CAD,5794,595a4223de8c,3270572,MACRO NAME,160,160,0,5230,0,61,204,48,15,3,23,23,9,14,61,0,34,71,19,19,11,true,1,1
3270573C.CAD,5338,9ada85b2f112,3270573,MACRO NAME,149,149,0,4786,0,59,185,44,15,3,19,19,5,14,57,0,31,68,19,19,9,true,2,1
3270574C.CAD,5336,d97a8af06397,3270574,MACRO NAME,148,148,0,4774,0,59,184,45,15,3,19,19,5,14,59,0,27,66,20,20,13,true,1,1
3270575C.CAD,5360,e1d85b7d053e,3270575,MACRO NAME,149,149,0,4798,0,59,185,45,15,3,19,19,5,14,59,0,28,66,20,20,13,true,1,1
3270576C.CAD,5910,e191f6132657,3270576,SOFT #3 FILTERED WATER INLET FLOW,169,169,0,4980,0,65,196,41,18,1,14,14,14,1,65,0,43,148,24,24,0,true,1,1
3270578C.CAD,1024,a88304467640,3270578,SOFTENER #3 OUTLET HARDNESS,23,23,0,716,0,1,23,4,0,1,1,1,1,0,1,0,16,3,1,1,0,true,1,1
3270579C.CAD,2902,1b8f10a6a37f,3270579,SOFT WATER PRODUCTION,74,74,0,2382,0,21,89,20,4,1,8,8,8,1,21,0,27,57,9,9,0,true,1,1
3270580C.CAD,6896,a039c2ab276a,3270580,SOFT WATER STORAGE TANK LEVEL,188,188,0,6104,0,76,234,54,15,2,21,21,13,14,72,0,45,110,24,24,7,true,2,1
3270581C.CAD,3286,0452e43253ba,3270581,SOFT WATER TO CHEMICAL PLANT FLOW,82,82,0,2720,0,23,99,24,4,2,9,9,9,1,23,0,29,68,11,11,0,true,1,1
3270582C.CAD,2166,27e6b865e154,3270582,BRINR DAY TANK LEVEL,54,54,0,1660,0,16,60,14,4,1,4,4,4,0,16,0,18,48,8,8,0,true,1,1
3270583C.CAD,2358,e8937f68f6ba,3270583,BRINE DAY TANK LEVEL,62,62,0,1906,0,11,67,18,1,3,4,4,4,0,11,0,29,42,9,9,0,true,1,1
3270584C.CAD,4584,d45c6ffff863,3270584,RUNNING FEEDBACK,125,125,0,4074,0,45,154,37,10,3,15,15,6,10,45,0,31,57,15,15,7,true,1,1
3270585C.CAD,4820,63a2b6d18115,3270585,RUNNING FEEDBACK,132,132,0,4300,0,49,163,39,11,3,16,16,6,11,48,0,32,61,16,16,7,true,2,1
3270586C.CAD,4584,0d75df9d3838,3270586,RUNNING FEEDBACK,125,125,0,4074,0,45,154,37,10,3,15,15,6,10,45,0,31,57,15,15,7,true,1,1
3270587C.CAD,5140,46244db8401e,3270587,MOTOR COMMAND,145,145,0,4590,0,60,178,40,13,2,17,17,9,9,56,0,34,67,18,18,5,true,2,1
3270588C.CAD,4734,63b39d31bb1a,3270588,MOTOR COMMAND,131,131,0,4206,0,53,163,38,10,2,17,17,9,8,49,0,32,62,17,17,5,true,2,1
3270589C.CAD,5642,022ce9980831,3270589,SEQUENCE CONTROLS,163,163,0,5038,0,66,198,38,12,0,17,17,13,7,54,0,57,79,18,18,0,true,2,1
3270590C.CAD,6138,96beab549bef,3270590,SEQUENCE TRIGGERS,173,173,0,5750,0,37,227,32,2,0,27,27,28,1,37,0,100,38,3,3,0,true,1,1
3270591C.CAD,8142,708d8cb05836,3270591,SEQUENCE DRIVERS,201,201,0,6740,0,80,265,49,16,0,32,32,3,30,76,0,59,188,16,16,0,true,2,1
3270592C.CAD,5002,bba4a128f037,3270592,SEQUENCE TIMERS,138,138,0,4108,0,47,160,38,10,0,12,12,8,4,47,0,41,142,26,26,0,true,1,1
3270593C.CAD,5552,f64b676af849,3270593,SEQUENCE CONTROLS,161,161,0,4948,0,65,195,37,12,0,17,17,12,7,53,0,57,78,18,18,0,true,2,1
3270594C.CAD,6242,aea37c826181,3270594,SEQUENCE TRIGGERS,174,174,0,5854,0,38,228,32,2,0,27,27,28,1,38,0,100,38,3,3,0,true,1,1
3270595C.CAD,8150,d54ea17d2bf8,3270595,THIS SHEET,201,201,0,6748,0,80,265,49,16,0,32,32,3,30,76,0,59,188,16,16,0,true,2,1
3270596C.CAD,5002,31f5a583aa0f,3270596,STANFBY FOR REGEN,138,138,0,4108,0,47,160,38,10,0,12,12,8,4,47,0,41,143,26,26,0,true,1,1
3270597C.CAD,5552,c134a4be46d0,3270597,SEQUENCE CONTROLS,161,161,0,4948,0,65,195,37,12,0,17,17,12,7,53,0,57,78,18,18,0,true,2,1
3270598C.CAD,6138,347542be5242,3270598,SEQUENCE TRIGGERS,173,173,0,5750,0,37,227,32,2,0,27,27,28,1,37,0,100,38,3,3,0,true,1,1
3270599C.CAD,8110,2a8ef031076c,3270599,THIS SHEET,199,199,0,6708,0,80,263,49,16,0,32,32,3,30,76,0,57,189,16,16,0,true,2,1
32705A0C.CAD,5002,833cedab1443,32705A0,STANFBY FOR REGEN,138,138,0,4108,0,47,160,38,10,0,12,12,8,4,47,0,41,143,26,26,0,true,1,1
32705A1C.CAD,4802,8ffb5c5460ac,32705A1,BLOW TANK DILN HEADER PRESSURE,126,126,0,4158,0,46,159,35,8,2,17,17,9,10,46,0,34,69,14,14,9,true,1,1
32705A2C.CAD,4864,d66c29281a6b,32705A2,MACRO NAME,127,127,0,4220,0,48,162,36,9,2,18,18,9,11,48,0,31,69,14,14,8,true,1,1
32705A3C.CAD,2722,254aa2d1cfae,32705A3,MACRO NAME,73,73,0,2152,0,27,80,19,5,0,5,5,4,1,26,0,20,53,13,13,1,true,2,1
32705A4C.CAD,4738,a926e35e5f5d,32705A4,MACRO NAME,133,133,0,4094,0,55,162,32,8,2,16,16,6,10,55,4,35,66,14,14,9,true,3,1
32705A5C.CAD,5428,08d9f01d2521,32705A5,RUNNING FEEDBACK,146,146,0,4844,0,54,182,46,11,4,19,19,6,13,52,0,35,74,20,19,8,true,3,1
32705A6C.CAD,5184,1cafbc840429,32705A6,RUNNING FEEDBACK,140,140,0,4612,0,51,175,44,10,4,18,18,7,12,50,0,34,75,19,19,8,true,2,1
32705B1C.CAD,4784,ae72301b8eb2,32705B1,RUNNING FEEDBACK,132,132,0,4242,0,49,158,41,11,4,14,14,3,11,49,0,29,55,18,18,10,true,1,1
32705B2C.CAD,4582,7829483dab7d,32705B2,RUNNING FEEDBACK,126,126,0,4054,0,45,150,39,11,4,13,13,3,10,45,0,29,52,17,17,9,true,1,1
32705B3C.CAD,4916,7485ccf59264,32705B3C,RUNNING FEEDBACK,134,134,0,4388,0,47,164,42,11,4,16,16,6,10,47,0,32,59,17,17,9,true,1,1
32705B4C.CAD,4548,395baf75e953,32705B4C,RUNNING FEEDBACK,125,125,0,4020,0,45,149,39,11,4,13,13,3,10,45,0,28,53,17,17,9,true,1,1
32705F1C.CAD,4742,3f7ee088ddc9,32705F1,BLOW TANK PUMP INTERLOCKS,122,122,0,4268,0,44,170,38,6,0,25,25,17,8,38,0,38,60,13,13,0,true,2,1
32705F2C.CAD,5224,1c651fc0d991,32705F2,RUNNING FEEDBACK,142,142,0,4644,0,56,177,42,11,3,19,19,7,11,51,0,36,71,19,18,7,true,3,1
32705F3C.CAD,5236,1d78255e31a9,32705F3,RUNNING FEEDBACK,143,143,0,4652,0,54,179,43,11,3,19,19,8,11,52,0,35,76,19,19,7,true,2,1
32705G1C.CAD,5294,43e0eaae8330,32705G1,RUNNING FEEDBACK,144,144,0,4710,0,54,180,43,11,3,19,19,8,11,52,0,36,76,19,19,7,true,2,1
32705G2C.CAD,5032,e1838c1596f4,32705G2,RUNNING FEEDBACK,137,137,0,4464,0,51,171,41,10,3,18,18,8,10,49,0,35,71,18,18,7,true,2,1
32705G3C.CAD,4498,fdd4e8dbdc7f,32705G3,MOTOR COMMAND,124,124,0,3944,0,43,147,35,9,4,13,13,3,10,42,0,35,62,17,17,9,true,2,1
32705G4C.CAD,5146,be7fbd458f30,32705G4,MACRO NAME,134,134,0,4492,0,50,173,40,8,2,19,19,12,10,50,0,34,75,15,15,8,true,1,1
32705G5C.CAD,3204,8c126bbcccf6,32705G5,BLOW TANK A CONSISTENCY,87,87,0,2638,0,38,99,22,8,3,7,7,4,3,35,0,20,66,11,11,0,true,3,1
32705G6C.CAD,3040,d0476007e112,32705G6,BLOW TANK B CONSISTENCY,82,82,0,2474,0,35,92,21,7,3,6,6,4,2,33,0,19,63,11,11,1,true,2,1
32705G7C.CAD,5502,dff10e10ccfd,32705G7,MACRO NAME,144,144,0,4848,0,55,187,42,9,2,21,21,13,11,53,0,38,81,15,15,5,true,2,1
32705G8C.CAD,5412,2e8ab5cbd8f8,32705G8,MACRO NAME,142,142,0,4758,0,54,183,41,8,2,20,20,13,10,51,0,40,81,15,15,5,true,2,1
32705G9C.CAD,2966,52422dae4b78,32705G9,BLOW TANK A MOJOR DILUTION,79,79,0,2438,0,32,93,19,7,3,8,8,6,2,31,0,20,55,9,9,1,true,2,1
32705H1C.CAD,3006,1aa37b1f3f4e,32705H1,BLOW TANK B MAJOR DILUTION,80,80,0,2478,0,31,94,20,6,4,8,8,6,2,30,0,22,57,9,9,0,true,2,1
32705H3C.CAD,1510,5bf121a01e76,32705H3,DILUTION FLOW TO,39,39,0,1144,0,12,40,7,3,1,2,2,0,1,11,0,16,14,5,4,0,true,2,1
32705H4C.CAD,1288,6f8b7e8fb5ae,32705H4,RADISCREEN ACCEPT PRESSURE,31,31,0,942,0,6,33,6,1,1,2,2,1,1,5,0,17,12,2,2,0,true,2,1
32705H5C.CAD,1286,eb7f6cf0b429,32705H5,RADISCREEN FEED PRESSURE,31,31,0,940,0,6,33,6,1,1,2,2,1,1,5,0,17,12,2,2,0,true,2,1
32705H9C.CAD,1695,3a7104928a17,32705H9,RADISCREEN DIFFERENTIAL PRESSURE,43,43,0,1310,0,12,49,9,2,0,4,4,2,2,11,0,19,25,5,5,1,true,2,1
32705I1C.CAD,4462,077b92b81984,32705I1,MACRO NAME,116,116,0,3836,0,42,147,32,7,1,15,15,9,9,42,0,33,64,13,13,8,true,1,1
32705I2C.CAD,5594,98a960c84d3d,32705I2,MACRO NAME,147,147,0,4930,0,55,190,43,9,2,21,21,14,10,55,0,38,80,16,16,8,true,1,1
32705I3C.CAD,4790,5723e14fb6d8,32705I3,MACRO NAME,125,125,0,4146,0,46,159,36,8,2,17,17,9,10,46,0,33,68,14,14,9,true,1,1
32705I4C.CAD,5210,c9610f98f723,32705I4,MACRO NAME,136,136,0,4556,0,50,175,40,8,2,19,19,12,10,50,0,36,76,15,15,8,true,1,1
32705I5C.CAD,5204,5d2f18191cf1,32705I5,MACRO NAME,136,136,0,4550,0,50,175,40,8,2,19,19,12,10,50,0,36,75,15,15,8,true,1,1
32705I6C.CAD,6054,fc0d51556ba0,32705I6,RADITRIM JUNK TRAP SEQUENCE,154,154,0,5048,0,66,195,50,7,0,19,19,14,10,57,0,38,139,25,25,0,true,3,1
32705I7C.CAD,5466,cfcdfd32ef45,32705I7,MACRO NAME,152,152,0,4900,0,60,190,46,15,3,20,20,6,14,59,0,30,71,20,20,11,true,2,1
32705I8C.CAD,5518,e50c187eb39b,32705I8,MACRO NAME,153,153,0,4960,0,60,193,46,15,3,21,21,7,14,59,0,31,69,19,19,12,true,2,1
32705I9C.CAD,5378,e2b12fc330c5,32705I9,MACRO NAME,149,149,0,4820,0,58,187,45,15,3,20,20,6,14,58,0,29,69,19,19,11,true,1,1
32705J1C.CAD,5386,b8256f48bb3b,32705J1,MACRO NAME,149,149,0,4828,0,58,187,45,15,3,20,20,6,14,58,0,29,69,19,19,11,true,1,1
32705J3C.CAD,5688,361cbb40530e,32705J3,MACRO NAME,157,157,0,5120,0,61,199,48,15,3,22,22,8,14,61,0,31,74,20,20,11,true,1,1
32705J6C.CAD,4802,5315ee9f32b1,32705J6,MACRO NAME,125,125,0,4158,0,46,159,36,8,2,17,17,9,10,46,0,33,69,14,14,9,true,1,1
32705J7C.CAD,5234,ed6fc9500f52,32705J7,MACRO NAME,137,137,0,4580,0,50,176,40,8,2,19,19,12,10,50,0,37,75,15,15,8,true,1,1
32705J8C.CAD,5208,caca3b7eef8a,32705J8,MACRO NAME,136,136,0,4554,0,50,175,40,8,2,19,19,12,10,50,0,36,75,15,15,8,true,1,1
32705J9C.CAD,5722,20c22fc8b2f3,32705J9,MACRO NAME,152,152,0,4994,0,60,191,45,10,2,19,19,10,12,58,0,37,89,20,20,8,true,2,1
32705K1C.CAD,5098,3d3a957cf361,32705K1,MACRO NAME,133,133,0,4424,0,50,170,40,8,2,18,18,10,11,50,0,33,75,16,16,9,true,1,1
32705K9C.CAD,6004,fa7d8b7b4630,32705K9,MACRO NAME,157,157,0,5310,0,59,204,48,8,2,22,22,16,11,58,0,41,87,18,18,8,true,2,1
32705L1C.CAD,1896,bbc6a0ac9bc0,32705L1,RADISCREEN SEAL WATER,50,50,0,1520,0,13,54,13,2,1,3,3,2,1,12,0,21,22,7,7,0,true,2,1
32705L2C.CAD,1894,9986dba38f0d,32705L2,RADITRIM SEAL WATER,50,50,0,1518,0,13,54,13,2,1,3,3,2,1,12,0,21,22,7,7,0,true,2,1
32705L3C.CAD,1870,87bfc9d718f8,32705L3,SCREW PRESS #1 SEAL WATER,49,49,0,1494,0,13,53,13,2,1,3,3,2,1,12,0,20,22,7,7,0,true,2,1
32705L4C.CAD,1774,8434c42ee2ee,32705L4,SCREQ PRESS #2 SEAL WATER,47,47,0,1398,0,13,51,11,2,1,3,3,2,1,12,0,20,22,7,7,0,true,2,1
32705L5C.CAD,1722,92a89722e570,32705L5,SCREW PRESS #1 INLET PRESSURE,44,44,0,1328,0,11,48,10,2,1,3,3,2,1,11,0,19,24,6,6,0,true,1,1
32705L6C.CAD,1642,71b5f08d8df2,32705L6,SCREW PRESS #2 INLET PRESSURE,42,42,0,1248,0,11,46,9,2,0,3,3,2,1,11,0,18,24,6,6,0,true,1,1
32705N7C.CAD,1482,e4e2fd613f40,32705N7,RADITRIM ROTATION,36,36,0,1138,0,7,40,9,1,1,3,3,2,1,7,0,17,13,4,4,0,true,1,1
32705N8C.CAD,1094,19c7b3482548,32705N8,WASHER 1 INLET TEMP.,25,25,0,754,0,3,25,4,1,1,1,1,1,0,3,0,15,9,2,2,0,true,1,1
32705N9C.CAD,3500,ba0ccd65e8d2,32705N9,BLOW TANK PRODUCTION,90,90,0,2920,0,31,113,28,3,0,12,12,12,1,31,0,26,72,15,15,0,true,1,1
32705P0C.CAD,2068,f76abc6353ef,32705P0,BLOW TANK PRODUCTION CONTROL,51,51,0,1566,0,14,59,13,2,0,5,5,3,2,14,0,20,48,8,8,0,true,1,1
32705P1C.CAD,4158,e6428e5f783f,32705P1,BLOW TANK PRODUCTION CONTROL,117,117,0,3452,0,53,135,34,8,0,10,10,8,2,50,0,23,91,21,21,0,true,2,1
32705P2C.CAD,2198,30ef6c3b97c0,32705P2,SPEED CONTROL 411HS-M042A,56,56,0,1716,0,22,61,13,4,3,4,4,2,1,20,0,17,31,7,6,0,true,3,1
32705P3C.CAD,1088,b2b8228e40e4,32705P3,ACC PUMP CURRENT,24,24,0,736,0,3,24,5,0,1,1,1,1,0,3,0,14,14,3,3,0,true,1,1
32705P4C.CAD,2198,f25c5a0fdc04,32705P4,SPEED CONTROL 411HS-M042B,56,56,0,1716,0,22,61,13,4,3,4,4,2,1,20,0,17,31,7,6,0,true,3,1
32705P5C.CAD,1108,a74284883988,32705P5,ACC PUMP CURRENT,25,25,0,756,0,3,25,5,0,1,1,1,1,0,3,0,15,14,3,3,0,true,1,1
32705P6C.CAD,1484,ed3a5e5fe73e,32705P6,ACC PUMP NO. 1 & NO. 2,34,34,0,1166,0,4,40,10,0,2,4,4,2,2,4,0,18,10,2,2,0,true,1,1
32705P7C.CAD,3972,c6985f21a22f,32705P7,FLOW CHIPS ACASIA,110,110,0,3278,0,46,123,31,9,1,7,7,5,3,42,0,26,93,20,20,1,true,3,1
32705Q2C.CAD,4870,ee92b31d2e69,32705Q2,MACRO NAME,133,133,0,4316,0,47,163,40,10,4,16,16,6,10,46,0,35,69,17,17,6,true,2,1
32705Q3C.CAD,6824,71a6478044c3,32705Q3,MACRO NAME,189,189,0,6124,0,71,231,59,15,5,21,21,10,13,68,0,45,108,28,28,7,true,2,1
32705Q4C.CAD,4568,c3a248a5a780,32705Q4,MACRO NAME,128,128,0,4046,0,48,152,34,12,3,13,13,3,10,47,0,33,54,15,15,7,true,2,1
32705Q5C.CAD,8102,5eef31ad7a08,32705Q5,MACRO NAME,227,227,0,7416,0,80,272,72,18,9,23,23,9,15,78,0,57,103,29,29,7,true,3,1
32705Q6C.CAD,3052,34fe0b9f8ba6,32705Q6,SCREW PRESS INTERLOCKS,77,77,0,2622,0,24,103,25,0,0,14,14,12,2,23,0,27,43,10,10,0,true,2,1
32705Q8C.CAD,2088,04c2ed090a95,32705Q8,MACRO NAME,51,51,0,1644,0,16,58,14,2,1,5,5,0,4,15,0,18,28,8,7,3,true,2,1
32705Q9C.CAD,4746,37dbda5487f5,32705Q9,MACRO NAME,129,129,0,4246,0,45,161,37,10,3,17,17,7,10,45,0,35,56,14,14,6,true,1,1
32705R1C.CAD,9334,6c7d0b8d367c,32705R1,MACRO NAME,260,260,0,8540,0,97,315,87,21,10,28,28,11,18,94,0,56,133,37,37,8,true,3,1
32705R2C.CAD,3960,edee19b4e4b5,32705R2,SCREW PRESS # 3,110,110,0,3352,0,47,122,32,11,4,7,7,3,4,45,0,20,64,18,17,0,true,3,1
32705R5C.CAD,4342,3e903f8c8b6e,32705R5,MACRO NAME,117,117,0,3842,0,41,143,34,9,3,14,14,4,10,40,0,32,52,14,14,7,true,2,1
32705R6C.CAD,5178,2760f3000557,32705R6,MACRO NAME,139,139,0,4590,0,51,171,44,10,3,16,16,6,12,51,0,32,76,20,20,9,true,1,1
32705Z0C.CAD,5784,928d97ffa8f0,32705Z0,,135,135,0,5102,0,74,190,53,6,2,36,36,2,19,47,0,27,62,32,17,1,true,3,1
32705Z1C.CAD,4236,38476527243d,32705Z1,MACRO NAME,117,117,0,3572,0,44,135,30,8,2,9,9,9,2,44,0,33,74,16,16,1,true,1,1
32705Z2C.CAD,4520,a45711c66b21,32705Z2,MACRO NAME,121,121,0,3814,0,47,140,33,8,2,10,10,9,2,45,0,33,84,18,17,0,true,3,1
32705Z3C.CAD,3840,d661110871ca,32705Z3,MACRO NAME,109,109,0,3186,0,44,121,25,9,0,6,6,8,0,43,0,30,70,15,15,0,true,2,1
32705Z4C.CAD,4182,33bf4a8218be,32705Z4,MACRO NAME,122,122,0,3472,0,51,132,27,13,0,5,5,7,0,50,0,30,83,17,17,0,true,2,1
32705Z5C.CAD,1718,e4ed9c56a9ce,32705Z5,,45,45,0,1250,0,13,43,15,4,0,0,0,0,0,11,0,13,29,12,12,0,true,2,1
32705Z6C.CAD,1838,301f3d477761,32705Z6,HCL FLOW TO DO,44,44,0,1462,0,9,54,12,1,5,6,6,5,1,9,0,20,22,5,5,0,true,1,1
3311500A.CAD,1464,a68fbf92cfc3,3311500,MFC EXECUTIVES,35,35,0,960,0,0,33,5,0,0,0,0,0,0,0,0,28,48,5,4,0,true,0,1
3311501A.CAD,2993,4938998a9cc2,3311501,DIGITAL INPUT SLAVE 1,82,82,0,2672,0,22,108,16,0,14,14,14,0,14,14,0,50,20,2,2,0,true,2,1
3311502A.CAD,2590,8ad2e7c59d87,3311502,BROWNSTOCK WASHING/SCREENING,71,71,0,2268,0,15,91,13,0,11,11,11,0,11,11,0,45,17,2,2,0,true,2,1
3311503A.CAD,4270,cd238d585a6b,3311503,HD TOWER EXHAUST STOCK VLV,116,116,0,3948,0,36,145,18,0,16,16,16,0,16,16,0,79,21,2,2,1,true,2,1
3311504A.CAD,4021,b741b2d801e2,3311504,NO.1 FOAM BREAKER,110,110,0,3700,0,33,140,18,0,16,16,16,0,16,16,0,74,22,2,2,0,true,2,1
3311505A.CAD,4023,3d14494f602d,3311505,BLOW TANK DILN PUMP,107,107,0,3674,0,30,137,18,0,16,16,16,0,16,16,0,71,21,2,2,1,true,2,1
3311506A.CAD,4102,00333dda2c60,3311506,EVAP LIQ SUPPLY PUMP,113,113,0,3780,0,37,143,18,0,16,16,16,0,16,16,0,77,22,2,2,0,true,2,1
3311507A.CAD,3556,a5ad0f73dcb3,3311507,FLOOR DRAIN VLV,92,92,0,3234,0,15,119,17,0,15,15,15,0,15,15,0,57,20,2,2,1,true,1,1
3311508A.CAD,3488,39d89a180af1,3311508,DIGITAL INPUT SLAVE 8,95,95,0,3166,0,23,123,17,0,15,15,15,0,15,15,0,61,20,2,2,1,true,2,1
3311509A.CAD,3460,d11237737967,3311509,HOOD VENTILATION BLOWER,86,86,0,3038,0,18,110,19,0,11,15,15,11,0,14,0,51,23,8,4,0,true,2,1
3311510A.CAD,3734,52365023377b,3311510,FOAM LIQUOR FILTER,96,96,0,3380,0,16,123,18,0,16,16,16,16,0,16,0,57,24,2,2,0,true,1,1
3311511A.CAD,3910,0c4af3a36bf2,3311511,SEC KNOTTER DILUTION PUMP,106,106,0,3556,0,16,136,18,0,16,16,16,16,0,16,0,70,24,2,2,0,true,1,1
3311512A.CAD,3638,51fcf74ee820,3311512,SCREENING STOCK PUMP,100,100,0,3284,0,14,125,16,0,14,14,14,14,0,14,0,67,22,2,2,0,true,1,1
3311513A.CAD,3368,57d2498dabb4,3311513,NO.1 WASH WATER PUMP,88,88,0,3014,0,16,118,18,0,16,16,16,16,0,16,0,52,24,2,2,0,true,1,1
3311514A.CAD,1988,5e44412ed873,3311514,DIGITAL OUTPUT SLAVE 14,59,59,0,1662,0,5,67,6,0,5,5,5,5,0,5,0,46,9,1,1,0,true,1,1
3311515A.CAD,1526,1746ea9a884c,3311515,STOCK-HD DILN MANUAL,42,42,0,1200,0,2,44,3,0,2,2,2,2,0,2,0,35,6,1,1,0,true,1,1
3311516A.CAD,2064,01c4b7fef757,3311516,LIQ FILTER VLV,54,54,0,1738,0,6,64,7,0,6,6,6,6,0,6,0,39,10,1,1,0,true,1,1
3311517A.CAD,1394,214222335429,3311517,DIGITAL OUTPUT SLAVE NO.17,39,39,0,1068,0,1,39,2,0,1,1,1,1,0,1,0,34,5,1,1,0,true,1,1
3311518A.CAD,3070,1a19af142207,3311518,DIGITAL INPUT SLAVE 18,83,83,0,2748,0,17,109,16,0,14,14,14,0,14,14,0,51,15,2,2,5,true,2,1
3311519A.CAD,2484,8f33272ed419,3311519,DIGITAL OUPUT SLAVE # 19,61,61,0,2130,0,12,83,14,0,12,12,12,12,0,12,0,33,20,2,2,0,true,1,1
3311520A.CAD,2346,be5775dc4a82,3311520,DIGITAL OUTPUT SLAVE # 20,57,57,0,1992,0,12,79,14,0,12,12,12,12,0,12,0,29,20,2,2,0,true,1,1
3311521A.CAD,2681,87ecd70546e5,3311521,BROWNSTOCK WASHING/SCREENING,66,66,0,2360,0,21,96,18,0,16,16,16,0,16,16,0,30,18,2,2,4,true,2,1
3311522A.CAD,3828,0898a2f1b42e,3311522,RESET COMMOND 24DC-UPS,103,103,0,3320,0,32,118,31,6,6,9,9,3,5,30,0,34,47,15,13,0,true,2,1
3311523A.CAD,1398,039364920096,3311523,POWER DISTRIBUTION,38,38,0,1090,0,1,38,4,0,1,1,1,1,0,1,0,31,4,1,1,0,true,1,1
3311524A.CAD,2090,a28cb70bae4e,3311524,POWER DISTRIBUTION,56,56,0,1772,0,2,58,10,0,2,2,2,2,0,2,0,42,8,2,2,0,true,1,1
3311525A.CAD,1446,6aef0d2e0e14,3311525,POWER DISTRIBUTION,39,39,0,1138,0,1,38,4,0,1,1,1,1,0,1,0,31,4,1,1,0,true,1,1
3311526A.CAD,1396,2972e8d13295,3311526,POWER DISTRIBUTION,38,38,0,1088,0,1,38,4,0,1,1,1,1,0,1,0,31,4,1,1,0,true,1,1
3311527A.CAD,1504,543bb9968875,3311527,WASHER HOOD LIGHT,41,41,0,1176,0,4,41,5,1,1,1,1,0,1,4,0,29,6,2,2,0,true,1,1
3311528A.CAD,2638,266fd0bea4c3,3311528,FLOOR DRIANS CONDUCTIVITY,77,77,0,2274,0,8,83,14,0,3,4,4,3,1,8,0,53,17,4,4,0,true,1,1
3311529A.CAD,1788,8e89aea25f8a,3311529,BROWN STOCK WASHING,46,46,0,1460,0,5,51,10,0,2,4,4,1,2,4,0,30,6,3,2,1,true,2,1
3311530A.CAD,1870,a22e97e8179b,3311530,BROWN STOCK WASHING,50,50,0,1542,0,5,55,10,0,2,4,4,1,2,4,0,34,6,3,2,1,true,2,1
3311540A.CAD,1918,ff0009d98f5d,3311540,BROWNSTOCK WASHING/SCREENING,52,52,0,1590,0,5,57,10,0,2,4,4,1,2,4,0,36,6,3,2,1,true,2,1
3311541A.CAD,1454,fe8f6146d908,3311541A,SCREW PRESS VALVE,39,39,0,1128,0,3,39,4,1,1,1,1,0,1,3,0,29,5,1,1,0,true,1,1
3311542A.CAD,2042,a557c09b0d5f,3311542,BROWN STOCK WASHING,55,55,0,1714,0,5,59,11,0,2,4,4,1,2,4,0,37,7,3,2,0,true,2,1
3311543A.CAD,4266,a6a097f18062,3311543,LIMIT SWITCH,125,125,0,3738,0,33,136,30,4,4,8,8,4,1,29,0,60,53,18,15,0,true,3,1
3311544A.CAD,2220,bec5b0a28c44,3311544,TWO MODES - A LEVEL MODE AND A TIMER MODE,58,58,0,1894,0,3,60,5,0,2,2,2,1,1,3,0,48,5,1,1,0,true,1,1
3311545A.CAD,1476,cb2068b7065f,3311545,LIQUOR FILTER,42,42,0,1168,0,1,42,4,0,1,1,1,1,0,1,0,35,3,1,1,0,true,1,1
3311546A.CAD,3352,ed7302580580,3311546,STOCK TO HD TOWER MC PUMP,96,96,0,2950,0,14,107,19,1,5,7,7,4,2,13,0,61,29,7,6,0,true,2,1
3311547A.CAD,2522,45af4785106e,3311547,SEAL WTR ALARM,74,74,0,2160,0,9,80,14,1,2,4,4,2,2,9,0,48,22,6,6,0,true,1,1
3311548A.CAD,1568,10237d5c17fa,3311548,OIL FLOW TO WASHER 109,45,45,0,1260,0,1,45,4,0,1,1,1,1,0,1,0,38,3,1,1,0,true,1,1
3311549A.CAD,1570,1f42a33ef0ac,3311549,OIL FLOW TO WASHER 012,45,45,0,1262,0,1,45,4,0,1,1,1,1,0,1,0,38,3,1,1,0,true,1,1
3311550A.CAD,1614,69a0549c8405,3311550,OIL FLOW TO WASHER 009,46,46,0,1306,0,1,45,4,0,1,1,1,1,0,1,0,38,3,1,1,0,true,1,1
3311551A.CAD,2045,ceba7c89a031,3311551,OIL FLOW TO WASHER 006,61,61,0,1738,0,14,63,5,0,1,2,2,1,1,2,0,52,4,1,1,0,true,2,1
3311552A.CAD,3804,c66ad77e2e74,3311552,VLV POSTN,110,110,0,3336,0,30,121,22,2,5,7,7,4,3,18,0,65,45,9,9,0,true,2,1
3311553A.CAD,2840,14533a6751b9,3311553,VLV POSTN,80,80,0,2474,0,11,89,17,1,4,6,6,4,2,11,0,48,21,5,5,0,true,1,1
3311554A.CAD,5544,4088526bcd42,3311554,VLV POSTN,152,152,0,4936,0,40,183,43,4,12,15,15,13,6,39,0,63,89,18,18,0,true,2,1
3311555A.CAD,2088,21d808d95391,3311555,DILUTION VALVE IN,60,60,0,1722,0,6,58,8,0,1,1,1,0,0,5,0,44,11,4,3,0,true,3,1
3311556A.CAD,1188,15d201259e10,3311556,BROWNSTOCK WASHING/SCREENING,32,32,0,880,0,1,32,2,0,1,1,1,1,0,1,0,27,3,1,1,0,true,1,1
3311557A.CAD,3088,2290d8da912a,3311557A,BROWNSTOCK WASHING/SCREENING,85,85,0,2568,0,27,99,20,5,7,8,8,5,3,27,0,31,58,12,12,0,true,1,1
3311558A.CAD,2334,ba583f223c7b,3311558A,BROWNSTOCK WASHING/SCREENING,62,62,0,1920,0,14,74,13,2,6,7,7,5,2,14,0,31,32,6,6,0,true,1,1
3311559A.CAD,1166,17a8fe3e63b5,3311559A,BROWNSTOCK WASHING/SCREENING,30,30,0,842,0,2,29,2,0,0,1,1,0,0,1,0,25,3,2,1,0,true,2,1
3311560A.CAD,1422,e9dd9cb0e70b,3311560A,BROWNSTOCK WASHING/SCREENING,38,38,0,1086,0,4,40,4,1,2,2,2,1,1,4,0,27,10,2,2,0,true,1,1
3311567A.CAD,6120,7766f58c9e17,3311567,RUN REQUEST,186,186,0,5546,0,50,206,42,9,9,11,11,6,5,48,0,85,72,20,20,0,true,3,1
3311568A.CAD,2516,a96fa2ea216d,3311568,RUN REQUEST,73,73,0,2130,0,12,77,14,1,2,3,3,2,1,11,0,45,21,6,6,0,true,2,1
3311569A.CAD,2930,6a5a23162a72,3311569,BROWNSTOCK WASHING/SCREENING,86,86,0,2476,0,20,89,18,4,3,3,3,2,1,20,0,41,36,11,11,0,true,1,1
3311570A.CAD,2494,b244606ea1ec,3311570,BROWNSTOCK WASHING/SCREENING,72,72,0,2108,0,11,73,13,2,2,2,2,1,1,11,0,43,20,6,6,0,true,1,1
3311571A.CAD,6292,843529b1ce97,3311571,RUN REQUEST,192,192,0,5720,0,50,212,43,11,9,11,11,6,5,49,0,87,71,20,20,0,true,2,1
3311572A.CAD,2266,7ac7f68ffbb1,3311572,RUN REQUEST,65,65,0,1902,0,8,69,12,0,2,3,3,2,1,7,0,44,17,4,4,0,true,2,1
3311573A.CAD,3416,607e349ea657,3311573,ALSO USED ON,102,102,0,2962,0,20,105,18,5,3,3,3,2,1,20,0,56,36,11,11,0,true,1,1
3311574A.CAD,2618,cd425c583717,3311574,RUN REQUEST,79,79,0,2222,0,13,81,13,3,2,2,2,1,1,13,0,48,22,7,7,0,true,1,1
3311575A.CAD,6444,94308a835857,3311575,RUN REQUEST,199,199,0,5868,0,52,217,44,11,8,10,10,5,5,50,0,92,72,21,21,0,true,3,1
3311576A.CAD,2472,da97397745bd,3311576,RUN REQ,69,69,0,2086,0,10,70,13,1,2,3,3,2,1,10,0,40,21,6,6,0,true,1,1
3311577A.CAD,3514,8d89ceacd7d6,3311577,RUN REQUEST,103,103,0,3040,0,23,105,19,5,2,3,3,1,1,22,0,54,38,13,12,0,true,2,1
3311578A.CAD,2384,b0172718c79d,3311578,HOOD VENTILATION,71,71,0,1998,0,11,73,12,2,2,2,2,1,1,11,0,44,19,6,6,0,true,1,1
3311579A.CAD,2768,2057e26abad7,3311579,ALSO USED ON,83,83,0,2346,0,15,87,16,2,3,3,3,2,1,15,0,48,28,9,9,0,true,1,1
3311580A.CAD,3622,accd07f69463,3311580,RUN REQUEST,104,104,0,3148,0,27,110,23,2,2,4,4,3,3,20,0,55,47,12,12,0,true,2,1
3311581A.CAD,2556,ef511d9aaaa1,3311581,RUN REQUEST,74,74,0,2170,0,10,78,14,1,2,3,3,2,1,10,0,47,21,6,6,0,true,1,1
3311582A.CAD,4026,072ceed27a4d,3311582,Truth Table of Timer,133,133,0,3504,0,40,137,21,7,2,3,3,2,1,40,2,63,50,14,14,0,true,3,1
3311583A.CAD,3304,b5c19451a452,3311583,RUN REQUEST,94,94,0,2836,0,20,99,18,3,2,4,4,2,1,19,0,52,36,11,10,0,true,2,1
3311584A.CAD,2740,29caede93fad,3311584,RUN REQUEST,81,81,0,2346,0,13,87,15,2,2,4,3,2,2,13,0,49,24,7,7,0,true,1,1
3311585A.CAD,2536,d841411dded9,3311585,RUN REQUEST,75,75,0,2150,0,10,79,13,1,2,3,3,2,1,10,0,49,21,6,6,0,true,1,1
3311586A.CAD,2744,fbe204260b3c,3311586,RUN REQUEST,81,81,0,2350,0,13,87,15,2,2,4,3,2,2,13,0,49,24,7,7,0,true,1,1
3311588A.CAD,3748,c6874d78eb02,3311588,SCREEN PUMP,107,107,0,3250,0,32,122,26,8,3,9,9,3,5,31,0,40,40,14,13,5,true,2,1
3311589A.CAD,1700,fbc3d356b379,3311589,BYPASS LIQ,50,50,0,1366,0,7,50,6,2,1,1,1,1,0,7,0,33,9,2,2,0,true,1,1
3311591A.CAD,2967,c942dce5b826,3311591,BROWNSTOCK WASHING/SCREENING,59,59,0,1574,0,15,57,11,3,0,0,0,0,0,13,0,30,35,11,11,0,true,2,1
3311593A.CAD,5208,9a44530f5768,3311593,PRESSURE SCREEN,157,157,0,4636,0,43,169,39,8,6,7,7,5,2,42,0,66,64,19,19,0,true,2,1
3311595A.CAD,4620,d4552eca2e9e,3311595,RUN REQUEST,138,138,0,4062,0,39,151,32,8,4,8,8,5,2,37,0,59,61,19,18,0,true,3,1
3311596A.CAD,3504,d89b1fbc35e3,3311596,RUN REQUEST,106,106,0,3006,0,26,110,20,6,2,4,4,2,1,25,0,52,45,13,12,0,true,2,1
3311597A.CAD,4820,a336cd78d7a8,3311597,ALSO USED ON,141,141,0,4162,0,46,156,35,8,4,10,10,4,3,42,0,54,75,24,21,0,true,3,1
3311598A.CAD,3788,e9a8a9190f15,3311598,RUN REQUEST,115,115,0,3266,0,31,122,25,6,3,5,5,3,1,30,0,52,53,17,16,0,true,2,1
3311599A.CAD,4510,9a64942cd2e9,3311599,RUN REQUEST,135,135,0,3960,0,39,144,31,9,3,6,6,3,2,37,0,56,60,20,19,1,true,3,1
33115A1A.CAD,2946,3cba3adcb621,33115A1,RUN REQUEST,88,88,0,2492,0,16,92,18,3,2,3,3,1,2,16,0,49,37,11,11,0,true,1,1
33115A2A.CAD,4394,359e46777cac,33115A2,RUN REQUEST,130,130,0,3828,0,40,143,31,8,5,8,8,4,3,38,0,51,65,20,19,0,true,3,1
33115A3A.CAD,4022,0bf2f80df20d,33115A3,RUN REQUEST,118,118,0,3532,0,29,125,25,4,3,4,4,4,1,28,0,59,43,13,13,0,true,2,1
33115A4A.CAD,5896,7ce5aa6ea8bb,33115A4,RUN REQUEST,178,178,0,5272,0,50,194,44,8,7,9,9,5,4,48,0,76,75,24,23,0,true,3,1
33115A5A.CAD,2266,fff3d10874c4,33115A5,RUN REQUEST,64,64,0,1902,0,8,68,12,0,2,3,3,2,1,7,0,43,17,4,4,0,true,2,1
33115A6A.CAD,4732,14414da38a93,33115A6,RUN REQUEST,136,136,0,4214,0,38,155,32,6,8,11,11,7,3,36,0,60,58,17,16,1,true,3,1
33115A7A.CAD,2496,e4afc904706b,33115A7,RUN REQUEST,73,73,0,2110,0,10,77,13,1,2,3,3,2,1,10,0,47,21,6,6,0,true,1,1
33115A8A.CAD,2462,5789fd29e440,33115A8,RUN REQUEST,74,74,0,2076,0,11,76,12,2,2,2,2,1,1,11,0,47,20,6,6,0,true,1,1
33115A9A.CAD,3842,4bf80253d88a,33115A9,RUN REQUEST,109,109,0,3352,0,27,117,23,5,2,6,6,2,2,25,0,54,41,14,12,0,true,2,1
33115B0A.CAD,3886,e634c4affe69,33115B0,RUN REQUEST,112,112,0,3408,0,26,122,24,5,3,6,6,3,3,26,0,55,43,13,13,1,true,1,1
33115B1A.CAD,2618,f756f4c07642,33115B1,BROWNSTOCK WASHING/SCREENING,74,74,0,2180,0,15,78,16,3,2,3,3,1,2,15,0,38,33,9,9,0,true,1,1
33115B2A.CAD,3880,a24db9469a4b,33115B2,RUN REQUEST,114,114,0,3398,0,25,122,23,5,4,5,5,4,1,25,0,59,44,14,14,0,true,1,1
33115B3A.CAD,4006,d79012640996,33115B3,RUN REQUEST,117,117,0,3524,0,26,123,23,5,4,5,5,4,1,26,0,59,44,14,14,0,true,1,1
33115B4A.CAD,3602,09fa18e609be,33115B4,LOW/LOW PRESSURE WILL TRIP MOTOR EVEN WHEN,106,106,0,3138,0,22,112,20,4,3,4,4,3,1,22,0,58,39,12,12,0,true,1,1
33115B5A.CAD,3580,b7c75a3fa7ac,33115B5,RUN REQUEST,105,105,0,3116,0,22,111,20,5,3,4,4,3,1,22,0,56,39,12,12,0,true,1,1
33115B6A.CAD,3138,bd82d2dfae60,33115B6,RUN REQUEST,90,90,0,2710,0,16,96,16,3,2,4,4,3,1,16,0,53,31,8,8,0,true,1,1
33115B7A.CAD,3188,f4c34c4ed4a2,33115B7,RUN REQUEST,91,91,0,2760,0,16,97,17,3,2,4,4,3,1,16,0,53,30,8,8,0,true,1,1
33115B8A.CAD,3132,4ac4ee9f8e36,33115B8,RUN REQUEST,90,90,0,2704,0,16,96,16,3,2,4,4,3,1,16,0,53,31,8,8,0,true,1,1
33115C0A.CAD,3544,e10b798e2a5d,33115C0,RUN REQUEST,104,104,0,3080,0,22,110,20,4,3,4,4,3,1,22,0,56,39,12,12,0,true,1,1
33115C1A.CAD,2960,c910852e381d,33115C1,RUN REQUEST,89,89,0,2532,0,17,91,15,4,2,3,3,2,1,17,0,49,30,8,8,0,true,1,1
33115C2A.CAD,3278,a9197d74cd43,33115C2,RUN REQUEST,95,95,0,2826,0,21,101,18,4,3,5,5,3,2,21,0,48,34,8,8,0,true,1,1
33115C3A.CAD,3458,48d356f3a42b,33115C3,RUN REQUEST,102,102,0,3004,0,22,113,22,4,3,6,6,4,3,22,0,52,41,11,11,0,true,1,1
33115C4A.CAD,3460,4e55889489ac,33115C4,BROWNSTOCK WASHING/SCREENING,98,98,0,2946,0,30,108,25,4,3,7,7,3,2,27,0,40,46,16,14,0,true,3,1
33115C5A.CAD,4936,a8731a8b749c,33115C5,RUN REQUEST,144,144,0,4318,0,47,162,37,8,3,12,12,3,5,43,0,54,66,25,21,0,true,2,1
33115C7A.CAD,3806,e008f6561505,33115C7,KNOTS PUMP,112,112,0,3294,0,33,124,27,7,2,7,7,4,3,33,0,43,50,15,15,1,true,1,1
33115D1A.CAD,3898,9fea33315647,33115D1,RUN REQUEST,113,113,0,3424,0,25,123,24,4,5,6,6,4,2,25,0,58,44,13,13,0,true,1,1
33115D2A.CAD,4208,fb09cc61bea8,33115D2,RUN REQUEST,123,123,0,3704,0,30,141,29,4,8,10,10,9,1,30,0,58,51,14,14,0,true,1,1
33115D3A.CAD,3700,1a258d25938a,33115D3,RUN REQUEST,111,111,0,3220,0,26,121,24,4,4,6,6,5,1,26,0,55,43,13,13,0,true,1,1
33115D4A.CAD,3370,6a74cd68896c,33115D4,RUN REQUEST,102,102,0,2888,0,24,108,22,4,3,4,4,3,1,24,0,50,44,14,14,0,true,1,1
33115D5A.CAD,3658,d103315fafdf,33115D5,LOW/LOW PRESSURE WILL TRIP MOTOR EVEN WHEN IN INTERLOCKS,108,108,0,3186,0,25,114,21,5,3,4,4,3,1,24,0,56,41,13,13,0,true,2,1
33115D6A.CAD,3546,5f7db3b498bb,33115D6,RUN REQUEST,104,104,0,3082,0,22,110,20,4,3,4,4,3,1,22,0,56,39,12,12,0,true,1,1
33115D7A.CAD,3570,e361e8e35bcb,33115D7,RUN REQUEST,104,104,0,3106,0,22,110,21,4,3,4,4,3,1,22,0,55,39,12,12,0,true,1,1
33115D8A.CAD,3174,243f2546373d,33115D8,RUN REQUEST,92,92,0,2746,0,16,98,16,3,2,4,4,3,1,16,0,55,31,8,8,0,true,1,1
33115D9A.CAD,3702,42d77ccafd32,33115D9,RUN REQUEST,110,110,0,3228,0,26,116,21,6,3,4,4,3,1,26,0,55,41,13,13,0,true,1,1
33115E0A.CAD,2700,c8d9642ab80e,33115E0,MOTOR SCREEN,78,78,0,2262,0,17,84,17,3,3,4,4,3,1,17,0,39,33,9,9,0,true,1,1
33115E2A.CAD,2366,9860a865b474,33115E2,REPULPER AGITATOR MOTOR,67,67,0,1950,0,17,69,14,3,2,2,2,1,1,16,0,32,23,9,8,0,true,2,1
33115E3A.CAD,2226,802c6d527df5,33115E3,SEALING WATER,65,65,0,1844,0,11,67,12,2,2,2,2,1,1,11,0,38,19,6,6,0,true,1,1
33115F3A.CAD,2511,2820b751dc7d,33115F3,BROWNSTOCK WASHING/SCREENING,70,70,0,2130,0,15,76,16,3,3,4,4,2,2,14,0,35,21,6,6,0,true,2,1
33115F5A.CAD,1498,f55e7fa712e4,33115F5,BROWN STOCK WASHING,40,40,0,1170,0,5,41,6,1,1,2,2,0,1,4,0,27,6,3,2,0,true,2,1
33115G0A.CAD,2866,c7bd724b2d2c,33115G0,BROWNSTOCK WASHING/SCREENING,73,73,0,2306,0,14,83,23,2,5,6,6,4,2,14,0,32,59,14,14,0,true,1,1
33115H0A.CAD,2398,c34defe84612,33115H0A,RUN REQUEST,69,69,0,2012,0,10,73,13,1,2,3,3,2,1,10,0,43,21,6,6,0,true,1,1
33115H1A.CAD,2398,c8e5e17f366b,33115H1,RUN REQUEST,69,69,0,2012,0,10,73,13,1,2,3,3,2,1,10,0,43,21,6,6,0,true,1,1
33115H2A.CAD,2398,97e4309e5b32,33115H2,RUN REQUEST,69,69,0,2012,0,10,73,13,1,2,3,3,2,1,10,0,43,21,6,6,0,true,1,1
33115H3A.CAD,2398,eff0cd80b221,33115H3,RUN REQUEST,69,69,0,2012,0,10,73,13,1,2,3,3,2,1,10,0,43,21,6,6,0,true,1,1
33115Z1A.CAD,7634,4abf66c09f48,33115Z1,BROWNSTOCK WASHING/SCREENING,229,229,0,6124,0,119,232,60,28,2,2,2,0,2,115,0,25,224,53,53,0,true,2,1
33115Z2A.CAD,4630,e3eef031a916,33115Z2A,SPARE/INTERMODULE COMM,119,119,0,3924,0,58,136,36,3,3,13,12,0,5,20,0,59,69,31,21,0,true,3,1
3310500A.CAD,2174,7bd54d056ca1,3310500,MFC EXECUTIVES,57,57,0,1632,0,16,59,10,1,0,2,2,0,2,6,0,38,60,8,7,0,true,2,1
3310501A.CAD,2116,ed8341f8ed2e,3310501,CIS I/O FOR SLAVE 1,63,63,0,1758,0,8,69,6,1,4,4,4,4,0,7,0,47,15,1,1,0,true,2,1
3310502A.CAD,1994,a102b879530f,3310502,CIS I/O FOR SLAVE 2,58,58,0,1636,0,4,64,5,0,4,4,4,4,0,4,0,47,15,1,1,0,true,1,1
3310503A.CAD,1852,050bffe57e3c,3310503,CIS I/O FOR SLAVE 3,44,44,0,1344,0,6,50,7,0,4,4,4,0,4,6,0,29,22,3,3,0,true,1,1
3310504A.CAD,1766,c06b321e56f1,3310504,CIS I/O FOR SLAVE 4,42,42,0,1276,0,5,48,6,0,4,4,4,4,0,5,0,29,45,2,2,0,true,1,1
3310505A.CAD,2084,7d452ae06c03,3310505,CIS I/O FOR SLAVE 5,60,60,0,1726,0,5,68,6,0,5,5,5,5,0,5,0,47,17,1,1,0,true,1,1
3310506A.CAD,2049,1e64c37c2494,3310506,CIS I/O FOR SLAVE 6,60,60,0,1692,0,6,66,5,0,4,4,4,4,0,4,0,49,15,1,1,0,true,2,1
3310507A.CAD,2127,5dda4527af7f,3310507,CIS I/O FOR SLAVE 7,62,62,0,1770,0,7,70,6,0,5,5,5,5,0,5,0,49,14,1,1,1,true,2,1
3310508A.CAD,2478,7a037ee72c1e,3310508,CIS I/O FOR SLAVE 8,70,70,0,2120,0,9,82,8,0,7,7,7,7,0,7,0,53,18,1,1,0,true,2,1
3310509A.CAD,2662,1930ff77896d,3310509,LIQUOR FILTER LEVEL,75,75,0,2304,0,9,89,9,0,8,8,8,8,0,8,0,56,19,1,1,0,true,2,1
3310510A.CAD,2260,1f3f6f96b4e0,3310510,WASHER LEVEL,65,65,0,1902,0,6,75,7,0,6,6,6,6,0,6,0,50,15,1,1,0,true,1,1
3310511A.CAD,2370,387c1a5aa0d8,3310511,WASHER DILUTION FLOW,68,68,0,2012,0,6,78,7,0,6,6,6,6,0,6,0,53,15,1,1,0,true,1,1
3310512A.CAD,2158,2df1b8428c10,3310512,WASHER LEVEL,64,64,0,1800,0,6,70,6,0,4,4,4,4,0,5,0,51,13,1,1,1,true,2,1
3310513A.CAD,2482,b2c8d5f27ae0,3310513,WASH LIQUOR FLOW,71,71,0,2124,0,7,83,8,0,7,7,7,7,0,7,0,54,18,1,1,0,true,1,1
3310514A.CAD,2498,76109c0c4053,3310514,WASH LIQUOR FLOW,71,71,0,2140,0,7,83,8,0,7,7,7,7,0,7,0,54,19,1,1,0,true,1,1
3310515A.CAD,2485,dfb0649235dd,3310515,STOCK TANK LEVEL,72,72,0,2128,0,10,82,7,0,6,6,6,6,0,6,0,57,16,1,1,0,true,2,1
3310516A.CAD,2378,139f8b2460bd,3310516,STOCK-SCREENING FLOW,68,68,0,2020,0,6,78,7,0,6,6,6,6,0,6,0,53,15,1,1,0,true,1,1
3310517A.CAD,2362,d8a957f8b508,3310517,SCREEN DF PRS,68,68,0,2004,0,6,78,7,0,6,6,6,6,0,6,0,53,16,1,1,0,true,1,1
3310518A.CAD,2366,5fe93c834a00,3310518,SCREEN DILUTION FLOW,68,68,0,2008,0,6,78,7,0,6,6,6,6,0,6,0,53,16,1,1,0,true,1,1
3310519A.CAD,2374,addc3bafb32b,3310519,SCREEN REJECT FLOW,68,68,0,2016,0,6,78,7,0,6,6,6,6,0,6,0,53,16,1,1,0,true,1,1
3310520A.CAD,2364,d978d5737afc,3310520,SCREEN DF PRS,68,68,0,2006,0,6,78,7,0,6,6,6,6,0,6,0,53,17,1,1,0,true,1,1
3310521A.CAD,2393,f9473ab3e617,3310521,SCREEN DF PRS,67,67,0,2036,0,9,81,9,0,8,8,8,8,0,8,0,48,19,1,1,0,true,2,1
3310522A.CAD,2376,1ca940274e02,3310522,BROWNSTOCK WASHING/SCREENING,68,68,0,2018,0,6,78,7,0,6,6,6,6,0,6,0,53,17,1,1,0,true,1,1
3310523A.CAD,2524,be41bdcd7427,3310523,SCREEN DILUTION FLOW,72,72,0,2166,0,8,84,8,0,7,7,7,7,0,7,0,55,17,1,1,0,true,2,1
3310524A.CAD,2568,fb1b668605c9,3310524,SCREEN REJECT FLOW,73,73,0,2210,0,8,87,9,0,8,8,8,8,0,8,0,54,18,1,1,0,true,1,1
3310525A.CAD,2468,f17f7d2046ce,3310525,VIBRATN SCREEN LEVEL,70,70,0,2110,0,7,82,8,0,7,7,7,7,0,7,0,53,18,1,1,0,true,1,1
3310526A.CAD,2374,cc6abc4732a7,3310526,DILN TANK LG LEVEL,68,68,0,2016,0,6,78,7,0,6,6,6,6,0,6,0,53,16,1,1,0,true,1,1
3310527A.CAD,2106,234985484139,3310527,WASHER LEVEL,62,62,0,1748,0,4,68,5,0,4,4,4,4,0,4,0,51,16,1,1,0,true,1,1
3310528A.CAD,2278,93318a67eea2,3310528,STOCK-HD DILN MANUAL,66,66,0,1920,0,6,74,6,0,5,5,5,5,0,5,0,53,14,1,1,0,true,2,1
3310529A.CAD,2698,ff21f63099ff,3310529,HOT WASH WATER FLOW,76,76,0,2340,0,11,90,9,0,8,8,8,8,0,8,0,57,19,1,1,1,true,2,1
3310530A.CAD,2238,3c5772a79a8d,3310530,CIS I/O FOR SLAVE 30,65,65,0,1880,0,7,73,7,0,5,5,5,5,0,6,0,50,16,1,1,0,true,2,1
3310531A.CAD,1633,d5ba10c5df15,3310531A,CIS I/O FOR SLAVE 31,50,50,0,1276,0,2,48,1,0,0,0,0,0,0,0,0,47,11,1,1,0,true,1,1
3310532A.CAD,2526,74cdcbb024c6,3310532,CIS I/O FOR SLAVE 32,70,70,0,2168,0,8,84,9,0,8,8,8,8,0,8,0,51,23,1,1,0,true,1,1
3310533A.CAD,2036,6caaff4ebca4,3310533,CIS I/O FOR SLAVE 33,59,59,0,1678,0,4,65,5,0,2,4,4,4,0,4,0,48,15,1,1,0,true,1,1
3310534A.CAD,1657,f3f535107aa9,3310534,CIS I/O FOR SLAVE 34,51,51,0,1300,0,2,49,1,0,0,0,0,0,0,0,0,48,8,1,1,0,true,1,1
3310535A.CAD,2358,102d1ec86ddd,3310535,CIS I/O FOR SLAVE 35,68,68,0,2000,0,6,78,7,0,6,6,6,6,0,6,0,53,17,1,1,0,true,1,1
3310536A.CAD,2330,56c86dc4b87d,3310536,CIS I/O FOR SLAVE 36,67,67,0,1972,0,6,77,7,0,6,6,6,6,0,6,0,52,17,1,1,0,true,1,1
3310537A.CAD,2348,d4a824ec283d,3310537,CIS I/O FOR SLAVE 37,67,67,0,1990,0,6,77,7,0,6,6,6,6,0,6,0,52,17,1,1,0,true,1,1
3310538A.CAD,2176,7163c80e03a3,3310538A,CIS I/O FOR SLAVE 38,63,63,0,1818,0,5,71,6,0,5,5,5,5,0,5,0,50,16,1,1,0,true,1,1
3310539A.CAD,2304,29a1b5f4a4b8,3310539,CIS I/O FOR SLAVE 39,66,66,0,1946,0,6,76,7,0,6,6,6,6,0,6,0,51,16,1,1,0,true,1,1
3310540A.CAD,2304,3e309f510b53,3310540,CIS I/O FOR SLAVE 40,66,66,0,1946,0,6,76,7,0,6,6,6,6,0,6,0,51,17,1,1,0,true,1,1
3310541A.CAD,1633,3c903b21542f,3310541,CIS I/O FOR SLAVE 41,50,50,0,1276,0,2,48,1,0,0,0,0,0,0,0,0,47,8,1,1,0,true,1,1
3310542A.CAD,1657,f4125aae07a0,3310542,CIS I/O FOR SLAVE 42,51,51,0,1300,0,2,49,1,0,0,0,0,0,0,0,0,48,8,1,1,0,true,1,1
3310543A.CAD,2128,d6036344dd60,3310543,BROWNSTOCK WASHING / SCREENING,44,44,0,1620,0,13,60,12,2,9,9,9,0,9,13,0,15,30,3,3,0,true,1,1
3310544A.CAD,2512,9dda79001e38,3310544,BROWNSTOCK WASHING / SCREENING,52,52,0,2004,0,17,76,16,2,13,13,13,0,13,17,0,15,38,3,3,0,true,1,1
3310545A.CAD,2142,f931e61d53c1,3310545,BROWNSTOCK WASHING/SCREENING,45,45,0,1634,0,13,61,12,2,9,9,9,0,9,13,0,16,30,3,3,0,true,1,1
3310549A.CAD,2818,b81505132740,3310549,BROWNSTOCK WASHING/SCREENING,81,81,0,2404,0,18,87,16,4,4,4,4,2,2,18,0,41,28,8,8,2,true,1,1
3310550A.CAD,2818,6891b10c1cd6,3310550,BROWNSTOCK WASHING/SCREENING,81,81,0,2404,0,18,87,16,4,4,4,4,2,2,18,0,41,28,8,8,0,true,1,1
3310551A.CAD,1148,60a6a6b15d08,3310551,BROWNSTOCK WASHING / SCREENING,26,26,0,820,0,1,26,4,0,1,1,1,1,0,1,0,19,8,1,1,0,true,1,1
3310552A.CAD,1120,8788e5eaacc9,3310552,BROWNSTOCK WASHING/SCREENING,25,25,0,792,0,1,25,4,0,1,1,1,1,0,1,0,18,7,1,1,0,true,1,1
3310553A.CAD,1144,ea334f536f22,3310553,BROWNSTOCK WASHING/SCREENING,26,26,0,816,0,1,26,4,0,1,1,1,1,0,1,0,19,8,1,1,0,true,1,1
3310554A.CAD,1124,bfb14d5b103f,3310554,BROWNSTOCK WASHING/SCREENING,25,25,0,796,0,1,25,4,0,1,1,1,1,0,1,0,18,8,1,1,0,true,1,1
3310555A.CAD,1408,67e9efd88d62,3310555,BROWNSTOCK WASHING/SCREENING,33,33,0,1038,0,5,35,8,0,1,2,2,1,1,5,0,18,17,4,4,1,true,1,1
3310556A.CAD,1154,72ad09b76a42,3310556,BROWNSTOCK WASHING/SCREENING,26,26,0,826,0,1,26,4,0,1,1,1,1,0,1,0,19,8,1,1,0,true,1,1
3310557A.CAD,1144,cc22ad1ea631,3310557,BROWNSTOCK WASHING/SCREENING,26,26,0,816,0,1,26,4,0,1,1,1,1,0,1,0,19,8,1,1,0,true,1,1
3310558A.CAD,1306,302702e59164,3310558,BROWNSTOCK WASHING/SCREENING,30,30,0,962,0,3,32,6,0,1,2,2,1,1,3,0,19,11,2,2,0,true,1,1
3310559A.CAD,1150,d5addf301a47,3310559,BROWNSTOCK WASHING/SCREENING,26,26,0,822,0,1,26,4,0,1,1,1,1,0,1,0,19,8,1,1,0,true,1,1
3310560A.CAD,1192,8bde5159a254,3310560,BROWNSTOCK WASHING/SCREENING,26,26,0,864,0,1,26,3,0,1,1,1,1,0,1,0,20,7,1,1,0,true,1,1
3310561A.CAD,1140,d50e933a632d,3310561,BROWNSTOCK WASHING/SCREENING,26,26,0,812,0,1,26,4,0,1,1,1,1,0,1,0,19,8,1,1,0,true,1,1
3310562A.CAD,1144,cb434488f4ea,3310562,BROWNSTOCK WASHING/SCREENING,26,26,0,816,0,1,26,4,0,1,1,1,1,0,1,0,19,8,1,1,0,true,1,1
3310563A.CAD,1054,09583c5941d5,3310563,BROWNSTOCK WASHING/SCREENING,22,22,0,726,0,1,22,4,0,1,1,1,1,0,1,0,15,8,1,1,0,true,1,1
3310564A.CAD,1382,2e80d4342fa6,3310564,BROWNSTOCK WASHING/SCREENING,31,31,0,1038,0,5,35,7,1,1,3,3,1,2,5,0,16,11,2,2,1,true,1,1
3310565A.CAD,1116,194e071bca13,3310565,BROWNSTOCK WASHING/SCREENING,24,24,0,772,0,2,24,5,0,1,1,1,1,0,2,0,15,11,2,2,0,true,1,1
3310567A.CAD,1006,49270c8c9341,3310567,BROWNSTOCK WASHING/SCREENING,21,21,0,678,0,1,21,3,0,1,1,1,1,0,1,0,15,7,1,1,0,true,1,1
3310568A.CAD,3278,2213e8028c3e,3310568,VALVE POSTN,93,93,0,2730,0,32,98,19,8,4,4,4,2,1,30,0,34,48,10,9,0,true,3,1
3310569A.CAD,3178,035fdbe56c66,3310569,SOAP TANK,92,92,0,2636,0,30,97,20,7,2,4,4,3,0,27,0,36,52,12,11,0,true,3,1
3310570A.CAD,3874,f800e2e201e0,3310570,FLOOR WELL LEVEL,113,113,0,3350,0,37,129,25,9,1,9,9,2,7,35,0,42,54,13,13,3,true,2,1
3310571A.CAD,3262,f56b7a2a5af5,3310571,FILTRATE TO EVAP FLOW,95,95,0,2750,0,28,103,20,7,1,5,5,2,3,28,0,38,47,12,12,1,true,1,1
3310572A.CAD,4924,b9d6a0a66917,3310572,VALVE POSTN,140,140,0,4224,0,57,156,34,11,5,10,10,4,4,48,0,45,88,18,16,0,true,4,1
3310573A.CAD,1618,333d0c0c5d3a,3310573,LIQ FILT,44,44,0,1262,0,4,44,7,1,1,1,1,1,0,4,0,30,14,3,3,0,true,1,1
3310574A.CAD,3680,187bdf93d9b5,3310574,VALVE POSTN,101,101,0,3138,0,31,111,24,7,5,7,7,3,2,28,0,40,49,10,8,0,true,3,1
3310575A.CAD,2770,ba16d9dc898d,3310575,VALVE POSTN,76,76,0,2298,0,23,81,15,5,4,4,4,2,1,21,0,33,33,6,5,0,true,3,1
3310576A.CAD,3930,66471cc7fc39,3310576,WASHER LVL,118,118,0,3356,0,44,125,21,13,4,5,5,2,2,42,0,40,55,11,10,0,true,3,1
3310577A.CAD,1872,4b94f1664a39,3310577,BROWNSTOCK WASHING/SCREENING,53,53,0,1440,0,14,52,8,3,0,1,1,0,0,12,0,28,26,7,6,0,true,3,1
3310578A.CAD,1596,7d75ccb1ae10,3310578,BROWNSTOCK WASHING / SCREENING,39,39,0,1228,0,8,43,9,1,1,3,3,1,2,8,0,19,19,4,4,0,true,1,1
3310579A.CAD,4100,f8706229d5f8,3310579,VALVE POSTN,117,117,0,3406,0,48,128,26,9,7,7,7,4,2,44,0,36,73,15,14,0,true,3,1
3310580A.CAD,3594,14c1da0b0368,3310580,VALVE POSTN,101,101,0,3078,0,34,114,22,8,4,8,8,3,4,32,0,37,50,9,8,0,true,3,1
3310581A.CAD,4292,256f8fb3377a,3310581,FILTRATE TANK LEVEL,127,127,0,3592,0,46,137,29,9,1,6,6,5,1,44,0,43,94,18,18,0,true,2,1
3310582A.CAD,4498,9715db740d6b,3310582,WASHER LVL,136,136,0,3848,0,57,145,26,17,4,6,6,2,3,55,0,36,69,15,14,1,true,3,1
3310583A.CAD,4082,e3326f7f82d3,3310583,BROWNSTOCK WASHING/SCREENING,115,115,0,3388,0,47,128,27,8,6,8,8,5,2,43,0,35,74,15,14,0,true,3,1
3310584A.CAD,3502,cea5414eecc1,3310584,VALVE POSTN,99,99,0,2986,0,34,112,21,8,4,8,8,3,4,32,0,36,50,9,8,0,true,3,1
3310585A.CAD,4002,2dafe0bccd0e,3310585,WASHER SPEED,121,121,0,3412,0,48,128,22,14,4,5,5,2,2,46,0,37,58,12,11,0,true,3,1
3310586A.CAD,4240,7297a2076395,3310586,FILTRATE LVL,125,125,0,3540,0,46,135,29,9,1,6,6,5,1,44,0,41,94,18,18,0,true,2,1
3310587A.CAD,3638,646055cac9df,3310587,VALVE POSTN,103,103,0,3122,0,34,116,22,8,4,8,8,3,4,32,0,39,50,9,8,0,true,3,1
3310588A.CAD,3022,4cb6660ea641,3310588,VALVE POSTN,84,84,0,2528,0,26,91,18,5,4,5,5,3,1,24,0,35,40,8,7,0,true,3,1
3310589A.CAD,3680,50c549f3e3d3,3310589,VALVE POSTN,107,107,0,3136,0,34,117,22,9,3,6,6,3,3,32,0,42,54,10,10,1,true,3,1
3310590A.CAD,3376,da0f78330809,3310590,STOCK TO SCREENING CONSISTENCY,96,96,0,2854,0,32,104,20,8,3,5,5,3,2,29,0,37,49,8,8,0,true,3,1
3310591A.CAD,4890,942c02cb20cd,3310591,VALVE POSTN,138,138,0,4202,0,51,157,33,12,6,11,11,7,3,47,0,44,91,16,15,0,true,4,1
3310592A.CAD,3640,c5374bd62a30,3310592,VALVE POSTN,100,100,0,3122,0,36,114,23,7,5,9,9,4,3,31,0,37,46,10,8,0,true,4,1
3310593A.CAD,3568,82983b94a673,3310593,VALVE POSTN,102,102,0,3008,0,34,110,22,8,3,5,5,4,1,33,0,37,55,11,11,0,true,2,1
3310594A.CAD,3720,b3b299ed7803,3310594,VALVE POSTN,106,106,0,3162,0,37,115,22,9,4,6,6,3,2,34,0,39,53,11,10,0,true,4,1
3310595A.CAD,3360,aacd877cdd8c,3310595,VALVE POSTN,93,93,0,2862,0,30,104,20,6,4,7,7,4,2,27,0,38,43,8,7,0,true,4,1
3310596A.CAD,3080,035d34fc3022,3310596,VALVE POSTN,86,86,0,2596,0,25,94,18,5,3,5,5,4,1,24,0,37,40,7,7,0,true,2,1
3310597A.CAD,2974,1c5f99cf76a8,3310597,VALVE POSTN,83,83,0,2502,0,24,91,17,5,3,5,5,4,1,23,0,36,38,6,6,0,true,2,1
3310598A.CAD,4685,954bd7589f3f,3310598,SWING SCREEN DILUTION,122,122,0,3960,0,40,140,27,6,4,11,11,7,2,27,0,60,50,12,9,0,true,5,1
3310599A.CAD,4347,7d932c3604c5,3310599,VALVE POSTN,122,122,0,3752,0,38,134,27,8,4,7,7,5,2,29,0,56,65,13,13,0,true,3,1
33105A0A.CAD,3708,682eb81025a9,33105A0,VALVE POSTN,105,105,0,3170,0,36,116,23,8,4,7,7,3,3,33,0,39,52,11,10,1,true,4,1
33105A1A.CAD,3386,d2801e872a67,33105A1,VALVE POSTN,97,97,0,2898,0,26,107,19,5,3,6,6,5,1,25,0,46,43,7,7,0,true,2,1
33105A2A.CAD,3194,b1c6dc509642,33105A2,VALVE POSTN,92,92,0,2722,0,24,100,17,5,3,5,5,4,1,23,0,45,37,6,6,0,true,2,1
33105A3A.CAD,3210,3901c2c5725c,33105A3,BROWNSTOCK WASHING/SCREENING,88,88,0,2718,0,33,98,18,7,5,7,7,2,3,27,0,34,38,8,6,0,true,4,1
33105A4A.CAD,3084,e3a5b38e798f,33105A4,VALVE POSTN,86,86,0,2600,0,26,93,17,5,4,5,5,2,2,23,0,39,37,7,6,0,true,4,1
33105A6A.CAD,3238,8d59f4e695f7,33105A6,VALVE POSTN,91,91,0,2750,0,26,101,19,5,3,6,6,5,1,25,0,40,43,7,7,0,true,2,1
33105A7A.CAD,2948,a668b26fedd0,33105A7,VALVE POSTN,82,82,0,2476,0,24,90,17,5,3,5,5,4,1,23,0,35,37,6,6,0,true,2,1
33105A8A.CAD,5686,cd6a40234180,33105A8,VALVE POSTN,163,163,0,5006,0,64,184,35,13,6,13,13,5,5,50,0,63,80,18,15,0,true,4,1
33105A9A.CAD,3290,7d74fbeb2aef,33105A9,VIB SCREEN LEVEL,94,94,0,2742,0,32,99,19,8,4,4,4,2,1,30,0,35,49,10,9,0,true,3,1
33105B0A.CAD,2796,960091495174,33105B0,VALVE POSTN,79,79,0,2322,0,24,83,16,5,3,3,3,2,1,22,0,34,36,6,6,0,true,2,1
33105B1A.CAD,2866,1f3332e332e0,33105B1,VALVE POSTN,81,81,0,2392,0,24,85,16,5,3,3,3,2,1,22,0,36,37,6,6,0,true,2,1
33105B2A.CAD,2268,8e5923305d8d,33105B2,VALVE POSTN,63,63,0,1850,0,16,67,10,3,2,3,3,2,1,15,0,33,23,4,4,0,true,2,1
33105B3A.CAD,3938,d69cae02a6f5,33105B3,FILTRATE TK LVL,115,115,0,3286,0,41,125,27,7,1,6,6,5,1,39,0,40,84,16,16,0,true,2,1
33105B4A.CAD,5440,661e14d42102,33105B4,WASHER LVL,166,166,0,4714,0,67,177,34,19,5,7,7,3,3,65,0,46,87,19,18,1,true,3,1
33105B5A.CAD,5252,096c5aa20def,33105B5,WASH WTR FLOW,151,151,0,4548,0,60,173,36,15,3,12,12,8,4,57,0,41,97,17,17,0,true,3,1
33105B6A.CAD,4850,597becac819e,33105B6,WASH WATER RATIO CONTROL,138,138,0,4108,0,52,163,38,12,1,13,13,6,7,51,0,36,114,24,24,1,true,2,1
33105B7A.CAD,1247,b3236c09d72a,33105B7,BROWNSTOCK WASHING / SCREENING,29,29,0,904,0,2,29,5,0,1,1,1,1,0,2,0,20,11,2,2,0,true,1,1
33105B8A.CAD,3976,e25041cc5f85,33105B8,VALVE POSTN,113,113,0,3450,0,40,128,24,11,4,9,9,2,6,37,0,39,53,10,9,0,true,4,1
33105B9A.CAD,3652,ed15c2bf829e,33105B9,VLV CLOSED,107,107,0,3066,0,37,117,23,6,2,6,6,3,3,36,0,40,66,14,14,0,true,2,1
33105C0A.CAD,4538,3f3ca565e25b,33105C0,HOT WASH WTR FLOW,130,130,0,3900,0,49,145,30,11,4,9,9,4,4,45,0,42,77,15,14,0,true,4,1
33105C1A.CAD,1218,e1094c2e25f0,33105C1,BROWNSTOCK WASHING / SCREENING,28,28,0,874,0,2,28,5,0,1,1,1,1,0,2,0,19,11,2,2,0,true,1,1
33105C2A.CAD,1472,ff33fd9ceece,33105C2,BROWNSTOCK WASHING/SCREENING,39,39,0,1116,0,4,39,6,1,1,1,1,1,0,4,0,26,13,3,3,0,true,1,1
33105C3A.CAD,4200,3c5c805ebc4a,33105C3,WASHING SCREENING,119,119,0,3580,0,42,130,29,10,5,7,7,4,2,40,0,38,68,13,12,0,true,3,1
33105C4A.CAD,1213,93928a8c6570,33105C4,BROWNSTOCK WASHING / SCREENING,28,28,0,870,0,2,28,5,0,1,1,1,1,0,2,0,19,11,2,2,0,true,1,1
33105C5A.CAD,3840,ebd7e6403c7a,33105C5,WASHING SCREENING,108,108,0,3294,0,39,121,26,7,4,7,7,5,3,36,0,37,51,10,10,1,true,2,1
33105C6A.CAD,4216,eb6ee1661ca2,33105C6,BROWN STOCK WASHING,116,116,0,3622,0,37,137,31,4,1,13,13,7,3,34,0,45,62,21,18,1,true,2,1
33105C7A.CAD,1558,e93f344a690b,33105C7,PRESSURE SCREEN,42,42,0,1218,0,3,42,6,1,1,1,1,1,0,3,0,30,11,2,2,0,true,1,1
33105C8A.CAD,2738,4ec02d02b796,33105C8,PRIMARY SCREEN,77,77,0,2276,0,22,83,15,5,3,4,4,3,1,21,0,34,34,5,5,0,true,2,1
33105C9A.CAD,2726,60955bbc0e1a,33105C9,PRIMARY SCREEN DIFF,76,76,0,2264,0,22,82,15,5,3,4,4,3,1,21,0,33,34,5,5,0,true,2,1
33105D0A.CAD,2926,8390c62f2f83,33105D0,PRIMARY SCREEN REJECT,81,81,0,2454,0,26,88,16,6,4,5,5,2,2,23,0,34,34,6,5,0,true,4,1
33105D1A.CAD,2694,b0fdcc43bdde,33105D1,WASHING SCREENING,75,75,0,2232,0,22,81,15,5,3,4,4,3,1,21,0,32,34,5,5,0,true,2,1
33105D2A.CAD,2704,2e94ca75e307,33105D2,WASHING SCREENING,75,75,0,2242,0,22,81,15,5,3,4,4,3,1,21,0,32,34,5,5,0,true,2,1
33105D3A.CAD,1146,34a159fa9ba6,33105D3,BROWNSTOCK WASHING/SCREENING,25,25,0,802,0,2,25,5,0,1,1,1,1,0,2,0,16,11,2,2,0,true,1,1
33105D4A.CAD,2854,92c6eb820348,33105D4,WASHING SCREENING,79,79,0,2382,0,26,86,16,6,4,5,5,2,2,23,0,32,34,6,5,0,true,4,1
33105D5A.CAD,3150,0e7e525fcdc0,33105D5,PRIMARY SCREEN DILUTION,87,87,0,2656,0,29,96,19,6,4,6,6,3,2,26,0,34,41,8,7,0,true,4,1
33105D6A.CAD,1144,d0c2f1a6ba92,33105D6,BROWNSTOCK WASHING/SCREENING,26,26,0,816,0,1,26,4,0,1,1,1,1,0,1,0,19,7,1,1,0,true,1,1
33105D7A.CAD,2726,72a87e21051c,33105D7,PRIMARY SCREEN DIFF,76,76,0,2264,0,22,82,15,5,3,4,4,3,1,21,0,33,33,5,5,0,true,2,1
33105D8A.CAD,2698,1dc55d7503e1,33105D8,PRIMARY SCREEN REJECT,75,75,0,2236,0,22,81,15,5,3,4,4,3,1,21,0,32,34,5,5,0,true,2,1
33105D9A.CAD,2928,de70ba6473b4,33105D9,WASHING SCREENING,81,81,0,2440,0,26,90,17,5,4,6,6,2,3,24,0,33,37,7,6,1,true,3,1
33105E0A.CAD,1680,b7c7b1e9c993,33105E0,BUFFER PUMP,45,45,0,1298,0,7,47,5,2,2,2,2,1,1,7,0,29,13,1,1,0,true,1,1
33105E1A.CAD,4028,e2d2cd258ecc,33105E1,DILUTION FACTOR CONTROL,115,115,0,3350,0,44,126,28,6,1,7,7,4,2,39,0,40,88,20,19,1,true,4,1
33105E2A.CAD,1598,17319eff2f04,33105E2,SEALING WATER,43,43,0,1258,0,4,45,7,1,1,2,2,1,1,4,0,29,12,2,2,0,true,1,1
33105E3A.CAD,1912,db6fecd06d98,33105E3,BROWNSTOCK WASHING/SCREENING,46,46,0,1488,0,12,50,10,3,3,3,3,2,1,12,0,19,25,2,2,0,true,1,1
33105E4A.CAD,1150,4b4c3880e48b,33105E4,BROWNSTOCK WASHING/SCREENING,26,26,0,822,0,1,26,4,0,1,1,1,1,0,1,0,19,8,1,1,0,true,1,1
33105E5A.CAD,1146,650b494ad16f,33105E5,BROWNSTOCK WASHING/SCREENING,26,26,0,818,0,1,26,4,0,1,1,1,1,0,1,0,19,8,1,1,0,true,1,1
33105E6A.CAD,1220,aa317647714e,33105E6,BROWNSTOCK WASHING/SCREENING,28,28,0,876,0,2,28,5,0,1,1,1,1,0,2,0,19,11,2,2,0,true,1,1
33105E7A.CAD,1154,6806dbfa66cc,33105E7,BROWNSTOCK WASHING/SCREENING,26,26,0,826,0,1,26,4,0,1,1,1,1,0,1,0,19,8,1,1,0,true,1,1
33105E8A.CAD,1148,36d92e0f5ca5,33105E8,BROWNSTOCK WASHING/SCREENING,26,26,0,820,0,1,26,4,0,1,1,1,1,0,1,0,19,8,1,1,0,true,1,1
33105E9A.CAD,1192,a82b452d20df,33105E9,BROWNSTOCK WASHING / SCREENING,27,27,0,848,0,2,27,5,0,1,1,1,1,0,2,0,18,11,2,2,0,true,1,1
33105F0A.CAD,2251,eef49b418c94,33105F0,CONSISTENCY SCREEN,61,61,0,1738,0,2,59,9,0,0,0,0,0,0,0,0,50,45,9,9,0,true,1,1
33105F1A.CAD,1150,a5a16c167ee9,33105F1,BROWNSTOCK WASHING/SCREENING,26,26,0,822,0,1,26,4,0,1,1,1,1,0,1,0,19,8,1,1,0,true,1,1
33105F2A.CAD,1214,466b876cb7c9,33105F2,BROWNSTOCK WASHING/SCREENING,28,28,0,870,0,2,28,5,0,1,1,1,1,0,2,0,19,11,2,2,0,true,1,1
33105F3A.CAD,1150,93ce9e817790,33105F3,BROWNSTOCK WASHING/SCREENING,26,26,0,822,0,1,26,4,0,1,1,1,1,0,1,0,19,8,1,1,0,true,1,1
33105F4A.CAD,2232,ca07ee3c7b75,33105F4,BROWNSTOCK WASHING/SCREENING,59,59,0,1752,0,22,63,13,4,3,3,3,2,1,20,0,20,38,6,6,0,true,2,1
33105F5A.CAD,2938,dd18bfb33c3d,33105F5A,BROWNSTOCK WASHING/SCREENING,82,82,0,2448,0,27,89,17,6,5,5,5,2,2,25,0,32,37,7,6,0,true,3,1
33105F6A.CAD,1614,6aa2b6507074,33105F6A,BROWNSTOCK WASHING/SCREENING,42,42,0,1270,0,4,44,7,1,1,2,2,1,1,4,0,28,11,2,2,0,true,1,1
33105F7A.CAD,1434,fd4a55ae5932,33105F7,BROWNSTOCK WASHING/SCREENING,37,37,0,1106,0,2,39,5,0,1,2,2,1,1,2,0,28,7,1,1,1,true,1,1
33105F8A.CAD,3408,1d260ddd4802,33105F8,Temp.in F.Line PCU Room.,94,94,0,2822,0,28,106,18,7,4,7,7,6,1,27,0,40,62,8,8,0,true,2,1
33105F9A.CAD,3346,60abce69c22a,33105F9,Sealing Water Level Control,94,94,0,2758,0,38,104,19,8,5,6,6,4,2,34,0,31,57,7,7,0,true,2,1
33105G0A.CAD,2082,24ae0f8a4818,33105G0,NO.1 PRIMARY SCREEN,56,56,0,1700,0,10,62,12,2,1,4,4,1,3,10,0,30,22,5,5,1,true,1,1
33105G1A.CAD,2046,17fc52323d16,33105G1,NO.2 PRIMARY SCREEN,56,56,0,1664,0,9,60,11,2,1,3,3,1,2,9,0,32,21,5,5,1,true,1,1
33105G2A.CAD,2054,d5e21fbc279c,33105G2,ROWN STOCK WASHING SCREENING,56,56,0,1688,0,9,62,11,2,1,4,4,1,3,9,0,32,19,4,4,1,true,1,1
33105G3A.CAD,2032,d3a842eeb909,33105G3,BROWN STOCK WASHING SCREENING,55,55,0,1666,0,9,61,11,2,1,4,4,1,3,9,0,31,19,4,4,1,true,1,1
33105G4A.CAD,2204,8f4022b3b4fe,33105G4,BROWN STOCK WASHING SCREENING,59,59,0,1822,0,12,67,13,3,1,5,5,1,4,12,0,29,24,5,5,0,true,1,1
33105G5A.CAD,1594,5dae8e7c41a9,33105G5,BROWN STOCK WASHING SCREENING,44,44,0,1210,0,9,43,5,2,0,1,1,0,0,8,0,27,15,5,4,0,true,2,1
33105G6A.CAD,3874,c2f3f6ee51e4,33105G6,BROWN STOCK WASHING SCREENING,107,107,0,3228,0,38,129,34,0,1,12,12,11,1,38,0,33,78,22,22,0,true,1,1
33105G7A.CAD,2708,3613005097a4,33105G7A,BROWNSTOCK WASHING/SCREENING,68,68,0,2198,0,24,79,17,3,5,7,7,4,2,20,0,26,43,7,6,0,true,4,1
33105G8A.CAD,2252,ce132ced59f6,33105G8A,,53,53,0,1750,0,25,65,19,4,5,6,6,5,1,23,0,7,47,7,7,0,true,2,1
33105Z0A.CAD,6642,dff466da9a92,33105Z0,BROWNSTOCK WASHING/SCREENING,115,115,0,3978,0,31,121,60,8,0,6,6,0,2,19,0,26,284,57,46,0,true,3,1
33105Z1A.CAD,5854,55cf7b539229,33105Z1,BROWNSTOCK WASHING/SCREENING,96,96,0,4518,0,38,114,66,0,5,19,19,0,1,3,0,25,119,64,30,0,true,3,1
33105Z2A.CAD,2106,2061df69be9d,33105Z2,BROWNSTOCK WASHING/SCREENING,36,36,0,1030,0,0,34,10,0,0,0,0,0,0,0,0,24,102,10,10,0,true,0,1
33105Z3A.CAD,1256,6dbba264eb48,33105Z3,BROWNSTOCK WASHING/SCREENING,32,32,0,908,0,2,31,3,0,0,1,1,0,0,1,0,26,9,3,2,0,true,2,1
3330500A.CAD,4375,49ba388b11fe,3330500,MFC EXECUTIVES,131,131,0,3812,0,87,139,18,1,0,5,5,0,5,11,0,99,68,10,9,0,true,3,1
3330501A.CAD,2103,bcddf028a80a,3330501,CIS I/O FOR SLAVE 1,52,52,0,1738,0,13,70,12,0,10,10,10,10,0,11,0,27,22,2,2,1,true,2,1
3330502A.CAD,1543,751706f4e9d1,3330502,CIS I/O FOR SLAVE 2,38,38,0,1186,0,6,46,6,0,5,5,5,5,0,5,0,25,16,1,1,0,true,2,1
3330503A.CAD,2528,b987a04c7647,3330503,CIS I/O FOR SLAVE 3,65,65,0,2170,0,23,87,13,0,12,12,12,12,0,12,0,38,24,1,1,0,true,2,1
3330504A.CAD,2743,6644ef9c46f5,3330504,ANALOG INPUT SLAVE,63,63,0,2236,0,19,88,16,2,13,13,13,0,13,17,0,27,41,3,3,0,true,2,1
3330505A.CAD,2659,2d27a7a2aec5,3330505,ANALOG INPUT SLAVE,59,59,0,2152,0,21,86,17,2,14,14,14,0,14,18,0,21,40,3,3,0,true,2,1
3330506A.CAD,3166,f618dd48e4d3,3330506,ANALOG OUTPUT SLAVE,73,73,0,2676,0,19,108,20,0,18,18,18,18,0,19,0,33,52,2,2,0,true,1,1
3330507A.CAD,2884,24493fcc663a,3330507,ANALOG INPUT SLAVE,65,65,0,2376,0,19,94,18,2,15,15,15,0,15,19,0,25,41,3,3,0,true,1,1
3330508A.CAD,2844,43dcf5090157,3330508,DIGITAL INPUT SLAVE,63,63,0,2522,0,14,90,16,0,14,14,14,0,14,14,0,32,20,2,2,0,true,1,1
3330509A.CAD,3015,d0f36916da30,3330509,DIGITAL INPUT SLAVE,69,69,0,2694,0,20,96,16,0,14,14,14,0,14,14,0,38,20,2,2,0,true,2,1
3330510A.CAD,2305,bfa3555f2cb9,3330510,STOCK FLOW TO Cl2,54,54,0,1984,0,15,79,15,0,13,13,13,0,13,13,0,25,19,2,2,0,true,2,1
3330511A.CAD,1688,1551bf231046,3330511,DIGITAL INFUT SLAVE,38,38,0,1366,0,9,55,11,0,9,9,9,0,9,9,0,17,15,2,2,0,true,1,1
3330512A.CAD,2372,970fb4c6e525,3330512,BLEACH STOCK BLENDING AGITATOR #4,52,52,0,2018,0,12,75,14,0,12,12,12,12,0,12,0,25,20,2,2,0,true,1,1
3330513A.CAD,2432,277ea44ba3e2,3330513,BROWN BLEND TANK STOCK PUMP #2,54,54,0,2078,0,12,77,14,0,12,12,12,12,0,12,0,27,20,2,2,0,true,1,1
3330514A.CAD,2674,4bb35f3a5f12,3330514,ai 14 & 15 connect to 453 ii 212,57,57,0,2166,0,18,84,17,2,14,14,14,0,14,18,0,19,41,3,3,0,true,1,1
3330515A.CAD,2112,d93f75cb1f90,3330515,ANALOG OUTPUT SLAVE,38,38,0,1622,0,17,67,17,1,15,15,15,15,0,17,0,2,49,2,2,0,true,1,1
3330516A.CAD,1880,4a9245d9905b,3330516A,ANALOG INPUT SLAVE,34,34,0,1372,0,16,55,14,1,11,11,11,0,11,14,0,4,36,3,3,2,true,2,1
3330550A.CAD,2060,099778cf3176,3330550,H.D TOWEL LEVEL,55,55,0,1676,0,12,63,12,2,1,5,5,1,4,12,0,27,23,5,5,0,true,1,1
3330551A.CAD,2669,d2909d04a39c,3330551,BLEACHED HD TOWER HIGH LEVEL ALARM,117,117,0,2362,0,67,118,5,0,1,2,2,1,1,66,0,43,5,1,1,0,true,3,1
3330552A.CAD,5958,9276992a0f78,3330552,FEED FORWARD,157,157,0,5278,0,64,201,48,9,2,21,21,14,11,59,0,39,89,17,17,5,true,3,1
3330553A.CAD,4756,7a22c8299f00,3330553,BROWN BLEND TANK MAJOR DILUTION,131,131,0,4008,0,58,154,38,9,0,11,11,11,3,57,0,25,106,23,23,0,true,2,1
3330554A.CAD,6150,3b2153d9e3fd,3330554,FEED FORWARD,162,162,0,5468,0,65,208,51,8,5,22,22,15,11,59,0,42,92,18,18,6,true,3,1
3330555A.CAD,1058,56390e5891e6,3330555,BROWN STOCK CORMEC TEMPERATURE,23,23,0,730,0,1,23,4,0,1,1,1,1,0,1,0,16,7,1,1,0,true,1,1
3330556A.CAD,1224,5a1cb4335416,3330556,TEMPERATURE ClO2 TANK,28,28,0,866,0,4,30,5,1,1,2,2,1,1,4,0,16,16,2,2,0,true,1,1
3330557A.CAD,4698,7781909a24d6,3330557,STOCK FLOW TO Cl2 TOWER,129,129,0,4168,0,51,159,38,13,3,16,15,5,11,50,0,26,58,17,17,8,true,2,1
3330558A.CAD,4710,c83005d0ea95,3330558,FEED FORWARD,123,123,0,4036,0,50,151,37,9,2,14,14,6,10,47,0,28,74,15,15,9,true,2,1
3330559A.CAD,6066,b9625c41b9c5,3330559,FEED FORWARD,160,160,0,5340,0,65,206,50,10,2,23,23,13,12,61,0,37,97,19,19,8,true,3,1
3330560A.CAD,7548,f190dd5530ff,3330560,ClO2 DOSAGE TO D1 & D2 STAGE,213,213,0,6452,0,92,249,63,19,2,19,19,10,9,90,0,39,213,44,42,2,true,2,1
3330561A.CAD,3535,9bc653766b5d,3330561,LINE SELECTION,101,101,0,3102,0,56,124,24,14,0,12,12,2,10,44,0,18,40,11,11,1,true,3,1
3330562A.CAD,7546,68a7195b49db,3330562,TRANSFER TO CASCADE,202,202,0,6550,0,95,248,67,16,2,23,23,14,11,89,0,28,154,34,34,7,true,3,1
3330563A.CAD,6926,11f56fcc2b29,3330563,FEED FORWARD,181,181,0,6048,0,84,227,60,14,5,24,24,12,12,79,0,26,120,31,28,8,true,3,1
3330564A.CAD,6856,47448134ebb9,3330564,,194,194,0,5792,0,87,225,59,18,2,16,16,11,6,87,0,28,206,42,42,3,true,1,1
3330565A.CAD,5450,0e196120d75c,3330565,,147,147,0,4606,0,70,181,44,15,0,18,18,10,8,65,0,21,128,25,25,1,true,3,1
3330566A.CAD,3698,daf310cbe586,3330566,,95,95,0,3074,0,44,121,31,8,0,14,14,9,5,42,0,12,81,15,15,0,true,2,1
3330567A.CAD,7656,d0c65e63dab5,3330567,FEED FORWARD,204,204,0,6772,0,90,262,65,14,2,29,29,16,15,81,0,42,131,26,25,9,true,4,1
3330568A.CAD,5411,adfc64aabfe4,3330568,FEED FORWARD,145,145,0,4680,0,61,179,43,11,2,17,17,8,11,56,0,33,88,18,18,9,true,3,1
3330569A.CAD,3080,89a0dcc140f2,3330569,STOCK PUMP MOTOR,80,80,0,2558,0,28,102,21,5,0,12,12,10,2,28,0,24,51,9,9,2,true,1,1
3330570A.CAD,2281,74de35132c88,3330570,,59,59,0,1780,0,23,65,13,5,1,4,4,1,3,20,0,19,45,7,7,1,true,2,1
3330571A.CAD,1295,602e78709f3c,3330571,,30,30,0,944,0,5,32,7,0,1,2,2,1,1,4,0,17,14,3,3,0,true,2,1
3330572A.CAD,7142,68bc24cc1fff,3330572,TRANSFER TO MANUAL,194,194,0,6212,0,86,237,60,14,2,21,21,13,11,78,0,40,140,29,29,6,true,3,1
3330573A.CAD,4800,fd9dd0e94e96,3330573,BLEACH PLANT PRODUCTION RATE,133,133,0,4026,0,59,157,36,12,0,13,13,7,6,53,0,30,108,22,22,1,true,3,1
3330574A.CAD,3988,231e038351aa,3330574,STAGE 1 CHEMICAL DOSAGE,107,107,0,3364,0,44,133,31,8,0,14,14,9,5,42,0,24,79,15,15,0,true,2,1
3330575A.CAD,1412,8d1f21e7c439,3330575,WASHER IV VAT pH,37,37,0,1068,0,3,39,5,0,1,2,2,1,1,3,0,27,10,2,2,0,true,1,1
3330576A.CAD,2714,58140c850f26,3330576A,STOCK FLOW TO,76,76,0,2234,0,21,84,18,3,2,5,5,2,3,20,0,33,47,10,10,0,true,2,1
3330577A.CAD,1248,2a61bb35033b,3330577,BLEACHED PULP LEVEL,33,33,0,902,0,2,33,3,0,1,1,1,1,0,2,0,26,12,2,2,0,true,1,1
3330578A.CAD,1412,d2d879e9dea6,3330578,BLEACHED HD STOCK TOWER,37,37,0,1104,0,2,39,5,0,1,2,2,1,1,2,0,28,5,1,1,0,true,1,1
3330580A.CAD,3448,8e6725de8c24,3330580,BLEACHED HD STOCK TOWER,96,96,0,2944,0,31,110,21,8,4,8,8,4,4,30,0,35,48,7,7,1,true,2,1
3330581A.CAD,3546,7c7adce8995c,3330581,BLEACHED HD STOCK TOWER,100,100,0,3000,0,34,118,24,6,1,10,10,6,4,34,0,34,60,14,14,1,true,1,1
3330582A.CAD,2434,97a55b51ff3d,3330582,BLEACHED HD STOCK TOWER,69,69,0,1972,0,18,77,13,2,0,5,5,3,2,18,0,34,39,8,8,0,true,1,1
3330583A.CAD,4236,056e8b07e799,3330583,VALVE POSITION,124,124,0,3606,0,44,136,27,10,5,7,7,4,3,42,0,43,76,14,14,0,true,2,1
3330584A.CAD,2844,d4e684ed4895,3330584,STOCK TO II SCREENNING FLOW,80,80,0,2340,0,22,86,17,5,3,4,4,4,0,20,0,36,48,8,8,0,true,2,1
3330585A.CAD,5714,5bea18c7f4ae,3330585,FEED FORWARD,154,154,0,4976,0,68,190,47,12,2,19,19,9,10,63,0,30,89,21,20,8,true,3,1
3330586A.CAD,5904,ab680e2533e5,3330586,FEED FORWARD,156,156,0,5224,0,64,200,47,9,2,21,21,14,11,59,0,39,88,17,17,6,true,3,1
3330587A.CAD,4596,b753f8119ff1,3330587,BROWN BLENDING STOCK FLOW,129,129,0,3868,0,59,148,35,11,0,9,9,9,3,58,0,23,102,22,22,0,true,2,1
3330588A.CAD,5592,3f91abc31463,3330588,FEED FORWARD,147,147,0,4928,0,59,187,45,8,2,19,19,13,10,55,0,37,84,16,16,7,true,3,1
3330589A.CAD,5344,5f9e2df10965,3330589A,FEED FORWARD,141,141,0,4682,0,57,178,43,8,2,18,18,11,10,53,0,35,81,16,16,6,true,3,1
3330590A.CAD,2162,9feae54fd642,3330590,SEAL WATER TO MIXER #2,58,58,0,1832,0,9,66,10,2,1,5,5,1,4,8,0,36,12,3,3,2,true,2,1
3330591A.CAD,6568,a85c879052f5,3330591,FEED FORWARD,183,183,0,5782,0,81,225,52,14,1,21,21,8,15,73,0,42,106,25,25,9,true,3,1
3330592A.CAD,1524,b8081bb1043c,3330592,STOCK TO BLEACH BLENDING TANK VALVE,40,40,0,1178,0,5,44,6,0,3,3,3,2,1,5,0,27,14,3,3,0,true,1,1
3330593A.CAD,1962,ee9af257971f,3330593,BLEACH BLENDING TANK LEVEL,52,52,0,1608,0,10,60,10,1,1,5,5,1,4,8,0,31,17,3,3,1,true,2,1
3330595A.CAD,3068,2472dd268187,3330595,Cl2 COMBUSTION FLOW,86,86,0,2558,0,26,98,19,4,1,7,7,3,4,23,0,38,52,10,10,0,true,3,1
3330596A.CAD,3352,735e44a74483,3330596,ClO2 COMBUSTION FLOW,95,95,0,2832,0,29,109,21,5,1,8,8,3,5,26,0,41,55,11,11,0,true,3,1
3330597A.CAD,3870,aec9ea31614a,3330597,STAGE FLOW,109,109,0,3228,0,40,121,29,6,1,7,7,3,4,36,0,36,89,20,20,1,true,3,1
3330598A.CAD,1344,848ccbe8b497,3330598,STAGE TEMPERATURE,33,33,0,1016,0,4,37,5,1,1,3,3,1,2,4,0,21,9,1,1,0,true,1,1
3330599A.CAD,2758,8daef3362ba9,3330599,BLEACHING/P. MACHINE ACID SESWER pH,72,72,0,2180,0,20,80,19,4,3,5,5,5,0,19,0,28,60,11,11,0,true,2,1
33305A0A.CAD,1198,023d9e709c96,33305A0,SCRUBBER FLOW,29,29,0,870,0,2,31,4,0,1,2,2,1,1,2,0,21,8,1,1,0,true,1,1
33305A1A.CAD,2310,bc6dfd7b2a59,33305A1,CLO2 TEMPERATURE CONTROL,60,60,0,1812,0,22,65,12,5,3,4,4,2,1,20,0,21,34,6,5,0,true,3,1
33305A2A.CAD,2204,9a9ddcc91ceb,33305A2,,55,55,0,1744,0,19,65,13,3,3,6,6,2,4,18,0,19,31,4,4,0,true,2,1
33305A3A.CAD,3434,cd59cc4a5dd7,33305A3,H2SO4 DOZING VALAV,91,91,0,2916,0,32,111,26,6,4,11,11,7,4,32,0,25,46,12,12,1,true,1,1
33305A4A.CAD,1065,3c88dcbb5ade,33305A4,,24,24,0,722,0,2,24,4,0,1,1,1,1,0,2,0,16,10,2,2,0,true,1,1
33305A5A.CAD,1459,af9d19cc0ba1,33305A5,H2SO4 DAY TANK LEVEL,35,35,0,1106,0,8,39,7,1,1,3,3,1,2,6,0,19,15,3,3,0,true,2,1
33305A6A.CAD,2260,acb1471870a3,33305A6,H2SO4 INLET VALAV,58,58,0,1796,0,20,64,16,3,3,4,4,3,1,19,0,18,32,8,8,0,true,2,1
33305A7A.CAD,5278,5bb2d123e91e,33305A7,H2SO4 DOZING FLOW,150,150,0,4282,0,62,163,38,19,5,7,7,8,0,61,0,30,142,27,27,0,true,2,1
33305A8A.CAD,4491,acfe25344b37,33305A8,RUNNING FEEDBACK,122,122,0,3918,0,46,144,38,9,3,12,12,3,9,43,0,30,68,19,19,7,true,3,1
33305A9A.CAD,4712,e6763d8fd307,33305A9,RUNNING FEEDBACK,126,126,0,4158,0,45,154,41,9,4,15,15,5,10,44,0,30,65,17,17,9,true,2,1
33305B0A.CAD,3850,6dfa2729cb59,33305B0,MOTOR COMMAND,105,105,0,3350,0,42,129,30,9,2,13,13,3,10,40,0,24,49,14,14,8,true,3,1
33305B1A.CAD,2766,ec41c61e3e12,33305B1,PROPELLER AGITATOR MOTOR,78,78,0,2308,0,21,84,19,4,3,4,4,3,1,21,0,32,36,10,10,0,true,1,1
33305B2A.CAD,3648,45c79922b4b7,33305B2,MOTOR COMMAND,99,99,0,3148,0,40,121,29,9,1,12,12,2,10,39,0,20,46,14,14,10,true,2,1
33305B3A.CAD,4612,81118d3f2654,33305B3,MOTOR COMMAND,119,119,0,4058,0,35,145,40,9,4,14,14,4,10,34,0,34,62,17,17,9,true,2,1
33305B4A.CAD,4784,dc9ba81b6647,33305B4,RUNNING FEEDBACK,129,129,0,4230,0,45,155,41,9,4,14,14,4,10,43,0,34,64,17,17,9,true,2,1
33305B5A.CAD,4612,df933abe4150,33305B5,RUNNING FEEDBACK,119,119,0,4058,0,35,145,40,9,4,14,14,4,10,34,0,34,63,17,17,9,true,2,1
33305B6A.CAD,4838,1a57814a5a9a,33305B6,MOTOR FAULT,130,130,0,4284,0,45,158,41,9,4,15,15,4,11,44,0,34,64,17,17,9,true,2,1
33305B7A.CAD,5840,43eabb46d040,33305B7,MOTOR FAULT,159,159,0,5222,0,59,194,51,11,4,18,18,7,12,57,0,38,89,23,23,7,true,3,1
33305B8A.CAD,4818,49e95e172aec,33305B8,RUNNING FEEDBACK,129,129,0,4264,0,45,157,41,9,4,15,15,4,11,44,0,33,64,17,17,10,true,2,1
33305B9A.CAD,4591,8334a6f2e494,33305B9,RUNNING FEEDBACK,118,118,0,4038,0,35,144,40,9,4,14,14,4,10,34,0,33,63,17,17,9,true,2,1
33305C0A.CAD,4468,8e0c0b2329d3,33305C0,RUNNING FEEDBACK,119,119,0,3914,0,43,143,39,9,4,13,13,3,10,42,0,27,62,17,17,9,true,2,1
33305C1A.CAD,4867,183182245a77,33305C1,MOTOR FAULT,131,131,0,4304,0,49,159,42,10,5,15,15,4,11,46,0,31,67,18,18,9,true,3,1
33305C2A.CAD,4104,a331448521ad,33305C2,RUNNING FEEDBACK,113,113,0,3518,0,39,125,35,9,5,7,7,4,3,39,0,28,65,19,19,2,true,1,1
33305C3A.CAD,5660,d7e18b3d13be,33305C3,MOTOR COMMAND,157,157,0,5044,0,69,194,47,15,3,20,20,4,15,61,0,32,83,25,24,7,true,4,1
33305C4A.CAD,5130,1b2aaebcb18c,33305C4,MOTOR COMMAND,139,139,0,4592,0,58,178,41,10,2,20,20,9,12,51,0,35,68,17,17,7,true,3,1
33305C5A.CAD,3568,f73b57b7ccf5,33305C5,MOTOR COMMAND,97,97,0,3068,0,39,117,28,9,1,11,11,1,10,38,0,20,45,14,14,10,true,2,1
33305C6A.CAD,2992,4e2f2b979749,33305C6,STOCK PUMP MOTOR,82,82,0,2530,0,24,90,19,5,2,6,6,2,2,21,0,35,33,11,9,0,true,3,1
33305C7A.CAD,6696,346a5d7251ee,33305C7,RUNNING FEEDBACK,180,180,0,6036,0,72,225,58,13,4,23,23,11,13,66,0,41,94,25,24,8,true,4,1
33305C8A.CAD,7620,51e8c6eb5d1d,33305C8A,MOTOR FAULT,207,207,0,6930,0,88,262,65,13,5,28,28,15,14,72,0,55,105,27,26,7,true,4,1
33305C9A.CAD,5448,837b4a8cc358,33305C9,MOTOR FAULT,146,146,0,4866,0,56,181,49,11,4,18,18,6,13,53,0,31,75,20,20,9,true,3,1
33305D0A.CAD,4690,b86a4bd0f082,33305D0,MOTOR COMMAND,125,125,0,4136,0,45,153,41,9,4,15,15,4,11,44,0,29,65,17,17,8,true,2,1
33305D1A.CAD,2368,08e0c8fee6ba,33305D1,MOTOR COMMAND,56,56,0,1928,0,11,64,20,0,4,5,5,3,2,10,0,24,36,6,6,0,true,2,1
33305D2A.CAD,2460,7d2864c34eaa,33305D2A,STOCK FLOW TO STORAGE CHEST.,60,60,0,1966,0,21,69,16,4,4,6,6,4,1,19,0,19,37,6,5,0,true,3,1
33305D3A.CAD,6412,49a96faba7f9,33305D3,,171,171,0,5768,0,81,223,58,17,2,27,27,9,18,76,0,18,85,28,26,14,true,4,1
33305D5A.CAD,3216,358ee83ded2e,33305D5,BLENDING TANK MAJOR DILUTION,88,88,0,2742,0,29,102,20,7,3,8,8,4,4,28,0,31,39,6,6,1,true,2,1
33305D6B.CAD,3486,6ab40e60cb5b,33305D6,BLENDING TANK MAJOR DILUTION,97,97,0,2940,0,33,115,24,6,0,10,10,6,4,33,0,32,58,14,14,1,true,1,1
33305D7A.CAD,2406,bc08541752ad,33305D7,VALVE POSITION,68,68,0,1944,0,18,76,13,2,0,5,5,3,2,18,1,33,40,8,8,0,true,2,1
33305D8A.CAD,3620,bd8976c5aa5f,33305D8A,VALVE POSITION,102,102,0,3054,0,36,114,24,7,3,7,7,4,3,34,0,35,64,11,11,0,true,2,1
33305D9A.CAD,1034,f190f5628f49,33305D9A,Instrument Air Flow,22,22,0,706,0,1,22,4,0,1,1,1,1,0,1,0,15,7,1,1,0,true,1,1
33305E0A.CAD,3076,34ab4782cf5f,33305E0,FEEDBACK RUN,80,80,0,2594,0,24,98,22,3,3,10,10,8,2,24,0,29,42,9,9,1,true,1,1
33305E1A.CAD,2316,4aace8ab0432,33305E1,STOCK PUMP,60,60,0,1808,0,26,65,18,2,2,5,5,1,1,23,0,15,38,16,13,0,true,2,1
33305E2A.CAD,4220,780a27a3205b,33305E2,,113,113,0,3366,0,60,120,35,10,3,5,5,2,2,56,0,10,113,26,24,0,true,3,1
33305E3A.CAD,2516,3168e7c34603,33305E3A,,62,62,0,1900,0,30,70,17,6,2,5,5,4,1,29,0,8,58,10,10,0,true,2,1
33305E4A.CAD,3416,9cf456810e33,33305E4,FLUSHING CONTROL VALVE,87,87,0,2774,0,45,100,23,11,2,7,7,2,6,41,0,10,61,13,11,0,true,4,1
33305E5A.CAD,2278,7f71ef998eb1,33305E5,DILUTION CONTROL VALVE,55,55,0,1718,0,26,63,14,5,2,5,5,4,1,25,0,9,45,7,7,0,true,2,1
33305E6A.CAD,1126,e524f5c6bd7d,33305E6A,,22,22,0,748,0,9,26,10,0,1,3,3,1,2,9,0,1,25,7,7,0,true,1,1
33305E7A.CAD,974,10134e3bd53f,33305E7A,,15,15,0,498,0,6,17,8,0,1,1,1,1,0,6,0,1,40,6,6,0,true,1,1
33305F1A.CAD,2212,753bd7dc5057,33305F1,E/O LOUNDER LVL CONTROL,56,56,0,1710,0,21,61,13,4,3,4,4,2,1,20,0,17,41,8,7,0,true,2,1
33305F2A.CAD,2882,e30a764a2fe0,33305F2A,E/O LOUNDER LVL CONTROL,76,76,0,2276,0,30,82,19,6,4,4,4,3,1,28,0,21,56,12,11,0,true,3,1
33305F3A.CAD,2750,736245f48ae4,33305F3A,E/O LOUNDER LVL CONTROL,72,72,0,2174,0,28,78,18,5,4,4,4,3,1,26,0,21,51,11,10,0,true,3,1
33305F4A.CAD,2792,c63aa7609358,33305F4,,70,70,0,2250,0,32,82,19,7,5,8,8,4,2,29,0,13,50,10,8,0,true,3,1
33305F5A.CAD,1484,343b239095a9,33305F5A,,34,34,0,1060,0,14,38,10,2,3,3,3,2,1,14,0,6,26,7,7,1,true,1,1
33305Z0A.CAD,4160,c941d9103719,33305Z0,,105,105,0,3446,0,55,127,36,5,0,13,13,3,7,30,0,33,76,23,19,1,true,4,1
33305Z9A.CAD,5930,c512e3fbcde8,33305Z9A,,98,98,0,3098,0,28,97,63,10,0,0,0,0,0,24,0,0,378,59,58,0,true,3,1
3352000A.CAD,1444,2c8fbe5eab27,3352000,PLANT LOOP,35,35,0,940,0,0,33,5,0,0,0,0,0,0,0,0,28,48,5,4,0,true,0,1
3352001A.CAD,3496,1b798bed5e55,3352001,STK EXT TOWER VLV CLOSED,92,92,0,3146,0,15,120,17,0,15,15,15,0,15,15,0,58,21,2,2,0,true,1,1
3352002A.CAD,3805,0e7cad149b36,3352002,CL  GAS DIFF VLV CLSD,104,104,0,3484,0,18,134,18,0,16,16,16,0,16,16,0,68,22,2,2,0,true,2,1
3352003A.CAD,3984,9325f37cad5f,3352003,BLCHD HD STK TWR LVL ALARM,114,114,0,3662,0,39,142,17,0,15,15,15,0,15,15,0,80,21,2,2,0,true,2,1
3352004A.CAD,3804,ef622efe8f49,3352004,OPEN LIMIT SWITCH,107,107,0,3454,0,33,135,17,0,15,15,15,0,15,16,0,72,21,2,2,0,true,2,1
3352005A.CAD,3975,60257769c700,3352005,NO. 5 DIGITAL INPUTS SLAVE,114,114,0,3654,0,39,142,17,0,15,15,15,0,15,15,0,80,19,2,2,2,true,2,1
3352006A.CAD,3730,c903f3704b99,3352006,VACUUM WASHER LUBE OIL PUMP,101,101,0,3352,0,24,131,18,0,16,16,16,0,16,16,0,65,22,2,2,0,true,2,1
3352007A.CAD,3284,861c74dea16d,3352007,OIL FLOW,89,89,0,2962,0,15,117,17,0,15,15,15,0,15,15,0,55,18,2,2,3,true,1,1
3352008A.CAD,3464,0614638c6272,3352008,LOCAL LOCK OUT,93,93,0,3142,0,18,123,18,0,16,16,16,0,16,16,0,57,19,2,2,3,true,2,1
3352009A.CAD,3406,f31fa23e83fc,3352009,RUN REQUEST,92,92,0,3052,0,15,122,18,0,16,16,16,16,0,15,0,57,24,2,2,1,true,1,1
3352010A.CAD,3304,0ae7f7101c7f,3352010,RUN REQUEST,88,88,0,2950,0,14,118,18,0,16,16,16,16,0,14,0,54,24,2,2,2,true,1,1
3352011A.CAD,3650,e119363bf8ea,3352011,RUN REQUEST,101,101,0,3296,0,15,129,17,0,15,15,15,15,0,15,0,67,23,2,2,0,true,1,1
3352012A.CAD,3514,cb81d807dd34,3352012,RUN REQUEST,97,97,0,3160,0,16,127,18,0,16,16,16,16,0,16,0,61,24,2,2,0,true,1,1
3352013A.CAD,1950,ce6917686fd8,3352013,VLV POSITION,52,52,0,1624,0,6,62,7,0,6,6,6,6,0,6,0,37,10,1,1,0,true,1,1
3352014A.CAD,2260,27a4d81b0bc4,3352014,III STG PMP 512 VLV POSITION,59,59,0,1934,0,7,71,8,0,7,7,7,7,0,7,0,42,11,1,1,0,true,1,1
3352015A.CAD,2156,6305704bf498,3352015A,CHLTN STG PMP 506 VLV POSITION,57,57,0,1830,0,8,71,9,0,8,8,8,8,0,8,0,38,12,1,1,0,true,1,1
3352016A.CAD,2206,20b44fb3b73b,3352016,NO.16 DIGITAL OUTPUTS SLAVE,60,60,0,1852,0,8,74,10,0,8,8,8,8,0,8,0,40,16,2,2,0,true,1,1
3352017A.CAD,2950,de931361772c,3352017,NO.17 DIGITAL OUTPUTS SLAVE,77,77,0,2596,0,16,107,18,0,16,16,16,16,0,16,0,41,24,2,2,0,true,1,1
3352018A.CAD,2338,e0f013e65cd1,3352018,RUN REQUEST,63,63,0,1984,0,9,79,11,0,8,9,9,9,0,9,0,41,17,2,2,0,true,1,1
3352019A.CAD,2532,ddfe5cdac17f,3352019,NO.19 DIGITAL INPUTS SLAVE,61,61,0,2210,0,16,91,18,0,16,16,16,0,16,16,0,25,22,2,2,0,true,1,1
3352020A.CAD,2520,6b7f86448783,3352020,NO.20 DIGITAL INPUTS SLAVE,62,62,0,2170,0,19,88,16,0,14,14,14,0,14,14,0,30,19,2,2,2,true,2,1
3352021A.CAD,1168,7432c9b225bf,3352021A,DIGITAL INPUTS,33,33,0,846,0,0,31,2,0,0,0,0,0,0,0,0,29,6,2,2,0,true,0,1
3352022A.CAD,1504,2f7644dceab3,3352022,DIGITAL OUTPUT SLAVE 22,45,45,0,1150,0,0,43,2,0,0,0,0,0,0,0,0,41,8,2,2,0,true,0,1
3352023A.CAD,1796,5d8eff3ecaad,3352023,SEAL WATER PRESSURE,41,41,0,1186,0,4,43,7,0,1,2,2,1,1,4,0,28,11,3,3,0,true,1,1
3352024A.CAD,1352,4ec14937a26c,3352024,INCOMING FEEDER FOR W/S/B,37,37,0,1044,0,1,37,4,0,1,1,1,1,0,1,0,30,4,1,1,0,true,1,1
3352025A.CAD,1432,761f8f1f7fb3,3352025,FEEDER TO TRAFO,39,39,0,1124,0,2,41,5,0,2,2,2,1,1,2,0,30,4,1,1,1,true,1,1
3352026A.CAD,2066,db659d0d1791,3352026,FEEDER TO TRAFO,59,59,0,1696,0,16,62,9,4,1,3,3,0,2,13,0,31,15,5,4,0,true,3,1
3352027A.CAD,1666,8ed2ba4915fc,3352027,FEEDER TO TRAFO PUMP,48,48,0,1318,0,9,48,6,3,1,1,1,0,1,9,0,28,12,3,3,0,true,1,1
3352028A.CAD,1690,a734836a1934,3352028,BLEACING PLANT,49,49,0,1342,0,9,49,6,3,1,1,1,0,1,9,0,29,12,3,3,0,true,1,1
3352029A.CAD,2502,d704ef3d967d,3352029,POWER ACTIVE WASHING,66,66,0,1966,0,24,66,15,3,0,2,2,0,0,18,0,28,43,15,9,0,true,2,1
3352030A.CAD,1736,80ab15e30e88,3352030,POWER ACTIVE WASHING,45,45,0,1350,0,13,46,7,0,0,2,2,0,1,6,0,30,14,6,3,0,true,3,1
3352031A.CAD,1324,27acc3436065,3352031,FEEDER TO TRAFO STATUS,36,36,0,1016,0,1,36,4,0,1,1,1,1,0,1,0,29,4,1,1,0,true,1,1
3352032A.CAD,1642,7bf267e1eb1a,3352032,FEEDER TO TRAFO STATUS,47,47,0,1294,0,9,47,6,3,1,1,1,0,1,9,0,27,12,3,3,0,true,1,1
3352033A.CAD,1854,fd4278ac0162,3352033,FEEDER TO TRAFO,53,53,0,1496,0,11,55,8,3,1,2,2,1,1,11,0,29,15,4,4,0,true,1,1
3352034A.CAD,1324,0bc90c2e380e,3352034,FEEDER TO TRAFO STATUS,36,36,0,1016,0,1,36,4,0,1,1,1,1,0,1,0,29,4,1,1,0,true,1,1
3352035A.CAD,1688,9e479287e646,3352035,FEEDER TO TRAFO PUMP,49,49,0,1340,0,9,49,6,3,1,1,1,0,1,9,0,29,12,3,3,0,true,1,1
3352036A.CAD,1902,921eddb4ad3d,3352036,FEEDER TO TRAFO,55,55,0,1544,0,11,57,8,3,1,2,2,1,1,11,0,31,15,4,4,0,true,1,1
3352037A.CAD,1402,ccef4f5376e4,3352037,FEEDER TO TRAFO STATUS,38,38,0,1094,0,1,38,5,0,1,1,1,1,0,1,0,30,4,1,1,0,true,1,1
3352038A.CAD,1688,d04edf4b82cb,3352038,FEEDER TO TRAFO PUMP,49,49,0,1340,0,9,49,6,3,1,1,1,0,1,9,0,29,12,3,3,0,true,1,1
3352039A.CAD,1880,9650270f319f,3352039,FEEDER TO TRAFO,54,54,0,1522,0,11,56,8,3,1,2,2,1,1,11,0,30,15,4,4,0,true,1,1
3352040A.CAD,1324,55861591f832,3352040,FEEDER TO TRAFO STATUS,36,36,0,1016,0,1,36,4,0,1,1,1,1,0,1,0,29,4,1,1,0,true,1,1
3352041A.CAD,1688,462766bf59b4,3352041,FEEDER TO TRAFO PUMP,49,49,0,1340,0,9,49,6,3,1,1,1,0,1,9,0,29,12,3,3,0,true,1,1
3352042A.CAD,1640,8cf2e030954a,3352042,FEEDER TO TRAFO OFF,47,47,0,1292,0,9,47,6,3,1,1,1,0,1,9,0,27,12,3,3,0,true,1,1
3352043A.CAD,1346,668024eeece3,3352043,FEEDER TO TOWN SITE,37,37,0,1038,0,1,37,4,0,1,1,1,1,0,1,0,30,4,1,1,0,true,1,1
3352044A.CAD,1402,d959dc5d24df,3352044,OIL PRESS SWITCH MC PUMP # 1,38,38,0,1036,0,6,38,6,0,0,1,1,0,1,5,0,25,11,4,4,0,true,2,1
3352045A.CAD,1559,70512c278405,3352045,OIL PRESS SWITCH MC PUMP 2,43,43,0,1222,0,6,45,7,0,1,2,2,1,1,5,0,29,12,4,4,0,true,2,1
3352046A.CAD,1559,4190223c74d4,3352046,OIL PRESS SWITCH MC PUMP 3,42,42,0,1194,0,5,44,7,0,1,2,2,1,1,5,0,28,12,4,4,0,true,1,1
3352047A.CAD,1560,118741f8ba1b,3352047,OIL PRESS SWITCH MC PUMP 4,43,43,0,1222,0,6,45,7,0,1,2,2,1,1,5,0,29,12,4,4,0,true,2,1
3352048A.CAD,2708,b69967b1c9d8,3352048,VALVE POSITION,73,73,0,2316,0,11,83,18,0,5,6,6,5,1,11,0,42,29,6,6,0,true,1,1
3352049A.CAD,2634,a47378368783,3352049,STK-EX LOWER DILUTION,65,65,0,2298,0,5,70,24,0,3,4,4,2,1,4,0,35,9,2,1,0,true,2,1
3352050A.CAD,1918,d8b31cbb22c6,3352050,STOCK TO EXTACT TOWER,51,51,0,1592,0,6,57,10,0,4,4,4,3,1,5,0,34,10,1,1,0,true,2,1
3352051A.CAD,1782,5f6ed8aefca2,3352051,VALVE POSITION,46,46,0,1446,0,4,50,8,0,2,3,3,1,2,3,0,33,8,2,1,0,true,2,1
3352052A.CAD,3172,479db2388592,3352052,CL  GAS DIFF VLV POSITION,91,91,0,2722,0,24,99,20,4,3,6,6,2,2,21,0,44,30,11,9,1,true,3,1
3352053A.CAD,1826,631ca5f74609,3352053,CHLORINATION WASHER #1 LEVEL,47,47,0,1498,0,5,52,10,0,2,4,4,1,2,4,0,31,6,3,2,1,true,2,1
3352054A.CAD,2228,c03851538aae,3352054,STOCK VALVE,61,61,0,1894,0,5,67,12,0,4,4,4,3,1,5,0,42,11,2,2,0,true,1,1
3352055A.CAD,1814,e37264972b83,3352055,EXT WASHER #2 LEVEL,47,47,0,1486,0,5,52,10,0,2,4,4,1,2,4,0,31,5,3,2,2,true,2,1
3352056A.CAD,2078,92fa6ed1a80f,3352056,FLUSHING VALVE,61,61,0,1700,0,15,63,9,5,1,2,2,0,2,15,0,30,19,5,5,0,true,1,1
3352057A.CAD,2190,5ae5ef83cb04,3352057,VALVE CLOSED,60,60,0,1852,0,7,64,13,0,3,3,3,2,1,6,0,39,11,2,2,0,true,2,1
3352058A.CAD,2268,c5ab0dbb8a4b,3352058,VALVE OPEN,58,58,0,1922,0,7,66,13,0,3,6,6,2,2,5,0,38,9,3,1,1,true,2,1
3352059A.CAD,1500,9aa7e1dd99e1,3352059,VALVE POSITION,41,41,0,1166,0,4,41,6,0,1,1,1,1,0,3,0,30,7,2,2,0,true,2,1
3352060A.CAD,1526,21dce92960a8,3352060,VALVE POSITION,41,41,0,1200,0,3,43,6,0,2,2,2,1,1,3,0,30,6,1,1,0,true,1,1
3352061A.CAD,1272,b4ab2a96ba07,3352061,SPARE PUMP,32,32,0,946,0,6,34,4,2,2,2,2,1,1,6,0,18,8,1,1,0,true,1,1
3352062A.CAD,1424,6602f9ae4d07,3352062,III WASHER LEVEL,38,38,0,1116,0,2,40,5,0,1,2,2,1,1,2,0,29,3,1,1,1,true,1,1
3352063A.CAD,2426,27f5135b0a40,3352063,VALVE OPEN,62,62,0,2070,0,8,72,15,0,4,7,7,3,2,6,0,39,13,4,2,1,true,2,1
3352064A.CAD,1826,a417dbbf4405,3352064,VALVE POSITION,48,48,0,1490,0,5,53,9,0,3,4,4,1,2,4,0,33,6,2,1,1,true,2,1
3352065A.CAD,1544,416512a74ef4,3352065,VALVE POSITION,42,42,0,1218,0,3,44,6,0,2,2,2,1,1,3,0,31,6,1,1,0,true,1,1
3352066A.CAD,1356,5acd8b964e91,3352066,,36,36,0,1048,0,2,38,5,0,1,2,2,1,1,2,0,27,3,1,1,1,true,1,1
3352067A.CAD,2384,467a7c24f140,3352067,VALVE OPEN,61,61,0,2038,0,7,69,14,0,3,6,6,2,2,5,0,40,10,3,1,0,true,2,1
3352068A.CAD,2720,f5205500a227,3352068,VALVE OPEN,74,74,0,2328,0,11,84,18,0,5,6,6,5,1,11,0,43,29,6,6,0,true,1,1
3352069A.CAD,1446,a737d88cd653,3352069,BYPASS TO WASHER IN VALVE,39,39,0,1120,0,3,39,4,1,1,1,1,0,1,3,0,29,5,1,1,0,true,1,1
3352070A.CAD,1784,6e8325637074,3352070,VALVE POSITION,49,49,0,1450,0,6,53,8,1,2,3,3,1,2,6,0,32,9,2,2,0,true,1,1
3352071A.CAD,1658,4bbfe47e4106,3352071,VALVE POSITION,44,44,0,1324,0,5,48,7,1,2,3,3,1,2,5,0,29,9,2,2,0,true,1,1
3352072A.CAD,1362,79ed7266dd4b,3352072,IV TOWER HIGH LEVEL ALARM,37,37,0,1054,0,1,37,4,0,1,1,1,1,0,1,0,30,3,1,1,0,true,1,1
3352073A.CAD,1362,4a6a62b583a9,3352073,III TOWER HIGH LEVEL ALARM,37,37,0,1054,0,1,37,4,0,1,1,1,1,0,1,0,30,3,1,1,0,true,1,1
3352074A.CAD,1654,95adb18b577c,3352074,OIL FLOW SWITCH,45,45,0,1336,0,5,49,7,1,1,3,3,1,2,5,0,30,7,2,2,0,true,1,1
3352075A.CAD,1654,e01ac77f3a7c,3352075,OIL FLOW SWITCH,45,45,0,1336,0,5,49,7,1,1,3,3,1,2,5,0,30,7,2,2,0,true,1,1
3352076A.CAD,1564,014dc8e1c1cd,3352076,OIL FLOW SWITCH,43,43,0,1246,0,4,45,6,1,1,2,2,1,1,4,0,30,7,2,2,0,true,1,1
3352078A.CAD,2482,0cf93317dfa6,3352078,NORM FLOW SIGNAL,71,71,0,2120,0,10,77,14,2,2,4,4,2,2,10,0,43,22,6,6,0,true,1,1
3352079A.CAD,2376,11e80a99656f,3352079,NORM FLOW,68,68,0,2014,0,11,74,14,2,2,4,4,2,2,10,0,40,22,6,6,0,true,2,1
3352080A.CAD,2320,138553c99aef,3352080,SEALING WATER FLOW,66,66,0,1958,0,11,72,14,2,2,4,4,2,2,10,0,38,22,6,6,0,true,2,1
3352081A.CAD,2630,9f8b62a5b19a,3352081,NORM SEAL WATER FLOW,79,79,0,2268,0,10,85,14,2,2,4,4,2,2,10,0,51,22,6,6,0,true,1,1
3352082A.CAD,1892,e375c51f5020,3352082,,56,56,0,1566,0,6,60,7,1,2,3,3,1,2,5,0,41,6,1,1,0,true,2,1
3352083A.CAD,1980,2f0a97be854b,3352083,VALVE POSITION,54,54,0,1654,0,4,60,9,0,4,4,4,3,1,4,0,39,10,1,1,0,true,1,1
3352084A.CAD,1860,e826323f073b,3352084,ANUCIATION ALARM,48,48,0,1510,0,8,52,11,1,2,4,4,0,2,6,0,28,9,5,3,0,true,2,1
3352086A.CAD,1318,8836f25e01ae,3352086,OIL PUMP STATUS,36,36,0,1010,0,1,36,4,0,1,1,1,1,0,1,0,29,3,1,1,0,true,1,1
3352087A.CAD,1318,5650a132110e,3352087,OIL PUMP STATUS,36,36,0,1010,0,1,36,4,0,1,1,1,1,0,1,0,29,4,1,1,0,true,1,1
3352088A.CAD,1308,f7bd56fe56aa,3352088,FLOW OIL,36,36,0,1000,0,1,36,4,0,1,1,1,1,0,1,0,29,4,1,1,0,true,1,1
3352089A.CAD,1362,f1059ebfba70,3352089,O2 MIXER ON/OFF VALVE,37,37,0,1036,0,3,37,3,1,1,1,1,0,1,3,0,28,7,1,1,0,true,1,1
33520A0A.CAD,4976,7d8cdaf26c5e,33520A0,RUN REQUEST,143,143,0,4370,0,46,162,39,9,6,11,11,6,4,45,0,48,73,22,21,1,true,2,1
33520A1A.CAD,2514,e71f9d764bd7,33520A1,RUN REQUEST,72,72,0,2086,0,17,76,15,4,2,3,3,2,1,17,0,34,30,8,8,0,true,1,1
33520A2A.CAD,4288,3050660c0780,33520A2,RUN REQUEST,129,129,0,3728,0,42,141,30,8,4,7,7,5,2,41,0,48,61,18,18,0,true,2,1
33520A3A.CAD,2000,caa5c5acd56c,33520A3,OIL PUMP STATUS,54,54,0,1636,0,6,58,11,0,2,3,3,2,1,6,0,35,17,4,4,0,true,1,1
33520A4A.CAD,3110,d821bac97e47,33520A4,RUN REQUEST,90,90,0,2654,0,22,98,20,5,4,5,5,4,1,22,0,41,39,11,11,0,true,1,1
33520A5A.CAD,4930,2fa697c080f3,33520A5,START REQUEST,145,145,0,4314,0,51,160,39,9,4,9,9,5,3,48,0,47,74,23,22,0,true,3,1
33520A6A.CAD,2012,8442736fc3a6,33520A6,OIL PUMP STATUS,55,55,0,1648,0,6,59,11,0,2,3,3,2,1,6,0,36,17,4,4,0,true,1,1
33520A7A.CAD,3398,87be8e827057,33520A7,RUN REQUEST,100,100,0,2904,0,25,108,23,5,3,5,5,4,1,25,0,45,48,14,14,0,true,1,1
33520A8A.CAD,5402,89c63072a81e,33520A8,,158,158,0,4720,0,62,177,46,9,5,11,11,6,4,58,0,43,92,29,28,0,true,3,1
33520A9A.CAD,2036,57691ee2a741,33520A9,OIL PUMP STATUS,56,56,0,1672,0,6,60,11,0,2,3,3,2,1,6,0,37,17,4,4,0,true,1,1
33520B0A.CAD,3546,fd2bfe181d6e,33520B0,RUN REQUEST,103,103,0,3050,0,28,113,25,6,4,6,6,4,2,28,0,42,50,15,15,0,true,1,1
33520B1A.CAD,4134,47b662593b29,33520B1,START REQUEST,121,121,0,3572,0,37,132,29,6,4,7,7,4,2,35,0,49,61,18,17,0,true,3,1
33520B2A.CAD,2018,1cf749d127e8,33520B2,OIL PUMP STATUS,55,55,0,1654,0,6,59,11,0,2,3,3,2,1,6,0,36,17,4,4,0,true,1,1
33520B3A.CAD,4334,339d445afd24,33520B3A,RUN REQUEST,127,127,0,3816,0,36,147,31,7,6,11,11,8,3,36,0,51,60,16,16,1,true,1,1
33520B4A.CAD,5702,3c859965a09a,33520B4,RUN REQUEST,165,165,0,5062,0,54,187,44,13,4,12,12,8,4,50,0,56,79,27,25,0,true,4,1
33520B5A.CAD,1230,de0cb4abab2f,33520B5,OIL PUMP STATUS,33,33,0,932,0,0,33,3,0,1,1,1,1,0,0,0,28,1,0,0,0,false,1,1
33520B6A.CAD,3012,2ce8443c10b5,33520B6,RUN REQUEST,87,87,0,2552,0,23,95,19,3,2,5,5,4,1,22,0,41,35,9,9,0,true,2,1
33520B7A.CAD,7600,bee6ac151007,33520B7,RUN REQUEST,230,230,0,6902,0,93,253,45,11,2,14,14,6,5,57,0,115,83,29,25,0,true,4,1
33520B8A.CAD,3050,8c00838bdcc1,33520B8,RUN REQ,86,86,0,2582,0,23,96,21,2,3,6,6,5,1,22,0,39,38,10,10,0,true,2,1
33520B9A.CAD,5794,cdbd7d3dfb66,33520B9,RUN REQUEST,169,169,0,5154,0,62,193,44,13,4,13,13,7,6,59,0,51,79,25,23,0,true,3,1
33520C0A.CAD,2840,f29f988baaa6,33520C0,RUN REQUEST,80,80,0,2400,0,20,88,18,4,2,5,5,4,1,20,0,36,30,8,8,0,true,1,1
33520C1A.CAD,1408,9605b9a433f7,33520C1,OIL PUMP STATUS,38,38,0,1100,0,2,40,5,0,2,2,2,1,1,2,0,29,3,1,1,1,true,1,1
33520C2A.CAD,3076,705701380551,33520C2,ALSO USED ON,89,89,0,2616,0,23,97,19,3,2,5,5,4,1,22,0,43,35,9,9,0,true,2,1
33520C3A.CAD,6145,239a902a41f3,33520C3,RUN REQUEST,180,180,0,5476,0,70,206,48,13,4,14,14,7,7,64,0,53,85,27,25,0,true,4,1
33520C4A.CAD,2788,b06c6604dd1e,33520C4,RUN REQUEST,78,78,0,2348,0,19,86,18,3,2,5,5,4,1,19,0,36,32,8,8,0,true,1,1
33520C5A.CAD,1426,60cc366eb55a,33520C5,OIL PUMP,39,39,0,1118,0,2,41,5,0,2,2,2,1,1,2,0,30,4,1,1,1,true,1,1
33520C6A.CAD,3052,f23fe7c1dbc8,33520C6,ALSO USED ON,88,88,0,2592,0,23,96,19,3,2,5,5,4,1,22,0,42,38,9,9,0,true,2,1
33520C7A.CAD,4604,4c5842b6e6a3,33520C7,RUN REQUEST,139,139,0,4062,0,38,151,33,8,5,7,7,4,3,38,0,58,61,18,18,1,true,1,1
33520C8A.CAD,3076,b25a013aad23,33520C8,RUN REQUEST,89,89,0,2608,0,25,95,20,5,2,4,4,2,2,24,0,38,36,11,10,0,true,2,1
33520C9A.CAD,2766,da3558f6d7b7,33520C9,IV-STAGE PROPELLER,80,80,0,2338,0,19,86,17,4,2,4,4,3,1,19,0,38,31,8,8,0,true,1,1
33520D0A.CAD,3182,80c8dcf7fbb2,33520D0,RUN REQUEST,93,93,0,2726,0,24,101,21,4,3,5,5,4,1,24,0,42,38,11,11,0,true,1,1
33520D1A.CAD,4480,361226a758f5,33520D1,RUN REQUEST,135,135,0,3922,0,38,147,34,7,4,7,7,5,2,38,0,54,67,20,20,0,true,1,1
33520D2A.CAD,3740,5a87b4a42230,33520D2,RUN REQUEST,111,111,0,3238,0,30,119,27,6,3,5,5,4,1,30,0,46,52,15,15,0,true,1,1
33520D3A.CAD,4678,6a74baadd375,33520D3,RUN REQUEST,139,139,0,4108,0,41,155,37,7,5,9,9,6,3,41,0,52,73,21,21,1,true,1,1
33520D4A.CAD,3856,e8e5d324c8ba,33520D4,RUN REQUEST,116,116,0,3354,0,30,124,27,6,3,5,5,4,1,30,0,51,52,15,15,0,true,1,1
33520D5A.CAD,2788,064d73177928,33520D5,RUN REQUEST,81,81,0,2360,0,19,87,17,4,2,4,4,3,1,19,0,39,31,8,8,0,true,1,1
33520D6A.CAD,2788,4586b924ed01,33520D6,RUN REQUEST,81,81,0,2360,0,19,87,17,4,2,4,4,3,1,19,0,39,31,8,8,0,true,1,1
33520D7A.CAD,2710,69412aa421fa,33520D7,RUN REQUEST,78,78,0,2282,0,17,84,17,3,2,4,4,3,1,17,0,39,31,8,8,0,true,1,1
33520D8A.CAD,2246,f00451fdbb9c,33520D8,RUN REQUEST,64,64,0,1860,0,12,66,13,2,2,2,2,1,1,12,0,35,20,6,6,0,true,1,1
33520D9A.CAD,2944,edb893b96111,33520D9,RUN REQUEST,85,85,0,2470,0,26,89,19,3,2,3,3,1,2,21,0,40,44,12,12,0,true,2,1
33520E0A.CAD,2216,91cfb6f810c0,33520E0,RUN REQUEST,62,62,0,1830,0,11,66,13,1,2,3,3,2,1,11,0,35,21,6,6,0,true,1,1
33520E1A.CAD,2184,899f17a41090,33520E1,RUN REQUEST,61,61,0,1798,0,11,65,13,1,2,3,3,2,1,11,0,34,20,6,6,0,true,1,1
33520E2A.CAD,2192,b6328dc9ed60,33520E2,RUN REQUEST,61,61,0,1806,0,10,65,13,1,2,3,3,2,1,10,0,35,21,6,6,0,true,1,1
33520G0A.CAD,2778,0776f65c7994,33520G0,RUN REQUEST,80,80,0,2330,0,20,85,17,5,2,4,4,2,1,19,0,37,32,10,9,0,true,2,1
33520G1A.CAD,3640,599c5c14f576,33520G1,RUN REQUEST,106,106,0,3148,0,30,118,26,7,4,7,7,5,2,30,0,41,48,15,15,1,true,1,1
33520G2A.CAD,5078,77b7b0cf6d03,33520G2,RUN REQUEST,148,148,0,4488,0,51,170,41,9,5,12,12,9,3,48,0,48,76,24,23,0,true,4,1
33520G3A.CAD,4590,c969cfce3b4c,33520G3,RUN REQUEST,133,133,0,4074,0,49,156,35,12,3,13,13,4,8,46,0,38,54,17,16,4,true,4,1
33520G4A.CAD,3078,0a56800b506b,33520G4,RUN REQUEST,89,89,0,2622,0,23,97,21,4,3,5,5,4,1,23,0,39,39,11,11,0,true,1,1
33520G5A.CAD,2490,dd7987b3d0b5,33520G5,RUN REQUEST,70,70,0,2062,0,17,76,15,3,2,4,4,3,1,17,0,33,29,8,8,0,true,1,1
33520G6A.CAD,3140,0a01d3614edd,33520G6,RUN REQUEST,91,91,0,2684,0,23,99,20,5,3,5,5,4,1,23,0,41,38,11,11,0,true,1,1
33520G7A.CAD,3270,4d1732c2a152,33520G7,RUN REQUEST,95,95,0,2814,0,25,105,21,6,2,6,6,4,2,25,0,41,38,11,11,1,true,1,1
33520G9A.CAD,3270,725649679810,33520G9,RUN REQUEST,95,95,0,2814,0,25,105,21,6,3,6,6,4,2,25,0,41,38,11,11,1,true,1,1
33520H0A.CAD,3380,751ac437d346,33520H0,RUN REQUEST,98,98,0,2914,0,26,108,23,6,3,6,6,4,2,26,0,41,40,12,12,1,true,1,1
33520H1A.CAD,1382,6a62a9d37b9e,33520H1,FILTRATE PUMP,37,37,0,1074,0,2,39,5,0,2,2,2,1,1,2,0,28,4,1,1,1,true,1,1
33520H2A.CAD,3264,e7b949a853dc,33520H2,RUN REQUEST,95,95,0,2808,0,25,105,21,6,3,6,6,4,2,25,0,41,38,11,11,1,true,1,1
33520H3A.CAD,2668,75510e719018,33520H3,RUN REQUEST,76,76,0,2240,0,17,82,16,6,2,4,4,3,1,17,0,35,31,8,8,0,true,1,1
33520H4A.CAD,2628,8b17409ace79,33520H4,RUN REQUEST,75,75,0,2200,0,17,81,16,4,2,4,4,3,1,17,0,36,30,8,8,0,true,1,1
33520H5A.CAD,2206,4cb0cd146a52,33520H5,RUN REQUEST,63,63,0,1824,0,11,65,12,3,2,2,2,1,1,11,0,35,19,6,6,0,true,1,1
33520H8A.CAD,2638,593677f96a08,33520H8,RUN REQUEST,77,77,0,2210,0,18,81,15,6,2,3,3,2,1,18,0,36,30,8,8,0,true,1,1
33520H9A.CAD,3112,58fd2131d75d,33520H9,RUN REQUEST,90,90,0,2656,0,22,98,20,5,3,5,5,4,1,22,0,41,38,11,11,0,true,1,1
33520I1A.CAD,3534,44cf5b6a3346,33520I1,RUN REQUEST,102,102,0,3066,0,29,116,24,7,4,8,8,5,3,29,0,40,42,12,12,1,true,1,1
33520I2A.CAD,2806,e7236d9bd675,33520I2,RUN REQUEST,81,81,0,2358,0,21,86,17,5,2,4,4,2,1,20,0,37,32,10,9,0,true,2,1
33520I3A.CAD,3416,00e7a488ebdc,33520I3,RUN REQUEST,100,100,0,2934,0,28,110,24,6,4,6,6,5,1,28,0,40,46,14,14,0,true,1,1
33520I4A.CAD,3024,9cd9d1b8bd12,33520I4,remove Mr Pinondang,82,82,0,2488,0,33,89,24,5,3,5,5,2,2,31,0,20,49,16,15,1,true,3,1
33520I5A.CAD,4370,f96530bd6eaf,33520I5,H2O2 PUMP NO. 2,123,123,0,3654,0,53,132,37,8,5,6,6,3,2,50,0,26,85,26,25,0,true,3,1
33520I6A.CAD,1892,57a6815e3a34,33520I6,PUMP RECYCLE COOLING WATER,48,48,0,1468,0,14,51,12,2,2,3,3,1,1,13,0,19,24,8,7,0,true,2,1
33520I7A.CAD,2132,4d62cbf560bc,33520I7,SEALING WATER PUMP 2,59,59,0,1718,0,13,63,12,2,2,3,3,2,1,12,0,31,28,6,6,0,true,2,1
33520I8A.CAD,2032,533430b1ab6f,33520I8,SEALING WATER NO.1 PUMP,57,57,0,1618,0,13,59,11,2,2,2,2,1,1,12,0,30,27,6,6,0,true,2,1
33520I9A.CAD,2292,a1c909a89553,33520I9A,HCL PUMP#2,60,60,0,1820,0,27,68,20,5,3,4,4,2,2,25,0,10,37,10,10,1,true,2,1
33520J0A.CAD,1200,6216106ec60d,33520J0A,,28,28,0,830,0,13,32,8,4,2,2,2,1,1,13,0,3,17,5,5,0,true,1,1
33520K0A.CAD,1386,db7efc2e64e8,33520K0,,39,39,0,1078,0,1,39,4,0,1,1,1,1,0,1,0,32,4,1,1,0,true,1,1
33520K1A.CAD,1342,006468e6b3e9,33520K1,FEEDER TO TRAFO,37,37,0,1034,0,1,37,4,0,1,1,1,1,0,1,0,30,4,1,1,0,true,1,1
33520K2A.CAD,1640,a67937381a4a,33520K2,FEEDER TO TRAFO PUMP,47,47,0,1292,0,9,47,6,3,1,1,1,0,1,9,0,27,12,3,3,0,true,1,1
33520K3A.CAD,2010,7670b456273f,33520K3,FEEDER TO TRAFO,57,57,0,1640,0,15,60,9,4,1,3,3,0,2,13,0,29,15,5,4,0,true,3,1
33520K4A.CAD,1342,d4c7f3eaadc6,33520K4,FEEDER TO TRAFO,37,37,0,1034,0,1,37,4,0,1,1,1,1,0,1,0,30,4,1,1,0,true,1,1
33520K5A.CAD,1640,34f15510e1f8,33520K5,FEEDER TO TRAFO PUMP,47,47,0,1292,0,9,47,6,3,1,1,1,0,1,9,0,27,12,3,3,0,true,1,1
33520K6A.CAD,1854,5ecf0db4e35f,33520K6,FEEDER TO TRAFO,53,53,0,1496,0,11,55,8,3,1,2,2,1,1,11,0,29,15,4,4,0,true,1,1
33520K7A.CAD,1362,659226916294,33520K7,FEEDER TO TRAFO,38,38,0,1054,0,1,38,4,0,1,1,1,1,0,1,0,31,4,1,1,0,true,1,1
33520K8A.CAD,1640,f7002d20d739,33520K8,FEEDER TO TRAFO PUMP,47,47,0,1292,0,9,47,6,3,1,1,1,0,1,9,0,27,12,3,3,0,true,1,1
33520K9A.CAD,1998,afde4ac7e428,33520K9,FEEDER TO TRAFO,57,57,0,1640,0,13,61,9,4,2,3,3,1,2,13,0,29,16,4,4,0,true,1,1
33520L0A.CAD,1342,e8187e7b20aa,33520L0,FEEDER TO TRAFO,37,37,0,1034,0,1,37,4,0,1,1,1,1,0,1,0,30,4,1,1,0,true,1,1
33520L1A.CAD,1640,74eb7fef1fc7,33520L1,FEEDER TO TRAFO PUMP,47,47,0,1292,0,9,47,6,3,1,1,1,0,1,9,0,27,12,3,3,0,true,1,1
33520L2A.CAD,1328,ac5131512761,33520L2,BUS COUPLER BREAKER STATUS,36,36,0,1020,0,1,36,4,0,1,1,1,1,0,1,0,29,4,1,1,0,true,1,1
33520L3A.CAD,1040,949488847bdd,33520L3,FLOW SWITCH,25,25,0,732,0,1,25,3,0,1,1,1,1,0,1,0,19,4,1,1,0,true,1,1
33520N0A.CAD,2360,72e7dd4f2f70,33520N0,AUDIBLE ALARM,67,67,0,1928,0,19,69,12,4,1,3,3,0,1,17,0,32,25,10,8,1,true,2,1
33520N1A.CAD,2642,c1f38e4d7320,33520N1,AUDIBLE ALARM,85,85,0,2236,0,35,89,10,5,1,4,4,0,2,33,0,35,20,8,6,2,true,3,1
33520N2A.CAD,2138,263053e74a38,33520N2,ANN ALARM FOR TURBINE,61,61,0,1754,0,15,64,9,3,1,3,3,0,2,14,0,33,17,6,5,1,true,2,1
33520N3A.CAD,2918,71aca2777eab,33520N3,AUDIBLE ALARM,80,80,0,2500,0,23,89,18,4,2,7,7,0,4,19,0,37,22,9,6,2,true,3,1
33520N4A.CAD,4034,4a624e4cbde6,33520N4,III STAGE,119,119,0,3550,0,48,135,18,9,0,9,9,0,9,27,0,63,35,9,9,1,true,2,1
33520N5A.CAD,1812,1ef9107640a9,33520N5,,50,50,0,1374,0,14,51,8,2,0,2,2,0,1,13,0,25,24,7,6,0,true,2,1
33520O0A.CAD,2560,9055b051a7d0,33520O0,D0 FILTER WASHER,69,69,0,2042,0,35,77,21,7,3,5,5,2,3,33,0,6,42,13,13,2,true,2,1
33520O1A.CAD,4908,16f7c4b41adc,33520O1,CCA FILTER,141,141,0,4250,0,73,165,43,15,4,13,13,7,6,68,0,13,87,26,26,1,true,3,1
33520O2A.CAD,3528,0f0a5478112c,33520O2,TO HORN ALARM,91,91,0,2926,0,46,107,29,7,3,11,11,3,4,40,0,13,53,20,16,2,true,4,1
33520O3A.CAD,4856,c0a4ff9f5b35,33520O3,,138,138,0,4186,0,73,161,43,13,5,13,13,6,6,66,0,14,86,27,26,2,true,4,1
33520O4A.CAD,4050,a22274e11ff0,33520O4,VACUUM PUMP,112,112,0,3414,0,55,129,36,10,4,9,9,5,5,53,0,11,78,24,24,0,true,2,1
33520O5A.CAD,3902,a7d078bb261d,33520O5,D0 CHEMICAL MIXER,105,105,0,3266,0,51,124,35,8,4,10,10,6,5,48,0,12,72,21,21,0,true,3,1
33520O6A.CAD,3054,eb2f8a5ed759,33520O6,D0 TOWER SCRAPPER,80,80,0,2500,0,35,94,26,5,6,8,8,6,2,32,0,15,55,16,16,0,true,3,1
33520O7A.CAD,4208,b88192317ee6,33520O7,FEED DILUTION PUMP,115,115,0,3572,0,58,134,37,10,4,11,11,5,5,52,0,14,70,24,22,3,true,4,1
33520O8A.CAD,3912,fec77e4f74b2,33520O8,SHOWER PUMP,106,106,0,3296,0,50,124,36,7,4,9,9,8,3,47,0,14,73,22,22,1,true,3,1
33520O9A.CAD,4404,6b0ee40af750,33520O9,FILTRATE TANK PUMP,121,121,0,3760,0,59,142,40,10,4,11,10,7,5,55,0,14,79,25,24,1,true,4,1
33520P0A.CAD,2366,6a4b952f925f,33520P0,AIR LIFT,62,62,0,1842,0,31,68,20,5,3,4,4,2,2,29,0,6,43,13,13,1,true,2,1
33520P1A.CAD,2382,df3283c7959b,33520P1,PRE-BLEACH WASHER FAN #2,62,62,0,1858,0,31,68,20,5,3,4,4,2,2,29,0,6,44,13,13,1,true,2,1
33520P2A.CAD,3738,d370a5bfc511,33520P2,WASH LIQ PUMP,102,102,0,3102,0,50,114,34,8,4,6,6,6,2,47,0,11,74,24,23,0,true,3,1
33520P3A.CAD,2706,2475a6d76cdb,33520P3,SHOWER VALVE,73,73,0,2182,0,37,83,21,8,3,6,6,3,3,35,0,7,45,13,13,1,true,2,1
33520P4A.CAD,2636,440b15ba26a2,33520P4,SHOWER VALVE,70,70,0,2112,0,35,80,21,7,3,6,6,3,3,33,0,7,45,13,13,1,true,2,1
33520P5A.CAD,3142,4ebb5715921a,33520P5,DEGASSING VALVE,83,83,0,2564,0,40,95,26,7,3,7,7,5,2,38,0,10,59,18,17,0,true,3,1
33520P6A.CAD,3414,a79cce1b3d0d,33520P6,,93,93,0,2858,0,46,111,28,10,3,10,10,5,5,44,0,9,56,16,16,3,true,2,1
33520P7A.CAD,2544,3aa50be6d20c,33520P7,SEALING WATER VALVE,69,69,0,2010,0,34,75,19,8,3,4,4,3,1,33,0,7,46,14,14,0,true,2,1
33520X0A.CAD,2035,7240ec9a2d11,33520X0,,41,41,0,1686,0,20,67,16,0,14,14,14,0,14,14,0,9,20,2,2,0,true,2,1
33520X1A.CAD,1840,32ea19d3fdaf,33520X1,,35,35,0,1518,0,14,61,16,0,14,14,14,0,14,14,0,3,20,2,2,0,true,1,1
33520X2A.CAD,1872,211783f48483,33520X2,,35,35,0,1518,0,14,61,16,0,14,14,14,14,0,14,0,3,22,2,2,0,true,1,1
33520X3A.CAD,972,436b031129d6,33520X3,,15,15,0,618,0,4,21,6,0,4,4,4,4,0,4,0,3,12,2,2,0,true,1,1
33520X4A.CAD,1945,2a5a98733262,33520X4,,40,40,0,1624,0,20,64,15,0,13,13,13,0,13,13,0,10,19,2,2,0,true,2,1
33520Z0A.CAD,4152,ead41efa48b1,33520Z0,,90,90,0,3030,0,20,101,38,1,1,8,8,5,0,13,0,36,102,32,26,0,true,3,1
3350500A.CAD,2263,e68ace723df1,3350500,PLENT LOOP I/O,62,62,0,1722,0,23,62,9,0,0,1,1,0,1,4,0,47,59,8,7,0,true,2,1
3350501A.CAD,1888,ede0c76953ce,3350501,DUMP CHEST LEVEL,54,54,0,1530,0,4,60,5,0,4,4,4,4,0,4,0,43,15,1,1,0,true,1,1
3350502A.CAD,1992,3909e4ea2b09,3350502,CIS I/O FOR SLAVE 2,55,55,0,1634,0,6,65,7,0,6,6,6,6,0,6,0,40,15,1,1,1,true,1,1
3350503A.CAD,2542,4e84e8c793d6,3350503,VLV POSITION,71,71,0,2184,0,8,85,9,0,8,8,8,8,0,8,0,52,20,1,1,0,true,1,1
3350504A.CAD,1866,8e58956deecb,3350504,CIS I/O FOR SLAVE 4,47,47,0,1508,0,9,59,8,0,7,7,7,7,0,7,0,30,17,1,1,0,true,2,1
3350505A.CAD,1906,9d64b84c0f64,3350505,CIS I/O FOR SLAVE 5,49,49,0,1548,0,9,61,9,0,7,7,7,7,0,8,0,30,18,1,1,0,true,2,1
3350506A.CAD,2192,b3454d40e357,3350506,CIS I/O FOR SLAVE 6,62,62,0,1834,0,8,72,7,0,6,6,6,6,0,6,0,47,16,1,1,1,true,2,1
3350507A.CAD,2236,3fdc50ce49a9,3350507,CHLORINATION STG FRESH WATER FLOW,63,63,0,1878,0,6,73,7,0,6,6,6,6,0,6,0,48,16,1,1,1,true,1,1
3350508A.CAD,2276,8d55767d1677,3350508,S02 WTR FILTRATE FLOW,64,64,0,1918,0,8,76,8,0,7,7,7,7,0,7,0,47,19,1,1,0,true,2,1
3350509A.CAD,2420,bc8a48a1696f,3350509,CL2 WASHER WATER FLOW,68,68,0,2062,0,8,82,9,0,8,8,8,8,0,8,0,49,19,1,1,0,true,1,1
3350510A.CAD,2308,4a633e150832,3350510,CL2 STG FILTRATION LEVEL,65,65,0,1950,0,7,77,8,0,7,7,7,7,0,7,0,48,17,1,1,0,true,1,1
3350511A.CAD,1754,4820610b24a3,3350511,CIS I/O FOR ANALOG SLAVE 11,52,52,0,1396,0,2,54,3,0,2,2,2,2,0,2,0,45,12,1,1,0,true,1,1
3350512A.CAD,2244,e05add9db1c7,3350512,STK EXTRN TOWER TEMP,64,64,0,1886,0,6,74,7,0,6,6,6,6,0,6,0,49,15,1,1,0,true,1,1
3350513A.CAD,2476,6c55a4e3abdd,3350513,STK EXTN 02 FLOW,70,70,0,2118,0,9,84,9,0,8,8,8,8,0,8,0,51,19,1,1,0,true,2,1
3350514A.CAD,2348,f678d06d5c8a,3350514,EXTN TWR DILTN VAT,67,67,0,1990,0,11,79,9,0,7,7,7,7,0,8,0,48,16,1,1,0,true,3,1
3350515A.CAD,2252,c1bc67f65fba,3350515,EXTN STG FILTRATE TK LVL,64,64,0,1894,0,6,74,7,0,6,6,6,6,0,6,0,49,15,1,1,0,true,1,1
3350516A.CAD,1984,48ecea58aabe,3350516,EXTN WSHR LVL,57,57,0,1626,0,4,63,5,0,4,4,4,4,0,4,0,46,14,1,1,0,true,1,1
3350517A.CAD,2303,75de30b1d85f,3350517,EXTN WSHR NAOH SOLTN FLOW,66,66,0,1946,0,8,76,7,0,6,6,6,6,0,6,0,51,15,1,1,0,true,2,1
3350518A.CAD,2246,1497f3cdc7fb,3350518,STK TEMP 3 TWR IN,64,64,0,1888,0,6,74,7,0,6,6,6,6,0,6,0,49,15,1,1,0,true,1,1
3350519A.CAD,2202,1d4a89ebb569,3350519,CL2 SOLUTION TEMP,63,63,0,1844,0,6,73,7,0,6,6,6,6,0,6,0,48,18,1,1,0,true,1,1
3350520A.CAD,2354,b25bac1c0ec2,3350520,VLV POSITION,67,67,0,1996,0,9,79,8,0,7,7,7,7,0,7,0,50,17,1,1,0,true,2,1
3350521A.CAD,2407,5520c6437c97,3350521,III TOWER PH,69,69,0,2050,0,9,81,8,0,7,7,7,7,0,7,0,52,18,1,1,0,true,2,1
3350522A.CAD,2224,3edd14d63e51,3350522,STK 4 TWR CL02 SOLN FLOW,63,63,0,1866,0,7,73,7,0,6,6,6,6,0,6,0,48,15,1,1,0,true,2,1
3350523A.CAD,2257,9a4ec589c3b1,3350523,VLV POSITION,65,65,0,1900,0,7,75,7,0,6,6,6,6,0,6,0,50,15,1,1,0,true,2,1
3350524A.CAD,2229,95af1974c717,3350524,VLV POSITION,64,64,0,1872,0,7,74,7,0,6,6,6,6,0,6,0,49,15,1,1,0,true,2,1
3350525A.CAD,2242,ccc830dbc1bc,3350525,STK TO 4 TWR TEMP,64,64,0,1884,0,7,74,7,0,6,6,6,6,0,6,0,49,15,1,1,0,true,2,1
3350526A.CAD,2256,1bccac2b2369,3350526,VLV POSITION,64,64,0,1898,0,7,76,8,0,7,7,7,7,0,7,0,47,18,1,1,0,true,1,1
3350527A.CAD,2172,3623bf7b1eb2,3350527,VLV POSITION,63,63,0,1814,0,7,71,6,0,5,5,5,5,0,5,0,50,14,1,1,2,true,2,1
3350528A.CAD,2324,e98d5762b690,3350528,VLV POSITION,66,66,0,1966,0,7,78,8,0,7,7,7,7,0,7,0,49,18,1,1,0,true,1,1
3350529A.CAD,2255,080c750dc226,3350529,VLV POSITION,65,65,0,1898,0,7,75,7,0,6,6,6,6,0,6,0,50,15,1,1,0,true,2,1
3350530A.CAD,2122,1f168a382ce8,3350530,STK TO FD TWR S02 SOLN FLOW,61,61,0,1764,0,5,69,6,0,5,5,5,5,0,5,0,48,13,1,1,0,true,1,1
3350531A.CAD,2252,25236d7ef1fc,3350531,STK TO HD TWR FEED TK LVL,64,64,0,1894,0,6,74,7,0,6,6,6,6,0,6,0,49,15,1,1,0,true,1,1
3350532A.CAD,1812,4a7d8b50177a,3350532,CIS I/O FOR SLAVE 32,53,53,0,1454,0,4,57,4,0,3,3,3,3,0,3,0,44,15,1,1,0,true,2,1
3350533A.CAD,2112,96927e8c2b1b,3350533,CIS I//O FOR SLAVE 33,60,60,0,1754,0,6,70,7,0,6,6,6,6,0,6,0,45,17,1,1,0,true,1,1
3350534A.CAD,1998,a75ec02e8583,3350534,CIS I/O FOR SLAVE 34,57,57,0,1640,0,5,65,6,0,5,5,5,5,0,5,0,44,13,1,1,0,true,1,1
3350535A.CAD,2236,20e4f2332f86,3350535,VLV POSITION,64,64,0,1878,0,9,74,7,0,6,6,6,6,0,6,0,49,17,1,1,0,true,2,1
3350536A.CAD,1993,d64394873219,3350536,CIS I/O FOR SLAVE 36,57,57,0,1636,0,6,65,6,0,5,5,5,5,0,5,0,44,15,1,1,1,true,2,1
3350537A.CAD,1516,68ed17c043a6,3350537,CIS I/O FOR SLAVE 37,37,37,0,1158,0,5,45,6,0,5,5,5,5,0,5,0,24,15,1,1,0,true,1,1
3350538A.CAD,1695,9043d8359c85,3350538,CIS I/O FOR SLAVE 38,37,37,0,1158,0,7,45,6,0,5,5,5,5,0,5,0,24,9,1,1,4,true,2,1
3350539A.CAD,2944,294bf585f902,3350539,IMASI02 FOR SLAVE 39,67,67,0,2436,0,19,95,18,3,15,15,15,0,15,19,0,25,27,3,3,12,true,1,1
3350540A.CAD,2910,ff533891db9a,3350540,IMASI02 FOR SLAVE 40,66,66,0,2402,0,19,94,18,2,15,15,15,0,15,19,0,25,37,3,3,4,true,1,1
3350541A.CAD,2910,6c59a9fe9bd6,3350541,IMASI02 FOR SLAVE 41,66,66,0,2402,0,19,94,18,2,15,15,15,0,15,19,0,25,35,3,3,5,true,1,1
3350542A.CAD,2888,98a3afcaefbb,3350542,IMASI02 FOR SLAVE 42,65,65,0,2380,0,19,93,18,2,15,15,15,0,15,19,0,24,41,3,3,1,true,1,1
3350543A.CAD,2910,cea4875b9bfc,3350543,IMASI02 FOR SLAVE 43,66,66,0,2402,0,19,94,18,2,15,15,15,0,15,19,0,25,28,3,3,9,true,1,1
3350544A.CAD,2910,5a9f07918590,3350544,IMASI02 FOR SLAVE 44,66,66,0,2402,0,19,94,18,2,15,15,15,0,15,19,0,25,25,3,3,9,true,1,1
3350546A.CAD,2164,c4f29ec4efdd,3350546,VLV POSITION,62,62,0,1806,0,6,72,7,0,6,6,6,6,0,6,0,47,16,1,1,0,true,1,1
3350547A.CAD,2139,071315a262eb,3350547,IMASI02 FOR SLAVE 47,41,41,0,1632,0,20,66,16,2,13,13,13,0,13,17,0,5,42,3,3,0,true,2,1
3350548A.CAD,3147,d95feb15970e,3350548,IMASO FOR SLAVE 48,61,61,0,2630,0,29,112,28,1,25,26,26,26,0,28,0,3,59,2,2,1,true,2,1
3350549A.CAD,1336,9ee74098bbbb,3350549,IMASI02 FOR SLAVE 49,22,22,0,828,0,9,31,8,2,5,5,5,0,5,9,0,2,22,3,3,0,true,1,1
3350560A.CAD,1672,45ae579e0e9a,3350560,POWER FACTOR PULP MACHINE,43,43,0,1272,0,5,45,8,0,1,2,2,1,1,4,0,29,25,3,3,0,true,2,1
3350562A.CAD,1274,3abad5b5f788,3350562,CHLORINE MIXER AMMETER,34,34,0,946,0,1,34,3,0,1,1,1,1,0,1,0,28,8,1,1,0,true,1,1
3350563A.CAD,3028,b0b9688c1797,3350563,VALVE POSITION,85,85,0,2540,0,26,92,17,6,4,5,5,2,2,24,0,36,38,7,6,0,true,3,1
3350566A.CAD,1302,4e29ae2e8d38,3350566,VACUUM WASHER,35,35,0,974,0,1,35,3,0,1,1,1,1,0,1,0,29,7,1,1,0,true,1,1
3350568A.CAD,1282,bb360b52e525,3350568,VACUUM WASHER,34,34,0,954,0,1,34,3,0,1,1,1,1,0,1,0,28,8,1,1,0,true,1,1
3350569A.CAD,1308,66c3d8b83760,3350569,VACUUM WASHER,35,35,0,980,0,1,35,3,0,1,1,1,1,0,1,0,29,8,1,1,0,true,1,1
3350570A.CAD,1282,3ef794d27ecf,3350570,VACUUM WASHER,34,34,0,954,0,1,34,3,0,1,1,1,1,0,1,0,28,8,1,1,0,true,1,1
3350571A.CAD,1288,66d62c1ac9d9,3350571,VACUUM WASHER,34,34,0,960,0,1,34,3,0,1,1,1,1,0,1,0,28,8,1,1,0,true,1,1
3350573A.CAD,1302,15b9941a2062,3350573,VACUUM WASHER,35,35,0,974,0,1,35,3,0,1,1,1,1,0,1,0,29,8,1,1,0,true,1,1
3350574A.CAD,1246,600b4feb922c,3350574,BLEACHING/PM ACID SEWER CODUCTIVITY,32,32,0,918,0,1,32,3,0,1,1,1,1,0,1,0,26,7,1,1,0,true,1,1
3350577A.CAD,1286,00b763c0bf98,3350577,BLEACHING/PM ACID SEWER pH,33,33,0,958,0,1,33,4,0,1,1,1,1,0,1,0,26,7,1,1,0,true,1,1
3350578A.CAD,1274,f1f2845444f8,3350578,MC PUMP DRIVE AMMETER,34,34,0,946,0,1,34,3,0,1,1,1,1,0,1,0,28,8,1,1,0,true,1,1
3350581A.CAD,1258,5a345a65e46c,3350581,MC PUMP MAIN DRIVE AMMETER,33,33,0,930,0,1,33,3,0,1,1,1,1,0,1,0,27,8,1,1,0,true,1,1
3350582A.CAD,3756,8e84e1406a33,3350582,VALVE POSITION,109,109,0,3174,0,37,123,24,6,2,8,8,3,5,36,0,41,64,13,13,1,true,2,1
3350583A.CAD,1274,ebf966defa99,3350583,MC PUMP DRIVE AMMETER,34,34,0,946,0,1,34,3,0,1,1,1,1,0,1,0,28,8,1,1,0,true,1,1
3350585A.CAD,2300,dcecdeb7969e,3350585,Sealing Water Level Control,63,63,0,1846,0,18,70,11,3,3,5,5,4,1,17,0,29,32,4,4,0,true,2,1
3350586A.CAD,1276,85396f9cf002,3350586,MC PUMP MAIN,34,34,0,948,0,1,34,3,0,1,1,1,1,0,1,0,28,8,1,1,0,true,1,1
3350587A.CAD,1276,331f74d74f42,3350587,HOT HEATER WATER PRESS.,34,34,0,948,0,1,34,3,0,1,1,1,1,0,1,0,28,8,1,1,0,true,1,1
3350588A.CAD,1308,3ef7810f14a0,3350588,TOP SCREPER FOR,35,35,0,980,0,1,35,3,0,1,1,1,1,0,1,0,29,8,1,1,0,true,1,1
3350589A.CAD,1180,2913c19a6e95,3350589,PROPELLER AGIT 900 AMMETER,31,31,0,852,0,1,31,2,0,1,1,1,1,0,1,0,26,8,1,1,0,true,1,1
3350590A.CAD,1260,7d5d6c3e1649,3350590,PROPELLER AGIT. 900 AMMETER,33,33,0,932,0,1,33,3,0,1,1,1,1,0,1,0,27,8,1,1,0,true,1,1
3350591A.CAD,1314,a5be8a9c14c4,3350591,STEAM PRESSURE,35,35,0,986,0,1,35,4,0,1,1,1,1,0,1,0,28,7,1,1,0,true,1,1
3350594A.CAD,1758,2aeb9b1652df,3350594,CURRENT AGITATOR 224/225,43,43,0,1370,0,3,47,10,0,3,3,3,3,0,3,0,28,23,3,3,0,true,1,1
3350595A.CAD,1274,9e45f2eba0f8,3350595,HOT WATER TEMPERATURE,34,34,0,946,0,1,34,3,0,1,1,1,1,0,1,0,28,7,1,1,0,true,1,1
3350596A.CAD,3220,c53d64f07ee0,3350596,LAST DAY TOTAL,91,91,0,2728,0,22,101,21,4,2,6,6,3,3,21,0,43,50,9,9,0,true,2,1
3350598A.CAD,2810,a333aa923539,3350598,FILTERED WATER FLOW,79,79,0,2332,0,21,87,17,5,1,5,5,3,2,20,0,35,45,8,8,0,true,2,1
3350599A.CAD,2594,bdffbed75dc0,3350599,WARM WATER FLOW,74,74,0,2116,0,20,78,16,4,1,3,3,2,1,18,0,34,44,8,8,0,true,2,1
33505A1A.CAD,2942,b1b98287c8f7,33505A1,HEATER WATER FLOW,83,83,0,2408,0,24,88,19,4,1,4,4,2,1,21,0,37,54,11,10,0,true,3,1
33505A2A.CAD,1274,6dc8813a023c,33505A2,HD STOCK MIXER AMMETER,34,34,0,946,0,1,34,3,0,1,1,1,1,0,1,0,28,8,1,1,0,true,1,1
33505A3A.CAD,1274,eea0f3af67c2,33505A3,HD STOCK MIXER AMMETER,34,34,0,946,0,1,34,3,0,1,1,1,1,0,1,0,28,8,1,1,0,true,1,1
33505A5A.CAD,1254,2a799898cf97,33505A5,HD STOCK MIXER AMMETER,33,33,0,926,0,1,33,3,0,1,1,1,1,0,1,0,27,8,1,1,0,true,1,1
33505A6A.CAD,1254,4c51eea5ab1c,33505A6,HD STOCK MIXER AMMETER,33,33,0,926,0,1,33,3,0,1,1,1,1,0,1,0,27,8,1,1,0,true,1,1
33505A7A.CAD,2712,2d60491b96c7,33505A7,VALVE POSITION,75,75,0,2254,0,20,83,15,5,3,5,5,2,3,19,0,34,34,4,4,2,true,2,1
33505A8A.CAD,2453,5366bd7b91df,33505A8,CL2 GAS TEMPERATURE,70,70,0,1954,0,25,72,11,2,1,2,2,1,1,13,0,42,42,7,7,0,true,2,1
33505A9A.CAD,1254,f38b647a44ec,33505A9,AGITATOR PUMP AMMETER,33,33,0,926,0,1,33,3,0,1,1,1,1,0,1,0,27,8,1,1,0,true,1,1
33505B1A.CAD,1254,5c1b959c5f31,33505B1,AGITATOR PUMP AMMETER,33,33,0,926,0,1,33,3,0,1,1,1,1,0,1,0,27,8,1,1,0,true,1,1
33505B2A.CAD,5452,d6fe389b23aa,33505B2,VALVE POSITION,155,155,0,4822,0,54,182,35,14,3,15,15,6,8,51,0,53,71,13,12,2,true,3,1
33505B3A.CAD,3982,b6bf3e99d659,33505B3,H.D. TOWER DILUTION FLOW,117,117,0,3384,0,33,133,23,6,2,9,9,7,2,33,0,53,72,14,14,0,true,1,1
33505B4A.CAD,4874,c6683a92bb6e,33505B4,STK 4 TWR CLO2,140,140,0,4108,0,53,154,31,12,2,10,10,6,0,48,0,47,99,22,18,0,true,3,1
33505B5A.CAD,3854,c0ac8d82b105,33505B5,CHLORINE DIOXIDE FLOW,106,106,0,3316,0,38,126,27,8,3,11,11,6,5,36,0,33,57,9,9,2,true,2,1
33505B6A.CAD,2780,a4723f40bb93,33505B6,CHLORINE DIOXIDE FLOW,80,80,0,2194,0,25,84,19,4,0,3,3,3,0,24,0,31,75,15,15,0,true,2,1
33505B7A.CAD,1254,dc285fc92f17,33505B7,AGITATOR PUMP AMMETER,33,33,0,926,0,1,33,3,0,1,1,1,1,0,1,0,27,8,1,1,0,true,1,1
33505B8A.CAD,3278,a668e6b81d6c,33505B8,VALVE POSITION,92,92,0,2754,0,33,100,19,6,2,5,5,2,3,28,0,37,43,10,8,1,true,4,1
33505B9A.CAD,4355,3c3f71fb678b,33505B9,FLOW CL2 FR,123,123,0,3734,0,44,136,31,8,2,8,8,3,4,33,0,49,80,15,14,0,true,4,1
33505C2A.CAD,4752,abf583b10e1b,33505C2,RESIDUAL CHLORINE,151,151,0,4192,0,38,160,28,9,2,6,6,3,2,37,0,75,67,18,17,0,true,2,1
33505C3A.CAD,2582,9140149b754d,33505C3,FLOW CL  GAS,73,73,0,2094,0,19,81,10,5,0,5,5,2,3,19,0,37,34,5,5,1,true,1,1
33505C4A.CAD,3172,39490393768b,33505C4,VALVE POSITION,86,86,0,2680,0,25,97,19,5,4,7,7,3,3,23,0,37,40,7,6,1,true,3,1
33505C6A.CAD,3165,21297917f883,33505C6,CHLORINATION TWR DILTN,90,90,0,2628,0,31,96,19,6,2,4,4,3,1,27,0,36,52,10,10,0,true,3,1
33505C7A.CAD,2680,888278ed2f50,33505C7,CHLORINATION STG,74,74,0,2220,0,17,82,13,4,1,5,5,3,2,17,0,38,35,5,5,0,true,1,1
33505C8A.CAD,2870,61efd13c4a0b,33505C8,SO  WTR FILTRATE FLOW,78,78,0,2386,0,23,87,15,5,3,6,6,2,3,19,0,37,29,4,3,1,true,4,1
33505C9A.CAD,2302,46731d8ea782,33505C9,VALVE POSITION,64,64,0,1860,0,18,67,11,3,3,3,3,1,1,16,0,32,25,6,5,0,true,3,1
33505D1A.CAD,3178,b88a5c33276d,33505D1,VALVE POSITION,90,90,0,2694,0,31,97,17,6,4,5,5,2,2,24,0,41,37,7,6,0,true,4,1
33505D2A.CAD,4362,8abe69000130,33505D2,CL  WASHER LEVEL,132,132,0,3766,0,51,144,26,14,5,7,7,5,2,50,0,40,67,13,13,0,true,2,1
33505D3A.CAD,3488,05567f62ace6,33505D3,VALVE POSITION,100,100,0,2908,0,32,108,20,8,3,5,5,2,3,31,0,39,63,9,9,0,true,2,1
33505D4A.CAD,2898,806d05358568,33505D4,CL  WASHER WTR FLOW,82,82,0,2424,0,23,88,16,5,3,4,4,3,1,22,0,37,37,6,6,0,true,2,1
33505D5A.CAD,7524,d2dade1e1ff5,33505D5,VALVE POSITION,211,211,0,6640,0,78,253,56,16,5,21,21,16,7,75,0,62,144,26,25,2,true,3,1
33505D6A.CAD,6124,64d30090ac0c,33505D6,,174,174,0,5184,0,70,197,50,14,1,14,14,5,6,64,0,44,159,38,35,1,true,4,1
33505D7A.CAD,5036,3748867cda34,33505D7,VALVE POSITION,143,143,0,4334,0,54,163,33,13,4,12,12,7,3,50,0,45,85,17,15,0,true,4,1
33505D8A.CAD,4567,42816d072a71,33505D8,VALVE POSITION,129,129,0,3914,0,48,147,31,12,3,10,10,3,7,45,0,39,76,15,14,2,true,4,1
33505D9A.CAD,2916,d139c3b3a067,33505D9,VALVE POSITION,82,82,0,2438,0,23,88,16,5,3,4,4,3,1,22,0,37,38,6,6,0,true,2,1
33505E0A.CAD,5256,d3726bb185da,33505E0,VALVE POSITION,153,153,0,4474,0,58,167,36,13,5,9,9,5,2,55,0,47,106,23,21,0,true,3,1
33505E1A.CAD,3064,fa176b03571f,33505E1,VALVE POSITION,85,85,0,2556,0,28,92,19,6,4,5,5,2,2,26,0,32,42,9,8,0,true,3,1
33505E2A.CAD,1274,884e7757dbd9,33505E2,EXTRACTION TOWER TEMP.,34,34,0,946,0,1,34,3,0,1,1,1,1,0,1,0,28,8,1,1,0,true,1,1
33505E3A.CAD,1368,43ee704baf1d,33505E3,,36,36,0,1040,0,2,38,4,0,1,2,2,1,1,2,0,28,9,1,1,0,true,1,1
33505E4A.CAD,2426,b0a0dfea2849,33505E4,EXTN TWR pH,63,63,0,2030,0,12,74,15,1,1,7,7,5,1,11,0,34,26,6,5,1,true,2,1
33505E5A.CAD,1302,f286c7ac3ea4,33505E5,EXTRACTION TOWER,35,35,0,974,0,1,35,3,0,1,1,1,1,0,1,0,29,8,1,1,0,true,1,1
33505E6A.CAD,2372,a8cebe6e543a,33505E6,EXTN TWR DILTN VAT,63,63,0,1994,0,11,73,14,1,2,6,6,6,0,10,0,36,24,4,4,0,true,2,1
33505E7A.CAD,2134,53054c1b9716,33505E7,VALVE POSITION,58,58,0,1706,0,15,61,10,2,3,3,3,1,1,13,0,31,21,5,4,0,true,3,1
33505E8A.CAD,2776,4cfedb9264a8,33505E8,VALVE POSITION,77,77,0,2288,0,21,83,14,6,3,4,4,2,2,21,0,34,38,5,5,0,true,1,1
33505E9A.CAD,3730,8128a8e6ca8a,33505E9,VALVE POSITION,107,107,0,3220,0,40,118,22,9,4,7,7,3,3,32,0,42,46,10,9,0,true,4,1
33505F1A.CAD,4010,045ded963187,33505F1,VALVE POSITION,122,122,0,3446,0,47,130,22,14,3,5,5,3,2,46,0,38,56,11,11,0,true,2,1
33505F3A.CAD,3626,3326fa40b782,33505F3,AIR PUMP,106,106,0,3056,0,34,116,20,9,5,6,6,2,4,34,0,41,62,10,10,1,true,1,1
33505F4A.CAD,3750,2bc187ab8dd4,33505F4,VALVE POSITION,106,106,0,3220,0,33,120,23,8,4,8,8,5,3,31,0,42,55,9,9,0,true,3,1
33505F5A.CAD,4596,78ae768a279b,33505F5,VALVE POSITION,129,129,0,3998,0,49,151,31,11,3,13,13,5,6,45,0,40,64,14,12,1,true,4,1
33505F6A.CAD,6261,f0531bc13f05,33505F6,VALVE POSITION,177,177,0,5450,0,68,208,46,14,3,16,16,9,8,63,0,52,120,21,20,0,true,4,1
33505F7A.CAD,6148,da93fe50152b,33505F7,VALVE POSITION,176,176,0,5268,0,73,196,43,21,7,11,11,5,6,68,0,42,129,20,19,1,true,3,1
33505F8A.CAD,3806,fae816015d3e,33505F8,STK TO 3 TWR FEED TK LVL,107,107,0,3270,0,39,122,24,10,3,9,9,2,6,36,0,35,52,10,9,0,true,4,1
33505F9A.CAD,2716,1e792c264325,33505F9,STOCK TO 3RD TOWER MC,75,75,0,2228,0,25,81,16,5,4,5,5,2,1,22,0,30,36,9,7,0,true,3,1
33505G1A.CAD,3732,761058d32b46,33505G1,VALVE POSITION,109,109,0,3164,0,35,123,23,6,2,8,8,3,5,34,0,44,61,12,12,2,true,2,1
33505G2A.CAD,3284,34a0abb3a871,33505G2,VALVE POSITION,95,95,0,2758,0,30,101,18,8,3,4,4,3,1,29,0,38,47,8,8,0,true,2,1
33505G3A.CAD,3396,3ecbcc370ceb,33505G3,III TOWER DILUTION FLOW,96,96,0,2876,0,34,104,21,8,4,6,6,2,3,31,0,33,47,9,8,0,true,3,1
33505G4A.CAD,2482,4e5e57d92e46,33505G4,III TOWER pH,68,68,0,2076,0,13,80,13,3,1,7,7,5,2,13,0,37,31,5,5,0,true,1,1
33505G5A.CAD,3530,a99b6e306bc2,33505G5,VALVE POSITION,98,98,0,2996,0,34,109,24,6,4,7,7,4,2,30,0,36,53,10,9,1,true,3,1
33505G6A.CAD,4904,648b99bed5f7,33505G6,III STAGE SO2 SOLUTION FLOW,143,143,0,4210,0,57,163,31,15,3,11,11,7,4,56,0,39,90,16,16,0,true,2,1
33505G7A.CAD,2224,2c7d8b1b6c84,33505G7,VALVE POSITION,61,61,0,1782,0,16,64,11,2,3,3,3,1,1,14,0,32,25,6,5,0,true,3,1
33505G8A.CAD,2548,4e0206e2d34b,33505G8,VALVE POSITION,69,69,0,2078,0,16,75,13,4,3,4,4,2,2,16,0,34,35,4,4,0,true,1,1
33505G9A.CAD,6268,8c59b618a28b,33505G9,VALVE POSITION,177,177,0,5516,0,70,210,45,17,3,19,19,6,10,64,0,49,95,22,19,2,true,4,1
33505H1A.CAD,2877,5b7c7d1f3e34,33505H1,IV STG pH,81,81,0,2388,0,22,93,14,5,1,7,7,3,4,21,0,39,43,6,6,0,true,2,1
33505H2A.CAD,3110,f2bf5b08ea2c,33505H2,VALVE POSITION,88,88,0,2626,0,31,95,17,6,3,5,5,2,2,24,0,39,37,7,6,0,true,4,1
33505H3A.CAD,3692,c0f4e95575fd,33505H3,VALVE POSITION,113,113,0,3158,0,43,119,19,13,3,4,4,3,1,42,0,37,48,9,9,0,true,2,1
33505H4A.CAD,2852,5663a7dee9b5,33505H4,VALVE POSITION,80,80,0,2378,0,23,86,16,5,3,4,4,3,1,22,0,35,37,6,6,0,true,2,1
33505H5A.CAD,4656,476ac16c5bb0,33505H5,VALVE POSITION,136,136,0,4040,0,49,156,29,12,3,11,11,7,4,48,0,45,72,13,13,1,true,2,1
33505H6A.CAD,4692,c9ac5c54acd8,33505H6,VALVE POSITION,138,138,0,4032,0,51,156,29,13,3,10,10,8,2,50,0,44,83,15,15,0,true,2,1
33505H7A.CAD,2996,4cbb5ff7ef01,33505H7,STOCK TO 4 TOWER,84,84,0,2504,0,25,92,17,6,3,5,5,3,2,24,0,35,43,6,6,0,true,2,1
33505H8A.CAD,3916,cf1fc51ab0da,33505H8,VALVE POSITION,113,113,0,3410,0,34,126,20,9,3,8,8,2,5,30,0,52,45,8,7,0,true,4,1
33505H9A.CAD,2578,be252e01b10a,33505H9,EXHAUST VALVE,71,71,0,2090,0,23,77,15,4,4,5,5,2,1,20,0,30,38,9,7,0,true,3,1
33505I1A.CAD,3570,8d45f87d582f,33505I1,VALVE POSITION,105,105,0,3002,0,35,119,21,6,2,8,8,3,5,34,0,42,60,12,12,2,true,2,1
33505I2A.CAD,2150,32f9c53bd1ca,33505I2,BOTTOM DILUTION VALVE,59,59,0,1738,0,15,65,10,3,2,4,3,3,1,14,0,30,20,3,3,1,true,2,1
33505I3A.CAD,1360,56aee88591c3,33505I3,,36,36,0,1032,0,2,38,4,0,1,2,2,1,1,2,0,28,8,1,1,1,true,1,1
33505I4A.CAD,1274,de2032aba6a1,33505I4,,34,34,0,946,0,1,34,3,0,1,1,1,1,0,1,0,28,8,1,1,0,true,1,1
33505I5A.CAD,1464,4d24ad12afa1,33505I5,DILUTION ZONE TEMP.,39,39,0,1120,0,3,41,5,0,1,2,2,1,1,3,0,29,12,2,2,0,true,1,1
33505I6A.CAD,3486,8a1369e42898,33505I6,IV TOWER DILUTION NOZZLE,101,101,0,2966,0,34,110,21,8,4,6,6,2,3,31,0,39,48,9,8,1,true,3,1
33505I7A.CAD,3336,a1230b291fab,33505I7,VALVE POSITION,92,92,0,2824,0,30,105,21,7,4,8,8,3,4,28,0,34,47,8,7,0,true,3,1
33505I8A.CAD,2114,cfe0b47f3adf,33505I8,VALVE POSITION,54,54,0,1652,0,18,59,10,4,3,4,4,2,1,17,0,21,30,5,4,0,true,2,1
33505I9A.CAD,2528,090e35c91db5,33505I9,WASH LIQUOR BYPASS FLOW,69,69,0,1974,0,36,73,19,10,0,3,3,0,3,32,0,6,53,11,11,3,true,2,1
33505J1A.CAD,3348,be4ca038a3f8,33505J1,VALVE POSITION,94,94,0,2734,0,32,102,15,9,5,5,5,3,2,32,0,36,62,7,7,0,true,1,1
33505J2A.CAD,2224,dc62e2968c36,33505J2,VALVE POSITION,61,61,0,1782,0,16,64,11,2,3,3,3,1,1,14,0,32,25,6,5,0,true,3,1
33505J3A.CAD,3000,8eea5edde997,33505J3,VALVE POSITION,85,85,0,2516,0,27,92,16,6,4,5,5,2,2,24,0,37,37,7,6,0,true,4,1
33505J4A.CAD,3608,e2cf47f810a2,33505J4,VALVE POSITION,111,111,0,3074,0,43,117,18,13,3,4,4,3,1,42,0,36,47,9,9,0,true,2,1
33505J5A.CAD,3696,d8f674e3a168,33505J5,VALVE POSITION,108,108,0,3128,0,36,122,23,6,2,8,8,3,5,35,0,42,62,12,12,1,true,2,1
33505J6A.CAD,1520,1136f67ed193,33505J6,BOTTOM DILUTION VALVE,41,41,0,1192,0,6,45,6,0,1,3,3,3,0,5,0,28,8,2,2,0,true,2,1
33505J7A.CAD,4810,b98c161a48a1,33505J7,VALVE POSITION,141,141,0,4142,0,53,158,30,14,3,9,9,6,4,51,0,44,81,14,14,0,true,2,1
33505J8A.CAD,3898,51e284f27e88,33505J8,VALVE POSITION,113,113,0,3328,0,42,126,23,12,4,8,8,2,5,40,0,36,58,11,10,0,true,3,1
33505J9A.CAD,4462,6e9b42e65ca7,33505J9,SCRUBBING TOWER SO,128,128,0,3802,0,53,144,28,14,3,10,10,4,4,49,0,35,73,14,12,1,true,3,1
33505K1A.CAD,3840,30f9d6ad9c26,33505K1,WARM WATER FLOW,107,107,0,3320,0,38,127,26,8,3,11,11,6,5,36,0,35,56,9,9,0,true,3,1
33505K2A.CAD,2372,a7563577047b,33505K2,RESH WATER FLOW,69,69,0,1964,0,17,77,12,4,1,5,5,5,0,17,0,34,32,7,7,0,true,1,1
33505K3A.CAD,1366,4227a66f98b3,33505K3,OXIGEN PRESSURE,36,36,0,1038,0,1,36,5,0,1,1,1,1,0,1,0,28,7,1,1,0,true,1,1
33505K4A.CAD,6976,ae9c1feb8465,33505K4,VALVE POSITION,202,202,0,6158,0,81,239,48,21,3,20,20,9,10,76,0,55,120,24,22,2,true,4,1
33505K6A.CAD,5864,5d4eb2f38a8a,33505K6,STK TO STG 3,189,189,0,5168,0,39,204,36,4,1,8,8,7,2,39,0,108,113,25,25,0,true,1,1
33505K7A.CAD,4150,c9daa004d48a,33505K7,STOCK STAGE 3 BRILIANCY,123,123,0,3512,0,45,139,26,9,0,9,9,6,3,43,0,43,74,17,17,1,true,2,1
33505K8A.CAD,3786,4628b897aa2e,33505K8,CLO  REF,117,117,0,3274,0,20,127,21,2,1,6,6,5,1,20,0,72,62,13,13,0,true,1,1
33505K9A.CAD,2958,1a6b329be782,33505K9,STOCK TO STAGE 4 BRIGHTNESS,84,84,0,2406,0,25,92,17,5,0,5,5,3,2,23,0,37,56,11,11,0,true,3,1
33505L0A.CAD,2732,72f3be6011aa,33505L0,VALVE POSITION,77,77,0,2258,0,25,81,16,6,3,3,3,2,1,23,0,30,37,6,6,0,true,2,1
33505L1A.CAD,5280,1a13e1b8611a,33505L1,CHEMICAL CONC. g/l,166,166,0,4394,0,42,165,37,5,0,1,1,0,0,41,0,81,155,37,36,0,true,2,1
33505L2A.CAD,6055,ba84ff50bd59,33505L2,ANUCIATION ALARM,167,167,0,5260,0,70,196,49,9,3,19,19,8,4,59,0,48,92,37,29,0,true,3,1
33505L3A.CAD,6074,cf3894f3e5a9,33505L3,PEROXIDE FLOW,176,176,0,5148,0,79,190,42,19,4,8,8,5,3,69,0,44,130,27,24,1,true,4,1
33505L4A.CAD,2348,9083342b1bdd,33505L4,LEVEL RECYCLE COOLING WATER,57,57,0,1864,0,20,65,13,3,5,6,6,3,1,18,0,21,34,7,5,0,true,2,1
33505L5A.CAD,2400,acf41454dcff,33505L5,SHOWER VALVE,62,62,0,1862,0,32,67,15,8,2,4,4,1,2,30,0,7,45,10,9,0,true,3,1
33505L6A.CAD,2390,32b7be15ac26,33505L6,FILTRATE TANK LEVEL CONTROL,59,59,0,1842,0,28,67,16,7,2,5,5,2,3,27,0,7,49,8,8,1,true,2,1
33505L7A.CAD,2242,8a270f01c03f,33505L7,WASH LIQUOR BYPASS FLOW,55,55,0,1652,0,26,59,14,7,3,3,3,2,1,25,0,7,48,8,8,0,true,2,1
33505L8A.CAD,2814,1035ac241d49,33505L8,WASH LIQUOR FLOW CONTROL 2,71,71,0,2160,0,35,77,20,8,3,5,5,2,1,32,0,9,66,14,12,0,true,3,1
33505L9A.CAD,3124,46665e978483,33505L9,FILTER VAT LEVEL,81,81,0,2484,0,40,95,22,10,4,8,8,3,4,37,0,11,66,12,11,0,true,4,1
33505M0A.CAD,2792,70fc3c9b36fa,33505M0,SCREW DILUTION FLOW CONTROL,71,71,0,2232,0,35,82,19,9,3,7,7,2,4,33,0,8,50,10,9,0,true,3,1
33505M1A.CAD,3660,58acd15831b6,33505M1,MC PUMP STAND PIPE LEVEL,93,93,0,3020,0,46,114,28,11,2,12,12,3,8,43,0,9,73,14,13,3,true,4,1
33505M2A.CAD,2468,f401a21bd6a2,33505M2,MC PUMP SPEED CONTROL,61,61,0,1906,0,28,71,16,7,3,6,6,4,2,26,0,10,51,8,8,0,true,3,1
33505M3A.CAD,1920,6450e8cb5cab,33505M3,SPEED CONTROL,45,45,0,1462,0,18,53,12,6,2,5,5,1,4,18,0,7,34,5,5,0,true,1,1
33505M4A.CAD,2606,04a85feb52d4,33505M4,SULPHURIC ACID FLOW CONTROL,65,65,0,2044,0,30,75,17,8,3,6,6,3,3,28,0,10,52,8,8,0,true,3,1
33505M5A.CAD,2132,2aad8eebd818,33505M5,D0 TOWER LAUNDER DILUTION,53,53,0,1600,0,25,57,13,7,3,3,3,2,1,24,0,7,44,7,7,0,true,2,1
33505M6A.CAD,2574,1baff7bd524d,33505M6,,63,63,0,1982,0,28,71,18,7,5,5,5,4,1,27,0,9,57,9,9,0,true,2,1
33505M7A.CAD,2510,03ba2b9898f7,33505M7,,64,64,0,1948,0,32,71,16,9,3,5,5,2,2,30,0,7,48,9,8,1,true,3,1
33505M8A.CAD,3920,39d1ffdc0728,33505M8,WASHER FLOW,106,106,0,3140,0,53,117,29,14,4,7,7,4,2,49,0,12,102,19,18,0,true,4,1
33505M9A.CAD,658,0d8d249c639f,33505M9,,9,9,0,330,0,1,9,2,0,1,1,1,1,0,1,0,4,7,1,1,0,true,1,1
33505N0A.CAD,1258,14bed7a178da,33505N0,PROPELLER AGITATOR AMMETER,33,33,0,930,0,1,33,3,0,1,1,1,1,0,1,0,27,8,1,1,0,true,1,1
33505N1A.CAD,1270,6c43b50b756b,33505N1,STOCK PUMP AMMETER,34,34,0,942,0,1,34,3,0,1,1,1,1,0,1,0,28,8,1,1,0,true,1,1
33505N2A.CAD,1958,2c88585c583c,33505N2A,,41,41,0,1420,0,14,53,17,2,5,7,7,5,2,14,0,6,60,10,10,0,true,1,1
33505N4A.CAD,1300,155e8395857b,33505N4,FILTERED TO,35,35,0,972,0,1,35,3,0,1,1,1,1,0,1,0,29,8,1,1,0,true,1,1
33505N5A.CAD,1254,b21fa0f8bd66,33505N5,FILTRATE PUMP AMMETER,33,33,0,926,0,1,33,3,0,1,1,1,1,0,1,0,27,8,1,1,0,true,1,1
33505N6A.CAD,1254,fe5678f4b8c3,33505N6,FILTRATE PUMP AMMETER,33,33,0,926,0,1,33,3,0,1,1,1,1,0,1,0,27,8,1,1,0,true,1,1
33505N7A.CAD,1254,86458b9797ad,33505N7,FILTRETE PUMP AMMETER,33,33,0,926,0,1,33,3,0,1,1,1,1,0,1,0,27,8,1,1,0,true,1,1
33505N8A.CAD,1254,11d3e271a701,33505N8,FILTRETE PUMP AMMETER,33,33,0,926,0,1,33,3,0,1,1,1,1,0,1,0,27,8,1,1,0,true,1,1
33505P1A.CAD,1254,9b3491ee37a3,33505P1,FILTRATE PUMP AMMETER,33,33,0,926,0,1,33,3,0,1,1,1,1,0,1,0,27,8,1,1,0,true,1,1
33505P2A.CAD,1260,8c0ec8f8261a,33505P2,FILTRATE/STOCK PUMP AMMETER,33,33,0,932,0,1,33,3,0,1,1,1,1,0,1,0,27,8,1,1,0,true,1,1
33505P3A.CAD,1260,b8acdc2b12ce,33505P3,FILTRATE/STOCK PUMP AMMETER,33,33,0,932,0,1,33,3,0,1,1,1,1,0,1,0,27,8,1,1,0,true,1,1
33505P4A.CAD,2192,3c0c55bbc9b0,33505P4,H2O2 SPEED CONTROL,56,56,0,1686,0,20,62,13,3,2,4,4,3,1,19,0,19,44,7,7,0,true,2,1
33505P5A.CAD,1982,e552670eb4a1,33505P5,VALVE POSITION,53,53,0,1558,0,12,57,7,3,3,3,3,2,1,12,0,29,24,2,2,0,true,1,1
33505P6A.CAD,2188,33d223dbf317,33505P6A,H2O2 SPEED CONTROL,56,56,0,1682,0,20,62,13,3,2,4,4,3,1,19,0,19,45,7,7,0,true,2,1
33505Q01.CAD,2988,741f0ff8ba65,33505Q0,,82,82,0,2406,0,26,92,16,7,4,6,6,4,2,26,0,31,56,8,8,1,true,1,1
33505Q1A.CAD,1262,962d4c0060b8,33505Q1,INCOMING PALP MACHINE CURRENT,33,33,0,934,0,1,33,3,0,1,1,1,1,0,1,0,27,8,1,1,0,true,1,1
33505Q2A.CAD,1262,be6063655ca9,33505Q2,INCOMING PULP MACHINE VOLTAGE,33,33,0,934,0,1,33,3,0,1,1,1,1,0,1,0,27,8,1,1,0,true,1,1
33505Q3A.CAD,1582,6c7ba8701d17,33505Q3,POWER FACTOR PULP MACHINE,41,41,0,1182,0,6,45,6,1,0,3,3,1,2,6,0,26,24,3,3,1,true,1,1
33505Q4A.CAD,1256,b3d2994b6d52,33505Q4,FEEDER TO TRAFO CURRENT,33,33,0,928,0,1,33,3,0,1,1,1,1,0,1,0,27,8,1,1,0,true,1,1
33505Q5A.CAD,1256,3c130ccb58a2,33505Q5,FEEDER TO TRAFO CURRENT,33,33,0,928,0,1,33,3,0,1,1,1,1,0,1,0,27,8,1,1,0,true,1,1
33505Q6A.CAD,1260,7bade25fe19c,33505Q6,FEEDER TO TRAFO 852 CURRENT,33,33,0,932,0,1,33,3,0,1,1,1,1,0,1,0,27,8,1,1,0,true,1,1
33505Q8A.CAD,1278,e3a0d240ffb4,33505Q8,FEEDER TO TRAFO 854B,34,34,0,950,0,1,34,3,0,1,1,1,1,0,1,0,28,8,1,1,0,true,1,1
33505Z0A.CAD,1882,169f0ed4dfda,33505Z0A,,38,38,0,1356,0,14,49,17,1,4,7,7,6,0,13,0,5,48,11,10,0,true,2,1
33505Z5A.CAD,2810,f0cfa0afa8cb,33505Z5,,48,48,0,2044,0,13,50,28,0,0,4,4,0,0,0,0,18,51,28,15,0,true,1,1
33505Z6A.CAD,2450,1f0fe6a264ed,33505Z6A,BLOCK SPARE,32,32,0,1364,0,8,33,30,0,0,1,1,0,0,1,0,1,88,28,22,0,true,3,1
33505Z7A.CAD,4396,186fc222ae1a,33505Z7,,80,80,0,3180,0,23,78,47,2,0,0,0,0,0,5,0,24,118,46,29,0,true,3,1
33505Z8A.CAD,4064,d6e6ba79c26c,33505Z8A,,115,115,0,3120,0,41,119,26,20,1,3,3,1,2,41,0,26,141,22,22,0,true,1,1
3390500A.CAD,5752,97b1d9e8c0c3,3390500,DRAWING NUMBER,211,211,0,5210,0,53,213,12,1,0,2,2,0,2,53,0,143,58,8,7,0,true,2,1
3390501A.CAD,10788,1395926984d0,3390501A,System Powered 4-20 mA,328,328,0,10252,0,50,358,70,2,15,15,15,0,15,40,0,216,45,3,3,0,true,2,1
3390502A.CAD,10432,b59e143cacda,3390502A,Externally Powered 4-20 mA,318,318,0,9896,0,42,344,68,2,13,13,13,0,13,38,0,210,43,3,3,0,true,2,1
3390503A.CAD,10508,5215dc036b90,3390503A,System Powered 4-20 mA,319,319,0,10000,0,41,349,70,2,15,15,15,0,15,40,0,207,42,3,3,0,true,2,1
3390504A.CAD,10480,0e0c5ec76778,3390504A,Externally Powered 4-20 mA,318,318,0,9972,0,40,348,70,2,15,15,15,0,15,40,0,206,36,3,3,3,true,1,1
3390505A.CAD,10438,3c2a73676e0b,3390505A,System Powered 4-20 mA,318,318,0,9930,0,39,345,69,2,14,14,14,0,14,39,0,207,37,3,3,5,true,1,1
3390506A.CAD,10412,0a19e41d0c02,3390506A,Externally Powered 4-20 mA,317,317,0,9904,0,39,345,69,2,14,14,14,0,14,39,0,207,40,3,3,2,true,1,1
3390507A.CAD,10474,9ae4f6556312,3390507A,System Powered 4-20 mA,319,319,0,9966,0,40,349,70,2,15,15,15,0,15,40,0,207,42,3,3,0,true,1,1
3390508A.CAD,10394,61da7ae252d8,3390508A,Externally Powered 4-20 mA,318,318,0,9886,0,40,346,69,2,14,14,14,0,14,39,0,208,40,3,3,0,true,2,1
3390509A.CAD,10448,24f89ba17a67,3390509A,System Powered 4-20 mA,317,317,0,9940,0,38,347,70,2,15,15,15,0,15,38,0,207,42,3,3,0,true,1,1
3390510A.CAD,9704,be37101c686c,3390510A,Externally Powered 4-20 mA,305,305,0,9196,0,33,319,62,3,7,7,7,0,7,33,0,207,29,3,3,0,true,1,1
3390511A.CAD,13002,118d97464517,3390511A,NOT USED,388,388,0,12484,0,71,444,94,1,28,28,28,28,0,70,0,223,63,2,2,0,true,3,1
3390512A.CAD,12997,7b2c4c55535a,3390512A,NOT USED,388,388,0,12508,0,71,444,94,1,28,28,28,28,0,70,0,223,62,2,2,0,true,3,1
3390513A.CAD,12734,28bf570af73b,3390513A,ASO11/MFC OR MFP & TDI01,384,384,0,12244,0,68,436,92,1,26,26,26,26,0,67,0,224,61,2,2,0,true,3,1
3390514A.CAD,16637,f8cfecaf4ab8,3390514A,RDI02 - FOR 220 VAC INPUTS,516,516,0,16316,0,176,544,98,0,14,14,14,0,14,167,0,251,19,2,2,1,true,3,1
3390515A.CAD,17583,75639bbf5abb,3390515A,RDI02 - FOR 220 VAC INPUTS,550,550,0,17262,0,209,578,98,0,14,14,14,0,14,168,0,284,19,2,2,1,true,3,1
3390516A.CAD,16682,4e1f0f86c00a,3390516A,RDI02 - FOR 220 VAC INPUTS,518,518,0,16360,0,178,546,98,0,14,14,14,0,14,168,0,252,20,2,2,0,true,3,1
3390517A.CAD,16701,9030b9eddbeb,3390517A,RDI02 - FOR 220 VAC INPUTS,519,519,0,16380,0,179,545,97,0,13,13,13,0,13,167,0,255,18,2,2,1,true,3,1
3390518A.CAD,15447,6965a33d649d,3390518A,RDI02 - FOR 220 VAC INPUTS,487,487,0,15126,0,158,493,87,0,3,3,3,0,3,157,0,243,9,2,2,1,true,3,1
3390519A.CAD,15142,17c35c644965,3390519A,RDI02 - FOR 220 VAC INPUTS,480,480,0,14820,0,154,480,84,0,0,0,0,0,0,154,0,242,6,2,2,0,true,2,1
3390520A.CAD,15142,d0f54929b5b9,3390520A,RDI02 - FOR 220 VAC INPUTS,480,480,0,14820,0,154,480,84,0,0,0,0,0,0,154,0,242,6,2,2,0,true,2,1
3390521A.CAD,7036,6de8c887e0f1,3390521A,TYPE      LOCATION,230,230,0,6608,0,24,248,32,0,9,9,9,9,0,24,0,174,20,3,3,0,true,2,1
3390522B.CAD,7485,8f7444396393,3390522B,TYPE      LOCATION,240,240,0,7058,0,29,268,37,0,14,14,14,14,0,29,0,174,25,3,3,0,true,2,1
3390523B.CAD,7666,ca5d2212c6ed,3390523B,TYPE      LOCATION,244,244,0,7238,0,31,276,39,0,16,16,16,16,0,31,0,174,27,3,3,0,true,2,1
3390524A.CAD,6590,79ebd0b67c60,3390524A,TYPE      LOCATION,220,220,0,6162,0,19,228,27,0,4,4,4,4,0,19,0,174,15,3,3,0,true,2,1
3390525A.CAD,6226,c3743103b569,3390525A,TYPE      LOCATION,212,212,0,5798,0,15,212,23,0,0,0,0,0,0,15,0,174,11,3,3,0,true,2,1
3390526A.CAD,6226,20003b0244e4,3390526A,TYPE      LOCATION,212,212,0,5798,0,15,212,23,0,0,0,0,0,0,15,0,174,11,3,3,0,true,2,1
3390527A.CAD,6226,eae6af97f8ca,3390527A,TYPE      LOCATION,212,212,0,5798,0,15,212,23,0,0,0,0,0,0,15,0,174,11,3,3,0,true,2,1
3390528A.CAD,6226,1f43fb3329b5,3390528A,TYPE      LOCATION,212,212,0,5798,0,15,212,23,0,0,0,0,0,0,15,0,174,11,3,3,0,true,2,1
3390555C.CAD,3046,e280bb44f13e,3390555,PULP MACHINE-STOCK PREP.,135,135,0,2690,0,92,136,8,2,2,2,2,1,1,92,0,30,15,4,4,0,true,2,1
3390556C.CAD,2184,519978d71d34,3390556,,60,60,0,1856,0,3,61,9,0,3,3,3,3,0,3,0,43,12,3,3,0,true,1,1
3390557C.CAD,1434,7e1aa0e59210,3390557,PULP MACHINE-STOCK PREP.,39,39,0,1126,0,1,38,3,0,1,1,1,1,0,1,0,32,4,1,1,0,true,1,1
3390558C.CAD,1434,b4aae8cb46ea,3390558,PULP MACHINE-STOCK PREP.,39,39,0,1126,0,1,38,3,0,1,1,1,1,0,1,0,32,4,1,1,0,true,1,1
3390559C.CAD,1434,ad6b34b33ad7,3390559,PULP MACHINE-STOCK PREP.,39,39,0,1126,0,1,38,3,0,1,1,1,1,0,1,0,32,4,1,1,0,true,1,1
3390560C.CAD,1428,2d0b01d68879,3390560,POWER DISTRIBUTION,39,39,0,1120,0,1,38,3,0,1,1,1,1,0,1,0,32,4,1,1,0,true,1,1
3390561C.CAD,1428,a26276a2875e,3390561,POWER DISTRIBUTION,39,39,0,1120,0,1,38,3,0,1,1,1,1,0,1,0,32,4,1,1,0,true,1,1
3390562C.CAD,1428,f35921ffa6b7,3390562,POWER DISTRIBUTION,39,39,0,1120,0,1,38,3,0,1,1,1,1,0,1,0,32,4,1,1,0,true,1,1
3390563C.CAD,1428,a60bc20a1264,3390563,POWER DISTRIBUTION,39,39,0,1120,0,1,38,3,0,1,1,1,1,0,1,0,32,4,1,1,0,true,1,1
3390564C.CAD,1428,dbab09c0a0e5,3390564C,POWER DISTRIBUTION,39,39,0,1120,0,1,38,3,0,1,1,1,1,0,1,0,32,4,1,1,0,true,1,1
3390565C.CAD,1428,50a730da6cb9,3390565,POWER DISTRIBUTION,39,39,0,1120,0,1,38,3,0,1,1,1,1,0,1,0,32,4,1,1,0,true,1,1
3390566C.CAD,1428,2d870c0055a3,3390566,POWER DISTRIBUTION,39,39,0,1120,0,1,38,3,0,1,1,1,1,0,1,0,32,4,1,1,0,true,1,1
3390567C.CAD,1382,e414fd20cd89,3390567,POWER DISTRIBUTION,37,37,0,1074,0,0,34,2,0,0,0,0,0,0,0,0,32,3,1,1,0,true,0,1
3390568C.CAD,3142,59af812551c6,3390568,CLOSED LIMIT SWITCH,100,100,0,2786,0,27,104,11,0,3,4,4,3,1,27,0,58,18,4,4,0,true,1,1
3390569C.CAD,3146,bbcc111ce73b,3390569,CLOSED LIMIT SWITCH,100,100,0,2790,0,27,104,11,0,3,4,4,3,1,27,0,58,18,4,4,0,true,1,1
3390570C.CAD,3866,09c391782dde,3390570,BROKE TANK,164,164,0,3428,0,103,168,10,5,3,3,3,2,1,102,0,45,27,5,5,0,true,3,1
3390571C.CAD,1644,8a55a1dd2281,3390571,STORAGE CHEST CURRENT,35,35,0,1116,0,9,36,9,1,2,2,2,2,0,9,0,13,26,4,4,0,true,1,1
3390572C.CAD,3394,15973e63efb0,3390572,PULP MACHINE-STOCK PREP.,143,143,0,2956,0,103,147,10,5,3,3,3,2,1,102,0,24,25,5,5,0,true,3,1
3390573C.CAD,1418,51c7d46dba12,3390573,,33,33,0,1032,0,14,37,9,3,2,3,3,2,1,14,0,5,21,6,6,0,true,1,1
3390576C.CAD,3876,226a5a10534a,3390576,BROKE TANK,164,164,0,3438,0,103,168,10,5,3,3,3,2,1,102,0,45,27,5,5,0,true,3,1
3390577C.CAD,6215,f431536aee8f,3390577,DKP CONTROL,258,258,0,5354,0,174,263,15,8,3,4,4,2,2,173,0,59,47,8,8,0,true,3,1
3390578C.CAD,4960,487a91fef594,3390578,WHITE WATER TANK,229,229,0,4458,0,166,234,14,5,3,4,4,2,2,166,0,41,43,7,7,0,true,2,1
3390579C.CAD,7194,58a024413f24,3390579,VALVE NO. 43FC239,299,299,0,6576,0,193,315,28,13,3,10,10,2,7,188,0,67,70,15,14,1,true,5,1
3390580C.CAD,4280,dc71358b1e2d,3390580,PULP MACHINE-STOCK PREP.,208,208,0,3856,0,157,211,8,2,3,3,3,2,1,157,0,38,25,2,2,0,true,2,1
3390581C.CAD,5746,01931a967077,3390581,STORAGE CHEST,255,255,0,5214,0,178,262,19,7,5,5,5,4,1,176,0,50,52,9,9,0,true,3,1
3390582C.CAD,5268,80188101dd3b,3390582,REJECT FLOW FROM PRESSURE,239,239,0,4794,0,172,246,16,5,3,5,5,3,2,170,0,45,37,6,6,0,true,3,1
3390583C.CAD,7058,e0911ae785ec,3390583,STOCK FLOW TO PRESSURE SCREEN 003,297,297,0,6464,0,200,314,27,16,4,10,10,5,5,198,0,53,68,12,12,1,true,3,1
3390584C.CAD,5684,4ac0682ae2d5,3390584,STORAGE CHEST STOCK PUMP,254,254,0,5154,0,179,261,18,8,4,5,5,3,2,177,0,48,50,9,9,0,true,4,1
3390585C.CAD,4948,d5c6cb8624c5,3390585,RATIO FOR 851FC011,149,149,0,4360,0,35,169,25,6,4,11,11,10,1,34,0,82,76,13,13,1,true,2,1
3390586C.CAD,6032,584f3b7b405a,3390586,STORAGE CHEST STOCK PUMP,265,265,0,5488,0,186,274,21,10,4,6,6,3,3,183,0,48,53,10,10,1,true,4,1
3390587C.CAD,4856,73b8f0a1e9aa,3390587,STOCK FLOW TO CENTRICLEANER,147,147,0,4268,0,36,169,26,6,4,12,12,10,2,35,0,78,77,13,13,0,true,2,1
3390588C.CAD,5734,c40643ac4165,3390588,TRACKING RATIO OF 851FC011,217,217,0,5204,0,122,237,25,9,4,11,11,6,5,121,0,60,59,11,11,1,true,3,1
3390589C.CAD,4262,dda7987dfd28,3390589,PULP MACHINE-STOCK PREP.,182,182,0,3798,0,124,187,14,6,4,4,4,2,2,123,0,36,35,7,7,0,true,3,1
3390591C.CAD,5294,ef33956cc868,3390591,ALSO USED ON,240,240,0,4820,0,172,247,16,5,3,5,5,3,2,170,0,46,38,6,6,0,true,3,1
3390593C.CAD,5324,65681d1a4921,3390593,REJECT FLOW FROM CENTRIFUGAL,240,240,0,4820,0,172,247,16,6,4,5,5,4,1,171,0,44,45,7,7,0,true,3,1
3390594C.CAD,1108,36b9eaac7658,3390594,CENTRIFUGAL CLEANER 1,26,26,0,780,0,5,25,3,0,1,1,1,1,0,5,0,15,8,1,1,0,true,1,1
3390595C.CAD,1160,d890bafb6c62,3390595,CENTRIFUGAL CLEANER 1,27,27,0,832,0,5,26,4,0,1,1,1,1,0,5,0,15,7,1,1,0,true,1,1
3390596C.CAD,1158,e095f7057d9f,3390596,CENTRIFUGAL CLEANER 1,27,27,0,830,0,5,26,4,0,1,1,1,1,0,5,0,15,8,1,1,0,true,1,1
3390597C.CAD,5850,a76cfbaf8191,3390597,REJECT FLOW FROM CENTRIFUGAL,257,257,0,5336,0,176,268,19,7,4,7,7,5,2,175,0,53,49,8,8,1,true,3,1
3390598C.CAD,1701,f9d8f8a998f8,3390598,CENTRIFUGAL CLEANER II,40,40,0,1302,0,8,42,9,0,2,3,3,2,0,7,0,21,21,4,3,0,true,2,1
3390599C.CAD,1156,eea4a6fde114,3390599,CENTRIFUGAL CLEANER II,27,27,0,828,0,5,26,4,0,1,1,1,1,0,5,0,15,8,1,1,0,true,1,1
33905A0A.CAD,5602,40b7599357d3,33905A0,STOCK PUMP III STAGE,251,251,0,5064,0,178,256,17,8,4,4,4,3,1,177,0,46,47,9,9,0,true,3,1
33905A1A.CAD,1110,3c5b5ce18bb5,33905A1,CENTRIFUGAL CLEANER III,26,26,0,782,0,5,25,3,0,1,1,1,1,0,5,0,15,8,1,1,0,true,1,1
33905A2A.CAD,1415,df5da26b7d76,33905A2,CENTRIFUGAL CLEANER III,33,33,0,1058,0,6,34,7,0,2,2,2,2,0,6,0,17,16,2,2,0,true,1,1
33905A3A.CAD,5336,4516dcfad6e3,33905A3,STOCK PUMP IV STAGE,242,242,0,4832,0,172,247,15,7,4,4,4,3,1,171,0,46,43,7,7,0,true,3,1
33905A4A.CAD,1158,f3f34a53c988,33905A4,CENTRIFUGAL CLEANER IV,27,27,0,830,0,5,26,4,0,1,1,1,1,0,5,0,15,8,1,1,0,true,1,1
33905A5A.CAD,1156,e3668109ce55,33905A5,CENTRIFUGAL CLEANER IV,27,27,0,828,0,5,26,4,0,1,1,1,1,0,5,0,15,8,1,1,0,true,1,1
33905A6A.CAD,1156,4d9429444e7f,33905A6,CENTRIFUGAL CLEANER IV,27,27,0,828,0,5,26,4,0,1,1,1,1,0,5,0,15,8,1,1,0,true,1,1
33905A7A.CAD,5314,0be8e91f89aa,33905A7,STOCK PUMP V STAGE,242,242,0,4810,0,173,247,15,7,4,4,4,3,1,172,0,45,42,7,7,0,true,3,1
33905A8A.CAD,1108,a4d1e8722183,33905A8,CENTRIFUGAL CLEANER IV,26,26,0,780,0,5,25,3,0,1,1,1,1,0,5,0,15,8,1,1,0,true,1,1
33905A9A.CAD,1158,7de946424057,33905A9,CENTRIFUGAL CLEANER V,27,27,0,830,0,5,26,4,0,1,1,1,1,0,5,0,15,8,1,1,0,true,1,1
33905B0A.CAD,1544,b39b62aced69,33905B0,CENRTRIFUGAL CLENER V-STAGE,42,42,0,1204,0,7,41,5,1,1,1,1,1,0,7,0,26,10,2,2,0,true,1,1
33905B1A.CAD,1158,3454f1095897,33905B1,CENTRIFUGAL CLEANER V,27,27,0,830,0,5,26,4,0,1,1,1,1,0,5,0,15,8,1,1,0,true,1,1
33905B2A.CAD,5114,18361dc50467,33905B2,SPLASH WATER PUMP FOR,236,236,0,4652,0,169,241,13,5,4,4,4,3,1,168,0,47,33,5,5,0,true,3,1
33905B3A.CAD,1158,6250c2a1cc2e,33905B3,CENTRIFUGAL CLEANER VI,27,27,0,830,0,5,26,4,0,1,1,1,1,0,5,0,15,8,1,1,0,true,1,1
33905B4A.CAD,1156,fa8f68f42184,33905B4,CENTRIFUGAL CLEANER VI,27,27,0,828,0,5,26,4,0,1,1,1,1,0,5,0,15,8,1,1,0,true,1,1
33905B5A.CAD,9338,9db81aeebda4,33905B5,DRAWING NUMBER,397,397,0,8690,0,223,412,26,12,3,9,9,3,6,221,0,135,73,12,12,0,true,3,1
33905B6A.CAD,2572,cf7a6da043ff,33905B6,STOCK CHEST LEVEL,69,69,0,2098,0,17,81,13,2,3,7,7,5,2,16,0,36,32,5,5,0,true,2,1
33905B7A.CAD,2830,7d656c29c50f,33905B7,MACHINE CHEST LEVEL,118,118,0,2464,0,72,119,8,3,1,2,2,1,1,72,0,32,18,4,4,0,true,2,1
33905B8A.CAD,7111,c5ecc736d257,33905B8,ALSO USED ON,251,251,0,6394,0,131,276,40,15,3,14,14,7,7,126,0,67,101,22,22,1,true,4,1
33905B9A.CAD,5420,bbfaccbb2d18,33905B9,PULP MACHINE,211,211,0,4848,0,130,225,22,14,3,8,8,4,4,129,0,44,61,12,12,1,true,3,1
33905C0A.CAD,9458,aa2fcfc36b33,33905C0,LEVEL LT-043,378,378,0,8554,0,218,393,45,18,7,9,9,6,3,214,0,98,136,29,29,1,true,3,1
33905C1A.CAD,2828,37d1108d6653,33905C1,PULP MACHINE,122,122,0,2392,0,94,124,5,2,1,2,2,1,1,93,0,20,23,3,2,0,true,3,1
33905C2A.CAD,4228,2f6634cde68d,33905C2,PRESS SCREEN 006,163,163,0,3476,0,109,167,14,6,3,3,3,2,1,106,0,35,38,7,7,0,true,3,1
33905C3A.CAD,5288,f3115ea1ff58,33905C3,STOCK DILUTION TO PRESSURE,192,192,0,4716,0,109,209,27,11,2,10,10,6,4,107,0,44,62,13,13,0,true,3,1
33905C4A.CAD,3700,360e5a0b8fd3,33905C4,HEAD BOX TEMPERATURE,170,170,0,3276,0,125,173,7,1,3,3,3,2,1,125,0,34,23,3,3,0,true,2,1
33905C5A.CAD,1552,c25541f32576,33905C5,RECTIFIER ROLL 1&2 CURRENT,38,38,0,1194,0,10,38,8,0,2,2,2,2,0,10,0,16,16,2,2,0,true,1,1
33905C6A.CAD,5352,fecd252eefd6,33905C6,STOCK PUMP VI STAGE,243,243,0,4848,0,173,248,15,7,4,4,4,3,1,172,0,46,43,7,7,0,true,3,1
33905C7A.CAD,2976,6cf1dacf741b,33905C7,LEVEL IN BROKE TANK 1,120,120,0,2610,0,71,125,10,2,1,4,4,1,3,71,0,34,20,4,4,0,true,2,1
33905C8A.CAD,2982,83aa3ab3f380,33905C8,LEVEL IN BROKE TANK 2,120,120,0,2616,0,71,125,10,2,1,4,4,1,3,71,0,34,19,4,4,0,true,2,1
33905C9A.CAD,1132,cc026d8c0428,33905C9,CENTRIFUGAL CLEANER VI,27,27,0,804,0,4,26,3,0,1,1,1,1,0,4,0,17,8,1,1,0,true,1,1
33905D0A.CAD,5750,cba82d83996e,33905D0,STOCK DILUTION TO PRESSURE,246,246,0,5090,0,172,259,18,5,3,8,8,5,3,171,0,49,41,6,6,0,true,3,1
33905D1A.CAD,5372,3555f4696c7d,33905D1,STOCK CHEST STOCK PUMP,244,244,0,4868,0,174,249,15,7,4,4,4,3,1,172,0,47,43,7,7,0,true,4,1
33905D2A.CAD,1144,17add65528fb,33905D2,BROKE TK 1 AGITATOR,26,26,0,816,0,4,25,4,0,1,1,1,1,0,4,0,15,8,1,1,0,true,1,1
33905D3A.CAD,1160,9648f8fb7c5b,33905D3,BROKE TK 2 AGITATOR,27,27,0,832,0,5,26,4,0,1,1,1,1,0,5,0,15,8,1,1,0,true,1,1
33905D4A.CAD,1134,a97527f2b1a0,33905D4,STORAGE CHEST AGITATOR,26,26,0,806,0,5,25,4,0,1,1,1,1,0,5,0,14,8,1,1,0,true,1,1
33905D5A.CAD,620,1e2689df0eef,33905D5A,,8,8,0,292,0,1,10,4,0,1,1,1,1,0,1,0,3,7,1,1,0,true,1,1
33905D6A.CAD,1102,b1c71025eff7,33905D6,STOCK CHEST AGITATOR,26,26,0,774,0,5,25,3,0,1,1,1,1,0,5,0,15,8,1,1,0,true,1,1
33905D7A.CAD,1134,ba61d9ecee79,33905D7,MACHINE CHEST AGITATOR,26,26,0,806,0,5,25,4,0,1,1,1,1,0,5,0,14,8,1,1,0,true,1,1
33905D8A.CAD,1092,bfd8331d3998,33905D8,MC PUMP CURRENT,25,25,0,764,0,5,24,4,0,1,1,1,1,0,5,0,13,8,1,1,0,true,1,1
33905D9A.CAD,2246,d7c81bda0f7e,33905D9,FILTERED WATER TO WHITE WATER,73,73,0,1836,0,31,74,5,2,2,2,2,0,2,31,0,32,19,2,2,0,true,1,1
33905E0A.CAD,1608,5f8b7a74f682,33905E0,PULP MACHINE-STOCK PREP.,45,45,0,1268,0,7,44,5,1,1,1,1,1,0,7,0,29,11,2,2,0,true,1,1
33905E1A.CAD,1486,16fa3c5c0335,33905E1,PULP MACHINE-STOCK PREP.,41,41,0,1158,0,5,40,4,0,1,1,1,1,0,5,0,29,8,1,1,0,true,1,1
33905E2A.CAD,1658,6ca79a1dc1db,33905E2,PRESSURE INDICATION FOR,47,47,0,1318,0,7,46,5,1,1,1,1,1,0,7,0,31,10,2,2,0,true,1,1
33905E3A.CAD,1742,70d0a904b6c1,33905E3,PULP MACHINE-STOCK PREP.,49,49,0,1402,0,8,50,6,1,1,2,2,1,1,8,0,31,10,2,2,0,true,1,1
33905E4A.CAD,1644,d943ea568cf6,33905E4,WET END PULPER STOCK PUMP,47,47,0,1304,0,7,46,5,1,1,1,1,1,0,7,0,31,9,2,2,0,true,1,1
33905E5A.CAD,1652,c7ff3c0b3cdb,33905E5,TEMPERATURE MEASURING IN,47,47,0,1312,0,7,46,5,1,1,1,1,1,0,7,0,31,10,2,2,0,true,1,1
33905E6A.CAD,1614,b861d01a2bfa,33905E6,TEPERATURE IN DRYER,46,46,0,1274,0,7,45,5,1,1,1,1,1,0,7,0,30,10,2,2,0,true,1,1
33905E7A.CAD,1648,83658018d09b,33905E7A,TEMPERATURE OF EXHAUST,47,47,0,1308,0,7,46,5,1,1,1,1,1,0,7,0,31,10,2,2,0,true,1,1
33905E8A.CAD,1658,a46b43f17f01,33905E8,TEMPERATURE OF EXHAUST,47,47,0,1318,0,7,46,5,1,1,1,1,1,0,7,0,31,10,2,2,0,true,1,1
33905E9A.CAD,1666,3b4b211d2f11,33905E9,TEMPERATURE OF DRYINGE WATER,47,47,0,1326,0,7,46,5,1,1,1,1,1,0,7,0,31,10,2,2,0,true,1,1
33905F0A.CAD,1654,7d1a585abcaf,33905F0,DRYER HEAT EXCHANGER,47,47,0,1314,0,7,46,5,1,1,1,1,1,0,7,0,31,10,2,2,0,true,1,1
33905F1A.CAD,1640,00e7ab83b091,33905F1,TEMPERATURE COOLING AIR,47,47,0,1300,0,7,46,5,1,1,1,1,1,0,7,0,31,10,2,2,0,true,1,1
33905F2A.CAD,2094,999838b713f4,33905F2,DC DRIVE P/M ROOM TEMP.,58,58,0,1694,0,11,61,10,1,2,3,3,2,1,11,0,33,25,5,5,0,true,1,1
33905F3A.CAD,4896,57052944d15d,33905F3,AUTO ONLY,203,203,0,4374,0,131,212,14,7,6,6,6,3,3,130,0,49,40,5,5,0,true,3,1
33905F4A.CAD,4201,a059e39142ea,33905F4,AUTO ONLY,180,180,0,3764,0,116,186,11,5,4,4,4,2,2,115,0,47,26,4,4,0,true,3,1
33905F5A.CAD,2675,712d28e2e296,33905F5,SEAL WATER PRESSURE,82,82,0,2328,0,21,83,8,1,1,2,2,1,1,7,0,63,14,5,5,0,true,2,1
33905F6A.CAD,1086,6fd94b9b980a,33905F6,VACUM PUMP CURRENT,25,25,0,758,0,5,24,4,0,1,1,1,1,0,5,0,13,7,1,1,0,true,1,1
33905F7A.CAD,1636,88525395ab15,33905F7,VOLTAGE MEASURING,36,36,0,948,0,4,34,3,1,0,0,0,0,0,3,0,27,5,2,2,0,true,2,1
33905F8A.CAD,1638,5f8f247a0851,33905F8,CURRENT MEASURING,36,36,0,950,0,4,34,3,1,0,0,0,0,0,3,0,27,5,2,2,0,true,2,1
33905F9A.CAD,1638,64a0421d266e,33905F9,VOLTAGE MEASURING,36,36,0,950,0,4,34,3,1,0,0,0,0,0,3,0,27,5,2,2,0,true,2,1
33905G0A.CAD,1638,855213bff3f9,33905G0,CURRENT MEASURING,47,47,0,1298,0,7,46,5,1,1,1,1,1,0,7,0,31,10,2,2,0,true,1,1
33905G1A.CAD,1638,bb4ebac65d57,33905G1,VOLTAGE MEASURING,47,47,0,1298,0,7,46,5,1,1,1,1,1,0,7,0,31,10,2,2,0,true,1,1
33905G2A.CAD,1638,c6fbbe848d01,33905G2,PULP MACHINE-STOCK PREP.,47,47,0,1298,0,7,46,5,1,1,1,1,1,0,7,0,31,10,2,2,0,true,1,1
33905G3A.CAD,1638,a26a345aa993,33905G3,VOLTAGE MEASURING,47,47,0,1298,0,7,46,5,1,1,1,1,1,0,7,0,31,10,2,2,0,true,1,1
33905G4A.CAD,1638,1633a273cefa,33905G4,CURRENT MEASURING,36,36,0,950,0,4,34,3,1,0,0,0,0,0,3,0,27,5,2,2,0,true,2,1
33905G5A.CAD,1638,e8116acaf436,33905G5,VOLTAGE MEASURING,47,47,0,1298,0,7,46,5,1,1,1,1,1,0,7,0,31,10,2,2,0,true,1,1
33905G6A.CAD,1638,1f552336821e,33905G6,CURRENT MEASURING,36,36,0,950,0,4,34,3,1,0,0,0,0,0,3,0,27,5,2,2,0,true,2,1
33905G7A.CAD,1638,391e58cab57c,33905G7,VOLTAGE MEASURING,47,47,0,1298,0,7,46,5,1,1,1,1,1,0,7,0,31,10,2,2,0,true,1,1
33905G8A.CAD,1638,b660976483b5,33905G8,CURRENT MEASURING,47,47,0,1298,0,7,46,5,1,1,1,1,1,0,7,0,31,10,2,2,0,true,1,1
33905G9A.CAD,1638,a951dfbf4437,33905G9,VOLTAGE MEASURING,47,47,0,1298,0,7,46,5,1,1,1,1,1,0,7,0,31,10,2,2,0,true,1,1
33905H1A.CAD,1646,4c0ea2211837,33905H1,VOLTAGE MEASURING MCC,47,47,0,1306,0,7,46,5,1,1,1,1,1,0,7,0,31,10,2,2,0,true,1,1
33905H2A.CAD,2049,6377277a76e1,33905H2,PULP MACHINE-STOCK PREP.,56,56,0,1684,0,10,58,9,1,2,3,3,2,1,10,0,32,17,4,4,0,true,1,1
33905H3A.CAD,8138,1bba8fd70d31,33905H3,WHETE WATER TK,247,247,0,7154,0,110,274,65,11,2,15,15,12,2,106,0,63,148,50,47,0,true,3,1
33905H4A.CAD,1072,c086ee1f02c4,33905H4,MILL AIR HEADER PRESSURE,24,24,0,744,0,5,23,4,0,1,1,1,1,0,5,0,12,8,1,1,0,true,1,1
33905H5A.CAD,1480,a4c4ad207aa5,33905H5,REJECT/ACCEPT PRESSURE,35,35,0,1122,0,10,35,8,0,2,2,2,2,0,10,0,13,16,2,2,0,true,1,1
33905H6A.CAD,1012,93afdc9a6167,33905H6,INLET PRESSURE,23,23,0,684,0,5,22,3,0,1,1,1,1,0,5,0,12,8,1,1,0,true,1,1
33905H7A.CAD,5354,da6d68da30c4,33905H7,PULP MACHINE-STOCK PREP.,244,244,0,4834,0,173,249,16,7,4,4,4,3,1,172,0,46,46,8,8,0,true,3,1
33905H8A.CAD,1163,7bb06aa6b494,33905H8,M003 FEED PUMP CURRENT,27,27,0,820,0,6,26,5,0,1,1,1,1,0,6,0,13,11,2,2,0,true,1,1
33905H9A.CAD,3422,6972265cf3aa,33905H9,STOCK TO STAGE 2 VLV,147,147,0,3002,0,97,151,9,3,3,3,3,2,1,96,0,37,24,4,4,0,true,3,1
33905I0A.CAD,3832,1bfd6cb7185a,33905I0A,PULP MACHINE-STOCK PREP.,111,111,0,3160,0,54,120,20,15,4,6,6,2,3,50,0,24,69,10,9,0,true,3,1
33905I1A.CAD,2706,b1c690b3a779,33905I1A,FEED PUMP MOTOR CURRENT,68,68,0,2172,0,26,75,19,5,5,5,5,4,1,25,0,16,49,9,9,0,true,2,1
33905I2A.CAD,915,cb999bda6639,33905I2,LP STEAM PRESSURE SGP,19,19,0,576,0,2,17,2,0,0,0,0,0,0,1,0,14,6,2,1,0,true,2,1
33905I3A.CAD,3524,c203d9902d31,33905I3A,,87,87,0,2860,0,38,102,28,9,8,8,8,7,2,36,0,12,76,13,13,0,true,2,1
33905I4A.CAD,3363,5839edb1267c,33905I4,BYPASS SWITCHES,96,96,0,2862,0,30,106,12,6,0,6,6,0,6,17,0,59,23,6,6,1,true,2,1
33905I7A.CAD,3240,c9fdfb06e17f,33905I7,STATUS FEEDBACK,106,106,0,2802,0,37,111,15,4,2,4,4,3,1,37,0,47,33,9,9,0,true,1,1
33905I8A.CAD,5401,d76431655b1b,33905I8,M031 FAN PUMP,167,167,0,4878,0,53,187,32,5,7,11,11,11,1,52,0,75,62,17,17,0,true,2,1
33905I9A.CAD,5219,eaeded35a640,33905I9,PULP MACHINE-STOCK PREP.,166,166,0,4556,0,73,184,29,7,7,11,11,7,4,72,0,54,52,13,13,0,true,2,1
33905J1A.CAD,5257,827f55167ca2,33905J1,WHITE WATER PMP,164,164,0,4728,0,51,185,31,4,7,12,12,10,2,51,0,75,62,16,16,0,true,1,1
33905J2A.CAD,2318,7e72d2596626,33905J2,STORAGE CHEST STOCK PUMP 004,75,75,0,1890,0,30,75,10,2,0,1,1,1,0,30,0,31,28,8,8,0,true,1,1
33905J3A.CAD,3924,07829240c9e2,33905J3,STATUS FEEDBACK,120,120,0,3480,0,37,135,22,3,3,9,9,6,3,36,0,56,40,10,10,0,true,2,1
33905J5A.CAD,3579,bd65539ce071,33905J5,STATUS FEEDBACK,101,101,0,2818,0,32,110,16,2,3,6,6,4,2,31,0,49,30,7,7,0,true,2,1
33905J6A.CAD,4147,492d0d65f313,33905J6,STATUS FEEDBACK,125,125,0,3550,0,44,136,28,3,5,7,7,4,3,43,0,48,52,15,15,1,true,2,1
33905J7A.CAD,3300,79a3bd0067c6,33905J7,RUN REQUEST,106,106,0,2854,0,37,111,17,3,2,4,4,3,1,36,0,47,35,10,10,0,true,2,1
33905J8A.CAD,3552,5099511447bf,33905J8,STATUS FEEDBACK,115,115,0,3106,0,38,122,17,3,3,5,5,4,1,38,0,54,36,10,10,0,true,1,1
33905J9A.CAD,3564,31e174d95a11,33905J9,STATUS FEEDBACK,116,116,0,3118,0,39,123,17,3,3,5,5,4,1,39,0,54,36,10,10,0,true,1,1
33905K1A.CAD,3504,79f4943dd897,33905K1,STATUS FEEDBACK,112,112,0,3058,0,36,119,17,3,3,5,5,4,1,36,0,53,36,10,10,0,true,1,1
33905K2A.CAD,3280,d39579e21542,33905K2,STATUS FEEDBACK,108,108,0,2842,0,37,113,15,4,2,4,4,3,1,37,0,49,33,9,9,0,true,1,1
33905K3A.CAD,4869,50d930e624b3,33905K3,STATUS FEEDBACK,154,154,0,4358,0,53,170,27,6,3,10,10,5,4,51,0,67,52,16,15,0,true,3,1
33905K4A.CAD,5909,29abd97c4abb,33905K4,STATUS FEEDBACK,183,183,0,5354,0,61,208,34,7,6,14,14,9,5,58,0,81,64,18,18,1,true,2,1
33905K5A.CAD,3512,28ca2823aba7,33905K5,III STAGE STOCK PUMP,113,113,0,3066,0,36,120,17,3,3,5,5,4,1,36,0,54,36,10,10,0,true,1,1
33905K7A.CAD,3268,3786eaa76635,33905K7,STATUS FEEDBACK,107,107,0,2830,0,37,112,15,4,2,4,4,3,1,37,0,48,33,9,9,0,true,1,1
33905K8A.CAD,3644,310523019a0b,33905K8,WHITE WATER TANK LEVEL,118,118,0,3196,0,38,125,17,3,2,5,5,4,1,38,0,57,37,10,10,0,true,1,1
33905K9A.CAD,2508,1caf3c5c757e,33905K9,STATUS FEEDBACK,83,83,0,2126,0,29,84,10,2,2,2,2,1,1,29,0,39,20,6,6,0,true,1,1
33905L1A.CAD,3090,c97b675a96ee,33905L1,STATUS FEEDBACK,101,101,0,2662,0,34,106,14,3,2,4,4,3,1,34,0,47,31,8,8,0,true,1,1
33905L2A.CAD,4066,dc1db64b65b9,33905L2,STATUS FEEDBACK,128,128,0,3570,0,43,141,24,3,4,8,8,6,2,43,0,55,48,14,14,1,true,1,1
33905L3A.CAD,3116,34576330d79f,33905L3,STATUS FEEDBACK,99,99,0,2668,0,32,104,16,2,2,4,4,3,1,32,0,46,36,10,10,0,true,1,1
33905L4A.CAD,3764,0e03d2786621,33905L4,STATUS FEEDBACK,122,122,0,3300,0,42,131,20,4,2,6,6,5,1,42,0,53,42,12,12,0,true,1,1
33905L5A.CAD,3206,7b5395fe2844,33905L5,STATUS FEEDBACK,104,104,0,2768,0,37,109,15,4,2,4,4,3,1,37,0,45,33,9,9,0,true,1,1
33905L6A.CAD,3236,53a1ceb2c526,33905L6,STATUS FEEDBACK,105,105,0,2788,0,38,108,16,3,2,3,3,2,1,36,0,47,32,10,9,0,true,3,1
33905L7A.CAD,3640,43647195d2bb,33905L7,STATUS FEEDBACK,118,118,0,3188,0,37,122,19,3,3,4,4,3,1,37,0,55,40,12,12,0,true,1,1
33905L8A.CAD,3586,09b600556086,33905L8,STATUS FEEDBACK,117,117,0,3134,0,38,121,18,3,3,4,4,3,1,38,0,54,40,12,12,0,true,1,1
33905L9A.CAD,2672,e83461ca75f9,33905L9,STATUS FEEDBACK,87,87,0,2290,0,28,90,11,1,2,3,3,2,1,28,0,44,21,6,6,0,true,1,1
33905M0A.CAD,2671,6ac0495adf88,33905M0A,STATUS FEEDBACK,61,61,0,1770,0,10,63,11,2,2,2,2,1,1,10,0,36,20,6,6,0,true,1,1
33905M1A.CAD,1538,c4accd3aa7b3,33905M1,PULP MACHINE-STOCK PREP.,43,43,0,1210,0,5,42,5,0,1,1,1,1,0,5,0,30,7,1,1,0,true,1,1
33905M3A.CAD,2013,02ce8ab0e655,33905M3,PULP MACHINE-STOCK PREP.,53,53,0,1656,0,6,54,12,0,2,2,2,2,0,6,0,32,14,2,2,0,true,1,1
33905M4A.CAD,1542,fc2da99d8b68,33905M4,PULP MACHINE-STOCK PREP.,43,43,0,1214,0,5,42,5,0,1,1,1,1,0,5,0,30,7,1,1,0,true,1,1
33905M5A.CAD,1506,bda104ad8e1b,33905M5,PULP MACHINE-STOCK PREP.,40,40,0,1178,0,2,39,5,0,1,1,1,1,0,2,0,30,7,1,1,0,true,1,1
33905M6A.CAD,1506,48387bd0e5ac,33905M6,PULP MACHINE-STOCK PREP.,40,40,0,1178,0,2,39,5,0,1,1,1,1,0,2,0,30,7,1,1,0,true,1,1
33905M7A.CAD,1500,e78d853d865b,33905M7,PULP MACHINE-STOCK PREP.,42,42,0,1172,0,5,41,4,0,1,1,1,1,0,5,0,30,7,1,1,0,true,1,1
33905M8A.CAD,1994,0fc3329d656d,33905M8,PULP MACHINE-STOCK PREP.,52,52,0,1606,0,6,55,11,0,3,3,3,3,0,6,0,32,21,3,3,0,true,1,1
33905M9A.CAD,2034,1abf400c536d,33905M9,PULP MACHINE-STOCK PREP.,54,54,0,1646,0,7,57,11,0,3,3,3,3,0,7,0,33,22,3,3,0,true,1,1
33905N1A.CAD,2012,e17a15e2340c,33905N1,PULP MACHINE-STOCK PREP.,53,53,0,1598,0,7,56,10,0,3,3,3,2,1,7,0,33,26,3,3,0,true,1,1
33905N2A.CAD,1815,1e761b82d22d,33905N2,PULP MACHINE-STOCK PREP.,49,49,0,1458,0,5,50,8,0,2,2,2,2,0,5,0,33,14,2,2,0,true,1,1
33905N3A.CAD,1528,a96ff430b538,33905N3,PULP MACHINE-STOCK PREP.,42,42,0,1200,0,4,41,5,0,1,1,1,1,0,4,0,30,7,1,1,0,true,1,1
33905N4A.CAD,1868,494b777675c1,33905N4,PULP MACHINE-STOCK PREP.,52,52,0,1504,0,9,53,9,1,1,2,2,1,1,9,0,30,17,4,4,0,true,1,1
33905N5A.CAD,1528,9d5dc6a5d81f,33905N5A,PULP MACHINE-STOCK PREP.,41,41,0,1200,0,3,40,5,0,1,1,1,1,0,3,0,30,7,1,1,0,true,1,1
33905N6A.CAD,1737,c0db9b20a0fa,33905N6,PULP MACHINE-STOCK PREP.,46,46,0,1400,0,6,47,8,0,2,2,2,2,0,6,0,29,11,2,2,0,true,1,1
33905N7A.CAD,1726,aa2200ee33b4,33905N7,PULP MACHINE-STOCK PREP.,46,46,0,1398,0,6,47,6,0,1,2,2,1,1,6,0,31,8,1,1,0,true,1,1
33905N8A.CAD,4320,22d586ea90df,33905N8A,,208,208,0,3858,0,172,211,13,6,2,2,2,1,1,170,0,18,30,5,5,0,true,3,1
33905N9A.CAD,2154,a162a801cf08,33905N9A,,52,52,0,1682,0,14,60,16,3,4,4,4,2,2,14,0,19,35,5,5,0,true,1,1
33905P1A.CAD,2780,c54862994606,33905P1,FLOW HEAD BOX CIRCULATION,112,112,0,2340,0,77,115,9,3,1,3,3,3,0,76,0,21,32,5,5,0,true,3,1
33905P2A.CAD,1094,98f67bf337de,33905P2,FLOW BASIS WEIGHT,28,28,0,744,0,8,26,3,3,0,0,0,0,0,7,0,13,10,2,2,0,true,2,1
33905Q1A.CAD,2124,8aadb45c34d6,33905Q1A,PULP MACHINE,92,92,0,1770,0,68,91,5,1,1,1,1,1,0,68,0,15,15,3,3,0,true,2,1
33905Z0A.CAD,13660,af7d7d72f180,33905Z0,WHITE WATER PUMP,393,393,0,12386,0,118,476,76,22,18,42,42,24,18,114,0,180,186,31,31,0,true,3,1
33905Z1A.CAD,5896,09bd5227961b,33905Z1,BLEACH PLANT,163,163,0,5118,0,57,203,43,7,4,21,21,13,7,55,0,57,98,22,21,1,true,3,1
33905Z2A.CAD,2778,d344437306a0,33905Z2,PULP MACHINE-STOCK PREP.,75,75,0,2300,0,27,86,20,4,0,8,8,1,4,24,0,25,38,15,12,0,true,2,1
33905Z3A.CAD,4616,acf6fa7b76ea,33905Z3A,PULP MACHINE-STOCK PREP.,121,121,0,3798,0,38,138,39,9,8,11,11,8,0,32,0,39,100,27,24,0,true,3,1
3400500A.CAD,4779,16cbe9683db7,3400500,DRAWING NUMBER,170,170,0,4238,0,49,172,12,1,0,2,2,0,2,41,0,114,58,8,7,0,true,3,1
3400501A.CAD,10513,40efd1eb0bac,3400501A,FEC12/MFC OR MFP & TAI05,321,321,0,10006,0,48,349,69,2,14,14,14,0,14,39,0,211,42,3,3,0,true,2,1
3400502A.CAD,10643,e83d13735ffa,3400502A,Externally Powered 4-20 mA,326,326,0,10136,0,48,355,70,2,15,15,15,0,15,40,0,213,46,3,3,0,true,2,1
3400503A.CAD,10307,cfac85a2efd0,3400503A,System Powered 4-20 mA,317,317,0,9800,0,43,343,68,2,13,13,13,0,13,38,0,209,40,3,3,0,true,2,1
3400504A.CAD,10551,a5340144f731,3400504A,Externally Powered 4-20 mA,325,325,0,10044,0,49,353,69,2,14,14,14,0,14,39,0,215,48,3,3,1,true,2,1
3400505A.CAD,10335,a2d2f190eb8d,3400505A,Externally Powered 4-20 mA,319,319,0,9828,0,41,349,70,2,15,15,15,0,15,40,0,207,50,3,3,0,true,2,1
3400506A.CAD,10241,ea00a3f42f8c,3400506A,Externally Powered 4-20 mA,317,317,0,9734,0,41,345,69,2,14,14,14,0,14,39,0,207,50,3,3,0,true,2,1
3400507A.CAD,12752,5e07c7d617bd,3400507A,NOT USED,382,382,0,12262,0,67,434,92,1,24,26,26,26,0,67,0,222,59,2,2,1,true,2,1
3400508A.CAD,12954,9022ab20c124,3400508A,ASO11/MFC OR MFP & TDI01,386,386,0,12464,0,69,442,94,1,28,28,28,28,0,69,0,222,61,2,2,2,true,2,1
3400509A.CAD,12648,5a3d9f08960e,3400509A,ASO11/MFC OR MFP & TDI01,380,380,0,12130,0,66,430,91,1,25,25,25,25,0,66,0,222,59,2,2,0,true,2,1
3400510A.CAD,16144,c3b179ebe117,3400510A,RDI02 - FOR 220 VAC INPUTS,502,502,0,15822,0,165,524,95,0,11,11,11,0,11,164,0,243,17,2,2,0,true,3,1
3400511A.CAD,16330,603ef2ec456e,3400511A,RDI02 - FOR 220 VAC INPUTS,506,506,0,16008,0,166,532,97,0,13,13,13,0,13,166,0,243,19,2,2,0,true,2,1
3400512A.CAD,16778,0fb292cbc1a4,3400512A,RDI02 - FOR 220 VAC INPUTS,522,522,0,16456,0,182,548,97,0,13,13,13,0,13,166,0,259,18,2,2,1,true,3,1
3400513A.CAD,17337,ad6cca37cb37,3400513A,RDI02 - FOR 220 VAC INPUTS,542,542,0,17016,0,202,568,97,0,13,13,13,0,13,166,0,279,19,2,2,0,true,3,1
3400514A.CAD,16799,d2a0504475ad,3400514A,RDI02 - FOR 220 VAC INPUTS,521,521,0,16450,0,180,549,98,0,14,14,14,0,14,168,0,255,20,2,2,0,true,3,1
3400515A.CAD,16446,271852023859,3400515A,RDI02 - FOR 220 VAC INPUTS,509,509,0,16124,0,167,537,98,0,14,14,14,0,14,167,0,244,20,2,2,0,true,2,1
3400516A.CAD,16921,c4728339809b,3400516A,RDI02 - FOR 220 VAC INPUTS,526,526,0,16600,0,184,554,98,0,14,14,14,0,14,167,0,261,20,2,2,0,true,3,1
3400517A.CAD,16663,351dc1fb9772,3400517A,RDI02 - FOR 220 VAC INPUTS,516,516,0,16252,0,176,540,96,0,12,12,12,0,12,165,0,255,17,2,2,1,true,3,1
3400518A.CAD,16753,e48b6896205c,3400518A,RDI02 - FOR 220 VAC INPUTS,520,520,0,16432,0,178,548,98,0,14,14,14,0,14,167,0,255,20,2,2,0,true,3,1
3400519A.CAD,17000,f2592fea4b0f,3400519A,RDI02 - FOR 220 VAC INPUTS,529,529,0,16678,0,188,557,98,0,14,14,14,0,14,167,0,264,20,2,2,0,true,3,1
3400520A.CAD,16420,6d60b642f58f,3400520A,RDI02 - FOR 220 VAC INPUTS,508,508,0,16098,0,167,536,98,0,14,14,14,0,14,167,0,243,20,2,2,0,true,2,1
3400521A.CAD,16438,3bf26d2177f3,3400521A,RDI02 - FOR 220 VAC INPUTS,509,509,0,16116,0,168,537,98,0,14,14,14,0,14,168,0,243,20,2,2,0,true,2,1
3400522A.CAD,16386,7ba80f80e8e8,3400522A,RDI02 - FOR 220 VAC INPUTS,507,507,0,16064,0,167,535,98,0,14,14,14,0,14,167,0,242,20,2,2,0,true,2,1
3400523A.CAD,16386,08dc2a051dd2,3400523A,RDI02 - FOR 220 VAC INPUTS,507,507,0,16064,0,167,535,98,0,14,14,14,0,14,167,0,242,20,2,2,0,true,2,1
3400524A.CAD,16296,5b1366ee68b9,3400524A,RDI02 - FOR 220 VAC INPUTS,505,505,0,15974,0,166,531,97,0,13,13,13,0,13,166,0,242,19,2,2,0,true,2,1
3400525A.CAD,16582,acde3229f555,3400525A,RDI02 - FOR 220 VAC INPUTS,513,513,0,16232,0,173,541,98,0,14,14,14,0,14,167,0,248,20,2,2,0,true,3,1
3400526A.CAD,16645,83df3eba2b91,3400526A,RDI02 - FOR 220 VAC INPUTS,512,512,0,16212,0,172,540,98,0,14,14,14,0,14,167,0,247,20,2,2,0,true,3,1
3400527A.CAD,16238,3d75d25baeea,3400527A,RDI02 - FOR 220 VAC INPUTS,504,504,0,15916,0,166,528,96,0,12,12,12,0,12,165,0,243,16,2,2,2,true,3,1
3400528A.CAD,16296,0e5576a278e2,3400528A,RDI02 - FOR 220 VAC INPUTS,505,505,0,15974,0,166,531,97,0,13,13,13,0,13,166,0,242,19,2,2,0,true,2,1
3400529A.CAD,16206,750520a6166f,3400529A,RDI02 - FOR 220 VAC INPUTS,503,503,0,15884,0,165,527,96,0,12,12,12,0,12,165,0,242,18,2,2,0,true,2,1
3400530A.CAD,16200,a8cbe9618249,3400530A,RDI02 - FOR 220 VAC INPUTS,504,504,0,15878,0,167,526,95,0,11,11,11,0,11,164,0,245,17,2,2,0,true,3,1
3400531A.CAD,15396,733d7c2b876a,3400531A,RDI02 - FOR 220 VAC INPUTS,485,485,0,15074,0,156,491,87,0,3,3,3,0,3,156,0,242,9,2,2,0,true,2,1
3400532A.CAD,15576,d8786058a76b,3400532A,RDI02 - FOR 220 VAC INPUTS,485,485,0,15074,0,156,491,87,0,3,3,3,0,3,156,0,242,9,2,2,0,true,2,1
3400533A.CAD,15215,c179f32016a9,3400533A,RDI02 - FOR 220 VAC INPUTS,481,481,0,14894,0,154,483,85,0,1,1,1,0,1,154,0,242,7,2,2,0,true,2,1
3400534A.CAD,7306,3604e7cc7434,3400534A,TYPE      LOCATION,236,236,0,6878,0,27,260,35,0,12,12,12,12,0,27,0,174,23,3,3,0,true,2,1
3400535A.CAD,7568,e3e85452b95e,3400535A,TYPE      LOCATION,242,242,0,7140,0,30,272,38,0,15,15,15,15,0,30,0,174,26,3,3,0,true,2,1
3400536A.CAD,7594,d1ae0dfd901f,3400536A,TYPE      LOCATION,243,243,0,7166,0,30,273,38,0,15,15,15,15,0,30,0,175,26,3,3,0,true,2,1
3400537A.CAD,7684,69daff9fb7f0,3400537A,TYPE      LOCATION,245,245,0,7256,0,31,277,39,0,16,16,16,16,0,31,0,175,27,3,3,0,true,2,1
3400538A.CAD,7686,487293827630,3400538A,TYPE      LOCATION,245,245,0,7258,0,31,277,39,0,16,16,16,16,0,31,0,175,27,3,3,0,true,2,1
3400539A.CAD,7684,26b3a8d58184,3400539A,TYPE      LOCATION,245,245,0,7256,0,31,277,39,0,16,16,16,16,0,31,0,175,27,3,3,0,true,2,1
3400540A.CAD,7658,382255559ea4,3400540A,TYPE      LOCATION,244,244,0,7230,0,31,276,39,0,16,16,16,16,0,31,0,174,27,3,3,0,true,2,1
3400541A.CAD,7690,3e592af09705,3400541A,TYPE      LOCATION,244,244,0,7262,0,31,276,39,0,16,16,16,16,0,31,0,174,27,3,3,0,true,2,1
3400542A.CAD,7690,7cbd7b8db957,3400542A,TYPE      LOCATION,244,244,0,7262,0,31,276,39,0,16,16,16,16,0,31,0,174,27,3,3,0,true,2,1
3400543A.CAD,7420,ab6963332c5f,3400543A,TYPE      LOCATION,238,238,0,6992,0,28,264,36,0,13,13,13,13,0,28,0,174,24,3,3,0,true,2,1
3400544A.CAD,7330,2e7a10c065f3,3400544A,TYPE      LOCATION,236,236,0,6902,0,27,260,35,0,12,12,12,12,0,27,0,174,23,3,3,0,true,2,1
3400545A.CAD,7568,02b95d54200f,3400545A,TYPE      LOCATION,242,242,0,7140,0,30,272,38,0,15,15,15,15,0,30,0,174,26,3,3,0,true,2,1
3400546A.CAD,7568,8df179c97ec7,3400546A,TYPE      LOCATION,242,242,0,7140,0,30,272,38,0,15,15,15,15,0,30,0,174,26,3,3,0,true,2,1
3400547A.CAD,7298,5173f88f6f3b,3400547A,TYPE      LOCATION,232,232,0,6690,0,25,252,33,0,10,10,10,10,0,25,0,174,21,3,3,0,true,2,1
3400548A.CAD,7040,8a8959533e73,3400548A,TYPE      LOCATION,231,231,0,6612,0,23,247,31,0,8,8,8,8,0,23,0,177,19,3,3,0,true,2,1
3400549A.CAD,6307,7fb3d20dab5d,3400549A,TYPE      LOCATION,214,214,0,5880,0,16,216,24,0,1,1,1,1,0,16,0,174,12,3,3,0,true,2,1
3400550A.CAD,6218,6cde309ddef3,3400550A,TYPE      LOCATION,212,212,0,5790,0,15,212,23,0,0,0,0,0,0,15,0,174,11,3,3,0,true,2,1
3400551A.CAD,6218,d47bac414147,3400551A,TYPE      LOCATION,212,212,0,5790,0,15,212,23,0,0,0,0,0,0,15,0,174,11,3,3,0,true,2,1
3400552A.CAD,6218,46f7678d154c,3400552A,TYPE      LOCATION,212,212,0,5790,0,15,212,23,0,0,0,0,0,0,15,0,174,11,3,3,0,true,2,1
3400553A.CAD,6218,6170271feba1,3400553A,TYPE      LOCATION,212,212,0,5790,0,15,212,23,0,0,0,0,0,0,15,0,174,11,3,3,0,true,2,1
3400554A.CAD,9764,9c086dbf039e,3400554A,TYPE    LOCATION,302,302,0,9364,0,88,318,83,0,8,8,8,8,0,88,0,131,15,2,2,0,true,2,1
3400555A.CAD,9839,ad68029bacfa,3400555A,TYPE    LOCATION,307,307,0,9440,0,87,321,82,0,7,7,7,7,0,87,0,138,14,2,2,0,true,2,1
3400556A.CAD,9991,2b56b5c4fc4d,3400556A,TYPE    LOCATION,312,312,0,9592,0,88,328,83,0,8,8,8,8,0,88,0,141,15,2,2,0,true,2,1
3400557A.CAD,9932,89a0bbc94823,3400557A,TYPE    LOCATION,311,311,0,9532,0,87,325,82,0,7,7,7,7,0,87,0,142,14,2,2,0,true,2,1
3400558A.CAD,10025,54d2db8d6fa6,3400558A,TYPE    LOCATION,313,313,0,9626,0,88,329,83,0,8,8,8,8,0,88,0,142,15,2,2,0,true,2,1
3400559A.CAD,11506,4fbf64381391,3400559A,ASO11/MFC OR MFP & TDI01,359,359,0,11016,0,55,387,80,1,14,14,14,14,0,55,0,223,50,2,2,0,true,2,1
3400560A.CAD,1552,ba971d02efcf,3400560A,,24,24,0,1062,0,11,43,12,0,10,10,10,10,0,11,0,0,44,2,2,0,true,1,1
3400561A.CAD,2200,6619abfca073,3400561A,,40,40,0,1692,0,18,68,18,2,14,14,14,0,14,18,0,2,36,3,3,10,true,1,1
3400565A.CAD,3154,2d85378d4b3e,3400565,PULP MACHINE,112,112,0,2740,0,53,110,15,4,1,1,1,0,1,53,0,36,24,8,8,1,true,1,1
3400566A.CAD,3354,51f499adca1c,3400566,PULP MACHINE,112,112,0,2762,0,53,113,15,5,2,2,2,0,2,53,0,36,26,8,8,2,true,1,1
3400567A.CAD,2172,df31dc9b839e,3400567,PULP MACHINE,47,47,0,1276,0,8,44,6,2,0,0,0,0,0,8,0,28,12,4,4,0,true,1,1
3400568A.CAD,2341,138129109fe2,3400568,PULP MACHINE,93,93,0,1996,0,63,97,7,1,3,3,3,0,3,62,0,21,12,3,3,0,true,2,1
3400569A.CAD,2270,0b331f855818,3400569,CLOSE LIMIT SWITCH,70,70,0,1932,0,24,73,8,0,3,4,4,2,1,23,0,35,8,2,1,0,true,2,1
3400570A.CAD,6752,5915f781d873,3400570,FAN PUMP,286,286,0,6098,0,197,299,25,12,7,8,8,6,2,195,0,51,73,12,12,0,true,3,1
3400571A.CAD,2020,4ede8adfae5e,3400571,RECTIFIER ROLL NO.2,42,42,0,1328,0,4,47,7,0,3,4,4,3,1,4,0,28,10,3,3,0,true,1,1
3400572A.CAD,9160,40e4a37494d1,3400572,BASIS WEIGHT VALVE,354,354,0,8296,0,229,382,53,20,8,15,15,9,7,225,0,53,131,31,30,0,true,4,1
3400573A.CAD,3456,c9377b5f998e,3400573,DIRECT ACTING,106,106,0,2966,0,40,116,19,3,6,7,7,3,3,38,0,43,40,6,5,0,true,3,1
3400574A.CAD,4048,bb791507cbf1,3400574,PULP MACHINE,160,160,0,3508,0,107,170,14,4,5,6,6,4,2,104,0,36,44,5,4,0,true,4,1
3400575A.CAD,5752,83964009514b,3400575,WIRE PIT LEVEL,256,256,0,5224,0,179,267,17,10,3,7,7,3,4,178,0,48,50,8,8,0,true,3,1
3400576A.CAD,6462,dd2008e9cd5e,3400576,WHITE WATER PUMP,275,275,0,5894,0,186,290,25,9,5,9,9,6,3,182,0,56,60,11,11,0,true,4,1
3400577A.CAD,2202,eb59eb443132,3400577,WHT WTR TK LEVEL,73,73,0,1808,0,30,75,8,3,2,2,2,1,1,30,0,30,22,5,5,0,true,1,1
3400578A.CAD,5644,44b80c4899d2,3400578,BOOSTER STOCK PUMP,254,254,0,5084,0,177,259,18,6,4,4,4,3,1,176,0,51,55,10,10,0,true,3,1
3400579A.CAD,6294,c016ea3ec1ea,3400579,MAIN STOCK PUMP,262,262,0,5498,0,181,273,22,8,4,7,7,4,3,178,0,51,51,10,10,0,true,4,1
3400580A.CAD,4638,b55e628af594,3400580,BOOSTER STOCK PUMP,184,184,0,4140,0,116,196,18,7,4,7,7,5,2,114,0,43,45,8,8,0,true,3,1
3400581A.CAD,2168,7c258965a06f,3400581,WIRE RUNNING,71,71,0,1824,0,24,75,7,0,3,3,3,2,1,24,0,38,12,3,3,0,true,1,1
3400582A.CAD,4613,b221e2aa733c,3400582,REVERSE ACTING,208,208,0,4152,0,152,213,13,6,4,4,4,3,1,151,0,35,34,5,5,0,true,3,1
3400583A.CAD,2184,9cf3d3085a94,3400583,PICK-UP FELT HP SHWR OSCLTR,71,71,0,1840,0,24,75,7,0,3,3,3,2,1,24,0,38,12,3,3,0,true,1,1
3400584A.CAD,2494,5650f3b1951e,3400584,OPEN/CLOSE REQUEST,82,82,0,2064,0,33,84,13,1,1,2,2,1,1,32,0,34,32,9,9,0,true,2,1
3400585A.CAD,2206,2c341902f966,3400585,OPEN/CLOSE REQUEST,72,72,0,1862,0,24,76,7,0,3,3,3,2,1,24,0,39,12,3,3,0,true,1,1
3400586A.CAD,2188,a8dfd0a7dc56,3400586,OPEN/CLOSE REQUEST,71,71,0,1844,0,24,75,7,0,3,3,3,2,1,24,0,38,12,3,3,0,true,1,1
3400587A.CAD,2150,fb6eabb1becc,3400587,OPEN/CLOSE REQUEST,70,70,0,1806,0,24,74,7,0,3,3,3,2,1,24,0,37,12,3,3,0,true,1,1
3400588A.CAD,5690,e15f1d81b46d,3400588,DIRECT ACTING,253,253,0,5172,0,178,262,19,7,4,6,6,5,1,177,0,47,53,9,9,0,true,3,1
3400589A.CAD,4994,7cfb2768eaca,3400589,DIRECT ACTING,232,232,0,4532,0,169,237,13,5,3,4,4,3,1,168,0,43,35,5,5,0,true,3,1
3400590A.CAD,5444,041416654358,3400590,DIRECT ACTING,246,246,0,4956,0,174,253,16,7,3,5,5,3,2,171,0,49,41,7,7,0,true,4,1
3400591A.CAD,7284,43e5dc784fa0,3400591,SEAL WATER PM,352,352,0,6720,0,263,357,19,9,4,4,4,2,2,261,0,60,55,9,9,0,true,3,1
3400592A.CAD,5934,22c84928614a,3400592,WATER TANK,262,262,0,5434,0,178,273,18,7,4,7,7,5,2,177,0,57,45,8,8,0,true,3,1
3400593A.CAD,5222,7a38a59e25a8,3400593,REVERSE ACTING,241,241,0,4772,0,171,246,11,5,3,4,4,2,2,165,0,57,30,4,4,0,true,3,1
3400594A.CAD,7940,578db5360107,3400594,NASH PIT,324,324,0,7250,0,210,345,35,18,4,12,12,6,6,207,0,61,91,18,18,1,true,4,1
3400595A.CAD,4258,b5541078a013,3400595,WASH PIT WATER PUMP,161,161,0,3766,0,89,170,19,5,4,6,6,5,1,88,0,46,43,8,8,0,true,3,1
3400596A.CAD,5034,63c2815a6957,3400596,WASH PIY PUMP,198,198,0,4554,0,115,216,21,7,4,10,10,6,4,114,0,54,46,9,9,0,true,3,1
3400597A.CAD,5722,e8acb41b69bd,3400597A,STOCK PUMP,258,258,0,5172,0,181,263,19,9,4,4,4,3,1,180,0,47,56,11,11,0,true,3,1
3400598A.CAD,9010,268b9d6262c8,3400598,STOCK PUMP,409,409,0,8310,0,294,422,35,18,5,8,8,3,5,291,0,62,93,20,20,0,true,3,1
3400599A.CAD,4896,78c12ce90734,3400599,PULP MACHINE,211,211,0,4394,0,144,217,19,3,2,5,5,5,0,142,0,43,46,8,8,0,true,3,1
34005A0A.CAD,2330,68544b3e6c9d,34005A0A,PULP MACHINE,103,103,0,2002,0,65,102,4,0,1,1,1,1,0,65,0,31,7,1,1,0,true,2,1
34005A1A.CAD,9699,73a6ca546ba3,34005A1,EMERGENCY STOP,383,383,0,8876,0,244,413,52,24,7,16,16,9,8,242,0,62,123,32,32,0,true,4,1
34005A2A.CAD,4704,352b4b542c34,34005A2,STEAM TO DRYER TEMPRATURE,223,223,0,4252,0,167,228,11,4,4,4,4,3,1,166,0,39,31,4,4,0,true,3,1
34005A3A.CAD,3992,dd810e52ada5,34005A3,STEAM FLOW TO DRYER,156,156,0,3512,0,85,161,16,4,1,4,4,3,1,83,0,50,43,8,8,0,true,3,1
34005A4A.CAD,5328,dd764ab0f1f2,34005A4,CLOSED LIMIT SWITCH,215,215,0,4814,0,126,220,22,4,5,5,5,3,2,126,0,58,48,10,10,0,true,2,1
34005A5A.CAD,4962,734af0a5b79d,34005A5,VACUUM PUMP 164,231,231,0,4500,0,169,236,13,5,4,4,4,3,1,168,0,42,35,5,5,0,true,3,1
34005A6A.CAD,2616,5518896d4fd0,34005A6,BASIS WEIGHT POSITION,80,80,0,2242,0,29,86,13,0,5,5,5,4,1,29,0,34,20,5,5,0,true,1,1
34005A7A.CAD,3532,12c34a197bfd,34005A7,VACUUM PUMP,152,152,0,3108,0,100,156,9,4,3,3,3,2,1,99,0,38,23,4,4,0,true,3,1
34005A8A.CAD,1936,170a90d85d4e,34005A8,AUTO ONLY,66,66,0,1610,0,22,68,5,0,1,2,2,1,1,22,0,37,7,1,1,0,true,1,1
34005A9A.CAD,3518,826f16900d08,34005A9,WATER TO WET END PULPER,146,146,0,3008,0,96,152,10,2,2,4,4,2,2,95,0,37,34,4,4,0,true,3,1
34005B0A.CAD,9442,e95666623836,34005B0A,INCREASE SP,440,440,0,8850,0,319,454,30,13,8,9,9,5,4,318,0,75,66,14,14,0,true,3,1
34005B1A.CAD,3772,ffcb1e5b7a48,34005B1,VACUUM PUMPS,121,121,0,3336,0,41,135,19,3,6,8,8,6,2,41,0,56,35,10,10,0,true,1,1
34005B2A.CAD,3618,336bf1df520c,34005B2,NASH PUMPS SEAL WATER PRESSURE,142,142,0,3248,0,77,145,11,1,3,4,4,3,1,71,0,54,21,5,5,0,true,3,1
34005B3A.CAD,3204,2debec1eff40,34005B3,FILTERED HOT WATER TO WARM,139,139,0,2780,0,95,143,6,3,3,3,3,2,1,95,0,33,25,2,2,0,true,2,1
34005B4A.CAD,6890,d5fc6ea02a80,34005B4,HEAD BOX PH,335,335,0,6270,0,260,342,17,8,5,5,5,3,2,260,0,47,61,8,8,0,true,2,1
34005B5A.CAD,2226,90ed22fbe885,34005B5,EMERGENCY STOP FOR DC-DRIVE,99,99,0,1898,0,65,98,3,0,1,1,1,1,0,65,0,28,9,1,1,0,true,2,1
34005B6A.CAD,1716,f158ebef499e,34005B6,PULP MACHINE,46,46,0,1398,0,2,46,6,0,2,2,2,2,0,2,0,34,6,2,2,0,true,1,1
34005B7A.CAD,1750,77fa2b4e5cdf,34005B7,PULP MACHINE,48,48,0,1432,0,2,48,6,0,2,2,2,2,0,2,0,36,6,2,2,0,true,1,1
34005B8A.CAD,2498,9c1df75a309e,34005B8,WIRE EDGE ALARM BACK SIDE,79,79,0,2154,0,26,82,11,1,3,3,3,3,1,26,0,37,15,5,5,0,true,1,1
34005B9A.CAD,2476,906f835e0341,34005B9,WIRE EDGE ALARM BACK SIDE,78,78,0,2132,0,27,81,11,1,3,3,3,3,1,27,0,35,15,5,5,0,true,1,1
34005C0A.CAD,1714,d5526140989f,34005C0,PULP MACHINE,46,46,0,1396,0,2,46,6,0,2,2,2,2,0,2,0,34,6,2,2,0,true,1,1
34005C1A.CAD,1714,01222bd9003f,34005C1,PULP MACHINE,46,46,0,1396,0,2,46,6,0,2,2,2,2,0,2,0,34,6,2,2,0,true,1,1
34005C2A.CAD,1940,c3bab963bf9d,34005C2,BREAK BETWEEN 2nd AND 3rd PRESS,62,62,0,1622,0,20,63,6,1,2,2,2,1,1,20,0,32,6,2,2,0,true,1,1
34005C3A.CAD,2414,892791f1ae47,34005C3,WET PULP SELECTOR,75,75,0,2086,0,26,82,10,2,4,5,5,2,3,26,0,34,11,3,3,0,true,1,1
34005C4A.CAD,2306,c683fd5acd85,34005C4,BREAK ALARM SELECT SWICTH,67,67,0,1918,0,13,67,8,4,2,2,2,2,0,13,0,38,19,4,4,0,true,1,1
34005C5A.CAD,8226,3d637bc7a776,34005C5,FAN PUMP,283,283,0,7608,0,129,314,53,7,13,16,16,14,4,128,0,92,94,29,29,0,true,2,1
34005C6A.CAD,1862,7f6e6a7e221f,34005C6,PULP MACHINE,49,49,0,1536,0,4,51,8,0,3,3,3,2,1,4,0,33,9,3,3,0,true,1,1
34005C7A.CAD,1568,59caf0100108,34005C7,BREAK AFTER 3rd PRESS DOWN AIRS,39,39,0,1130,0,2,38,4,0,1,1,1,1,0,2,0,30,5,2,2,0,true,1,1
34005C8A.CAD,1564,90945f70bdf9,34005C8,WET END PULPER AGITATOR CURRENT,42,42,0,1190,0,7,43,5,1,0,2,2,1,0,6,0,28,13,4,3,0,true,2,1
34005C9A.CAD,3298,116e135515aa,34005C9,PULP MACHINE,128,128,0,2858,0,79,139,11,6,6,7,7,1,6,79,0,29,37,3,3,1,true,2,1
34005D0A.CAD,3454,9cf3c712819f,34005D0,EXHAUST AIR FAN,149,149,0,3030,0,98,153,9,3,3,3,3,2,1,97,0,38,24,4,4,0,true,3,1
34005D1A.CAD,3544,30c977d04c2a,34005D1,DRY AIR FAN,152,152,0,3106,0,101,156,10,4,3,3,3,2,1,100,0,36,27,5,5,0,true,3,1
34005D2A.CAD,4702,4f829795cad0,34005D2,WIRE RUNNING,164,164,0,4208,0,75,176,23,9,3,7,7,3,4,75,0,55,49,14,14,0,true,1,1
34005D3A.CAD,5338,c85f762a610d,34005D3,DRY END MAISTURE,163,163,0,4570,0,71,177,34,21,0,8,8,3,5,66,0,40,110,21,21,2,true,2,1
34005D4A.CAD,2436,9bb23ad66181,34005D4,SEAL WATER PRESSURE,71,71,0,2088,0,24,73,6,0,1,2,2,1,1,3,0,60,11,3,2,0,true,3,1
34005D5A.CAD,1402,ec34cd28b78e,34005D5,DIFFERENTIAL PRESSURE SWITCH,38,38,0,1094,0,1,37,3,0,1,1,1,1,0,1,0,31,3,1,1,0,true,1,1
34005D6A.CAD,3476,059f0e1ee5e0,34005D6,VALVE POSTN,149,149,0,3038,0,101,153,10,4,3,3,3,2,1,100,0,33,25,5,5,0,true,3,1
34005D7A.CAD,3602,d1983cdf8e4d,34005D7,EXH AIR FAN,154,154,0,3164,0,101,158,10,4,3,3,3,2,1,100,0,38,25,5,5,0,true,3,1
34005D8A.CAD,3950,c916120b262a,34005D8,CLOSED LIMIT SWITCH,112,112,0,3462,0,41,132,27,3,6,11,10,8,5,41,0,37,54,11,11,1,true,1,1
34005D9A.CAD,2610,095b64429377,34005D9,WIRE RUNNING INDICATION,72,72,0,2200,0,10,81,13,2,4,6,6,4,2,10,0,44,30,6,6,0,true,1,1
34005E0A.CAD,1995,adfeb944c0ef,34005E0,PULP MACHINE,54,54,0,1678,0,3,56,7,1,2,3,3,2,1,3,0,39,8,2,2,1,true,1,1
34005E1A.CAD,1402,fc98f8a928f4,34005E1,SPEED DIFFERENTIAL BETWEEN WIRE,38,38,0,1094,0,1,37,3,0,1,1,1,1,0,1,0,31,3,1,1,0,true,1,1
34005E2A.CAD,6146,725c915e36cc,34005E2,FAN PUMP,179,179,0,5620,0,51,204,42,6,8,13,13,14,3,48,0,78,70,22,22,0,true,2,1
34005E3A.CAD,9214,a23156e2070b,34005E3,UNLOAD LIGHT,346,346,0,8530,0,188,377,53,20,10,16,16,7,10,188,0,83,101,28,28,1,true,1,1
34005E4A.CAD,1344,f5878a7cebeb,34005E4,FELT CHANGE,37,37,0,1036,0,1,36,3,0,1,1,1,1,0,1,0,30,4,1,1,0,true,1,1
34005E5A.CAD,4462,c4b985310315,34005E5,LOAD PUSHBUTTON,130,130,0,3992,0,38,151,30,4,5,11,11,10,3,35,0,58,50,16,16,0,true,2,1
34005E6A.CAD,9000,e37b4002dc3b,34005E6,ROD OUT SLOW,334,334,0,8478,0,180,370,51,17,12,16,16,14,8,179,0,85,80,21,21,0,true,2,1
34005E7A.CAD,6018,45c679c19fc8,34005E7,UN LOAD LIGHT,220,220,0,5508,0,107,237,29,15,3,9,9,4,6,105,0,69,56,16,16,1,true,2,1
34005E8A.CAD,4790,d37c66584695,34005E8,LOAD PUSBUTTON,140,140,0,4314,0,42,156,31,6,6,10,10,9,2,38,0,60,50,16,16,0,true,3,1
34005E9A.CAD,9758,1a7d4a2ee8d5,34005E9,ROD OUT SLOW,361,361,0,9200,0,198,401,55,22,15,19,18,12,11,196,0,86,89,24,24,1,true,2,1
34005F0A.CAD,5700,40eb0a301785,34005F0,LOAD LIGHT,208,208,0,5190,0,103,223,28,14,3,8,8,4,5,103,0,61,56,16,16,0,true,1,1
34005F1A.CAD,2128,d9a7d1ff07be,34005F1,PULP MACHINE,57,57,0,1800,0,3,58,9,0,3,3,3,3,0,3,0,40,9,3,3,0,true,1,1
34005F2A.CAD,1710,184f113e9f3a,34005F2,PULP MACHINE,46,46,0,1392,0,2,46,6,0,2,2,2,2,0,2,0,34,6,2,2,0,true,1,1
34005F3A.CAD,3524,6fee077d52c7,34005F3,PULP MACHINE,91,91,0,3146,0,8,97,24,0,8,8,8,8,0,8,0,49,24,8,8,0,true,1,1
34005F4A.CAD,3436,8757491bd235,34005F4,PULP MACHINE,87,87,0,3058,0,8,93,24,0,8,8,8,8,0,8,0,45,24,8,8,0,true,1,1
34005F5A.CAD,1726,6b3af5027ca7,34005F5,PULP MACHINE,47,47,0,1408,0,2,47,6,0,2,2,2,2,0,2,0,35,6,2,2,0,true,1,1
34005F6A.CAD,1734,6ca0a7a2909e,34005F6,PULP MACHINE,47,47,0,1416,0,2,47,6,0,2,2,2,2,0,2,0,35,6,2,2,0,true,1,1
34005F7A.CAD,2692,315cf69e5cf1,34005F7,PULP MACHINE,79,79,0,2344,0,13,81,10,1,2,3,3,2,1,7,0,57,16,5,5,0,true,2,1
34005F8A.CAD,3286,d3f95e74e709,34005F8,PULP MACHINE,91,91,0,2620,0,32,89,19,8,0,0,0,0,0,28,0,34,60,19,15,0,true,2,1
34005F9A.CAD,3456,13514d5c4aa7,34005F9,PULP MACHINE,156,156,0,3076,0,108,159,8,3,3,3,3,1,2,108,0,34,21,5,5,0,true,2,1
34005G0A.CAD,1862,f84673b1be21,34005G0,EMERGENCY STOP FOR DC DRIVE DRY END,51,51,0,1544,0,2,51,6,0,2,2,2,2,0,2,0,39,6,2,2,0,true,1,1
34005G1A.CAD,2924,d798886e7336,34005G1,PULP MACHINE,100,100,0,2586,0,37,104,12,2,4,4,4,2,2,37,0,45,14,4,4,0,true,1,1
34005G2A.CAD,2318,e996c5460f07,34005G2,DRYER PRESS LEAD ROLL DRIVE,75,75,0,1990,0,24,77,8,1,3,3,3,2,1,24,0,38,10,3,3,0,true,1,1
34005G3A.CAD,3754,51f55e53ee32,34005G3,PULP PRODUCTION,107,107,0,3146,0,35,110,29,6,3,4,4,4,0,35,0,32,72,22,22,0,true,1,1
34005G4A.CAD,2462,d8a15936fad9,34005G4,PULP MACHINE,91,91,0,2124,0,45,94,8,1,3,3,3,1,2,45,0,34,12,4,4,0,true,1,1
34005G5A.CAD,4628,502a6c973913,34005G5,PULP MACHINE,237,237,0,4208,0,199,242,10,0,3,5,5,3,2,199,0,23,32,5,5,0,true,2,1
34005G6A.CAD,3152,b6398a33c385,34005G6,PULP MACHINE,124,124,0,2690,0,87,127,11,5,3,3,3,2,1,85,0,20,33,5,5,0,true,3,1
34005G7A.CAD,2184,a5dfe755d37f,34005G7,PULP MACHINE,95,95,0,1856,0,66,96,3,0,1,2,2,1,1,66,0,23,8,1,1,0,true,2,1
34005G8A.CAD,5070,2b8b2b2967bc,34005G8,PULP MACHINE,192,192,0,4394,0,122,201,22,7,2,7,7,3,1,117,0,44,70,16,12,0,true,4,1
34005G9A.CAD,9304,34a47c52f9a5,34005G9,RECTIFIER ROLL NO.2,305,305,0,8548,0,126,334,57,11,7,14,14,14,5,125,0,108,120,34,34,0,true,2,1
34005H0A.CAD,3898,5f57e2d0a88a,34005H0,WHITE WATER TANK LEVEL,123,123,0,3450,0,39,130,17,3,2,5,5,4,1,39,0,61,37,10,10,0,true,1,1
34005H1A.CAD,3852,45d308cbb1c9,34005H1,STATUS FEEDBACK,120,120,0,3376,0,40,127,19,2,3,5,5,4,1,40,0,56,41,12,12,0,true,1,1
34005H2A.CAD,4106,d8f505eed053,34005H2,STATUS FEEDBACK,131,131,0,3620,0,44,138,20,4,3,5,5,4,1,44,0,60,43,13,13,0,true,1,1
34005H3A.CAD,4384,de7d957691a2,34005H3,STATUS FEEDBACK,141,141,0,3860,0,48,148,23,4,3,5,5,4,1,48,0,63,52,16,16,0,true,1,1
34005H4A.CAD,3710,c9cfeaf9adc6,34005H4,WARM WATER TANK LVL,119,119,0,3262,0,39,126,17,3,2,5,5,4,1,39,0,57,37,10,10,0,true,1,1
34005H5A.CAD,5628,56833b554b89,34005H5,WARM WATER TANK LVL,186,186,0,5050,0,75,198,31,7,4,7,7,6,3,75,0,69,68,18,18,0,true,1,1
34005H6A.CAD,5228,973491813031,34005H6,STATUS FEEDBACK,170,170,0,4662,0,73,182,30,7,5,7,7,6,3,73,0,56,63,17,17,0,true,1,1
34005H7A.CAD,7430,41998db4d227,34005H7,STATUS FEEDBACK,244,244,0,6700,0,98,261,46,9,7,9,9,10,3,98,0,86,101,25,25,0,true,1,1
34005H8A.CAD,3580,368037ef5b2e,34005H8,STATUS FEEDBACK,106,106,0,3160,0,33,109,14,1,3,3,3,2,1,33,0,55,28,9,9,0,true,1,1
34005H9A.CAD,6982,b9a3621395f6,34005H9,WET END PULPER LEVEL,237,237,0,6334,0,101,253,40,14,5,10,10,7,3,100,0,79,77,25,25,0,true,2,1
34005I0A.CAD,4300,5c85d85c11e5,34005I0,STATUS FEEDBACK,132,132,0,3824,0,42,139,19,3,3,5,5,4,1,42,0,65,41,12,12,0,true,1,1
34005I1A.CAD,4566,7bbe64b7e811,34005I1,STATUS FEEDBACK,141,141,0,4020,0,49,148,26,3,3,5,5,4,1,47,0,62,52,19,17,0,true,2,1
34005I2A.CAD,7157,6bf7d612b4ca,34005I2,LOCAL STOP,235,235,0,6480,0,98,256,43,14,6,13,12,8,5,95,0,78,83,24,23,1,true,4,1
34005I3A.CAD,6402,73be59febbc2,34005I3,LOCAL STOP,217,217,0,5770,0,90,230,38,11,5,9,9,7,2,88,0,75,74,21,21,0,true,2,1
34005I4A.CAD,4260,afa1d7752819,34005I4,STATUS FEEDBACK,144,144,0,3794,0,55,152,22,2,4,6,6,4,2,55,0,61,41,12,12,0,true,1,1
34005I5A.CAD,9216,a08a8d8753a4,34005I5,BACK AUX,296,296,0,8648,0,105,324,53,12,8,15,15,12,9,94,0,129,73,23,23,0,true,2,1
34005I6A.CAD,8616,9d1df6556eea,34005I6,FRONT AUX RELAY,289,289,0,8002,0,122,323,50,14,4,13,13,17,6,120,0,103,85,23,23,0,true,3,1
34005I7A.CAD,2946,c0b7a101f5e7,34005I7,STATUS FEEDBACK,89,89,0,2546,0,27,92,11,1,2,3,3,2,1,27,0,47,21,6,6,0,true,1,1
34005I8A.CAD,6182,d136e7a57235,34005I8,STATUS FEEDBACK,204,204,0,5696,0,63,220,29,5,4,9,9,6,5,63,0,103,53,14,14,0,true,1,1
34005I9A.CAD,6016,f75358f6eaa2,34005I9,STATUS FEEDBACK,190,190,0,5406,0,72,206,37,4,5,10,10,6,4,72,0,73,83,23,23,0,true,1,1
34005J0A.CAD,2930,a5f99a523fc7,34005J0,STATUS FEEDBACK,96,96,0,2536,0,33,101,13,2,2,4,4,3,1,33,0,45,24,7,7,0,true,1,1
34005J1A.CAD,8990,8807e1649b93,34005J1,HYDRAULIC UNIT LOW LEVEL,276,276,0,8272,0,111,304,54,13,10,16,16,12,5,103,0,101,108,29,29,1,true,3,1
34005J2A.CAD,6954,3fb15424bd09,34005J2,HYDRAULIC UNIT TEMP HIGH,228,228,0,6294,0,90,248,43,11,9,12,12,10,3,90,0,79,89,24,24,1,true,1,1
34005J3A.CAD,7814,30d86c00aa14,34005J3,STATUS FEEDBACK,322,322,0,7196,0,198,335,32,6,6,9,9,8,2,198,0,80,78,18,18,0,true,2,1
34005J4A.CAD,7824,ea7018d33f63,34005J4,STATUS FEEDBACK,320,320,0,7206,0,188,333,32,6,6,9,9,8,2,188,0,88,78,18,18,0,true,2,1
34005J5A.CAD,6474,13bb3cb2c1bc,34005J5,STATUS FEEDBACK,245,245,0,5886,0,131,256,30,6,5,7,7,7,2,131,0,73,69,17,17,0,true,2,1
34005J6A.CAD,5346,54c78bb7aea1,34005J6,CONDENSATE PUMP#2,155,155,0,4888,0,50,170,22,6,3,9,9,5,4,46,0,78,43,11,11,0,true,2,1
34005J7A.CAD,4394,51246af6c26e,34005J7,CONDENSATE PUMPS,118,118,0,3946,0,29,132,21,6,1,8,7,6,2,29,0,60,41,13,13,0,true,1,1
34005J8A.CAD,3886,ac8024481d93,34005J8,CONDENSATE TANK LEVEL,125,125,0,3438,0,43,136,19,5,2,7,7,4,3,42,0,56,39,10,10,0,true,2,1
34005J9A.CAD,3510,48ac8fbeb05d,34005J9,CONDENSATE PUMPS,104,104,0,3062,0,29,118,21,5,1,8,8,6,2,29,0,47,41,13,13,0,true,1,1
34005K0A.CAD,2906,2c38e2d3f154,34005K0,STATUS FEEDBACK,93,93,0,2490,0,31,98,15,1,3,4,4,3,1,31,0,43,30,9,9,0,true,1,1
34005K1A.CAD,2528,54908b330579,34005K1,STATUS FEEDBACK,85,85,0,2146,0,30,86,10,2,2,2,2,1,1,30,0,40,20,6,6,0,true,1,1
34005K2A.CAD,2718,19929834a7c5,34005K2,STATUS FEEDBACK,90,90,0,2336,0,30,93,11,1,2,3,3,2,1,30,0,45,21,6,6,0,true,1,1
34005K3A.CAD,2700,4e47b5c662b3,34005K3,STATUS FEEDBACK,89,89,0,2318,0,29,92,11,1,2,3,3,2,1,29,0,45,21,6,6,0,true,1,1
34005K4A.CAD,7286,ce6120ce2e3c,34005K4,STATUS FEEDBACK,248,248,0,6652,0,109,266,44,4,8,12,12,8,4,109,0,85,84,24,24,0,true,1,1
34005K5A.CAD,10942,a3a70cbc9d57,34005K5,STATUS FEEDBACK,368,368,0,10134,0,171,404,75,10,10,18,18,15,10,171,0,105,130,40,40,0,true,1,1
34005K6A.CAD,10958,134bd7cd2579,34005K6,STATUS FEEDBACK,369,369,0,10150,0,172,405,75,10,10,18,18,15,10,172,0,105,130,40,40,0,true,1,1
34005K7A.CAD,10914,0575c0959be9,34005K7,STATUS FEEDBACK,367,367,0,10106,0,173,403,75,10,10,18,18,15,10,173,0,102,130,40,40,0,true,1,1
34005K8A.CAD,10814,f77a94a73157,34005K8,STATUS FEEDBACK,362,362,0,10006,0,171,398,75,10,10,18,18,15,10,171,0,99,130,40,40,0,true,1,1
34005K9A.CAD,10634,ed6c6265378d,34005K9,STATUS FEEDBACK,353,353,0,9826,0,167,389,75,10,10,18,18,15,10,167,0,94,130,40,40,0,true,1,1
34005L0A.CAD,10618,906ea450c98d,34005L0,STATUS FEEDBACK,352,352,0,9810,0,166,388,75,10,10,18,18,15,10,166,0,94,130,40,40,0,true,1,1
34005L1A.CAD,10698,beffc3e9fa05,34005L1,STATUS FEEDBACK,357,357,0,9890,0,171,393,75,10,10,18,18,15,10,171,0,94,130,40,40,0,true,1,1
34005L2A.CAD,10762,81c477e69f1c,34005L2,STATUS FEEDBACK,361,361,0,9954,0,175,397,75,10,10,18,18,15,10,175,0,94,130,40,40,0,true,1,1
34005L3A.CAD,10762,bd6062b79a37,34005L3,STATUS FEEDBACK,361,361,0,9954,0,175,397,75,10,10,18,18,15,10,175,0,94,130,40,40,0,true,1,1
34005L4A.CAD,10746,a4428ce8df4a,34005L4,STATUS FEEDBACK,360,360,0,9938,0,174,396,75,10,10,18,18,15,10,174,0,94,130,40,40,0,true,1,1
34005L5A.CAD,10714,6450ffd9dac0,34005L5,STATUS FEEDBACK,358,358,0,9906,0,172,394,75,10,10,18,18,15,10,172,0,94,130,40,40,0,true,1,1
34005L6A.CAD,10812,19dbcf7faa86,34005L6,STATUS FEEDBACK,363,363,0,10004,0,176,399,75,11,10,18,18,15,10,176,0,94,130,40,40,0,true,1,1
34005L7A.CAD,10746,d064e68bd3c6,34005L7,STATUS FEEDBACK,360,360,0,9938,0,174,396,75,10,10,18,18,15,10,174,0,94,130,40,40,0,true,1,1
34005L8A.CAD,10684,005417d8c09b,34005L8,STATUS FEEDBACK,357,357,0,9876,0,172,393,75,10,10,18,18,15,10,172,0,93,130,40,40,0,true,1,1
34005L9A.CAD,10686,a3fd9229e156,34005L9,STATUS FEEDBACK,358,358,0,9878,0,174,394,75,10,10,18,18,15,10,174,0,92,130,40,40,0,true,1,1
34005M0A.CAD,9044,cddc79843d62,34005M0,RUN REQUEST,306,306,0,8338,0,140,336,60,8,8,16,16,12,8,140,0,92,104,32,32,0,true,1,1
34005M1A.CAD,7072,42b18411664c,34005M1,RUN REQUEST,239,239,0,6468,0,104,261,45,6,6,12,12,9,6,104,0,79,78,24,24,0,true,1,1
34005M2A.CAD,7052,2009d64927eb,34005M2,RUN REQUEST,239,239,0,6448,0,105,261,45,6,6,12,12,9,6,105,0,78,78,24,24,0,true,1,1
34005M3A.CAD,7112,6ee3cf6d514e,34005M3,RUN REQUEST,241,241,0,6508,0,105,263,45,6,6,12,12,9,6,105,0,80,78,24,24,0,true,1,1
34005M4A.CAD,7082,b07f97a3b351,34005M4,RUN REQUEST,239,239,0,6478,0,103,261,45,6,6,12,12,9,6,103,0,80,78,24,24,0,true,1,1
34005M5A.CAD,7144,85192b9df06b,34005M5,RUN REQUEST,242,242,0,6540,0,104,264,45,6,6,12,12,9,6,104,0,82,78,24,24,0,true,1,1
34005M6A.CAD,7144,778e90ea38fd,34005M6,RUN REQUEST,242,242,0,6540,0,104,264,45,6,6,12,12,9,6,104,0,82,78,24,24,0,true,1,1
34005M7A.CAD,7162,4f20edd58a78,34005M7,RUN REQUEST,243,243,0,6558,0,105,266,45,6,6,13,13,9,6,105,0,82,79,24,24,0,true,1,1
34005M8A.CAD,7148,c95ee98aabea,34005M8,RUN REQUEST,242,242,0,6544,0,104,264,45,6,6,12,12,9,6,104,0,82,79,24,24,0,true,1,1
34005M9A.CAD,5868,70f0eb0ddc03,34005M9,RUN REQUEST,171,171,0,5264,0,48,193,42,6,6,12,12,9,6,48,0,70,78,24,24,0,true,1,1
34005N0A.CAD,7148,ac5c09c17e09,34005N0,RUN REQUEST,242,242,0,6544,0,104,264,45,6,6,12,12,9,6,104,0,82,78,24,24,0,true,1,1
34005N1A.CAD,7164,5feeddb138e6,34005N1,RUN REQUEST,243,243,0,6560,0,105,265,45,6,6,12,12,9,6,105,0,82,78,24,24,0,true,1,1
34005N2A.CAD,5104,c8fad82332f1,34005N2,RUN REQUEST,171,171,0,4602,0,70,186,30,4,4,9,9,6,4,70,0,63,52,16,16,0,true,1,1
34005N3A.CAD,4060,da77d0651e1a,34005N3,RUN REQUEST,137,137,0,3594,0,57,145,22,2,4,6,6,4,2,57,0,52,40,12,12,0,true,1,1
34005N4A.CAD,2959,01d1546e27a0,34005N4,STATUS FEEDBACK,96,96,0,2568,0,32,101,13,2,2,4,4,2,2,32,0,46,25,7,7,0,true,1,1
34005N5A.CAD,2719,542bb01b7936,34005N5,STATUS FEEDBACK,89,89,0,2308,0,30,90,13,3,2,2,2,1,1,29,0,41,27,8,8,0,true,2,1
34005N6A.CAD,2874,bf2b9799ce08,34005N6,NEW BLOWER PM,124,124,0,2472,0,91,129,9,1,4,4,4,2,2,91,0,20,26,5,5,0,true,2,1
34005N7A.CAD,2106,15a122ae336d,34005N7,HEADBOX LEVEL,61,61,0,1694,0,13,63,10,2,2,2,2,2,0,11,0,36,30,6,6,0,true,2,1
34005N8A.CAD,4159,44b240b60b1f,34005N8,WARM WATER PUMP,116,116,0,3514,0,34,133,23,4,3,9,9,7,3,30,0,57,56,11,11,0,true,3,1
34005N9A.CAD,4916,8842ac5855e4,34005N9,CUT SQUIRT WATER PUMP,139,139,0,4230,0,42,163,27,6,5,13,13,8,5,38,0,66,64,13,13,1,true,3,1
34005O0A.CAD,4940,35b9517bb99a,34005O0,HOT WATER TO WIRE,138,138,0,4238,0,42,158,28,4,1,10,10,8,4,36,0,68,69,13,13,0,true,3,1
34005O1A.CAD,4620,f4c0e71ba37a,34005O1,BASIS WEIGHT VALVE,125,125,0,3654,0,43,137,29,5,3,7,7,6,1,36,0,53,51,17,17,0,true,3,1
34005O2A.CAD,6550,41682efcef8b,34005O2,WASH PUMP SEAL,184,184,0,5668,0,60,218,41,9,5,17,17,11,8,56,0,76,101,20,20,0,true,3,1
34005O3A.CAD,3304,89593d11dbe3,34005O3,WIRE ROLL H.P.SHOWER OSCILATOR,92,92,0,2694,0,26,102,15,5,3,6,6,3,3,24,0,46,40,8,8,0,true,3,1
34005O4A.CAD,4854,0fcbfff27e4d,34005O4,HOT WATER SHOWER,136,136,0,4118,0,43,158,30,6,4,12,12,6,6,40,0,58,75,15,15,2,true,2,1
34005O5A.CAD,3198,7536fc9d76b4,34005O5,DRYING AIR FAN,89,89,0,2546,0,29,95,16,4,2,4,4,2,2,24,0,43,44,9,9,0,true,3,1
34005O6A.CAD,18538,c1d0af397c86,34005O6,SEQUENCE 17 CIRCULATION FANS,568,568,0,17300,0,312,652,69,10,0,42,42,21,22,82,0,406,177,19,19,0,true,3,1
34005O7A.CAD,10810,e7739901a2f1,34005O7,SEQUENCE 17 CIRCULATION FANS,286,286,0,10192,0,61,407,77,0,0,61,61,53,8,61,0,147,117,16,16,0,true,1,1
34005O8A.CAD,9964,5e4f744d149f,34005O8,SEQUENCE CIRCULATION FANS,264,264,0,9386,0,56,375,70,0,0,56,56,49,7,56,0,137,105,14,14,0,true,1,1
34005O9A.CAD,7076,dedfa3de8164,34005O9,SEQUENCE 17 CIRCULATION FANS,188,188,0,6560,0,37,261,47,0,0,37,37,32,5,37,0,103,72,10,10,0,true,1,1
34005P0A.CAD,3686,f8822dc968a8,34005P0,SEQUENCE 18 COOLING OF WEB,103,103,0,3034,0,31,117,20,4,4,8,8,4,4,28,0,49,53,9,9,0,true,2,1
34005P1A.CAD,2858,b418b5e5a973,34005P1,BREAK AFTER DRYER,83,83,0,2460,0,20,93,12,4,5,6,6,5,1,19,0,46,24,6,6,0,true,2,1
34005P2A.CAD,4240,24b5fa43a60a,34005P2,WET END PULPER LO SPEED,122,122,0,3572,0,37,136,23,6,1,7,7,5,4,34,0,57,59,13,13,0,true,3,1
34005P3A.CAD,2973,e305b18a3678,34005P3,SEQUENCE 21 PRESS FELT WASHING,87,87,0,2454,0,27,93,15,7,0,4,4,1,3,26,0,37,45,11,11,0,true,2,1
34005P4A.CAD,7823,da39c9db9788,34005P4,PRESS FELT SEQ START,234,234,0,6830,0,97,262,49,29,0,14,14,9,7,96,0,58,142,33,33,0,true,2,1
34005P5A.CAD,1328,6eb7687c040c,34005P5,BYPASS SWITCHES,37,37,0,1008,0,4,37,2,1,0,1,1,0,1,3,0,29,4,1,1,0,true,2,1
34005P6A.CAD,4346,41122328fde5,34005P6,PULP MACHINE,167,167,0,3836,0,105,177,18,4,4,7,7,4,4,105,0,35,46,10,10,0,true,2,1
34005P7A.CAD,2100,c3d7d599f5ba,34005P7,PULP MACHINE,91,91,0,1746,0,68,90,5,1,1,1,1,1,0,68,0,14,15,3,3,0,true,2,1
34005P8A.CAD,9116,e8cdc5fd2b9f,34005P8,PULP MACHINE,271,271,0,7994,0,136,307,73,38,3,15,15,13,10,136,0,22,188,47,47,1,true,1,1
34005P9A.CAD,1590,0268cc66dfb2,34005P9,PULP MACHINE,43,43,0,1272,0,2,43,5,0,2,2,2,2,0,2,0,32,8,2,2,0,true,1,1
34005Q0A.CAD,2928,216b28ad77a6,34005Q0A,PULP MACHINE,79,79,0,2432,0,20,89,20,5,3,6,6,3,3,20,0,32,50,12,12,1,true,1,1
34005Q1A.CAD,3286,daa84277b5d6,34005Q1,PULP MACHINE,163,163,0,2988,0,128,167,7,0,2,3,3,2,1,128,0,26,0,0,0,3,false,2,1
34005Q2A.CAD,2356,478aea2af63f,34005Q2A,,46,46,0,1728,0,11,66,22,0,11,11,11,11,0,11,0,11,89,11,11,0,true,1,1
34005Q3A.CAD,2178,d672cbc861ce,34005Q3A,,42,42,0,1580,0,10,60,20,0,10,10,10,10,0,10,0,10,80,10,10,0,true,1,1
34005Q4A.CAD,1938,bab2f6b0f732,34005Q4A,,47,47,0,1404,0,26,51,13,5,3,3,3,2,1,25,0,2,44,9,9,0,true,2,1
34005Q5A.CAD,1946,5914e32042bc,34005Q5A,,47,47,0,1412,0,26,51,13,5,3,3,3,2,1,25,0,2,45,9,9,0,true,2,1
34005Q6A.CAD,1954,02737b39435c,34005Q6A,,47,47,0,1420,0,26,51,13,5,3,3,3,2,1,25,0,2,45,9,9,0,true,2,1
34005Q7A.CAD,2012,0ca5574ded3d,34005Q7A,,50,50,0,1478,0,28,54,13,6,3,3,3,2,1,27,0,2,42,9,9,0,true,2,1
34005Q8A.CAD,1878,f8a5c9bdf989,34005Q8A,,45,45,0,1344,0,24,49,12,5,3,3,3,2,1,24,0,2,45,9,9,0,true,1,1
34005Q9A.CAD,1244,3bb2d396522e,34005Q9A,,27,27,0,868,0,12,31,8,3,3,3,3,2,1,12,0,2,18,5,5,0,true,1,1
34005Z0A.CAD,1972,15f85f92636b,34005Z0A,PULP MACHINE,49,49,0,1474,0,13,53,16,3,1,3,3,3,0,13,0,15,48,12,12,0,true,1,1
34005Z1A.CAD,2482,6ea5cb5ce591,34005Z1A,PULP MACHINE,67,67,0,1974,0,27,72,18,6,1,4,4,3,0,25,0,16,48,13,12,0,true,3,1
34005Z3A.CAD,4174,be0c5896d77f,34005Z3A,PULP MACHINE,109,109,0,3456,0,43,132,31,8,9,12,12,11,2,43,0,25,99,18,18,0,true,1,1
34005Z4A.CAD,4450,9bda47fa405e,34005Z4A,,98,98,0,3498,0,36,133,46,1,16,18,18,14,5,34,0,15,152,26,25,0,true,3,1
3430500A.CAD,2554,5e3aa31c13d2,3430500,MFC EXECUTIVES,70,70,0,2012,0,28,74,11,2,0,3,3,0,3,8,0,47,59,8,7,0,true,2,1
3430501A.CAD,2834,ae581a0af1a2,3430501,CHEMICAL PLANT,76,76,0,2476,0,12,98,13,0,12,12,12,12,0,12,0,49,24,1,1,0,true,1,1
3430502A.CAD,2572,26902ad3447d,3430502,SALT TO DISSOLVER,71,71,0,2214,0,11,89,11,1,10,10,10,10,0,10,0,47,21,1,1,0,true,2,1
3430503A.CAD,2464,9217dcd85630,3430503,CHEMICAL PLANT,68,68,0,2106,0,8,82,9,0,8,8,8,8,0,8,0,49,19,1,1,0,true,1,1
3430504A.CAD,2611,b3cb63fb7566,3430504,CHEMICAL PLANT,73,73,0,2254,0,10,87,9,0,8,8,8,8,0,8,0,54,19,1,1,0,true,2,1
3430505A.CAD,2410,ec5891b4c36c,3430505,CHEMICAL PLANT,66,66,0,2024,0,8,78,8,0,7,7,7,7,0,7,0,49,19,1,1,0,true,2,1
3430506A.CAD,2580,2cdbb33aa807,3430506,CHEMICAL PLANT,70,70,0,2194,0,9,84,9,0,8,8,8,8,0,8,0,51,19,1,1,0,true,2,1
3430507A.CAD,2560,a4d4b2da594d,3430507,CHEMICAL PLANT,71,71,0,2202,0,10,85,9,0,8,8,8,8,0,8,0,52,19,1,1,0,true,2,1
3430508A.CAD,2560,366757405b0e,3430508,CHEMICAL PLANT,72,72,0,2202,0,10,86,9,0,8,8,8,8,0,8,0,53,19,1,1,0,true,2,1
3430509A.CAD,2520,61a54af8da12,3430509,CHEMICAL PLANT,70,70,0,2162,0,9,84,9,0,8,8,8,8,0,8,0,51,19,1,1,0,true,2,1
3430510A.CAD,2496,7a7951f08c4d,3430510,CHEMICAL PLANT,69,69,0,2138,0,8,83,9,0,8,8,8,8,0,8,0,50,20,1,1,0,true,1,1
3430511A.CAD,2412,b9cc238240d5,3430511,CAUSTIC COOLER OUTLET,67,67,0,2054,0,8,79,8,0,7,7,7,7,0,7,0,50,19,1,1,0,true,2,1
3430512A.CAD,2510,8e5c75ca5860,3430512,CHEMICAL PLANT,70,70,0,2152,0,9,84,9,0,8,8,8,8,0,8,0,51,19,1,1,0,true,2,1
3430513A.CAD,3498,24639a0abec6,3430513,DIGITAL INPUTS FOR SLAVE 13,96,96,0,3176,0,20,125,17,0,15,15,15,0,15,15,0,63,19,2,2,2,true,2,1
3430514A.CAD,3094,1169eda37c47,3430514,CHEMICAL PLANT,84,84,0,2772,0,15,107,14,0,12,12,12,0,12,12,0,57,18,2,2,0,true,2,1
3430515A.CAD,3456,44b8348e274a,3430515,CHEMICAL PLANT,91,91,0,3134,0,18,122,18,0,16,16,16,0,16,16,0,56,22,2,2,0,true,2,1
3430516A.CAD,3142,f960fc672ccb,3430516,CHEMICAL PLANT,85,85,0,2820,0,16,110,15,0,13,13,13,0,13,13,0,56,19,2,2,0,true,2,1
3430517A.CAD,3378,cdc3168503ef,3430517,CHEMICAL PLANT,92,92,0,3056,0,16,121,17,0,15,15,15,0,15,15,0,59,19,2,2,2,true,2,1
3430518A.CAD,2844,5550efc41eee,3430518,CHEMICAL PLANT,78,78,0,2522,0,13,101,14,0,12,12,12,0,12,12,0,51,18,2,2,0,true,2,1
3430519A.CAD,3196,6f27a0efea02,3430519,CHEMICAL PLANT,85,85,0,2874,0,17,116,18,0,16,16,16,0,16,16,0,50,22,2,2,2,true,2,1
3430520A.CAD,2914,2d2d9bca2b77,3430520,CHEMICAL PLANT,79,79,0,2592,0,14,102,14,0,12,12,12,0,12,12,0,52,17,2,2,1,true,2,1
3430521A.CAD,2466,0c8682ce84ef,3430521,DIGITAL INPUTS FOR SLAVE 21,70,70,0,2144,0,9,85,10,0,8,8,8,0,8,8,0,51,13,2,2,1,true,2,1
3430522A.CAD,2938,c6d2f60b0ccb,3430522,CHEMICAL PLANT,80,80,0,2616,0,13,103,14,0,12,12,12,0,12,12,0,53,18,2,2,0,true,2,1
3430524A.CAD,2640,6e7554f6bca4,3430524,CHEMICAL PLANT,72,72,0,2318,0,9,89,11,0,9,9,9,0,9,9,0,51,15,2,2,0,true,1,1
3430525A.CAD,2310,302bac17c1d5,3430525,CHEMICAL PLANT,63,63,0,1988,0,6,74,8,0,6,6,6,0,6,6,0,48,12,2,2,0,true,1,1
3430526A.CAD,2974,4c160f9394e2,3430526,CHEMICAL PLANT,80,80,0,2652,0,10,99,12,0,10,10,10,0,10,10,0,57,16,2,2,0,true,1,1
3430527A.CAD,3302,474b6560c4c1,3430527,DIGITAL OUTPUTS FOR SLAVE 27,88,88,0,2948,0,15,117,17,0,15,15,15,15,0,15,0,55,23,2,2,0,true,1,1
3430528A.CAD,2694,57319d5215d3,3430528,DIGITAL OUTPUTS FOR SLAVE 28,73,73,0,2340,0,11,94,13,0,11,11,11,11,0,11,0,48,19,2,2,0,true,1,1
3430529A.CAD,2790,d4cee1b60942,3430529,DIGITAL OUTPUTS FOR SLAVE 29,73,73,0,2436,0,12,96,14,0,12,12,12,12,0,12,0,46,20,2,2,0,true,1,1
3430530A.CAD,2858,13d11d29721d,3430530,DIGITAL OUTPUT FOR SLAVE 30,82,82,0,2504,0,9,99,11,0,9,9,9,9,0,9,0,61,17,2,2,0,true,1,1
3430531A.CAD,2586,b9a7e73ced21,3430531,CHEMICAL PLANT,54,54,0,2078,0,18,80,17,2,14,14,14,0,14,18,0,15,41,3,3,0,true,1,1
3430532A.CAD,1864,9abb806fc628,3430532,DIGITAL OUTPUTS FOR SLAVE 32,49,49,0,1538,0,5,58,6,0,5,5,5,5,0,5,0,37,9,1,1,0,true,1,1
3430533A.CAD,1368,4abdb70fb367,3430533,DIGITAL OUTPUT FOR SLAVE 33,39,39,0,1042,0,1,40,2,0,1,1,1,1,0,1,0,35,5,1,1,0,true,1,1
3430534A.CAD,1560,72d7126fde47,3430534,DIGITAL OUTPUTS FOR SLAVE 34,44,44,0,1234,0,3,49,4,0,3,3,3,3,0,3,0,36,7,1,1,0,true,1,1
3430535A.CAD,1230,d4833105bf00,3430535,DIGITAL OUTPUTS FOR SLAVE 35,32,32,0,904,0,6,35,3,2,1,2,2,2,0,6,0,20,6,1,1,0,true,1,1
3430536A.CAD,1770,b59f7a3c7384,3430536,CHEMICAL PLANT,43,43,0,1412,0,8,58,9,0,8,8,8,8,0,8,0,25,19,1,1,0,true,1,1
3430537A.CAD,2018,378bb951ff0b,3430537,CHEMICAL PLANT,53,53,0,1660,0,10,68,9,0,8,8,8,8,0,8,0,35,18,1,1,1,true,2,1
3430538A.CAD,2540,6a3809ad60f2,3430538,CHEMICAL PLANT,52,52,0,2032,0,17,78,17,1,14,14,14,0,14,17,0,15,39,3,3,1,true,1,1
3430539A.CAD,2684,186052065957,3430539,CHEMICAL PLANT,56,56,0,2176,0,19,84,18,2,12,15,15,0,15,19,0,15,40,3,3,3,true,1,1
3430540A.CAD,2880,583041a3067d,3430540,CHEMICAL PLANT,63,63,0,2372,0,26,91,18,2,15,15,15,0,15,19,0,22,42,3,3,2,true,2,1
3430541A.CAD,2584,62b18340abd8,3430541,CHEMICAL PLANT,54,54,0,2076,0,18,80,17,2,14,14,14,0,14,18,0,15,40,3,3,1,true,1,1
3430542A.CAD,2684,053700eb3fb2,3430542,CHEMICAL PLANT,56,56,0,2176,0,19,84,18,2,14,15,15,0,15,19,0,15,41,3,3,1,true,1,1
3430543A.CAD,2586,cf35d96aba3b,3430543,CHEMICAL PLANT,54,54,0,2078,0,18,80,17,2,14,14,14,0,14,18,0,15,40,3,3,1,true,1,1
3430544A.CAD,2392,18a3c9de03e8,3430544,CHEMICAL PLANT,47,47,0,1884,0,15,71,16,0,13,13,12,0,13,15,0,14,39,3,3,1,true,1,1
3430545A.CAD,1226,6a03681e3ca3,3430545A,,18,18,0,718,0,8,28,9,0,5,5,4,0,5,7,0,2,22,3,3,0,true,2,1
3430547A.CAD,920,3eebac219d31,3430547A,,15,15,0,502,0,6,19,7,2,2,2,2,2,0,6,0,0,30,4,4,0,true,1,1
3430552A.CAD,636,cc1c7d8091d9,3430552A,,4,4,0,146,0,1,4,3,0,0,0,0,0,0,1,0,0,48,2,2,0,true,1,1
3430565A.CAD,2132,0d5f282b63df,3430565,CHEMICAL PLANT,60,60,0,1776,0,11,64,10,3,3,3,3,1,2,11,0,34,16,4,4,0,true,1,1
3430566A.CAD,1758,d66056870d57,3430566,CHEMICAL PLANT,51,51,0,1402,0,8,51,6,2,1,1,1,1,0,8,0,33,13,4,4,0,true,1,1
3430567A.CAD,1900,bed33e852e61,3430567,CHEMICAL PLANT,54,54,0,1544,0,9,56,8,2,2,2,2,1,1,9,0,33,15,4,4,0,true,1,1
3430568A.CAD,1922,7472d15941a4,3430568,CHEMICAL PLANT,55,55,0,1566,0,9,57,8,2,2,2,2,1,1,9,0,34,15,4,4,0,true,1,1
3430569A.CAD,1098,3694a7dd745c,3430569,,25,25,0,754,0,2,25,5,0,1,1,1,1,0,2,0,16,10,2,2,0,true,1,1
3430570A.CAD,2240,a97fe6ad1b19,3430570,NaOH Flow to Bleaching,57,57,0,1760,0,19,63,15,4,1,4,4,2,2,18,0,18,42,8,8,0,true,2,1
3430571A.CAD,1098,f804fbda4399,3430571,,25,25,0,754,0,2,25,5,0,1,1,1,1,0,2,0,16,10,2,2,0,true,1,1
3430572A.CAD,1404,446d0310b5d6,3430572,POWER DISTRIBUTION,38,38,0,1096,0,1,38,4,0,1,1,1,1,0,1,0,31,4,1,1,0,true,1,1
3430574A.CAD,1404,39e10a8dcb37,3430574,POWER DISTRIBUTION,38,38,0,1096,0,1,38,4,0,1,1,1,1,0,1,0,31,4,1,1,0,true,1,1
3430575A.CAD,1404,af7304a76090,3430575,POWER DISTRIBUTION,38,38,0,1096,0,1,38,4,0,1,1,1,1,0,1,0,31,4,1,1,0,true,1,1
3430576A.CAD,1404,26dd57661a67,3430576,POWER DISTRIBUTION,38,38,0,1096,0,1,38,4,0,1,1,1,1,0,1,0,31,4,1,1,0,true,1,1
3430577A.CAD,1494,09ea73df6300,3430577,POWER DISTRIBUTION,40,40,0,1186,0,2,42,5,0,1,2,2,1,1,2,0,31,5,1,1,0,true,1,1
3430578A.CAD,1494,b28d27025815,3430578,POWER DISTRIBUTION,40,40,0,1186,0,2,42,5,0,1,2,2,1,1,2,0,31,5,1,1,0,true,1,1
3430579A.CAD,1474,3cc52fa8cfc4,3430579,POWER DISTRIBUTION,40,40,0,1166,0,2,42,5,0,1,2,2,1,1,2,0,31,5,1,1,0,true,1,1
3430580A.CAD,1490,09e8153d32f2,3430580,POWER DISTRIBUTION,40,40,0,1182,0,2,42,5,0,1,2,2,1,1,2,0,31,5,1,1,0,true,1,1
3430581A.CAD,1490,14c11880d9d5,3430581,POWER DISTRIBUTION,40,40,0,1182,0,2,42,5,0,1,2,2,1,1,2,0,31,5,1,1,0,true,1,1
3430582A.CAD,1490,2e9ebc7269a6,3430582,POWER DISTRIBUTION,40,40,0,1182,0,2,42,5,0,1,2,2,1,1,2,0,31,5,1,1,0,true,1,1
3430583A.CAD,1400,3fba96ac1e53,3430583,POWER DISTRIBUTION,38,38,0,1092,0,1,38,4,0,1,1,1,1,0,1,0,31,4,1,1,0,true,1,1
3430584A.CAD,1400,3b402ee67e3f,3430584,POWER DISTRIBUTION,38,38,0,1092,0,1,38,4,0,1,1,1,1,0,1,0,31,4,1,1,0,true,1,1
3430585A.CAD,1490,6babd2608295,3430585,POWER DISTRIBUTION,40,40,0,1182,0,2,42,5,0,1,2,2,1,1,2,0,31,5,1,1,0,true,1,1
3430586A.CAD,1400,ae27949a6abf,3430586,POWER DISTRIBUTION,38,38,0,1092,0,1,38,4,0,1,1,1,1,0,1,0,31,4,1,1,0,true,1,1
3430587A.CAD,1372,d14025fda4e2,3430587,POWER DISTRIBUTION,37,37,0,1064,0,1,37,4,0,1,1,1,1,0,1,0,30,4,1,1,0,true,1,1
3430588A.CAD,1370,e5ce3f0d1ba0,3430588,POWER DISTRIBUTION,37,37,0,1062,0,1,37,4,0,1,1,1,1,0,1,0,30,4,1,1,0,true,1,1
3430589A.CAD,1370,36d5a6019ac0,3430589,POWER DISTRIBUTION,37,37,0,1062,0,1,37,4,0,1,1,1,1,0,1,0,30,4,1,1,0,true,1,1
3430590A.CAD,1422,a5fc85db422b,3430590,POWER DISTRIBUTION,38,38,0,1114,0,1,38,5,0,1,1,1,1,0,1,0,30,4,1,1,0,true,1,1
3430595A.CAD,1372,5ad59227531f,3430595,POWER DISTRIBUTION,37,37,0,1064,0,1,37,4,0,1,1,1,1,0,1,0,30,4,1,1,0,true,1,1
3430599A.CAD,1370,023d7c72e1e6,3430599,POWER DISTRIBUTION,37,37,0,1062,0,1,37,4,0,1,1,1,1,0,1,0,30,4,1,1,0,true,1,1
34305A1A.CAD,1370,a18f2d689474,34305A1,POWER DISTRIBUTION,37,37,0,1062,0,1,37,4,0,1,1,1,1,0,1,0,30,4,1,1,0,true,1,1
34305A2A.CAD,1370,71372cf8e887,34305A2,POWER DISTRIBUTION,37,37,0,1062,0,1,37,4,0,1,1,1,1,0,1,0,30,4,1,1,0,true,1,1
34305A3A.CAD,1420,2d63b68cc759,34305A3,POWER DISTRIBUTION,38,38,0,1112,0,1,37,4,0,1,1,1,1,0,1,0,30,4,1,1,0,true,1,1
34305A4A.CAD,1420,e676cfed9101,34305A4,POWER DISTRIBUTION,38,38,0,1112,0,1,38,5,0,1,1,1,1,0,1,0,30,4,1,1,0,true,1,1
34305A5A.CAD,2834,06d9302aaff5,34305A5,CHEMICAL PLANT,82,82,0,2396,0,21,90,17,5,2,5,5,1,4,19,0,39,35,10,10,1,true,2,1
34305A6A.CAD,2988,8a33e701463f,34305A6,CHEMICAL PLANT,84,84,0,2510,0,31,94,19,4,1,6,6,1,5,20,0,39,38,10,10,0,true,3,1
34305A7A.CAD,3540,dcbe2857b289,34305A7,CHEMICAL PLANT,103,103,0,2982,0,36,111,23,9,4,5,5,3,2,35,0,34,58,12,12,0,true,2,1
34305A8A.CAD,3630,0199ad0503fa,34305A8,CHEMICAL PLANT,107,107,0,3000,0,39,111,19,13,3,3,3,2,1,39,0,34,71,11,11,0,true,1,1
34305A9A.CAD,2942,0eb1d96af1b7,34305A9A,CHEMICAL PLANT,76,76,0,2408,0,31,86,22,5,4,6,6,5,1,28,0,19,51,10,9,0,true,3,1
34305B1A.CAD,1092,149346857e35,34305B1,HCl FLOW,25,25,0,764,0,1,25,4,0,1,1,1,1,0,1,0,18,8,1,1,0,true,1,1
34305B2A.CAD,1342,a6aa0de88a37,34305B2,CHEMICAL PLANT,36,36,0,1034,0,1,36,4,0,1,1,1,1,0,1,0,29,4,1,1,0,true,1,1
34305B3A.CAD,1412,94751b0a6e81,34305B3,CHEMICAL PLANT,38,38,0,1090,0,2,38,5,0,1,1,1,1,0,2,0,29,7,2,2,0,true,1,1
34305B4A.CAD,1390,09e3621915a6,34305B4,CHEMICAL PLANT,37,37,0,1068,0,2,37,5,0,1,1,1,1,0,2,0,28,7,2,2,0,true,1,1
34305B5A.CAD,1094,e6f02143721b,34305B5,PRESS BRINE,25,25,0,766,0,1,25,4,0,1,1,1,1,0,1,0,18,7,1,1,0,true,1,1
34305B6A.CAD,1604,5478af0e0012,34305B6,CHEMICAL PLANT,43,43,0,1248,0,5,45,7,1,1,2,2,1,1,5,0,28,16,3,3,0,true,1,1
34305B7A.CAD,1096,98aec4ebeafb,34305B7,ION EXCHANGER,25,25,0,768,0,1,25,4,0,1,1,1,1,0,1,0,18,8,1,1,0,true,1,1
34305B8A.CAD,1114,dbcad190df8a,34305B8,CHEMICAL PLANT,27,27,0,774,0,3,27,3,1,1,1,1,1,0,3,0,18,11,2,2,0,true,1,1
34305B9A.CAD,1062,967e7f6233fa,34305B9,pH PURE BRINE,24,24,0,734,0,1,24,4,0,1,1,1,1,0,1,0,17,9,1,1,0,true,1,1
34305C1A.CAD,1068,c20c3e4afdbc,34305C1,HCl TO ION EXCHANGER,24,24,0,740,0,1,24,4,0,1,1,1,1,0,1,0,17,8,1,1,0,true,1,1
34305C2A.CAD,1076,700bc4065023,34305C2,DEMIN WATER TO ION EXCHANGER,24,24,0,748,0,1,24,4,0,1,1,1,1,0,1,0,17,8,1,1,0,true,1,1
34305C3A.CAD,1074,038ad511e070,34305C3,,24,24,0,746,0,1,24,4,0,1,1,1,1,0,1,0,17,8,1,1,0,true,1,1
34305C4A.CAD,1092,bc48c0ee21dc,34305C4,,25,25,0,764,0,1,25,4,0,1,1,1,1,0,1,0,18,7,1,1,0,true,1,1
34305C5A.CAD,3012,841f08003f3b,34305C5,CHEMICAL PLANT,84,84,0,2504,0,30,90,18,5,5,5,5,4,1,27,0,30,47,8,8,0,true,2,1
34305C6A.CAD,1072,c3bc24712b0a,34305C6,TEMP CHLORATE DECOMPOSER,24,24,0,744,0,1,24,4,0,1,1,1,1,0,1,0,17,8,1,1,0,true,1,1
34305C7A.CAD,1096,2c3a244c7a80,34305C7,MILL AIR FLOW,25,25,0,768,0,1,25,4,0,1,1,1,1,0,1,0,18,8,1,1,0,true,1,1
34305C8A.CAD,1094,f294c1b3fb7d,34305C8,pH BRINE FROM,25,25,0,766,0,1,25,4,0,1,1,1,1,0,1,0,18,8,1,1,0,true,1,1
34305C9A.CAD,2862,4b3d65ba5e5c,34305C9,CHEMICAL PLANT,80,80,0,2314,0,25,84,17,6,3,3,3,2,1,23,0,32,56,8,8,0,true,2,1
34305D1A.CAD,1338,db36b4a7c178,34305D1,CHEMICAL PLANT,36,36,0,1030,0,1,36,4,0,1,1,1,1,0,1,0,29,4,1,1,0,true,1,1
34305D2A.CAD,1338,200d3dbb4724,34305D2,CHEMICAL PLANT,36,36,0,1030,0,1,36,4,0,1,1,1,1,0,1,0,29,4,1,1,0,true,1,1
34305D3A.CAD,2908,209e1fa7dc0b,34305D3,CHEMICAL PLANT,76,76,0,2324,0,28,84,21,6,4,5,5,3,2,26,0,21,64,10,10,0,true,3,1
34305D4A.CAD,2964,5cd665b7bcb5,34305D4,CHEMICAL PLANT,78,78,0,2438,0,29,89,19,6,5,6,6,5,2,28,0,23,47,9,9,0,true,2,1
34305D5A.CAD,1088,00e9373be054,34305D5,,25,25,0,760,0,1,25,4,0,1,1,1,1,0,1,0,18,7,1,1,0,true,1,1
34305D6A.CAD,1086,1bfc00979985,34305D6,,25,25,0,758,0,1,25,4,0,1,1,1,1,0,1,0,18,8,1,1,0,true,1,1
34305D7A.CAD,1086,811f0dd455f0,34305D7,,25,25,0,758,0,1,25,4,0,1,1,1,1,0,1,0,18,7,1,1,0,true,1,1
34305D8A.CAD,4728,84effd019516,34305D8,RUN REQUEST,144,144,0,4164,0,45,156,32,10,6,7,7,5,2,44,0,56,58,18,18,0,true,2,1
34305D9A.CAD,1960,02c6f33a43a4,34305D9,FLOCCULANT DOSING PUMP,55,55,0,1590,0,9,57,9,2,2,2,2,2,0,8,0,34,12,2,2,0,true,2,1
34305E1A.CAD,1860,6c95250dc9c8,34305E1,BARIUM CARBONATE PUMP,53,53,0,1490,0,9,55,7,2,2,2,2,2,0,8,0,34,12,2,2,0,true,2,1
34305E2A.CAD,4216,0b4e26c6e413,34305E2,LOCAL START,123,123,0,3702,0,36,133,32,8,6,6,6,4,2,36,0,45,48,14,14,0,true,1,1
34305E3A.CAD,3648,5bfb5ff6fa19,34305E3,LOCAL START,109,109,0,3142,0,30,115,25,6,4,4,4,3,1,30,0,46,44,13,13,0,true,1,1
34305E4A.CAD,5078,301fbf65e766,34305E4,CHEMICAL PLANT,153,153,0,4514,0,47,165,37,11,7,7,7,5,2,47,0,56,59,18,18,0,true,1,1
34305E5A.CAD,5826,433b19e8e0da,34305E5,LOCAL STOP,170,170,0,5242,0,55,193,46,12,6,12,12,8,5,55,0,55,70,21,21,1,true,1,1
34305E6A.CAD,5594,324625e3a14f,34305E6,LOCAL START,163,163,0,5018,0,50,185,44,10,6,12,12,8,4,50,0,57,67,20,20,1,true,1,1
34305E7A.CAD,1796,d9c792e3b914,34305E7,FLOCCULANT AGITATOR,50,50,0,1426,0,9,52,7,2,2,2,2,2,0,8,0,31,12,2,2,0,true,2,1
34305E8A.CAD,1814,17ed7795b813,34305E8,BARIUM CARBONATE AGITATOR,50,50,0,1444,0,9,52,7,2,2,2,2,2,0,8,0,31,12,2,2,0,true,2,1
34305E9A.CAD,1863,9c7f758143d0,34305E9,FAULT - COMMON WITH 61-M-003,51,51,0,1494,0,11,53,7,2,2,2,2,2,0,6,0,34,12,2,2,0,true,3,1
34305F1A.CAD,5112,7eaab4f07c4c,34305F1,SETTLER SCAPER,152,152,0,4556,0,46,165,38,10,6,7,7,6,2,46,0,56,60,18,18,0,true,1,1
34305F2A.CAD,4280,0cdfa80cf71d,34305F2,CHEMICAL PLANT,126,126,0,3774,0,35,136,31,8,6,6,6,4,2,35,0,50,47,13,13,0,true,1,1
34305F3A.CAD,4826,fa308ae704d6,34305F3,CHEMICAL PLANT,135,135,0,4128,0,52,151,34,11,3,9,9,4,5,50,0,38,86,21,19,0,true,2,1
34305F4A.CAD,1328,5b12c1c5c65d,34305F4,CHEMICAL PLANT,36,36,0,1020,0,1,36,4,0,1,1,1,1,0,1,0,29,3,1,1,0,true,1,1
34305F5A.CAD,1366,5e1479ff9ac9,34305F5,CENTRAL DISTURBANCE,37,37,0,1058,0,1,37,4,0,1,1,1,1,0,1,0,30,3,1,1,0,true,1,1
34305F6A.CAD,1126,8d92cbfd92f5,34305F6,SEPAR DIFF,26,26,0,782,0,2,26,5,0,1,1,1,1,0,2,0,17,10,2,2,0,true,1,1
34305F7A.CAD,1170,2e5b0f3550d3,34305F7,,28,28,0,826,0,2,28,5,0,1,1,1,1,0,2,0,19,11,2,2,0,true,1,1
34305F8A.CAD,1102,9d1c438fb6d3,34305F8,,26,26,0,774,0,1,26,4,0,1,1,1,1,0,1,0,19,7,1,1,0,true,1,1
34305F9A.CAD,1102,8326c7968819,34305F9,,26,26,0,774,0,1,26,4,0,1,1,1,1,0,1,0,19,8,1,1,0,true,1,1
34305G1A.CAD,1102,fcbfc7e4a784,34305G1,,26,26,0,774,0,1,26,4,0,1,1,1,1,0,1,0,19,7,1,1,0,true,1,1
34305G2A.CAD,1102,69620be395ea,34305G2,,26,26,0,774,0,1,26,4,0,1,1,1,1,0,1,0,19,7,1,1,0,true,1,1
34305G3A.CAD,1102,fd13c36b6874,34305G3,,26,26,0,774,0,1,26,4,0,1,1,1,1,0,1,0,19,7,1,1,0,true,1,1
34305G4A.CAD,1104,41e7aab113d4,34305G4,,26,26,0,776,0,1,26,4,0,1,1,1,1,0,1,0,19,7,1,1,0,true,1,1
34305G5A.CAD,1104,b9d458a3db03,34305G5,,26,26,0,776,0,1,26,4,0,1,1,1,1,0,1,0,19,7,1,1,0,true,1,1
34305G6A.CAD,1172,ced4052e969c,34305G6,,28,28,0,828,0,2,28,5,0,1,1,1,1,0,2,0,19,11,2,2,0,true,1,1
34305G7A.CAD,1106,239f9365749a,34305G7,,26,26,0,778,0,1,26,4,0,1,1,1,1,0,1,0,19,7,1,1,0,true,1,1
34305G8A.CAD,1106,e600a690bf4f,34305G8,,26,26,0,778,0,1,26,4,0,1,1,1,1,0,1,0,19,7,1,1,0,true,1,1
34305G9A.CAD,1106,7664f049ad7b,34305G9,,26,26,0,778,0,1,26,4,0,1,1,1,1,0,1,0,19,8,1,1,0,true,1,1
34305H1A.CAD,1104,22357054dbe7,34305H1,,26,26,0,776,0,1,26,4,0,1,1,1,1,0,1,0,19,7,1,1,0,true,1,1
34305H2A.CAD,1104,d6fc5eac931b,34305H2,,26,26,0,776,0,1,26,4,0,1,1,1,1,0,1,0,19,7,1,1,0,true,1,1
34305H3A.CAD,1104,c2914bbfd201,34305H3,,26,26,0,776,0,1,26,4,0,1,1,1,1,0,1,0,19,7,1,1,0,true,1,1
34305H4A.CAD,1086,bf150b77536f,34305H4,,25,25,0,758,0,1,25,4,0,1,1,1,1,0,1,0,18,8,1,1,0,true,1,1
34305H5A.CAD,1104,c557ea512c3e,34305H5,,26,26,0,776,0,1,26,4,0,1,1,1,1,0,1,0,19,8,1,1,0,true,1,1
34305H6A.CAD,1104,ce2a248294ac,34305H6,,26,26,0,776,0,1,26,4,0,1,1,1,1,0,1,0,19,7,1,1,0,true,1,1
34305H7A.CAD,1104,24dbd9246087,34305H7,,26,26,0,776,0,1,26,4,0,1,1,1,1,0,1,0,19,7,1,1,0,true,1,1
34305H8A.CAD,1104,c59a47b4078a,34305H8,,26,26,0,776,0,1,26,4,0,1,1,1,1,0,1,0,19,8,1,1,0,true,1,1
34305H9A.CAD,1104,9f0805f3278b,34305H9,,26,26,0,776,0,1,26,4,0,1,1,1,1,0,1,0,19,7,1,1,0,true,1,1
34305I1A.CAD,1104,13079a260baa,34305I1,,26,26,0,776,0,1,26,4,0,1,1,1,1,0,1,0,19,7,1,1,0,true,1,1
34305I2A.CAD,1104,2d4c3dd39727,34305I2,,26,26,0,776,0,1,26,4,0,1,1,1,1,0,1,0,19,7,1,1,0,true,1,1
34305I3A.CAD,1104,3aecfa54308f,34305I3,,26,26,0,776,0,1,26,4,0,1,1,1,1,0,1,0,19,7,1,1,0,true,1,1
34305I4A.CAD,1104,1c7b9f7f0266,34305I4,,26,26,0,776,0,1,26,4,0,1,1,1,1,0,1,0,19,7,1,1,0,true,1,1
34305I5A.CAD,1106,cd12cde2df3a,34305I5,,26,26,0,778,0,1,26,4,0,1,1,1,1,0,1,0,19,7,1,1,0,true,1,1
34305I6A.CAD,1106,34a8b0dbd8ec,34305I6,,26,26,0,778,0,1,26,4,0,1,1,1,1,0,1,0,19,7,1,1,0,true,1,1
34305I7A.CAD,1106,ecd28f434a5d,34305I7,,26,26,0,778,0,1,26,4,0,1,1,1,1,0,1,0,19,7,1,1,0,true,1,1
34305I8A.CAD,1106,e6efa047c41d,34305I8,,26,26,0,778,0,1,26,4,0,1,1,1,1,0,1,0,19,7,1,1,0,true,1,1
34305I9A.CAD,1106,9f88ac81938d,34305I9,,26,26,0,778,0,1,26,4,0,1,1,1,1,0,1,0,19,7,1,1,0,true,1,1
34305J1A.CAD,1086,512ff2710e0f,34305J1,,25,25,0,758,0,1,25,4,0,1,1,1,1,0,1,0,18,8,1,1,0,true,1,1
34305J2A.CAD,1086,63d9cae05686,34305J2,,25,25,0,758,0,1,25,4,0,1,1,1,1,0,1,0,18,7,1,1,0,true,1,1
34305J3A.CAD,1106,040f85336219,34305J3,,26,26,0,778,0,1,26,4,0,1,1,1,1,0,1,0,19,7,1,1,0,true,1,1
34305J4A.CAD,1086,515535eb981c,34305J4,,25,25,0,758,0,1,25,4,0,1,1,1,1,0,1,0,18,7,1,1,0,true,1,1
34305J5A.CAD,1086,20ae72de81db,34305J5,,25,25,0,758,0,1,25,4,0,1,1,1,1,0,1,0,18,7,1,1,0,true,1,1
34305J6A.CAD,1086,79c9f7f5c4bd,34305J6,,25,25,0,758,0,1,25,4,0,1,1,1,1,0,1,0,18,7,1,1,0,true,1,1
34305J7A.CAD,4444,b0c0f2c5b96b,34305J7,CHEMICAL PLANT,133,133,0,3804,0,50,145,28,13,3,7,7,4,3,47,0,43,79,17,17,0,true,3,1
34305J8A.CAD,1694,e33b6751ba72,34305J8,,40,40,0,1316,0,8,47,10,1,1,4,4,3,2,8,0,19,20,3,3,1,true,1,1
34305J9A.CAD,1338,65b1409d606a,34305J9,CHEMICAL PLANT,36,36,0,1030,0,1,36,4,0,1,1,1,1,0,1,0,29,3,1,1,0,true,1,1
34305K1A.CAD,1314,59246ee82580,34305K1,CHEMICAL PLANT,35,35,0,1006,0,1,35,4,0,1,1,1,1,0,1,0,28,3,1,1,0,true,1,1
34305K2A.CAD,1096,b93894e2c86a,34305K2,COOLER TEMPERATURE,25,25,0,768,0,1,25,4,0,1,1,1,1,0,1,0,18,8,1,1,0,true,1,1
34305K3A.CAD,2498,ade85aeedf4f,34305K3,CHEMICAL PLANT,69,69,0,2026,0,20,73,14,4,3,3,3,2,1,18,0,31,39,5,5,0,true,2,1
34305K4A.CAD,4912,03fb3536b991,34305K4,CHEMICAL PLANT,145,145,0,4142,0,62,153,33,17,5,5,5,3,2,58,0,35,99,18,18,0,true,2,1
34305K5A.CAD,2364,5c6f9601b055,34305K5,CHEMICAL PLANT,64,64,0,1918,0,15,70,13,2,4,4,4,3,1,14,0,33,32,4,4,0,true,2,1
34305K6A.CAD,2188,e1a6fc1b0478,34305K6,CHEMICAL PLANT,59,59,0,1770,0,8,61,14,1,2,2,2,2,0,8,0,34,29,7,7,0,true,1,1
34305K8A.CAD,3666,8cd0c95a1ee9,34305K8,CHEMICAL PLANT,102,102,0,3068,0,35,114,25,7,3,7,7,6,1,32,0,36,70,10,10,0,true,2,1
34305K9A.CAD,1088,751e70224234,34305K9,H2SO4 TO DRY TOWER,25,25,0,760,0,1,25,4,0,1,1,1,1,0,1,0,18,8,1,1,0,true,1,1
34305L1A.CAD,2062,1ece7c639aed,34305L1,CHEMICAL PLANT,57,57,0,1674,0,11,61,11,3,1,3,3,1,2,11,0,30,25,6,6,0,true,1,1
34305L2A.CAD,1360,157d21606fe0,34305L2,CHEMICAL PLANT,36,36,0,1032,0,2,38,4,0,1,2,2,1,1,2,0,28,8,1,1,0,true,1,1
34305L3A.CAD,1938,352869af01cd,34305L3,CHEMICAL PLANT,54,54,0,1550,0,9,56,10,2,1,2,2,1,1,9,0,31,23,6,6,0,true,1,1
34305L4A.CAD,1130,35320eee155f,34305L4,Cl2 SEPAR DIFF,26,26,0,786,0,2,26,5,0,1,1,1,1,0,2,0,17,10,2,2,0,true,1,1
34305L5A.CAD,1140,be9ab23e75a0,34305L5,,26,26,0,796,0,2,26,5,0,1,1,1,1,0,2,0,17,10,2,2,0,true,1,1
34305L6A.CAD,1336,0d04c89f5f0b,34305L6,CHEMICAL PLANT,36,36,0,1028,0,1,36,4,0,1,1,1,1,0,1,0,29,3,1,1,0,true,1,1
34305L7A.CAD,1834,cdba6eb9d773,34305L7,CHEMICAL PLANT,51,51,0,1430,0,8,51,10,1,1,1,1,1,0,8,0,30,25,7,7,0,true,1,1
34305L8A.CAD,1654,188787cdf056,34305L8,OPEN/CLOSE REQUEST,45,45,0,1318,0,5,47,7,0,1,2,2,1,1,4,0,32,9,2,2,0,true,2,1
34305L9A.CAD,1872,939c9c273346,34305L9,OPEN/CLOSE REQUEST,50,50,0,1538,0,4,54,9,0,3,3,3,2,1,4,0,35,10,2,2,0,true,1,1
34305M1A.CAD,1738,97c30f19428a,34305M1,CHEMICAL PLANT,49,49,0,1402,0,7,51,7,1,1,2,2,1,1,6,0,33,9,2,2,0,true,2,1
34305M2A.CAD,2118,eecd9d990c20,34305M2,CHEMICAL PLANT,59,59,0,1720,0,12,63,12,2,1,3,3,2,1,11,0,32,26,7,7,0,true,2,1
34305M3A.CAD,1938,04861dc8268e,34305M3,CHEMICAL PLANT,53,53,0,1604,0,4,57,9,0,3,3,3,2,1,4,0,38,10,2,2,0,true,1,1
34305M4A.CAD,1132,475ad5c208fc,34305M4,DRY AIR MOISTURE,26,26,0,788,0,2,26,5,0,1,1,1,1,0,2,0,17,12,2,2,0,true,1,1
34305M5A.CAD,2662,a9bd7d2480d6,34305M5,CHEMICAL PLANT,75,75,0,2162,0,21,79,13,6,3,3,3,2,1,21,0,33,41,6,6,0,true,1,1
34305M6A.CAD,2262,d2f707768fa7,34305M6,CHEMICAL PLANT,62,62,0,1826,0,14,66,10,4,3,3,3,2,1,14,0,32,28,3,3,0,true,1,1
34305M7A.CAD,2848,ef8475a281cb,34305M7,CHEMICAL PLANT,81,81,0,2344,0,29,85,18,6,3,3,3,2,1,25,0,30,40,7,7,0,true,2,1
34305M8A.CAD,3390,5030d004924b,34305M8,CHEMICAL PLANT,96,96,0,2774,0,37,102,23,8,3,4,4,3,1,33,0,30,66,11,11,0,true,2,1
34305M9A.CAD,3786,bda1ddd773b4,34305M9A,RUN REQUEST,110,110,0,3024,0,50,116,28,12,3,3,3,2,1,49,0,21,85,19,19,0,true,2,1
34305N1A.CAD,2596,52f3c960fef3,34305N1,CHEMICAL PLANT,73,73,0,2122,0,25,77,16,5,3,3,3,2,1,22,0,28,37,6,6,0,true,2,1
34305N2A.CAD,1786,aa6650312720,34305N2,Cl2 STORAGE TANK #1,44,44,0,1362,0,9,48,10,2,2,3,3,3,0,9,0,21,27,5,5,0,true,1,1
34305N3A.CAD,1782,c955cf8755db,34305N3,Cl2 STORAGE TANK #2,44,44,0,1358,0,9,48,10,2,2,3,3,3,0,9,0,21,27,5,5,0,true,1,1
34305N4A.CAD,1782,14222c801b98,34305N4,Cl2 STORAGE TANK #3,44,44,0,1358,0,9,48,10,2,2,3,3,3,0,9,0,21,27,5,5,0,true,1,1
34305N5A.CAD,2424,7440daa81991,34305N5,CHEMICAL PLANT,67,67,0,1964,0,18,71,13,3,3,3,3,2,1,16,0,33,35,4,4,0,true,2,1
34305N6A.CAD,2452,a27c41b2c33f,34305N6,CHEMICAL PLANT,69,69,0,1964,0,17,73,11,6,2,3,3,2,1,17,0,33,41,6,6,0,true,1,1
34305N7A.CAD,2266,e02f9ac8917e,34305N7,OPEN/CLOSE REQUEST,65,65,0,1888,0,13,69,12,2,1,3,3,2,1,13,0,36,20,6,6,0,true,1,1
34305N8A.CAD,1426,c1516f064695,34305N8,CHEMICAL PLANT,38,38,0,1082,0,2,38,5,0,1,1,1,1,0,2,0,29,10,2,2,0,true,1,1
34305N9A.CAD,1338,fc34b179a385,34305N9,CHEMICAL PLANT,36,36,0,1030,0,1,36,4,0,1,1,1,1,0,1,0,29,3,1,1,0,true,1,1
34305P1A.CAD,2512,bd6b9ed3add9,34305P1,CHEMICAL PLANT,71,71,0,2040,0,20,75,14,5,1,3,3,3,0,18,0,32,40,7,7,0,true,2,1
34305P2A.CAD,1508,109f995b9498,34305P2,CHEMICAL PLANT,41,41,0,1156,0,4,41,6,1,1,1,1,1,0,4,0,28,13,3,3,0,true,1,1
34305P3A.CAD,1274,ce12a5d776ea,34305P3,CHEMICAL PLANT,30,30,0,934,0,3,30,6,1,1,1,1,1,0,3,0,18,12,2,2,0,true,1,1
34305P4A.CAD,1072,6292d7463cdd,34305P4,CATHOLYTE FOR CELL TEMP,24,24,0,744,0,1,24,4,0,1,1,1,1,0,1,0,17,8,1,1,0,true,1,1
34305P5A.CAD,2538,9c58ac7315b8,34305P5,CHEMICAL PLANT,70,70,0,2048,0,19,74,14,3,3,3,3,2,1,17,0,34,43,5,5,0,true,2,1
34305P6A.CAD,2416,da89396a6281,34305P6,CHEMICAL PLANT,67,67,0,1944,0,15,71,11,5,3,3,3,2,1,15,0,34,37,4,4,0,true,1,1
34305P7A.CAD,2570,32b8d3be3fe6,34305P7,CHEMICAL PLANT,72,72,0,2092,0,17,76,12,6,3,3,3,2,1,17,0,35,38,5,5,0,true,1,1
34305P8A.CAD,3306,7b880420f5f2,34305P8,CHEMICAL PLANT,94,94,0,2720,0,34,100,21,7,3,4,4,3,1,31,0,33,63,10,10,0,true,2,1
34305P9A.CAD,2426,e84b0db91038,34305P9,CHEMICAL PLANT,67,67,0,1966,0,18,71,13,3,3,3,3,2,1,16,0,33,35,4,4,0,true,2,1
34305Q1A.CAD,1068,d408f62becb5,34305Q1,H2 BATT LIMIT PRESS,24,24,0,740,0,1,24,4,0,1,1,1,1,0,1,0,17,8,1,1,0,true,1,1
34305Q2A.CAD,2002,40a88d86524f,34305Q2,CHEMICAL PLANT,55,55,0,1576,0,10,57,9,3,1,2,2,2,0,10,0,31,30,5,5,0,true,1,1
34305Q3A.CAD,2364,490e723c82ad,34305Q3,CHEMICAL PLANT,66,66,0,1904,0,18,70,13,4,1,3,3,3,0,16,0,31,37,6,6,0,true,2,1
34305Q4A.CAD,4522,9217f3d852d1,34305Q4,CHEMICAL PLANT,132,132,0,3860,0,49,146,30,12,5,8,8,6,2,48,0,40,80,16,16,0,true,2,1
34305Q5A.CAD,2000,64969eeee500,34305Q5,CHEMICAL PLANT,55,55,0,1574,0,10,57,9,3,1,2,2,2,0,10,0,31,31,5,5,0,true,1,1
34305Q6A.CAD,2034,6a7c3ec672c8,34305Q6,CHEMICAL PLANT,56,56,0,1596,0,11,58,10,3,1,2,2,2,0,11,0,30,31,6,6,0,true,1,1
34305Q7A.CAD,2576,684844664b2e,34305Q7,CHEMICAL PLANT,72,72,0,2106,0,19,78,14,5,3,4,4,4,0,18,0,33,40,7,7,0,true,2,1
34305Q8A.CAD,2478,5e0ef96334df,34305Q8,CHEMICAL PLANT,69,69,0,2000,0,20,73,15,4,1,3,3,3,0,18,0,30,40,8,8,0,true,2,1
34305Q9A.CAD,2274,6b244125004c,34305Q9,CHEMICAL PLENT,62,62,0,1838,0,14,66,11,4,3,3,3,2,1,14,0,31,29,3,3,0,true,1,1
34305R1A.CAD,2090,c2c826360317,34305R1,CHEMICAL PLANT,56,56,0,1624,0,11,60,8,2,3,3,3,3,0,11,0,33,35,4,4,0,true,1,1
34305R2A.CAD,1998,350170d6935c,34305R2,CHEMICAL PLANT,52,52,0,1542,0,15,54,12,4,1,2,2,2,0,14,0,20,37,6,6,0,true,2,1
34305R3A.CAD,2282,11c1c7f6f5b2,34305R3,CHEMICAL PLANT',63,63,0,1846,0,14,67,10,4,3,3,3,2,1,14,0,33,28,3,3,0,true,1,1
34305R4A.CAD,2240,b18436f8c28d,34305R4,CHEMICAL PLANT,59,59,0,1812,0,13,67,14,2,1,5,5,1,4,13,0,28,30,7,7,1,true,1,1
34305R5A.CAD,4212,4d4d0aacb734,34305R5,CHEMICAL PLANT,126,126,0,3488,0,48,132,26,13,1,4,4,4,0,45,0,40,94,17,17,0,true,2,1
34305R6A.CAD,1284,1bcf067ef925,34305R6,CHEMICAL PLANT,34,34,0,944,0,2,34,4,0,1,1,1,1,0,2,0,26,10,2,2,0,true,1,1
34305R7A.CAD,2754,5cfe5f27bb05,34305R7,CHEMICAL PLANT,80,80,0,2262,0,19,84,16,5,1,3,3,2,1,19,0,38,46,11,11,0,true,1,1
34305R8A.CAD,1338,7255e494d967,34305R8,CHEMICAL PLANT,36,36,0,1030,0,1,36,4,0,1,1,1,1,0,1,0,29,4,1,1,0,true,1,1
34305R9A.CAD,4509,4a6abf7d491a,34305R9,INTER LOOPS COMMUNICATION,128,128,0,3938,0,49,149,36,9,5,11,11,5,6,45,0,37,68,19,19,1,true,3,1
34305S1A.CAD,3568,8e18339dc115,34305S1,SET POINT,101,101,0,3028,0,32,111,24,7,4,6,6,4,2,31,0,37,50,11,11,0,true,2,1
34305S2A.CAD,1738,53e2b3ced35c,34305S2,CHEMICAL PLANT,48,48,0,1410,0,8,52,7,3,2,3,3,0,3,8,0,28,8,2,2,0,true,1,1
34305S3A.CAD,1366,bac3ed76ef19,34305S3,CHEMICAL PLANT,37,37,0,1058,0,1,37,4,0,1,1,1,1,0,1,0,30,4,1,1,0,true,1,1
34305S4A.CAD,1328,44e865b27d94,34305S4,CHEMICAL PLANT,36,36,0,1020,0,1,36,4,0,1,1,1,1,0,1,0,29,4,1,1,0,true,1,1
34305S5A.CAD,1336,63f84c07a9c9,34305S5,CHEMICAL PLANT,36,36,0,1028,0,1,36,4,0,1,1,1,1,0,1,0,29,4,1,1,0,true,1,1
34305S6A.CAD,1336,83029e621f99,34305S6,CHEMICAL PLANT,36,36,0,1028,0,1,36,4,0,1,1,1,1,0,1,0,29,4,1,1,0,true,1,1
34305S7A.CAD,1334,e4f4bca48262,34305S7,CHEMICAL PLANT,36,36,0,1026,0,1,36,4,0,1,1,1,1,0,1,0,29,4,1,1,0,true,1,1
34305S8A.CAD,1334,f72c8ebe4d2c,34305S8,CHEMICAL PLANT,36,36,0,1026,0,1,36,4,0,1,1,1,1,0,1,0,29,4,1,1,0,true,1,1
34305S9A.CAD,1342,60d1187af0df,34305S9,CHEMICAL PLANT,36,36,0,1034,0,1,36,4,0,1,1,1,1,0,1,0,29,4,1,1,0,true,1,1
34305T1A.CAD,6120,dee369856a71,34305T1,CHAMICAL PLANT,172,172,0,5298,0,62,198,53,9,8,14,14,12,2,62,0,46,119,38,38,0,true,1,1
34305T2A.CAD,1444,0b3ff6c00502,34305T2,CHEMICAL PLANT,39,39,0,1104,0,3,39,5,1,1,1,1,1,0,3,0,28,10,2,2,0,true,1,1
34305T3A.CAD,1444,c1c513e3989d,34305T3,CHEMICAL PLANT,39,39,0,1104,0,3,39,5,1,1,1,1,1,0,3,0,28,10,2,2,0,true,1,1
34305T4A.CAD,1444,a8bbc7e6f6b1,34305T4,CHEMICAL PLANT,39,39,0,1104,0,3,39,5,1,1,1,1,1,0,3,0,28,10,2,2,0,true,1,1
34305T5A.CAD,2424,5a412a19c741,34305T5,CHEMICAL PLANT,62,62,0,1928,0,20,72,16,4,4,6,6,5,1,20,0,20,52,9,9,1,true,1,1
34305T6A.CAD,2144,da01f02299e7,34305T6,CHEMICAL PLANT,58,58,0,1684,0,21,62,14,4,1,3,3,3,0,19,0,19,40,8,8,0,true,2,1
34305T7A.CAD,1216,394b9d7e70ac,34305T7,CHEMICAL PLANT,29,29,0,872,0,2,29,5,0,1,1,1,1,0,2,0,20,10,2,2,0,true,1,1
34305T8A.CAD,1206,1116ceb9bd5e,34305T8,CHEMICAL PLANT,29,29,0,862,0,2,29,5,0,1,1,1,1,0,2,0,20,10,2,2,0,true,1,1
34305T9A.CAD,1232,55e35b52bd7a,34305T9,CHEMICAL PLANT,30,30,0,888,0,2,30,5,0,1,1,1,1,0,2,0,21,10,2,2,0,true,1,1
34305U1A.CAD,1164,846139a027a8,34305U1,CHEMICAL PLANT,28,28,0,836,0,1,28,4,0,1,1,1,1,0,1,0,21,7,1,1,0,true,1,1
34305U2A.CAD,1164,bcde521cff45,34305U2,CHEMICAL PLANT,28,28,0,836,0,1,28,4,0,1,1,1,1,0,1,0,21,7,1,1,0,true,1,1
34305U3A.CAD,1164,27a579ad552d,34305U3,CHEMICAL PLANT,28,28,0,836,0,1,28,4,0,1,1,1,1,0,1,0,21,7,1,1,0,true,1,1
34305U4A.CAD,1164,f767344b66d4,34305U4,CHEMICAL PLANT,28,28,0,836,0,1,28,4,0,1,1,1,1,0,1,0,21,7,1,1,0,true,1,1
34305U5A.CAD,1164,9f89ee0bda3e,34305U5,CHEMICAL PLANT,28,28,0,836,0,1,28,4,0,1,1,1,1,0,1,0,21,7,1,1,0,true,1,1
34305U6A.CAD,1232,24dcf7cdc93c,34305U6,CHEMICAL PLANT,30,30,0,888,0,2,30,5,0,1,1,1,1,0,2,0,21,10,2,2,0,true,1,1
34305U7A.CAD,1166,faabf10650f6,34305U7,CHEMICAL PLANT,28,28,0,838,0,1,28,4,0,1,1,1,1,0,1,0,21,7,1,1,0,true,1,1
34305U8A.CAD,1166,fc555f25c778,34305U8,CHEMICAL PLANT,28,28,0,838,0,1,28,4,0,1,1,1,1,0,1,0,21,7,1,1,0,true,1,1
34305U9A.CAD,1166,b693e5648728,34305U9,CHEMICAL PLANT,28,28,0,838,0,1,28,4,0,1,1,1,1,0,1,0,21,7,1,1,0,true,1,1
34305V1A.CAD,1166,6c7ce04ebad9,34305V1,CHEMICAL PLANT,28,28,0,838,0,1,28,4,0,1,1,1,1,0,1,0,21,7,1,1,0,true,1,1
34305V2A.CAD,1166,e80ae2ca1274,34305V2,CHEMICAL PLANT,28,28,0,838,0,1,28,4,0,1,1,1,1,0,1,0,21,7,1,1,0,true,1,1
34305V3A.CAD,1166,6841cbf45fdb,34305V3,CHEMICAL PLANT,28,28,0,838,0,1,28,4,0,1,1,1,1,0,1,0,21,7,1,1,0,true,1,1
34305V4A.CAD,1166,8a570c19c487,34305V4,CHEMICAL PLANT,28,28,0,838,0,1,28,4,0,1,1,1,1,0,1,0,21,7,1,1,0,true,1,1
34305V5A.CAD,1140,41de84fd6b76,34305V5,CHEMICAL PLANT,27,27,0,812,0,1,27,4,0,1,1,1,1,0,1,0,20,7,1,1,0,true,1,1
34305V6A.CAD,1166,9c895ea97cfc,34305V6,CHEMICAL PLANT,28,28,0,838,0,1,28,4,0,1,1,1,1,0,1,0,21,7,1,1,0,true,1,1
34305V7A.CAD,1166,1b55e92fab3f,34305V7,CHEMICAL PLANT,28,28,0,838,0,1,28,4,0,1,1,1,1,0,1,0,21,7,1,1,0,true,1,1
34305V8A.CAD,1166,ada4222185c4,34305V8,CHEMICAL PLANT,28,28,0,838,0,1,28,4,0,1,1,1,1,0,1,0,21,7,1,1,0,true,1,1
34305V9A.CAD,1234,fa66fe08c691,34305V9,CHEMICAL PLANT,30,30,0,890,0,2,30,5,0,1,1,1,1,0,2,0,21,10,2,2,0,true,1,1
34305W1A.CAD,1166,a1be8544cf85,34305W1,CHEMICAL PLANT,28,28,0,838,0,1,28,4,0,1,1,1,1,0,1,0,21,7,1,1,0,true,1,1
34305W2A.CAD,1166,47288f94d7b9,34305W2,CHEMICAL PLANT,28,28,0,838,0,1,28,4,0,1,1,1,1,0,1,0,21,7,1,1,0,true,1,1
34305W3A.CAD,1166,21d6a99760fd,34305W3,CHEMICAL PLANT,28,28,0,838,0,1,28,4,0,1,1,1,1,0,1,0,21,7,1,1,0,true,1,1
34305W4A.CAD,1090,c1f98e8684d2,34305W4,CHEMICAL PLANT,25,25,0,762,0,1,25,4,0,1,1,1,1,0,1,0,18,7,1,1,0,true,1,1
34305W5A.CAD,1134,30c1eac8418c,34305W5,CHEMICAL PLANT,27,27,0,806,0,1,27,4,0,1,1,1,1,0,1,0,20,7,1,1,0,true,1,1
34305W6A.CAD,1132,e3ce99845f64,34305W6,CHEMICAL PLANT,27,27,0,804,0,1,27,4,0,1,1,1,1,0,1,0,20,7,1,1,0,true,1,1
34305W7A.CAD,1132,7b19f236d1b6,34305W7,CHEMICAL PLANT,27,27,0,804,0,1,27,4,0,1,1,1,1,0,1,0,20,7,1,1,0,true,1,1
34305W8A.CAD,1132,6fc21ed91ae7,34305W8,CHEMICAL PLANT,27,27,0,804,0,1,27,4,0,1,1,1,1,0,1,0,20,7,1,1,0,true,1,1
34305W9A.CAD,1134,2bff7c9006c6,34305W9,CHEMICAL PLANT,27,27,0,806,0,1,27,4,0,1,1,1,1,0,1,0,20,7,1,1,0,true,1,1
34305X1A.CAD,1132,a310dad9d265,34305X1,CHEMICAL PLANT,27,27,0,804,0,1,27,4,0,1,1,1,1,0,1,0,20,8,1,1,0,true,1,1
34305X2A.CAD,1200,e79f164a85e8,34305X2,CHEMICAL PLANT,29,29,0,856,0,2,29,5,0,1,1,1,1,0,2,0,20,10,2,2,0,true,1,1
34305X3A.CAD,1132,8fcb77e41593,34305X3,CHEMICAL PLANT,27,27,0,804,0,1,27,4,0,1,1,1,1,0,1,0,20,7,1,1,0,true,1,1
34305X4A.CAD,1200,3182d871a5f5,34305X4,CHEMICAL PLANT,29,29,0,856,0,2,29,5,0,1,1,1,1,0,2,0,20,10,2,2,0,true,1,1
34305X5A.CAD,1106,e0e314bd7ec9,34305X5,CHEMICAL PLANT,26,26,0,778,0,1,26,4,0,1,1,1,1,0,1,0,19,7,1,1,0,true,1,1
34305X6A.CAD,1200,f314713f600a,34305X6,CHEMICAL PLANT,29,29,0,856,0,2,29,5,0,1,1,1,1,0,2,0,20,10,2,2,0,true,1,1
34305X7A.CAD,1698,82fab0115733,34305X7,CL2 COMPRESOR BY PASS VALVE,44,44,0,1280,0,12,46,9,2,1,2,2,1,1,12,0,19,26,6,6,0,true,1,1
34305X8A.CAD,2584,a5a5efcedc01,34305X8,CHEMICAL PLANT,71,71,0,2142,0,12,77,16,1,4,4,4,3,1,12,0,40,29,6,6,0,true,1,1
34305X9A.CAD,4430,a5de42735e2a,34305X9,CHEMICAL PLANT,132,132,0,3916,0,36,142,32,8,6,6,6,4,2,36,0,54,47,14,14,0,true,1,1
34305Y1A.CAD,5110,7554387d1a0d,34305Y1,RUN REQUEST,152,152,0,4554,0,46,165,38,10,6,7,7,6,2,46,0,56,60,18,18,0,true,1,1
34305Y2A.CAD,5176,8725d7e4f643,34305Y2,CHEMICAL PLANT,154,154,0,4610,0,47,167,39,10,6,7,7,6,2,47,0,56,62,19,19,0,true,1,1
34305Y3A.CAD,5120,3fc583699b39,34305Y3,RUN REQUEST,155,155,0,4556,0,47,167,37,11,6,7,7,5,2,47,0,58,59,18,18,0,true,1,1
34305Y4A.CAD,6800,91caca0b7c05,34305Y4,SUCTION TO Cl2 COMPRESSOR,201,201,0,6140,0,62,228,54,14,8,14,14,8,6,62,0,70,89,25,25,0,true,1,1
34305Y5A.CAD,1714,2dc311aacbbf,34305Y5,CHEMICAL PLANT,48,48,0,1334,0,8,48,7,2,1,1,1,1,0,7,0,30,16,3,3,0,true,2,1
34305Y6A.CAD,5524,62e9fbab327c,34305Y6,CHEMICAL PLANT,164,164,0,4958,0,54,183,42,12,7,10,10,7,4,52,0,56,65,19,19,0,true,2,1
34305Y7A.CAD,5038,19ea80fd4bef,34305Y7,LOCAL STOP,150,150,0,4490,0,45,164,37,10,6,8,8,6,2,45,0,56,58,17,17,0,true,1,1
34305Y8A.CAD,5128,e11df2e08ef0,34305Y8,LOCAL STOP,153,153,0,4584,0,46,169,38,11,7,9,9,5,4,44,0,58,58,17,17,0,true,2,1
34305Y9A.CAD,4472,aab663db7ce4,34305Y9,CHEMICAL PLANT,133,133,0,3958,0,36,143,33,8,6,6,6,4,2,36,0,54,48,14,14,0,true,1,1
34305Z1A.CAD,4743,3a401926d1d5,34305Z1,CHEMICAL PLANT,140,140,0,4220,0,40,154,35,8,7,8,8,4,4,39,0,56,53,15,15,0,true,2,1
34305Z2A.CAD,4614,06b11cd3c284,34305Z2,CHEMICAL PLANT,137,137,0,4090,0,38,149,34,8,6,7,7,4,3,38,0,55,52,15,15,0,true,1,1
34305Z3A.CAD,3384,79245a3c7038,34305Z3,CHEMICAL PLANT,97,97,0,2906,0,24,107,23,3,5,6,6,5,1,24,0,45,39,11,11,1,true,1,1
34305Z4A.CAD,3206,81bcc84f99ad,34305Z4,CHEMICAL PLANT,91,91,0,2746,0,22,101,21,3,5,6,6,5,1,22,0,43,34,9,9,0,true,1,1
34305Z5A.CAD,2690,b427094f031c,34305Z5,CHEMICAL PLANT,74,74,0,2206,0,25,79,18,5,3,4,4,2,1,24,0,25,36,12,11,0,true,2,1
34305Z6A.CAD,1424,fa607fbdc275,34305Z6,CHEMICAL PLANT,38,38,0,1116,0,1,37,5,0,1,1,1,1,0,1,0,29,4,1,1,0,true,1,1
34305Z7A.CAD,1348,fb73179fa964,34305Z7,CHEMICAL PLANT,37,37,0,1040,0,1,37,4,0,1,1,1,1,0,1,0,30,4,1,1,0,true,1,1
34305Z8A.CAD,3676,98f14fc0bfcf,34305Z8,CHEMICAL PLANT,78,78,0,2672,0,36,88,37,0,0,12,12,0,0,24,0,15,122,37,25,0,true,2,1
34305Z9A.CAD,5120,955591122f6c,34305Z9,CHEMICAL PLANT,151,151,0,3996,0,62,153,31,28,0,2,2,2,0,60,0,30,115,27,26,0,true,3,1
3440500A.CAD,2302,aa9ef9ca87c4,3440500,CHEMICAL PLANT,62,62,0,1760,0,21,64,10,1,0,2,2,0,2,6,0,43,58,8,7,0,true,2,1
3440501A.CAD,2904,667c170a5441,3440501,CIS I/O FOR SLAVE 1,78,78,0,2546,0,13,97,12,0,10,10,10,11,0,11,0,53,22,1,1,0,true,2,1
3440502A.CAD,2270,202c92bc3dc9,3440502,CHLORATE CELLS No.1 TRANS. RECT.,64,64,0,1912,0,8,74,8,0,6,6,6,6,0,7,0,47,15,1,1,1,true,2,1
3440503A.CAD,1154,f34582366101,3440503,CHEMICAL PLANT,23,23,0,664,0,1,21,2,0,0,0,0,0,0,1,0,18,48,2,2,0,true,1,1
3440504A.CAD,2348,67ea23b5e5da,3440504,CHLORATE COOLER OUTLET,65,65,0,1990,0,8,79,9,0,8,8,8,8,0,8,0,46,19,1,1,0,true,1,1
3440505A.CAD,2514,01bdb7d8f1ee,3440505,HCL BURNER,70,70,0,2156,0,8,84,9,0,8,8,8,8,0,8,0,51,17,1,1,1,true,1,1
3440506A.CAD,2146,a20da3170f4e,3440506,FLAME MONITORING,61,61,0,1788,0,5,69,6,0,5,5,5,5,0,5,0,48,15,1,1,0,true,1,1
3440507A.CAD,2372,99b9703d733d,3440507,STEAM CONDENSATE,67,67,0,2014,0,9,79,8,0,7,7,7,7,0,7,0,50,18,1,1,0,true,2,1
3440508A.CAD,2338,0ee9a003642c,3440508,CHEMICAL PLANT,66,66,0,1980,0,9,76,7,0,6,6,6,6,0,6,0,51,17,1,1,0,true,2,1
3440509A.CAD,2398,6e43c62032d3,3440509,Cl2 COMPRESSOR INLET,67,67,0,2040,0,10,81,9,0,8,8,8,8,0,8,0,48,20,1,1,0,true,2,1
3440510A.CAD,2380,ccbd5038e118,3440510,CHILLED WATER TO ClO2,66,66,0,2022,0,7,78,8,0,7,7,7,7,0,7,0,49,18,1,1,0,true,1,1
3440511A.CAD,2489,d974105cabf7,3440511,Cl2 TO HYDRO PLANT,70,70,0,2132,0,9,84,9,0,8,8,8,8,0,8,0,51,19,1,1,0,true,2,1
3440512A.CAD,2374,f5d8fa0613cd,3440512,H2 SCRUBBER CAUSTEC CONCENTRATION,66,66,0,2016,0,7,78,8,0,7,7,7,7,0,7,0,49,18,1,1,0,true,1,1
3440513A.CAD,2437,46eff1a84b43,3440513,CIS I/O FOR SLAVE 13,69,69,0,2080,0,9,81,8,0,7,7,7,7,0,7,0,52,18,1,1,0,true,2,1
3440514A.CAD,2568,fe508897d09c,3440514,CIS I/O FOR SLAVE 14,71,71,0,2210,0,9,85,9,0,8,8,8,8,0,8,0,52,21,1,1,0,true,2,1
3440515A.CAD,2254,de8b1fdb069b,3440515A,SO2 GAS COOLER OUTLET,63,63,0,1896,0,6,73,7,0,6,6,6,6,0,6,0,48,18,1,1,0,true,1,1
3440516A.CAD,2030,01e582e080b8,3440516,CHILLED WATER TO ClO2,58,58,0,1672,0,4,64,5,0,4,4,4,4,0,4,0,47,14,1,1,0,true,1,1
3440517A.CAD,2156,fe0bbd30e92f,3440517,CIS I/O FOR SLAVE 17,61,61,0,1798,0,5,69,6,0,5,5,5,5,0,5,0,48,16,1,1,0,true,1,1
3440518A.CAD,2478,f8d17935c829,3440518,CIS I/O FOR SLAVE 18,69,69,0,2092,0,9,81,8,0,7,7,7,7,0,7,0,52,18,1,1,0,true,2,1
3440519A.CAD,3505,7a4303843eb9,3440519,DIGITAL INPUTS FOR SLAVE 19,94,94,0,3184,0,18,125,18,0,16,16,16,0,16,16,0,59,22,2,2,0,true,2,1
3440520A.CAD,3352,aa4b819d7a0b,3440520,DIGITAL INPUTS FOR SLAVE 20,88,88,0,3002,0,15,117,17,0,15,15,15,0,15,15,0,55,21,2,2,5,true,1,1
3440521A.CAD,3276,666056322841,3440521,DIGITAL INPUTS FOR SLAVE 21,90,90,0,2954,0,16,121,18,0,16,16,16,0,16,16,0,55,21,2,2,1,true,1,1
3440522A.CAD,3592,b6bf9f21bded,3440522,DIGITAL INPUTS FOR SLAVE 22,95,95,0,3270,0,20,126,18,0,16,16,16,0,16,16,0,60,22,2,2,0,true,2,1
3440523A.CAD,3052,0e6e1b150bb9,3440523,DIGITAL INPUTS FOR SLAVE 23,81,81,0,2730,0,15,110,17,0,15,15,15,0,15,15,0,48,21,2,2,0,true,1,1
3440524A.CAD,3234,9b3bfbda652d,3440524,DIGITAL INPUTS FOR SLAVE 24,87,87,0,2912,0,15,114,16,0,14,14,14,0,14,14,0,56,20,2,2,0,true,2,1
3440525A.CAD,3132,00d2894e2d71,3440525,DIGITAL INPUTS FOR SLAVE 25,85,85,0,2810,0,14,112,16,0,14,14,14,0,14,14,0,54,20,2,2,0,true,1,1
3440526A.CAD,3399,52b92b498182,3440526,DIGITAL INPUTS FOR SLAVE 26,93,93,0,3078,0,20,124,18,0,16,16,16,0,16,16,0,58,22,2,2,0,true,2,1
3440527A.CAD,3520,d343df0e9f07,3440527,DIGITAL INPUT FOR SLAVE 27,92,92,0,3198,0,16,123,18,0,16,16,16,0,16,16,0,57,22,2,2,0,true,1,1
3440528A.CAD,3572,c401ab84ef5f,3440528,DIGITAL INPUTS FOR SLAVE 28,91,91,0,3250,0,17,122,18,0,16,16,16,0,16,16,0,56,22,2,2,0,true,2,1
3440529A.CAD,3352,4e04704a8eb3,3440529,DIGITAL INPUTS FOR SLAVE 29,89,89,0,3030,0,19,118,17,0,15,15,15,0,15,15,0,56,21,2,2,0,true,2,1
3440532A.CAD,3220,143aa7fa9c64,3440532,HYPOCHORITE ACID PUMP No.1,86,86,0,2866,0,14,113,16,0,14,14,14,14,0,14,0,55,22,2,2,0,true,1,1
3440533A.CAD,2670,ef14feea4e26,3440533,DIGITAL OUTPUTS FOR SLAVE 33,72,72,0,2316,0,10,91,12,0,10,10,10,10,0,10,0,49,18,2,2,0,true,1,1
3440534A.CAD,2668,0cd9dff414e5,3440534,DIGITAL OUTPUTS FOR SLAVE 34,71,71,0,2314,0,10,90,12,0,10,10,10,10,0,10,0,48,18,2,2,0,true,1,1
3440535A.CAD,3270,709a58e37b80,3440535,DIGITAL OUTPUTS FOR SLAVE 35,89,89,0,2916,0,15,118,17,0,15,15,15,15,0,15,0,56,23,2,2,0,true,1,1
3440536A.CAD,2802,d3e3ce2667dd,3440536,DIGITAL OUTPUTS FOR SLAVE 36,74,74,0,2448,0,11,95,13,0,11,11,11,11,0,11,0,49,19,2,2,0,true,1,1
3440537A.CAD,1654,808277ad0c1e,3440537,DIGITAL OUTPUTS FOR SLAVE 37,42,42,0,1328,0,5,51,6,0,5,5,5,5,0,5,0,30,9,1,1,0,true,1,1
3440538A.CAD,1466,600520ec5957,3440538,DIGITAL OUTPUTS FOR SLAVE 38,41,41,0,1140,0,2,44,3,0,2,2,2,2,0,2,0,35,6,1,1,0,true,1,1
3440540A.CAD,1620,a6837ec4f048,3440540,DIGITAL OUTPUTS FOR SLAVE 40,43,43,0,1294,0,5,52,6,0,5,5,5,5,0,5,0,31,9,1,1,0,true,1,1
3440541A.CAD,3025,6633c35283a8,3440541,CHEMICAL PLANT,69,69,0,2518,0,33,98,18,2,15,15,15,0,15,19,0,29,42,3,3,0,true,2,1
3440542A.CAD,2404,4c9e6e30603b,3440542,CHEMICAL PLANT,51,51,0,1896,0,18,74,15,2,12,12,12,0,12,16,0,17,39,3,3,0,true,2,1
3440543A.CAD,2466,07566a83255f,3440543,CHEMICAL PLANT,52,52,0,1958,0,18,77,16,2,13,13,13,0,13,17,0,16,38,3,3,2,true,2,1
3440544A.CAD,2689,568b660cfca3,3440544,CHEMICAL PLANT,57,57,0,2182,0,21,86,18,2,15,15,15,0,15,19,0,17,44,3,3,0,true,2,1
3440545A.CAD,804,cc5729432fb1,3440545A,,8,8,0,296,0,3,10,5,0,1,1,1,0,1,3,0,0,14,3,3,0,true,1,1
3440564A.CAD,3950,df0412a88601,3440564,CHEMICAL PLANT,117,117,0,3478,0,27,127,27,6,6,6,6,3,3,27,0,55,45,12,12,0,true,1,1
3440565A.CAD,3196,e0074cba0c27,3440565,INSTRUMENT AIR PRESSURE,85,85,0,2748,0,22,98,22,3,2,8,8,5,2,18,0,40,32,10,8,0,true,3,1
3440566A.CAD,1356,db7d692740e4,3440566,NFB TRIP ALARM,37,37,0,1048,0,1,37,4,0,1,1,1,1,0,1,0,30,3,1,1,0,true,1,1
3440567A.CAD,2150,91d7c3d638b1,3440567,OPEN/CLOSE REQUEST,59,59,0,1816,0,6,63,11,1,3,3,3,2,1,6,0,39,10,2,2,0,true,1,1
3440568A.CAD,2886,61f57e97fdf9,3440568,CHLORATE ELETROLYTE TANK TEMP.,81,81,0,2368,0,24,85,17,5,3,3,3,2,1,21,0,36,49,7,7,0,true,3,1
3440569A.CAD,1074,49efd612fdd4,3440569,ELECTROLITE TANK PRESS.,24,24,0,746,0,1,24,4,0,1,1,1,1,0,1,0,17,7,1,1,0,true,1,1
3440570A.CAD,1032,3d508f74c709,3440570,,23,23,0,704,0,1,23,4,0,1,1,1,1,0,1,0,16,8,1,1,0,true,1,1
3440571A.CAD,1820,ae616b8e1ebe,3440571,VALVE CLOSED,50,50,0,1494,0,5,52,8,1,2,2,2,2,0,5,0,34,7,1,1,0,true,1,1
3440572A.CAD,3156,70d6476c3aff,3440572,CHLORATE CELLS ELECTROLYTE TANK,89,89,0,2634,0,24,97,18,7,3,5,5,2,3,24,0,38,51,8,8,1,true,1,1
3440573A.CAD,1874,98b55075e84d,3440573,AUTO RESTART SEQUENCING LOGIC,47,47,0,1512,0,17,53,6,0,0,5,5,0,3,3,0,36,3,3,0,0,true,3,1
3440574A.CAD,1344,d2fc26799533,3440574,ALARM POWER SUPLLY OF CHEM. PLANT,36,36,0,1036,0,1,36,4,0,1,1,1,1,0,1,0,29,4,1,1,0,true,1,1
3440575A.CAD,2088,471e3bdbe521,3440575,OPEN/CLOSE REQUEST,57,57,0,1762,0,5,61,10,1,3,3,3,2,1,5,0,39,9,1,1,0,true,1,1
3440576A.CAD,1346,79d7682b7afd,3440576,CHLORATE CELLS HCl HEAD TANK LEVEL,36,36,0,1038,0,1,36,4,0,1,1,1,1,0,1,0,29,3,1,1,0,true,1,1
3440577A.CAD,4448,9565ec150f0c,3440577,CHLORATE CELL #1,114,114,0,3786,0,38,148,40,1,16,18,18,16,2,38,0,33,97,20,20,0,true,1,1
3440578A.CAD,4716,40b1e051070f,3440578,CHLORATE CELL #2,118,118,0,4012,0,46,156,46,2,1,19,19,17,3,46,0,23,111,24,24,0,true,2,1
3440579A.CAD,1182,2acf9d67d4c8,3440579,CHLORATE CELL #3,27,27,0,854,0,2,29,5,0,1,2,2,1,1,2,0,18,8,1,1,0,true,1,1
3440580A.CAD,1182,b9ec04be925e,3440580,CHLORATE CELL #4,27,27,0,854,0,2,29,5,0,1,2,2,1,1,2,0,18,8,1,1,0,true,1,1
3440581A.CAD,1182,439434048ebb,3440581,CHLORATE CELL #5,27,27,0,854,0,2,29,5,0,1,2,2,1,1,2,0,18,8,1,1,0,true,1,1
3440582A.CAD,1182,5c742bbc5707,3440582,CHLORATE CELL #6,27,27,0,854,0,2,29,5,0,1,2,2,1,1,2,0,18,8,1,1,0,true,1,1
3440583A.CAD,1180,60b49b50f0e6,3440583,CHLORATE CELL #7,27,27,0,852,0,2,29,5,0,1,2,2,1,1,2,0,18,8,1,1,0,true,1,1
3440584A.CAD,1180,162089449335,3440584,CHLORATE CELL #8,27,27,0,852,0,2,29,5,0,1,2,2,1,1,2,0,18,8,1,1,0,true,1,1
3440585A.CAD,1180,b65c47e9ec63,3440585,CHLORATE CELL #9,27,27,0,852,0,2,29,5,0,1,2,2,1,1,2,0,18,8,1,1,0,true,1,1
3440586A.CAD,1182,363e38338152,3440586,CHLORATE CELL #10,27,27,0,854,0,2,29,5,0,1,2,2,1,1,2,0,18,8,1,1,0,true,1,1
3440587A.CAD,1182,cbf0476a1608,3440587,CHLORATE CELL #11,27,27,0,854,0,2,29,5,0,1,2,2,1,1,2,0,18,8,1,1,0,true,1,1
3440588A.CAD,1182,75fc00c80142,3440588,CHLORATE CELL #12,27,27,0,854,0,2,29,5,0,1,2,2,1,1,2,0,18,8,1,1,0,true,1,1
3440589A.CAD,1182,4a8c009fc9bc,3440589,CHLORATE CELL 13,27,27,0,854,0,2,29,5,0,1,2,2,1,1,2,0,18,8,1,1,0,true,1,1
3440590A.CAD,1184,0d7004c05ecb,3440590,CHLORATE CELL #14,27,27,0,856,0,2,29,5,0,1,2,2,1,1,2,0,18,8,1,1,0,true,1,1
3440591A.CAD,1184,845e31bb1c83,3440591,CHLORATE CELL #15,27,27,0,856,0,2,29,5,0,1,2,2,1,1,2,0,18,8,1,1,0,true,1,1
3440592A.CAD,1182,1e773dd344d3,3440592,CHLORATE CELL #16,27,27,0,854,0,2,29,5,0,1,2,2,1,1,2,0,18,8,1,1,0,true,1,1
3440593A.CAD,1406,b79d16e139b8,3440593,HYDROGEN LEAK ALARM,38,38,0,1098,0,1,38,4,0,1,1,1,1,0,1,0,31,3,1,1,0,true,1,1
3440594A.CAD,2662,3b3788d9dacc,3440594,CHLORATE CELLS H2 COOLER OUT. TEMP.,73,73,0,2156,0,22,77,16,3,3,3,3,2,1,20,0,32,46,6,6,0,true,2,1
3440595A.CAD,4252,e7e3f3de9067,3440595,OXYGEN CONTENT,117,117,0,3796,0,26,135,34,6,5,10,10,4,6,25,0,50,42,11,11,1,true,2,1
3440596A.CAD,1390,fb0a229397e5,3440596,POWER OFF ALARM,38,38,0,1082,0,1,38,4,0,1,1,1,1,0,1,0,31,4,1,1,0,true,1,1
3440597A.CAD,2998,e075274f05ed,3440597,CHLORATE COOLER OUTLET TEMP.,85,85,0,2450,0,24,89,18,5,3,3,3,2,1,22,0,38,55,8,8,0,true,2,1
3440598A.CAD,2192,5ac4036c1d78,3440598,CHLORATE PLANT H2 SNIFFER ANALYZER,59,59,0,1864,0,3,63,12,0,3,3,3,3,0,3,0,42,9,3,3,0,true,1,1
3440599A.CAD,3352,dde139fc7481,3440599,ClO2 GENERATOR NaCl FLOW,97,97,0,2812,0,30,105,21,7,3,5,5,2,3,28,0,39,54,9,9,0,true,2,1
34405A1A.CAD,1076,f5309a60d331,34405A1,Cl2 COMP RECYCLE GAS FLOW,24,24,0,748,0,1,24,4,0,1,1,1,1,0,1,0,17,8,1,1,0,true,1,1
34405A2A.CAD,1092,d50208da6ea3,34405A2,SUCT PRESS,25,25,0,764,0,1,25,4,0,1,1,1,1,0,1,0,18,9,1,1,0,true,1,1
34405A3A.CAD,2094,5cf6bcedb9d4,34405A3,CHLORINE DIOXIDE GENERATOR CUASTIC,57,57,0,1768,0,5,61,10,1,3,3,3,2,1,5,0,39,9,1,1,0,true,1,1
34405A4A.CAD,1346,043d494bd9dc,34405A4,ClO2 GEN. CAUSTIC HEAD TANK LEVEL,36,36,0,1038,0,1,36,4,0,1,1,1,1,0,1,0,29,3,1,1,0,true,1,1
34405A5A.CAD,1076,b5b71bd7509e,34405A5,ClO2 GENERATOR TRAY 1 TEMP,24,24,0,748,0,1,24,4,0,1,1,1,1,0,1,0,17,7,1,1,0,true,1,1
34405A6A.CAD,1076,8cd9e8c204f2,34405A6,ClO2 GENERATOR TRAY 2 TEMP,24,24,0,748,0,1,24,4,0,1,1,1,1,0,1,0,17,7,1,1,0,true,1,1
34405A7A.CAD,1076,47fa67b5001b,34405A7,ClO2 GENERATOR TRAY 3 TEMP,24,24,0,748,0,1,24,4,0,1,1,1,1,0,1,0,17,7,1,1,0,true,1,1
34405A8A.CAD,2784,6d3bef327c50,34405A8,CHLORINE DIOXIDE GEN. TRAY #4 TEMP.,78,78,0,2282,0,22,82,16,5,3,3,3,2,1,20,0,35,45,6,6,0,true,2,1
34405A9A.CAD,1076,89b7e85e560f,34405A9,ClO2 GENERATOR TRAY 6 TEMP,24,24,0,748,0,1,24,4,0,1,1,1,1,0,1,0,17,7,1,1,0,true,1,1
34405B0A.CAD,1786,52741870569c,34405B0,CLO2 GENERATOR TRAY & AIR FLOW,50,50,0,1412,0,10,52,7,3,1,2,2,1,1,10,0,28,17,4,4,0,true,1,1
34405B1A.CAD,1078,39987f7e1ded,34405B1,ClO2 GENERATOR TRAY AIR FLOW,24,24,0,750,0,1,24,4,0,1,1,1,1,0,1,0,17,8,1,1,0,true,1,1
34405B2A.CAD,2510,f80737e75674,34405B2,CLO  GENERATOR TRAY & AIR,74,74,0,2056,0,19,78,14,4,1,3,3,2,1,19,0,35,38,10,10,0,true,1,1
34405B3A.CAD,1078,056c0406a2eb,34405B3,ClO2 GENERATOR TRAY AIR FLOW,24,24,0,750,0,1,24,4,0,1,1,1,1,0,1,0,17,8,1,1,0,true,1,1
34405B4A.CAD,1076,2711657269c4,34405B4,STEAM CONDENSATE TANK TEMP,24,24,0,748,0,1,24,4,0,1,1,1,1,0,1,0,17,7,1,1,0,true,1,1
34405B5A.CAD,2906,4ba8b9c1bdb3,34405B5,ClO2 STEAM CONDENSATE TANK LEVEL,82,82,0,2414,0,22,88,16,5,3,4,4,2,2,21,0,38,39,7,7,0,true,2,1
34405B6A.CAD,1068,48da5cb35670,34405B6,GLAND WATER PRESS,24,24,0,740,0,1,24,4,0,1,1,1,1,0,1,0,17,8,1,1,0,true,1,1
34405B7A.CAD,5338,28d0e08620cc,34405B7,TOWER TEMP. HIGH,151,151,0,4658,0,53,173,36,11,3,12,12,10,2,49,0,53,93,15,15,0,true,2,1
34405B8A.CAD,2240,7560db274564,34405B8,Cl2 GAS TO HYPO PLANT SHUT-OFF VLV,60,60,0,1914,0,6,66,12,0,3,4,4,3,1,5,0,41,9,1,1,0,true,2,1
34405B9A.CAD,2008,254de00f4880,34405B9,Cl2 DIVIDE TO ABSORPTION TWR TEMP.,56,56,0,1620,0,9,58,11,2,1,2,2,1,1,9,0,32,21,6,6,0,true,1,1
34405C1A.CAD,3788,08e07a0a835a,34405C1,CHLORATE CELLS - Cl2 COMP INLET PRES,108,108,0,3212,0,35,120,24,8,3,7,7,4,3,32,0,42,59,11,11,0,true,3,1
34405C2A.CAD,1626,3f61c54a0c4d,34405C2,OPEN/CLOSE REQUEST,45,45,0,1292,0,6,45,6,1,1,1,1,0,1,5,0,31,8,2,2,0,true,2,1
34405C3A.CAD,2004,f1c8a2428fe5,34405C3,CHEMICAL PLANT,58,58,0,1628,0,9,60,9,2,1,2,2,1,1,8,0,37,19,5,5,0,true,2,1
34405C4A.CAD,3678,c306e3df00bf,34405C4,CHILLED H20 TO ABSORPTION TWR FLOW,104,104,0,3070,0,34,114,24,6,3,6,6,5,1,31,0,41,68,10,10,0,true,2,1
34405C5A.CAD,1674,18b4e331246f,34405C5,SODIUM CHLORATE/CHLORINE DIOXIDE PLANT,45,45,0,1322,0,4,45,7,1,1,1,1,1,0,4,0,31,13,3,3,0,true,1,1
34405C6A.CAD,2230,f0097c9efb18,34405C6,ClO  TANK No. 1 LEVEL,61,61,0,1804,0,11,65,11,3,2,3,3,3,0,11,0,34,31,5,5,0,true,1,1
34405C7A.CAD,2464,f2c382e3e4b2,34405C7,SODIUM CHLORATE/CHLORINE DIOXIDE PLANT,69,69,0,2008,0,15,73,13,4,1,3,3,2,1,14,0,36,37,7,7,0,true,2,1
34405C8A.CAD,3090,444ae139debb,34405C8,Cl2 TO HYPO PLANT VALVE POSITION,86,86,0,2508,0,26,92,19,6,3,4,4,3,1,25,0,34,55,9,9,0,true,2,1
34405C9A.CAD,2526,b7f9c25222c5,34405C9,STEAM TO GENERATOR,70,70,0,2066,0,18,74,14,3,3,3,3,2,1,16,0,35,35,4,4,0,true,2,1
34405D1A.CAD,1574,c352dad9edda,34405D1,CHLORATE CELLS - No. 1 T/R VOLTAGE,42,42,0,1234,0,3,42,6,1,1,1,1,1,0,3,0,30,10,2,2,0,true,1,1
34405D2A.CAD,3284,0f9d221b7979,34405D2,CHLORATE CELLS - T/R No.1 - CURRENT,92,92,0,2724,0,27,100,21,6,3,5,5,5,0,25,0,38,63,11,11,0,true,2,1
34405D3A.CAD,1572,1773eb3a619c,34405D3,T/R No. 1 - POLARIZATION CURRENT,41,41,0,1228,0,3,43,7,0,1,2,2,1,1,3,0,29,11,2,2,0,true,1,1
34405D4A.CAD,1340,554aee55779f,34405D4,T/R No. 1 - 12kV BREAKER READY,36,36,0,1032,0,1,36,4,0,1,1,1,1,0,1,0,29,3,1,1,0,true,1,1
34405D5A.CAD,4668,cbfc86cb7b3a,34405D5,DCS ENABLE,130,130,0,4154,0,38,154,34,7,4,13,13,10,3,38,0,49,55,13,13,0,true,1,1
34405D6A.CAD,3200,a9accddb7585,34405D6,T/R No. 1 - LOAD SET POINT CONTROL,90,90,0,2720,0,26,98,20,6,4,5,5,3,2,25,0,37,36,7,7,0,true,2,1
34405D7A.CAD,1600,3e1fcade63d7,34405D7,T/R No. 1 - EMERGENCY STOP,44,44,0,1272,0,6,46,6,2,1,2,2,0,2,6,0,28,7,2,2,0,true,1,1
34405D8A.CAD,1340,96c0c0797fb5,34405D8,T/R No.2 - POLARIZATION STATUS,36,36,0,1032,0,1,36,4,0,1,1,1,1,0,1,0,29,4,1,1,0,true,1,1
34405D9A.CAD,1358,58fffa777d08,34405D9,CONSTANT CURRENT CONTROL,37,37,0,1050,0,1,37,4,0,1,1,1,1,0,1,0,30,4,1,1,0,true,1,1
34405E1A.CAD,1320,0db2e13c2849,34405E1,LOCAL EM-OFF,36,36,0,1012,0,1,36,4,0,1,1,1,1,0,1,0,29,4,1,1,0,true,1,1
34405E2A.CAD,1332,6753b8433bbb,34405E2,TR/RE NO.1 LOCAL CONTROL,36,36,0,1024,0,1,36,4,0,1,1,1,1,0,1,0,29,4,1,1,0,true,1,1
34405E3A.CAD,1336,488c4480dd38,34405E3,T/R No.1 - TRANSFORMER ALARM,36,36,0,1028,0,1,36,4,0,1,1,1,1,0,1,0,29,4,1,1,0,true,1,1
34405E4A.CAD,1334,be4148ba683b,34405E4,T/R No.1 - RECTIFIER ALARM,36,36,0,1026,0,1,36,4,0,1,1,1,1,0,1,0,29,4,1,1,0,true,1,1
34405E5A.CAD,1424,bc2e164bfee0,34405E5,T/R No.1 - RECTIFIER ALARM,38,38,0,1116,0,2,40,5,0,1,2,2,1,1,2,0,29,5,1,1,0,true,1,1
34405E6A.CAD,1338,50b8bc9982d7,34405E6,T/R No.1 - AUX. SYSTEMS ALARM,36,36,0,1030,0,1,36,4,0,1,1,1,1,0,1,0,29,4,1,1,0,true,1,1
34405E7A.CAD,8688,8f047b3ba0e4,34405E7,HCL ALARM,254,254,0,7568,0,95,288,79,13,10,19,19,16,1,92,0,68,171,61,58,0,true,2,1
34405E8A.CAD,1342,1fa1abdc6f17,34405E8,CHEMICAL PLANT,32,32,0,986,0,5,34,6,1,1,2,2,1,1,5,0,18,14,3,3,0,true,1,1
34405E9A.CAD,1184,23950a204c1b,34405E9,CHEMICAL PLANT,28,28,0,844,0,3,28,4,1,1,1,1,1,0,3,0,18,10,2,2,0,true,1,1
34405F0A.CAD,1290,16e095ef6f93,34405F0,CHEMICAL PLANT,31,31,0,962,0,2,33,4,0,1,2,2,1,1,2,0,23,8,1,1,0,true,1,1
34405F1A.CAD,2210,9ef6abe696e8,34405F1,CHEMICAL PLANT,56,56,0,1760,0,17,64,12,4,4,5,5,2,3,17,0,21,33,4,4,1,true,1,1
34405F2A.CAD,1360,adfa9249045f,34405F2,CHEMICAL PLANT,33,33,0,1016,0,3,35,5,0,1,2,2,1,1,3,0,23,12,2,2,0,true,1,1
34405F3A.CAD,4458,6ab506834b30,34405F3,CHLORATE PUMP,133,133,0,3944,0,36,143,32,8,6,6,6,4,2,36,0,55,48,14,14,0,true,1,1
34405F4A.CAD,4450,deca6b053842,34405F4,RUN REQUEST,133,133,0,3936,0,36,143,32,8,6,6,6,4,2,36,0,55,48,14,14,0,true,1,1
34405F5A.CAD,3728,6f655fc082ca,34405F5,CHLORATE FEEDBACK PUMP,102,102,0,3232,0,23,116,31,2,8,8,8,5,3,22,0,45,43,11,11,0,true,2,1
34405F6A.CAD,5198,0aae030d534d,34405F6,STEAM CONDENSATE PUMP,158,158,0,4614,0,49,170,37,12,6,7,7,5,2,49,0,58,65,20,20,0,true,1,1
34405F7A.CAD,5696,4b7fca922372,34405F7,GLAND WATER PUMP,171,171,0,5100,0,54,186,42,12,6,8,8,7,2,54,0,61,69,21,21,0,true,1,1
34405F8A.CAD,7096,712825e99295,34405F8,CHLORINE COMPRESSOR,209,209,0,6388,0,76,240,54,22,6,16,16,8,9,74,0,57,101,27,27,1,true,2,1
34405F9A.CAD,3594,4938623f4560,34405F9,CHLORINE COMPRESSOR,109,109,0,3116,0,32,119,22,6,1,6,6,5,1,32,0,47,49,16,16,0,true,1,1
34405G0A.CAD,1892,22bd08817f63,34405G0,CHLORINE COMPRESSOR,52,52,0,1544,0,9,58,8,1,0,4,4,2,2,9,0,32,14,4,4,0,true,1,1
34405G1A.CAD,5986,2a33dc0857d8,34405G1,ClO2 TRANSFER PUMP NO. 1,181,181,0,5222,0,75,196,47,20,2,11,11,2,4,69,0,43,84,34,29,0,true,3,1
34405G2A.CAD,5782,50d3932efe4b,34405G2,ClO2 TRANSFER PUMP NO. 2,171,171,0,5216,0,52,189,45,11,7,10,10,7,3,52,0,61,65,19,19,1,true,1,1
34405G3A.CAD,4408,2d9d34936157,34405G3,CHILLED WATER,126,126,0,3738,0,44,139,29,10,5,8,8,5,2,42,0,43,87,16,15,0,true,3,1
34405G4A.CAD,3322,22e3f0e7cfc9,34405G4,CHEMICAL PLANT,95,95,0,2812,0,30,105,21,7,3,6,6,3,3,29,0,36,46,9,9,0,true,2,1
34405G5A.CAD,1076,b2f1ca927be8,34405G5,Cl2 SCRUBBER SUCTION PRESS,24,24,0,748,0,1,24,4,0,1,1,1,1,0,1,0,17,8,1,1,0,true,1,1
34405G6A.CAD,2812,718dc388007e,34405G6,OPEN/CLOSE REQUEST,75,75,0,2476,0,10,87,17,1,4,7,7,4,3,9,0,46,14,2,2,0,true,2,1
34405G7A.CAD,5244,956df2c72552,34405G7,CLOSED TO REACTOR,152,152,0,4534,0,59,170,39,12,5,10,10,7,3,54,0,45,95,19,19,0,true,2,1
34405G8A.CAD,1762,c1bbd1f691f2,34405G8,CAUSTIC FLOW TO REACTOR,47,47,0,1406,0,6,49,9,1,1,2,2,1,1,5,0,30,14,3,3,0,true,2,1
34405G9A.CAD,1290,9dc6b53dc47b,34405G9,HYPO PROD TEMP,30,30,0,934,0,4,32,7,0,1,2,2,1,1,4,0,17,15,3,3,0,true,1,1
34405H0A.CAD,2454,b974b679ed5e,34405H0,SODIUM HYPOCHLORITE SYSTEM,67,67,0,1998,0,15,73,14,3,1,4,4,2,2,14,0,34,37,7,7,1,true,2,1
34405H1A.CAD,4692,4997f434e204,34405H1,HYPO CONCENTRATION CONTROL,136,136,0,4002,0,43,150,28,10,5,8,8,7,1,41,0,55,92,15,15,0,true,3,1
34405H2A.CAD,1492,570debbc0bcb,34405H2,HYPO AREA CHLORINE SNIFFER,40,40,0,1168,0,3,42,6,0,2,2,2,1,1,3,0,29,9,2,2,0,true,1,1
34405H3A.CAD,3074,fd5c33a139cc,34405H3,HYPO TRANSFER,87,87,0,2570,0,25,95,18,6,5,5,5,4,1,24,0,37,45,7,7,0,true,2,1
34405H4A.CAD,2002,0cc5b819f605,34405H4,CHEMICAL PLANT,58,58,0,1592,0,16,62,7,5,3,3,3,2,1,15,0,29,21,3,3,0,true,2,1
34405H5A.CAD,5076,ff16968694a0,34405H5,RUN REQUEST,150,150,0,4520,0,46,165,37,9,7,8,8,7,2,45,0,57,61,18,18,0,true,2,1
34405H6A.CAD,4316,a5f449792789,34405H6,RUN REQUEST,128,128,0,3802,0,35,138,31,6,6,6,6,4,2,33,0,56,47,14,14,0,true,3,1
34405H7A.CAD,5672,cbcdf7722065,34405H7,HYPOCHLORITE PUMP,170,170,0,5076,0,54,185,42,12,6,8,8,7,2,54,0,60,68,21,21,0,true,1,1
34405H8A.CAD,3526,2fdb1450614f,34405H8,WASTE GAS BLOWER,102,102,0,3056,0,28,110,25,5,4,5,5,4,1,27,0,43,39,11,11,0,true,2,1
34405H9A.CAD,5038,f7675e046bb0,34405H9,HYPOCHLORITE TRANSFER PUMP,149,149,0,4504,0,43,165,37,9,6,9,9,6,3,43,0,58,57,16,16,0,true,1,1
34405I1A.CAD,5160,0039f4912776,34405I1,LOCAL STOP,151,151,0,4598,0,47,168,39,10,6,10,10,5,4,46,0,54,60,18,17,0,true,2,1
34405I2A.CAD,5584,8568b00afef0,34405I2,LOCAL STOP,166,166,0,4930,0,52,182,43,10,9,9,9,6,3,51,0,60,77,21,21,0,true,2,1
34405I3A.CAD,4222,7f21234d8052,34405I3,CHEMICAL PLANT,124,124,0,3708,0,36,134,32,8,6,6,6,4,2,36,0,46,48,14,14,0,true,1,1
34405I4A.CAD,1032,6dc7fa884a84,34405I4,,23,23,0,704,0,1,23,4,0,1,1,1,1,0,1,0,16,7,1,1,0,true,1,1
34405I5A.CAD,1526,6b29d3680f55,34405I5,HYDROGEN TO HCL BURNER,41,41,0,1186,0,3,41,6,1,1,1,1,1,0,3,0,29,11,2,2,0,true,1,1
34405I6A.CAD,1568,07dc9c3d6cbe,34405I6,CHLORINE TO HCL BURNER,42,42,0,1228,0,3,42,6,1,1,1,1,1,0,3,0,30,11,2,2,0,true,1,1
34405I7A.CAD,2876,fa327f317b17,34405I7,HYPO CONCENTRATION CONTROL,79,79,0,2300,0,22,85,16,6,1,4,4,3,1,22,0,33,67,9,9,0,true,1,1
34405I8A.CAD,2724,902f107aa250,34405I8,HYDROCHLORIC ACID SYNTHESIS,73,73,0,2252,0,14,81,16,3,2,5,5,3,2,14,0,38,41,7,7,0,true,1,1
34405I9A.CAD,1490,6a875d2d9a4b,34405I9,FLAME MONITORING,40,40,0,1150,0,3,40,6,1,1,1,1,1,0,3,0,28,11,2,2,0,true,1,1
34405J1A.CAD,1980,2b1b79daa9d5,34405J1,COOL OUT HCl SYN TEMP,48,48,0,1602,0,6,58,14,0,6,6,6,6,0,6,0,26,28,6,6,0,true,1,1
34405J2A.CAD,3470,20b163e3c615,34405J2,COOLING WATER TO HCl BURNER FLOW,93,93,0,3026,0,22,109,24,3,2,9,9,7,2,20,0,44,36,10,9,0,true,3,1
34405J3A.CAD,1978,c493a4795ad3,34405J3,COMMON ALARM,54,54,0,1650,0,7,58,11,0,2,3,3,2,1,4,0,37,9,3,3,0,true,3,1
34405J4A.CAD,1916,8135b69f453b,34405J4,HCL BURNER STATUS & COMMAN,53,53,0,1534,0,8,55,10,2,1,2,2,1,1,8,0,31,20,5,5,0,true,1,1
34405J5A.CAD,3174,f554c04c1d94,34405J5,HCl SYN. UNIT - Cl2 FLOW,92,92,0,2644,0,30,98,19,8,3,4,4,3,1,29,0,34,50,9,9,0,true,2,1
34405J6A.CAD,1076,c3588a3dbfb3,34405J6,STRONG Cl2 TO HCl SYN TEMP,24,24,0,748,0,1,24,4,0,1,1,1,1,0,1,0,17,8,1,1,0,true,1,1
34405J7A.CAD,1068,870749c01698,34405J7,HCl SCRUBBER TEMP,24,24,0,740,0,1,24,4,0,1,1,1,1,0,1,0,17,8,1,1,0,true,1,1
34405J8A.CAD,1336,ea624061f2bd,34405J8,HCl SRUBBER VENT H2 ANALYZER,36,36,0,1028,0,1,36,4,0,1,1,1,1,0,1,0,29,3,1,1,0,true,1,1
34405J9A.CAD,1426,c22fe99e6d04,34405J9,HYDROCHLORIC ACID SYNTHESIS,38,38,0,1118,0,1,38,4,0,1,1,1,1,0,1,0,31,4,1,1,0,true,1,1
34405K1A.CAD,1406,91490e544b56,34405K1,HYDROCHLORIC ACID SYNTHESIS,38,38,0,1098,0,1,38,4,0,1,1,1,1,0,1,0,31,4,1,1,0,true,1,1
34405K2A.CAD,1256,c7930cf075ba,34405K2,,29,29,0,912,0,3,31,6,0,1,2,2,1,1,3,0,18,12,2,2,0,true,1,1
34405K3A.CAD,1496,75d7d3520760,34405K3,HCl SYN UNIT CHLORINE SNIFFER,40,40,0,1172,0,3,42,6,0,2,2,2,1,1,3,0,29,9,2,2,0,true,1,1
34405K4A.CAD,5660,ae8698aa52c6,34405K4,H2O TO HCl SCRUBBER FLOW CONTROL,159,159,0,4858,0,64,181,46,11,5,12,12,7,5,58,0,42,120,22,22,0,true,3,1
34405K5A.CAD,1342,df4ca2e3f9cb,34405K5,HCl BURNER AREA HYDROGEN SNIFFER,36,36,0,1034,0,1,36,4,0,1,1,1,1,0,1,0,29,3,1,1,0,true,1,1
34405K6A.CAD,2286,b28bd78c9be5,34405K6,CHEMICAL PLANT,62,62,0,1834,0,19,66,13,4,2,3,3,1,2,18,0,25,31,8,8,0,true,2,1
34405K7A.CAD,5112,cad4b087fba6,34405K7,HCL PUMP,152,152,0,4542,0,47,166,38,11,6,8,8,5,3,47,0,54,60,18,18,0,true,1,1
34405K8A.CAD,4496,da31514d0a79,34405K8,HYDROCHLORIC ACID PUMP NO. 1,134,134,0,3982,0,36,144,32,8,6,6,6,4,2,36,0,56,49,14,14,0,true,1,1
34405K9A.CAD,4534,21c6df060b65,34405K9,HYPOCHLORIC ACID PUMP NO. 2,135,135,0,4020,0,36,145,32,8,6,6,6,4,2,36,0,57,49,14,14,0,true,1,1
34405L0A.CAD,1076,1fdf0acb4d38,34405L0,SULPHUR MELTING TANK TEMP,24,24,0,748,0,1,24,4,0,1,1,1,1,0,1,0,17,8,1,1,0,true,1,1
34405L1A.CAD,1100,7173f50c5677,34405L1,OIL TANK LEVEL,25,25,0,772,0,1,25,4,0,1,1,1,1,0,1,0,18,8,1,1,0,true,1,1
34405L2A.CAD,1228,fef93c51d524,34405L2,SULPHUR BURNER PRESS,28,28,0,884,0,3,30,6,0,1,2,2,1,1,3,0,17,11,2,2,0,true,1,1
34405L3A.CAD,1418,d07db0f161a6,34405L3,AIR TO SULPHUR BURNER PRESS,35,35,0,1064,0,6,37,7,1,1,2,2,1,1,6,0,19,14,3,3,1,true,1,1
34405L4A.CAD,1074,54c5ba562d05,34405L4,SULPHUR BURNER GAS TEMP,24,24,0,746,0,1,24,4,0,1,1,1,1,0,1,0,17,8,1,1,0,true,1,1
34405L5A.CAD,2136,cc374e15688c,34405L5,SULPHUR BURNER COMBUSTION AIR FLOW,58,58,0,1680,0,11,60,13,2,1,2,2,1,1,11,0,30,37,8,8,0,true,1,1
34405L6A.CAD,1994,dba76a31ec15,34405L6,SO2 COOLING TOWER - COOLING H2O FLOW,55,55,0,1606,0,10,57,11,2,1,2,2,1,1,9,0,31,22,6,6,0,true,2,1
34405L7A.CAD,1238,385e2b82f4bf,34405L7,SO2 COOLING TOWER RECIRC PRESS,28,28,0,894,0,3,30,6,0,1,2,2,1,1,3,0,17,11,2,2,0,true,1,1
34405L8A.CAD,2016,01cea21eb14f,34405L8,SO2 COOLING TOWER OUTLET TEMP.,56,56,0,1628,0,10,58,11,2,1,2,2,1,1,9,0,32,22,6,6,0,true,2,1
34405L9A.CAD,2594,68878bc3d639,34405L9,SO2 GAS COOLER OUTLET TEMP.,71,71,0,2104,0,19,75,15,3,3,3,3,2,1,17,0,34,41,5,5,0,true,2,1
34405M1A.CAD,1064,5479ee5d89db,34405M1,SO2 WATER PROD,24,24,0,736,0,1,24,4,0,1,1,1,1,0,1,0,17,8,1,1,0,true,1,1
34405M2A.CAD,1934,85fccdc85316,34405M2,SO  WATER PRODUCTION,54,54,0,1524,0,11,58,8,2,1,3,3,3,0,10,0,32,27,4,4,0,true,2,1
34405M3A.CAD,2682,92af96254b95,34405M3,SO2 ABSORBER LEVEL,75,75,0,2210,0,19,81,15,5,3,4,4,2,2,19,0,34,37,6,6,0,true,1,1
34405M4A.CAD,2726,990e74b7e6f8,34405M4,SO2 WATER TANK LEVEL,77,77,0,2240,0,19,83,17,5,1,4,4,2,2,19,0,34,44,10,10,1,true,1,1
34405M5A.CAD,1332,e0d0bff7757e,34405M5,Chem.Plant PCU ROOM Temp.,30,30,0,974,0,2,32,7,0,2,2,2,2,0,2,0,19,15,2,2,0,true,1,1
34405M6A.CAD,1514,a203f7c15887,34405M6,SULPHUR CONVEYOR BELT TRACKING,42,42,0,1188,0,4,42,6,1,1,1,1,1,0,4,0,29,8,3,3,0,true,1,1
34405M7A.CAD,1338,49c7c0c0a2a6,34405M7,BELT CONVEYOR PULL WIRE SWITCH,36,36,0,1030,0,1,36,4,0,1,1,1,1,0,1,0,29,4,1,1,0,true,1,1
34405M8A.CAD,4118,e9b0c9cfe9ac,34405M8,SULPHUR PUMP,112,112,0,3612,0,27,128,30,3,5,9,9,8,1,26,0,51,48,11,11,1,true,2,1
34405M9A.CAD,3760,3d705621244d,34405M9,COOLING TOWER FLOW LOW,106,106,0,3254,0,26,116,26,4,4,6,6,5,1,25,0,49,46,11,11,0,true,2,1
34405N1A.CAD,2760,962f97880ea6,34405N1,FUEL OIL PUMP,76,76,0,2338,0,14,82,19,1,4,4,4,3,1,13,0,41,27,6,6,0,true,2,1
34405N2A.CAD,3496,20e985897469,34405N2,CIRCULATING PUMP,100,100,0,3026,0,26,108,25,4,4,5,5,4,1,25,0,44,40,11,11,0,true,2,1
34405N3A.CAD,3296,932ad566b34d,34405N3,SO2 WATER PUMP,93,93,0,2834,0,22,101,23,3,4,5,5,4,1,21,0,44,35,9,9,0,true,2,1
34405N4A.CAD,5504,9a0f8db86502,34405N4,SO2 TRANSFER PUMP,164,164,0,4930,0,51,182,41,12,7,10,10,6,4,51,0,58,65,19,19,0,true,1,1
34405N5A.CAD,4588,c16681f9f800,34405N5,RUN REQUEST,136,136,0,4074,0,37,148,33,8,6,7,7,5,2,37,0,56,50,14,14,0,true,1,1
34405N6A.CAD,1240,269679c64792,34405N6,O2 PRESS SUPPLY TO BLEACH PLANT,28,28,0,896,0,3,30,6,0,1,2,2,1,1,3,0,17,11,2,2,0,true,1,1
34405N7A.CAD,1766,b31a1cec8b44,34405N7,NITROGEN GAS SUPPLY PRESSURE,47,47,0,1408,0,6,49,11,0,1,2,2,1,1,5,0,29,16,4,4,0,true,2,1
34405N8A.CAD,2570,36d8ac592547,34405N8,CHEMICAL PLANT,72,72,0,2212,0,15,80,16,4,3,5,5,3,2,15,0,35,17,5,5,0,true,1,1
34405N9A.CAD,1658,d6539c98022e,34405N9,AIR COMPRESSOR,47,47,0,1288,0,8,47,6,2,1,1,1,1,0,7,0,30,11,2,2,0,true,2,1
34405O1A.CAD,2930,eaf6ec69c3cd,34405O1,HCL PUMP,84,84,0,2458,0,27,94,18,5,5,6,6,5,1,27,0,32,39,10,10,0,true,1,1
34405P1A.CAD,1868,3e15a2dbe8d9,34405P1,OXYGEN COMPRESSOR,53,53,0,1488,0,11,55,8,3,1,2,2,1,1,10,0,30,15,3,3,0,true,2,1
34405P2A.CAD,2352,e24ebdbb9c3c,34405P2,CHEMICAL PLANT,63,63,0,1912,0,16,69,15,2,4,4,4,3,1,16,0,28,30,7,7,0,true,1,1
34405P3A.CAD,1072,daae6f72c189,34405P3,STEAM TO CHILLER PRESS,24,24,0,744,0,1,24,4,0,1,1,1,1,0,1,0,17,8,1,1,0,true,1,1
34405P4A.CAD,2790,47f8a3f5f305,34405P4,COOLING WATER TO CHILLERS FLOW,78,78,0,2276,0,23,82,17,5,3,3,3,2,1,21,0,33,47,7,7,0,true,2,1
34405P5A.CAD,1072,7d1d31e97172,34405P5,VAPOUR CONDENSOR PRESS,24,24,0,744,0,1,24,4,0,1,1,1,1,0,1,0,17,8,1,1,0,true,1,1
34405P6A.CAD,1072,7ce035f95e66,34405P6,VAPOUR CONDENSATE TEMP,24,24,0,744,0,1,24,4,0,1,1,1,1,0,1,0,17,7,1,1,0,true,1,1
34405P7A.CAD,1100,b64ec68e9950,34405P7,CLO3 FILTER PRESS.,25,25,0,772,0,1,25,4,0,1,1,1,1,0,1,0,18,7,1,1,0,true,1,1
34405P8A.CAD,2842,6c2bfeaa9b15,34405P8,CHILLER - WARM WATER TANK LEVEL,80,80,0,2334,0,23,84,18,4,3,3,3,2,1,21,0,35,45,8,8,1,true,2,1
34405P9A.CAD,4490,f127070699b1,34405P9,WATER CHILLER - WATER TEMP. CONTROL,127,127,0,3750,0,46,139,31,11,5,7,7,4,3,45,0,38,93,17,17,0,true,2,1
34405Q1A.CAD,2982,0c9e90163da3,34405Q1,CHILLER WATER TANK LEVEL,84,84,0,2474,0,25,90,19,6,3,4,4,2,2,23,0,34,46,8,8,0,true,2,1
34405Q2A.CAD,6304,b2509a968835,34405Q2,CHILLED WATER PUMP,189,189,0,5688,0,63,210,47,15,6,11,11,8,4,63,0,62,77,23,23,0,true,1,1
34405Q3A.CAD,5798,707441eb38f6,34405Q3,RUN REQUEST,174,174,0,5222,0,57,192,43,14,6,10,10,7,3,57,0,58,68,20,20,0,true,1,1
34405Z1A.CAD,4212,95a3c7a50c15,34405Z1,CHEMICAL PLANT,94,94,0,3234,0,29,104,47,3,2,10,10,2,0,16,0,26,118,40,31,0,true,3,1
3070500A.CAD,2738,c9601e092d45,3070500,PLANT LOOP,82,82,0,2196,0,19,84,10,1,0,2,2,0,2,15,0,54,58,8,7,0,true,3,1
3070501A.CAD,3638,f9fd2d1cbd91,3070501,DIGITAL INPUT SLAVE,101,101,0,3316,0,43,128,16,0,14,14,14,0,14,14,0,70,20,2,2,0,true,2,1
3070502A.CAD,2110,8b416c41a3ef,3070502,DIGITAL INPUT SLAVE,47,47,0,1788,0,14,74,16,0,14,14,14,0,14,14,0,16,20,2,2,0,true,1,1
3070503A.CAD,3710,b59483385c9b,3070503,DIGITAL INPUT SLAVE,104,104,0,3388,0,52,131,16,0,14,14,14,0,14,14,0,73,20,2,2,0,true,2,1
3070504A.CAD,2110,83276377e780,3070504,DIGITAL INPUT SLAVE,47,47,0,1788,0,14,74,16,0,14,14,14,0,14,14,0,16,20,2,2,0,true,1,1
3070505A.CAD,2502,b24c33568765,3070505,DIGITAL INPUT SLAVE,61,61,0,2180,0,25,88,16,0,14,14,14,0,14,14,0,30,15,2,2,5,true,2,1
3070506A.CAD,2222,d286a33e410d,3070506,DIGITAL INPUT SLAVE,51,51,0,1900,0,16,78,16,0,14,14,14,0,14,14,0,20,17,2,2,3,true,2,1
3070508A.CAD,2408,8a6f9f6a67b1,3070508,NOT USED,53,53,0,1900,0,16,70,15,1,9,9,9,0,9,15,0,21,37,3,3,1,true,2,1
3070509A.CAD,3082,c7618350cb63,3070509,NOT USED,68,68,0,2574,0,22,97,21,2,15,15,15,0,15,22,0,22,40,3,3,0,true,1,1
3070510A.CAD,2770,716425cc8c83,3070510,NOT USED,68,68,0,2280,0,20,89,17,0,6,11,11,11,0,20,0,30,38,2,2,1,true,1,1
3070511A.CAD,3158,620b27e5e3fe,3070511,NOT USED,71,71,0,2650,0,24,100,21,2,15,15,15,0,15,22,0,25,49,3,3,0,true,2,1
3070512A.CAD,3270,af1a250b28b5,3070512,NOT USED,75,75,0,2762,0,28,104,21,2,15,15,15,0,15,22,0,29,43,3,3,1,true,2,1
3070513A.CAD,2138,ed051db7cd91,3070513,DIGITAL INPUT SLAVE,48,48,0,1816,0,15,75,16,0,14,14,14,0,14,14,0,17,14,2,2,6,true,2,1
3070514A.CAD,2642,0915b8cfe28c,3070514,DIGITAL INPUT SLAVE,66,66,0,2320,0,33,93,16,0,14,14,14,0,14,14,0,35,17,2,2,3,true,2,1
3070515A.CAD,2110,e4cae1d23524,3070515,DIGITAL INPUT SLAVE,47,47,0,1788,0,14,74,16,0,14,14,14,0,14,14,0,16,14,2,2,6,true,1,1
3070516A.CAD,2420,f25908356ad3,3070516,DIGITAL INPUT SLAVE,58,58,0,2098,0,26,85,16,0,14,14,14,0,14,14,0,27,19,2,2,1,true,2,1
3070517A.CAD,2140,822f6ba37988,3070517,DIGITAL INPUT SLAVE,49,49,0,1818,0,18,74,15,0,13,13,13,0,13,13,0,20,19,2,2,0,true,2,1
3070518A.CAD,2558,1cbbcd72c054,3070518,DIGITAL INPUT SLAVE,63,63,0,2236,0,30,90,16,0,14,14,14,0,14,14,0,32,18,2,2,2,true,2,1
3070519A.CAD,2222,97e73c7512b3,3070519,DIGITAL INPUT SLAVE,51,51,0,1900,0,18,78,16,0,14,14,14,0,14,14,0,20,19,2,2,1,true,2,1
3070520A.CAD,2526,6706e4847e11,3070520,DIGITAL INPUT SLAVE,61,61,0,2148,0,27,86,15,0,13,13,13,0,13,13,0,32,19,2,2,0,true,2,1
3070521A.CAD,2458,b95680bf8d75,3070521,DIGITAL INPUT SLAVE,60,60,0,2136,0,25,87,16,0,14,14,14,0,14,14,0,29,20,2,2,0,true,2,1
3070522A.CAD,2754,b94a3a299224,3070522,DIGITAL INPUT SLAVE,70,70,0,2432,0,35,97,16,0,14,14,14,0,14,14,0,39,20,2,2,0,true,2,1
3070523A.CAD,570,498d03ed97bd,3070523,DIGITAL INPUT SLAVE,7,7,0,248,0,0,6,2,0,0,0,0,0,0,0,0,4,6,2,2,0,true,0,1
3070524A.CAD,604,d16fcc1def62,3070524,DIGITAL OUTPUT SLAVE,7,7,0,250,0,0,6,2,0,0,0,0,0,0,0,0,4,8,2,2,0,true,0,1
3070525A.CAD,2474,e25f4e7dfcbe,3070525,DIGITAL INPUT SLAVE,60,60,0,2152,0,27,87,16,0,14,14,14,0,14,14,0,29,20,2,2,0,true,2,1
3070526A.CAD,2836,f547b28ac0c3,3070526,DIGITAL INPUT SLAVE,74,74,0,2514,0,36,99,15,0,13,13,13,0,13,13,0,45,18,2,2,1,true,2,1
3070527A.CAD,2524,3d0a1d4abd1f,3070527,DIGITAL INPUT SLAVE,63,63,0,2202,0,31,88,15,0,13,13,13,0,13,13,0,34,19,2,2,0,true,2,1
3070528A.CAD,2326,93848ad4a1d1,3070528,DIGITAL INPUT SLAVE,56,56,0,2004,0,24,81,15,0,13,13,13,0,13,13,0,27,18,2,2,1,true,2,1
3070529A.CAD,2466,039a29d969ab,3070529,DIGITAL INPUT SLAVE,61,61,0,2144,0,29,86,15,0,13,13,13,0,13,13,0,32,18,2,2,1,true,2,1
3070530A.CAD,2458,509cb3fa1654,3070530,DIGITAL INPUT SLAVE,60,60,0,2136,0,26,87,16,0,14,14,14,0,14,14,0,29,17,2,2,3,true,2,1
3070531A.CAD,2259,927cbe264e3e,3070531,DIGITAL INPUT SLAVE,53,53,0,1938,0,18,80,16,0,14,14,14,0,14,14,0,22,20,2,2,0,true,2,1
3070532A.CAD,2114,c75f2babd7af,3070532,DIGITAL INPUT SLAVE,49,49,0,1792,0,15,74,15,0,13,13,13,0,13,13,0,20,13,2,2,6,true,2,1
3070537A.CAD,2776,81aac92455a0,3070537,DIGITAL OUTPUT SLAVE,69,69,0,2422,0,16,100,18,0,16,16,16,16,0,16,0,34,24,2,2,0,true,1,1
3070538A.CAD,2544,bd75ebedc935,3070538,DIGITAL OUTPUT SLAVE,63,63,0,2190,0,14,90,16,0,14,14,14,14,0,14,0,32,22,2,2,0,true,1,1
3070539A.CAD,2428,756e240a2650,3070539,DIGITAL OUTPUT SLAVE,60,60,0,2074,0,13,85,15,0,13,13,13,13,0,13,0,31,21,2,2,0,true,1,1
3070540A.CAD,2402,3ac84eba1165,3070540,DIGITAL OUTPUT SLAVE,59,59,0,2048,0,13,84,15,0,13,13,13,13,0,13,0,30,21,2,2,0,true,1,1
3070541A.CAD,2817,82190b166ef2,3070541,DIGITAL OUTPUT SLAVE,73,73,0,2464,0,14,98,15,0,13,13,13,13,0,13,0,44,21,2,2,0,true,2,1
3070542A.CAD,2959,0249dfafa7fd,3070542,DIGITAL OUTPUT SLAVE,77,77,0,2606,0,15,104,16,0,14,14,14,14,0,14,0,46,22,2,2,0,true,2,1
3070543A.CAD,2797,31f6d987a169,3070543,DIGITAL OUTPUT SLAVE,73,73,0,2444,0,14,98,15,0,13,13,13,13,0,13,0,44,21,2,2,0,true,2,1
3070544A.CAD,1730,07543d95245d,3070544,DIGITAL OUTPUT SLAVE,43,43,0,1376,0,6,54,8,0,6,6,6,6,0,6,0,28,14,2,2,0,true,1,1
3070545A.CAD,2054,87c6fea39ca1,3070545,DIGITAL OUTPUT SLAVE,51,51,0,1700,0,11,68,12,0,9,9,9,9,0,10,0,28,17,2,2,0,true,2,1
3070551A.CAD,1608,72a873631508,3070551,Power 220VAC from UPS into PCU 7-5 cabinet.,39,39,0,1226,0,5,39,7,1,1,1,1,1,0,4,0,25,17,4,3,0,true,2,1
3070553A.CAD,6520,98cfc036a6d4,3070553,DEBARKER DRUM DRIVE,185,185,0,5448,0,68,204,46,15,5,10,10,7,4,65,0,57,174,25,25,0,true,2,1
3070554A.CAD,2926,a93a7bf66fb6,3070554,MILL EXPANSION,80,80,0,2484,0,21,86,24,3,4,4,4,4,0,21,0,30,34,12,12,0,true,1,1
3070555A.CAD,3072,091ef08e8d09,3070555,FREQUENCY RECORDER,86,86,0,2622,0,27,93,21,5,2,5,5,3,2,24,0,33,39,11,11,0,true,3,1
3070556A.CAD,1830,e8bf3fe9c856,3070556,MILL EXPANSION,46,46,0,1432,0,7,48,11,2,2,2,2,2,0,7,0,24,24,5,5,0,true,1,1
3070557A.CAD,6442,cd07abe1951f,3070557,DEBARKING DRUM GROUP START,172,172,0,5924,0,47,225,43,5,1,27,27,24,4,47,0,75,64,13,13,0,true,1,1
3070558A.CAD,10517,e48a5deb7685,3070558,DEBARKING DRUM GROUP START,298,298,0,9682,0,107,354,88,38,4,29,29,7,22,97,0,73,166,51,51,0,true,2,1
3070559A.CAD,8034,070e1c225280,3070559,LOADING DECK GROUP START,229,229,0,7454,0,77,283,60,14,3,28,28,18,10,72,0,81,96,25,25,0,true,3,1
3070560A.CAD,5454,21a8a283c21b,3070560,LOADING DECK 1 GROUP START,145,145,0,4966,0,46,188,42,6,3,22,22,19,4,45,0,50,57,13,13,0,true,2,1
3070561A.CAD,10383,a3321e7114a3,3070561,LOADING DECK 1 GROUP START,295,295,0,9556,0,104,351,85,38,3,29,29,7,22,96,0,74,164,50,50,0,true,2,1
3070562A.CAD,6093,550a63cf37f5,3070562,LOADING DECK 2 GROUP START,160,160,0,5488,0,42,203,42,6,3,22,22,19,4,39,0,71,57,13,13,0,true,3,1
3070563A.CAD,10213,3a527b2959fe,3070563,LOADING DECK 2 GROUP START,289,289,0,9386,0,103,343,84,37,3,28,28,7,21,95,0,71,163,50,50,0,true,2,1
3070565A.CAD,4798,e18a22bbaeab,3070565,NO 1 SLASHER DECK SAW SPEED,134,134,0,4296,0,37,152,38,6,5,10,10,6,4,33,0,55,58,17,17,0,true,3,1
3070566A.CAD,5754,91f1725ae202,3070566,NO 2 SLASHER DECK SAW SPEED,156,156,0,5168,0,43,178,48,8,7,12,12,8,4,31,0,67,77,21,21,0,true,4,1
3070568A.CAD,2277,2809caa9865e,3070568A,MILL EXPANSION,60,60,0,1866,0,18,62,16,4,2,2,2,1,1,15,0,23,27,10,10,0,true,2,1
3070569A.CAD,2060,10ab00fd52dc,3070569,HYDR UNIT OIL VLV LOADING DECK 1,52,52,0,1726,0,9,62,11,0,1,6,6,5,1,8,0,31,11,2,2,0,true,2,1
3070570A.CAD,4208,04b68e20ab05,3070570,HYDR UNIT OIL VLV LOADING DECK 1,121,121,0,3652,0,48,135,31,9,1,8,8,6,2,45,0,34,61,18,18,0,true,3,1
3070571A.CAD,2354,c729de1568ed,3070571,HYDR UNIT OIL VLV SHORT LOG CONV,58,58,0,2030,0,7,70,14,0,3,7,7,6,1,7,0,35,10,1,1,0,true,1,1
3070572A.CAD,3170,c3c28b6910cb,3070572,HYDR UNIT OIL VLV SHORT LOG CONV,92,92,0,2662,0,34,96,21,7,1,3,3,2,1,33,0,29,45,14,14,0,true,2,1
3070573A.CAD,2257,c45bfee28b37,3070573,HYDR UNIT DIR VLV SLASHER DECK 1,56,56,0,1934,0,15,68,13,0,2,7,7,6,1,8,0,33,10,1,1,0,true,3,1
3070574A.CAD,7633,60965b469033,3070574,HYDR UNIT DIR VLV SLASHER DECK 1,219,219,0,6778,0,87,243,59,26,2,12,12,9,5,77,0,55,127,36,36,0,true,4,1
3070575A.CAD,4578,37486924d281,3070575,LOADING DECK 1 HYD PRESS,125,125,0,4098,0,28,141,37,4,6,9,9,6,3,26,0,56,52,16,16,0,true,2,1
3070580A.CAD,2038,56133965b511,3070580,HYDR UNIT OIL VLV LOADING DECK 2,51,51,0,1704,0,9,61,11,0,1,6,6,5,1,8,0,30,11,2,2,0,true,2,1
3070581A.CAD,4046,73bc7c12debb,3070581,HYDR UNIT OIL VLV LOADING DECK 2,119,119,0,3490,0,46,129,28,10,1,6,6,4,2,44,0,35,59,18,18,0,true,3,1
3070582A.CAD,2763,bea3b779bb75,3070582,HYDR UNIT OIL VLVS SCRAPER CONVS,68,68,0,2414,0,22,80,20,0,2,6,6,6,2,10,0,36,14,2,2,0,true,3,1
3070583A.CAD,3972,62b9328069e7,3070583,HYDR UNIT OIL VLV SCRAPER CONV 1,116,116,0,3424,0,44,126,28,9,1,6,6,4,2,42,0,35,58,18,18,0,true,3,1
3070584A.CAD,3980,d07e2f36d01d,3070584,HYDR UNIT OIL VLV SCRAPER CONV 2,116,116,0,3432,0,44,126,28,9,1,6,6,4,2,42,0,35,58,18,18,0,true,3,1
3070585A.CAD,2277,ccffa669ee9e,3070585,HYDR UNIT DIR VLV SLASHER DECK 2,57,57,0,1954,0,15,69,13,0,2,7,7,6,1,8,0,34,10,1,1,0,true,3,1
3070586A.CAD,7425,dda99dc3cec4,3070586,HYDR UNIT DIR VLV SLASHER DECK 2,212,212,0,6584,0,84,236,58,23,2,12,12,9,5,74,0,55,125,35,35,0,true,4,1
3070587A.CAD,3348,13426c771592,3070587,HYDRAULIC UNIT 2 OIL LEVEL,88,88,0,2872,0,13,96,24,4,5,5,5,5,0,13,0,45,42,9,9,0,true,1,1
3070588A.CAD,4448,18bea7810cc8,3070588,LOADING DECK 2 HYD PRESS,124,124,0,3980,0,30,140,36,4,5,9,9,5,4,26,0,56,51,17,17,0,true,2,1
3070590A.CAD,3998,bf56710ce51b,3070590,CHAIN CONV LOG BREAKAGE,112,112,0,3540,0,28,126,32,4,4,8,8,4,4,24,0,50,48,16,16,0,true,2,1
30705A2A.CAD,2426,e985106df603,30705A2,DEBARKING OUTFD CHAIN CONV SPEED,63,63,0,2070,0,12,71,15,1,2,5,5,4,1,11,0,34,17,5,5,1,true,2,1
30705A4A.CAD,3101,b9b8c14d7e8b,30705A4,HYDR UNIT OIL VLV DRUM INFD CONV,79,79,0,2732,0,19,101,18,2,1,12,12,9,3,15,0,42,23,4,4,1,true,2,1
30705A5A.CAD,4212,9fb719042410,30705A5,HYDR UNIT OIL VLV DRUM INFD CONV,123,123,0,3664,0,47,135,29,9,1,7,7,5,2,43,0,40,59,18,18,0,true,3,1
30705A7A.CAD,2914,a91872da2175,30705A7,DRUM INFD CONV HYD PRESS,79,79,0,2534,0,17,87,19,2,3,5,5,3,2,14,0,42,25,8,8,0,true,2,1
30705A9A.CAD,3848,9796ff07721f,30705A9,DEBARKER DRUM WATER INLET VALVE,107,107,0,3304,0,37,115,31,8,4,5,5,4,1,36,0,30,59,17,17,0,true,2,1
30705B0A.CAD,4268,f24220677b97,30705B0,DEBARKING DRUM WTR TANK LVL,114,114,0,3810,0,20,128,38,1,7,8,8,7,1,19,0,54,47,16,16,0,true,2,1
30705B6A.CAD,2912,ddc00aa5a228,30705B6,DRUM GATE POST INT,74,74,0,2562,0,9,86,22,0,5,7,7,6,1,9,0,41,19,5,5,0,true,1,1
30705B7A.CAD,6354,90d7f68a1168,30705B7,DRUM GATE POST SLDVLV,178,178,0,5634,0,67,205,50,16,6,14,14,8,7,67,0,43,108,25,25,0,true,1,1
30705B9A.CAD,4520,d68c1828c26d,30705B9,MILL EXPANSION,125,125,0,4062,0,35,149,33,7,5,13,13,10,3,35,0,48,45,12,12,0,true,1,1
30705C2A.CAD,2474,3dab6de6e9a1,30705C2,DRUM GATE HYD UNIT OIL PRESS,65,65,0,2116,0,11,71,16,1,3,4,4,3,1,10,0,36,18,6,6,0,true,2,1
30705C4A.CAD,5600,8406b92ea228,30705C4,DEBARKER #1 DRIVE MOTOR TEMP,156,156,0,4954,0,47,182,42,15,6,14,14,6,8,47,0,50,83,18,18,0,true,1,1
30705C6A.CAD,5236,4915d403b3bd,30705C6,DEBARKER #2 DRIVE MOTOR TEMP,146,146,0,4622,0,43,168,38,15,6,12,12,6,6,43,0,48,75,16,16,0,true,1,1
30705C8A.CAD,2564,f41c5bb5eb9a,30705C8,DEBARKER #1 DRIVE GEAR LUB PRESS,65,65,0,2226,0,7,71,16,0,4,4,4,4,0,7,0,40,12,4,4,0,true,1,1
30705D2A.CAD,2866,6bc448e46855,30705D2,BARK GROUP START,72,72,0,2532,0,12,88,20,0,4,9,9,8,1,11,0,39,15,2,2,0,true,2,1
30705D3A.CAD,3639,760af4f9e0df,30705D3,BARK GROUP START,92,92,0,3286,0,29,114,28,0,6,12,12,11,1,15,0,47,24,4,4,0,true,2,1
30705D5A.CAD,5356,79ec1703d9eb,30705D5,BARK GROUP START,145,145,0,4896,0,40,189,32,4,3,23,23,21,2,39,0,68,46,9,9,0,true,2,1
30705D6A.CAD,12587,e81a94fc3508,30705D6,BARK GROUP START,359,359,0,11654,0,128,425,106,48,6,34,34,9,25,116,0,87,196,60,60,0,true,2,1
30705D8A.CAD,12221,85caf6e8b68f,30705D8,BARK GROUP START,348,348,0,11288,0,124,414,102,47,4,34,34,8,26,115,0,82,196,60,60,3,true,2,1
30705E1A.CAD,2878,f29a965b2fbc,30705E1,SLASHER OUTFD CONV SPEED,75,75,0,2512,0,13,85,21,1,4,6,6,5,1,12,0,39,20,6,6,0,true,2,1
30705E2A.CAD,2862,fedff28f5440,30705E2,BARK XFER CONV SPEED,75,75,0,2496,0,13,85,21,1,4,6,6,5,1,12,0,39,20,6,6,0,true,2,1
30705E3A.CAD,3436,887fe902a594,30705E3,BARK SHD DISK SCREEN SPEED,90,90,0,3050,0,17,104,27,1,5,8,8,7,1,16,0,44,26,8,8,0,true,2,1
30705E4A.CAD,2664,e31431500921,30705E4,BARK SHD DRIVE SPEED,70,70,0,2246,0,15,78,20,2,3,5,5,4,1,14,0,32,32,8,8,0,true,2,1
30705E5A.CAD,3230,74f5da778fc5,30705E5,BARK SHD OUTFD CONV SPEED,84,84,0,2854,0,14,96,25,1,5,7,7,6,1,13,0,43,23,7,7,0,true,2,1
30705E6A.CAD,2742,ef31019e9ff1,30705E6,BARK SHD OUTFD CONV PC,70,70,0,2394,0,7,78,20,0,5,5,5,5,0,7,0,41,15,5,5,0,true,1,1
30705E7A.CAD,2904,ad597d858876,30705E7,BARK BELT CONV SPEED,76,76,0,2538,0,13,86,21,1,4,6,6,5,1,12,0,40,20,6,6,0,true,2,1
30705E8A.CAD,2538,0a386633537f,30705E8,DEWATERING CONV SPEED,65,65,0,2150,0,14,73,18,2,3,5,5,4,1,13,0,30,24,6,6,0,true,2,1
30705E9A.CAD,4278,b85fc2a42ba4,30705E9,BARK SHREDDER MOTOR TEMPERATURES,117,117,0,3664,0,32,127,32,10,5,6,6,5,1,32,0,41,69,16,16,0,true,1,1
30705F0A.CAD,1046,1c9818fdbbed,30705F0,MILL EXPANSION,24,24,0,706,0,2,23,2,0,0,1,1,0,0,1,0,19,7,2,1,0,true,2,1
30705F1A.CAD,3492,6ae831dceef2,30705F1,NO 3 CONVEYOR WEIGHTOMETER,95,95,0,2890,0,35,101,25,9,2,4,4,4,0,26,0,33,58,14,14,0,true,3,1
30705F2A.CAD,2417,d378f17a22a7,30705F2,CHIP XFER GROUP START,59,59,0,2094,0,18,69,17,0,5,6,6,5,1,6,0,34,9,1,1,0,true,2,1
30705F3A.CAD,3577,be2c2593287a,30705F3,CHIP XFER GROUP START,88,88,0,3244,0,31,106,30,0,9,10,10,9,1,11,0,45,16,2,2,0,true,2,1
30705F4A.CAD,3083,4afcc3cf31ba,30705F4,CHIP XFER GROUP START,78,78,0,2734,0,23,96,22,0,4,10,10,9,1,13,0,41,24,4,4,0,true,2,1
30705F5A.CAD,3335,045cddc05f53,30705F5,CHIP XFER GROUP START,84,84,0,2988,0,23,106,23,0,4,12,12,11,1,14,0,45,22,3,3,0,true,2,1
30705F6A.CAD,3337,04e7b5f42fb0,30705F6,CHIP XFER GROUP START,84,84,0,2994,0,28,102,26,0,6,10,10,9,1,13,0,43,19,3,3,0,true,3,1
30705F7A.CAD,5262,f3c5d3d52b47,30705F7,CHIP XFER GROUP START,137,137,0,4750,0,46,181,41,5,4,23,23,18,5,43,0,46,58,14,14,0,true,2,1
30705F8A.CAD,10320,b6cf685c8b6e,30705F8,CHIP XFER GROUP START,311,311,0,9462,0,141,373,85,39,7,32,32,11,21,141,0,44,173,53,53,0,true,1,1
30705F9A.CAD,9945,71aefed893d6,30705F9,CHIP XFER GROUP START,284,284,0,9114,0,98,340,79,38,5,29,29,7,22,96,0,69,164,50,50,0,true,2,1
30705G1A.CAD,2686,856297f9a2d5,30705G1,NO 3 CHIP XFER CONV PC 1,68,68,0,2338,0,6,76,20,0,5,5,5,5,0,6,0,40,15,5,5,0,true,1,1
30705G2A.CAD,2308,ef702b503582,30705G2,NO 3 CHIP XFER CONV SPEED,59,59,0,1950,0,11,67,17,1,3,5,5,4,1,10,0,29,17,5,5,0,true,2,1
30705G3A.CAD,3042,ee34f9d8cebe,30705G3,CHIP PILE NO1 BELT CONV SPEED,79,79,0,2666,0,14,91,22,1,4,7,7,6,1,14,0,40,23,7,7,0,true,1,1
30705G4A.CAD,3810,5a5597708347,30705G4,CHIP PILE DISTRB BELT CONV SPEED,101,101,0,3404,0,18,115,31,3,6,8,8,7,1,17,0,48,30,10,10,0,true,2,1
30705G5A.CAD,3824,34d8e2435363,30705G5,CHIP PILE NO2 BELT CONV SPEED,100,100,0,3438,0,20,118,29,3,5,10,10,7,3,19,0,47,27,8,8,1,true,2,1
30705G6A.CAD,1546,589a06d2ce8e,30705G6,CHIP PILE DISTRB BELT MISALIGN,38,38,0,1228,0,2,40,8,0,2,2,2,2,0,2,0,26,6,2,2,0,true,1,1
30705G7A.CAD,2006,fd11fa18e2d1,30705G7,CHIP PILE DISTRB BELT CONV PC,50,50,0,1678,0,4,54,12,0,3,3,3,3,0,4,0,32,9,3,3,0,true,1,1
30705G8A.CAD,2240,eefa8b8b8092,30705G8,CHIP PILE NO2 BELT CONV MISALIGN,56,56,0,1902,0,4,62,16,0,4,4,4,4,0,4,0,34,12,4,4,0,true,1,1
30705G9A.CAD,1978,9c142342541b,30705G9,NO 2 PILE STACKER REV POST,50,50,0,1660,0,6,56,10,2,2,4,4,2,2,6,0,30,8,2,2,0,true,1,1
30705H0A.CAD,2926,1552ba3dff34,30705H0,Wtr Press to Washing Station,76,76,0,2456,0,18,86,20,4,5,6,6,3,3,18,0,32,41,8,8,0,true,1,1
30705H1A.CAD,2086,6ed9da10f1e0,30705H1,CHIPPER INFEED CONV SPEED,54,54,0,1740,0,10,60,13,1,2,4,4,3,1,9,0,29,14,4,4,0,true,2,1
30705H2A.CAD,5606,bda525143fb1,30705H2,CHIPPER INFEED GROUP START,152,152,0,5122,0,44,196,34,5,7,23,23,20,3,41,0,70,52,11,11,0,true,2,1
30705H5A.CAD,9257,adf715a769e4,30705H5,CHIPPER INFEED GROUP START,263,263,0,8480,0,88,317,73,34,5,28,28,7,21,86,0,68,153,45,45,0,true,2,1
30705H6A.CAD,5230,2452e77b4031,30705H6,MILL EXPANSION,146,146,0,4728,0,45,174,42,6,9,15,15,12,3,42,0,54,57,18,18,0,true,2,1
30705H7A.CAD,2254,115c6a99d26d,30705H7,NO 2 LOG ROLLER CONV POST,57,57,0,1916,0,8,65,16,0,3,5,5,4,1,7,0,32,14,4,4,0,true,2,1
30705H8A.CAD,1546,66ed5378bffe,30705H8,MILL EXPANSION,38,38,0,1228,0,2,40,8,0,2,2,2,2,0,2,0,26,6,2,2,0,true,1,1
30705H9A.CAD,3090,8899710d4fc7,30705H9,CHIPPER INFD CONV SPEED,81,81,0,2582,0,21,93,26,2,4,7,7,6,1,20,0,31,56,14,14,0,true,2,1
30705I2A.CAD,2014,35271ee45d52,30705I2,CHIPPER INFD CONV METAL DETECT.,51,51,0,1686,0,3,55,12,0,3,3,3,3,0,3,0,34,9,3,3,0,true,1,1
30705I3A.CAD,5835,218305657fb6,30705I3,CHIPPER HYD UNIT BRAKE,169,169,0,5068,0,66,177,50,15,3,5,5,3,2,58,0,44,103,37,37,0,true,3,1
30705I4A.CAD,1198,9aae1d3c7c4f,30705I4,CHIPPER HYD UNIT HATCH POST,29,29,0,890,0,1,29,4,0,1,1,1,1,0,1,0,22,3,1,1,0,true,1,1
30705I5A.CAD,1188,66bfdcc28248,30705I5,CHIPPER LUB PRESS,29,29,0,880,0,1,29,4,0,1,1,1,1,0,1,0,22,3,1,1,0,true,1,1
30705I6A.CAD,1190,16a2d660682c,30705I6,CHIPPER BRAKE PRESS,29,29,0,882,0,1,29,4,0,1,1,1,1,0,1,0,22,3,1,1,0,true,1,1
30705I7A.CAD,1164,a4a89ad60c55,30705I7,SCREW CONV PLUG CHUTE,28,28,0,856,0,1,28,4,0,1,1,1,1,0,1,0,21,3,1,1,0,true,1,1
30705I8A.CAD,1198,2da06911c890,30705I8,SCREENING EQUALIZING BIN LVL,29,29,0,890,0,1,29,4,0,1,1,1,1,0,1,0,22,3,1,1,0,true,1,1
30705I9A.CAD,2388,59d4d2a5a44b,30705I9,SCREW CONV SPEED,62,62,0,2030,0,11,70,17,1,3,5,5,4,1,10,0,32,17,5,5,1,true,2,1
30705J0A.CAD,2406,70ca96c9a723,30705J0,MILL EXPANSION,64,64,0,1992,0,14,70,14,4,2,4,4,2,2,12,0,32,28,6,6,0,true,2,1
30705J1A.CAD,1974,4bcd0c3de388,30705J1,MILL EXPANSION,50,50,0,1632,0,5,56,12,0,4,4,4,3,1,5,0,31,17,4,4,0,true,1,1
30705J2A.CAD,1196,4b31e8297597,30705J2,CHIP SCREEN LUBE OIL UNIT,29,29,0,888,0,1,29,4,0,1,1,1,1,0,1,0,22,3,1,1,0,true,1,1
30705J3A.CAD,2080,28ce6b963a1e,30705J3,OVERSIZE CHIP CONV SPEED,54,54,0,1734,0,10,60,13,1,2,4,4,3,1,9,0,29,14,4,4,0,true,2,1
30705J4A.CAD,1192,f9874248cdaa,30705J4,OVERSIZE CHIP CONV PC,29,29,0,884,0,1,29,4,0,1,1,1,1,0,1,0,22,3,1,1,0,true,1,1
30705J5A.CAD,1192,a67cc938b787,30705J5,NO 1 CHIP XFER CONV PC,29,29,0,884,0,1,29,4,0,1,1,1,1,0,1,0,22,3,1,1,0,true,1,1
30705J6A.CAD,2082,622dd153eea5,30705J6,NO 1 CHIP XFER CONV SPEED,54,54,0,1736,0,10,60,13,1,2,4,4,3,1,9,0,29,14,4,4,0,true,2,1
30705J7A.CAD,2082,69093386f50e,30705J7,NO 2 CHIP XFER CONV SPEED,54,54,0,1736,0,10,60,13,1,2,4,4,3,1,9,0,29,14,4,4,0,true,2,1
30705J8A.CAD,1544,ba7601955b54,30705J8,NO 1 CHIP XFER CONV MISALIGN,38,38,0,1226,0,2,40,8,0,2,2,2,2,0,2,0,26,6,2,2,0,true,1,1
30705J9A.CAD,2670,5040419bede7,30705J9,REJECT CONV SPEED,71,71,0,2304,0,12,79,19,1,3,5,5,4,1,11,0,38,18,6,6,1,true,2,1
30705K1A.CAD,1550,a092f11f72c1,30705K1,NO 2 CHIP XFER CONV MISALIGN,38,38,0,1232,0,2,40,8,0,2,2,2,2,0,2,0,26,6,2,2,0,true,1,1
30705K2A.CAD,1888,a4867526eb6c,30705K2,REJECT XFER CONV PC 3,47,47,0,1560,0,3,51,12,0,3,3,3,3,0,3,0,30,9,3,3,0,true,1,1
30705K3A.CAD,4800,b2454a41f8d9,30705K3,CHIPPER MOTOR TEMPERATURES,132,132,0,4128,0,37,144,38,12,6,7,7,6,1,37,0,43,82,19,19,0,true,1,1
30705K4A.CAD,2304,8d9a85fc8a10,30705K4,CHIPPER BRG TEMPERATURES,60,60,0,1890,0,12,66,14,4,2,4,4,2,2,12,0,28,28,6,6,0,true,1,1
30705K5A.CAD,1960,e390c9de07cc,30705K5,CHIPPER AIR TEMPERATURE,50,50,0,1578,0,9,56,10,2,1,4,4,3,1,9,0,27,19,4,4,0,true,1,1
30705K6A.CAD,1548,59a30e7ff847,30705K6,SHORT LOG CONV TAIL BLOCKAGE,38,38,0,1230,0,2,40,8,0,2,2,2,2,0,2,0,26,6,2,2,0,true,1,1
30705K7A.CAD,2784,513b834d73d8,30705K7,MILL EXPANSION,77,77,0,2264,0,27,83,17,7,1,4,4,4,0,24,0,27,48,10,10,0,true,2,1
30705K8A.CAD,1734,673636935981,30705K8,MILL EXPANSION,42,42,0,1286,0,10,43,8,2,0,3,3,0,0,7,0,23,25,8,5,0,true,2,1
30705K9A.CAD,1660,756335a3b561,30705K9,Washing Station,40,40,0,1236,0,10,44,7,2,2,3,3,2,1,10,0,19,26,2,2,0,true,1,1
30705L2A.CAD,2942,010f13cd3eaf,30705L2,MILL EXPANSION,80,80,0,2422,0,27,88,19,4,4,5,5,4,1,25,0,30,50,10,10,0,true,2,1
30705L3A.CAD,3080,d251d87c5b84,30705L3,MILL EXPANSION,82,82,0,2522,0,25,92,19,4,5,6,6,4,2,25,0,32,57,10,10,0,true,1,1
30705L4A.CAD,6094,8ca955040f9e,30705L4,NO 1 SLASHER DECK SAW,173,173,0,5490,0,57,197,50,13,7,13,13,9,4,57,0,51,76,23,23,1,true,1,1
30705L5A.CAD,5846,e787b44ca902,30705L5,NO 2 SLASHER DECK,165,165,0,5274,0,52,189,47,12,7,13,13,9,4,52,0,52,69,20,20,1,true,1,1
30705L6A.CAD,3966,142002574190,30705L6,HYD UNIT LOADING DECK 1,110,110,0,3448,0,34,124,29,6,3,8,8,6,2,34,0,39,54,15,15,0,true,1,1
30705L7A.CAD,4616,39756ca807aa,30705L7,HYD UNIT SLASHER DECK 1,127,127,0,4088,0,38,145,36,7,5,10,10,7,3,38,0,44,59,16,16,0,true,1,1
30705L8A.CAD,3390,1bfe0962b524,30705L8,HYD UNIT SHORT LOG CONV,91,91,0,2920,0,24,99,25,4,5,5,5,4,1,24,0,36,39,10,10,0,true,1,1
30705L9A.CAD,3966,2ed30673d153,30705L9,HYD UNIT LOADING DECK 2,110,110,0,3448,0,34,124,29,6,3,8,8,6,2,34,0,39,54,15,15,0,true,1,1
30705M0A.CAD,4616,48a3aa33f750,30705M0,HYD UNIT SLASHER DECK 2,127,127,0,4088,0,38,145,36,7,5,10,10,7,3,38,0,44,59,16,16,0,true,1,1
30705M1A.CAD,3284,77bd72b6acf0,30705M1,HYD UNIT SCRAPER CONVEYORS,92,92,0,2756,0,28,96,27,6,3,3,3,2,1,27,0,30,52,16,16,0,true,2,1
30705M2A.CAD,5320,38b2ce1c5344,30705M2,HYD UNIT DRUM INFD CHAIN CONV,147,147,0,4708,0,46,169,44,7,7,12,12,9,3,46,0,48,77,22,22,0,true,1,1
30705M3A.CAD,3538,a61fec265100,30705M3,DEBARKING DRUM DRIVE INT,90,90,0,3164,0,30,108,28,1,6,10,10,7,3,14,0,45,26,6,6,0,true,3,1
30705M4A.CAD,4843,049d93851d07,30705M4,DEBARKING DRUM DRIVE INT,129,129,0,4380,0,42,157,40,1,5,15,15,13,2,29,0,57,56,15,15,0,true,3,1
30705M5A.CAD,3566,3a0b3c0dff42,30705M5,DEBARKER DRUM,98,98,0,3198,0,23,112,24,4,5,8,8,5,3,16,0,52,28,7,7,0,true,2,1
30705M6A.CAD,8562,18baed22abfe,30705M6,DEBARKER DRUM DRIVE,245,245,0,7804,0,83,288,69,18,9,22,22,13,10,83,0,73,128,34,34,0,true,1,1
30705M7A.CAD,2612,eb01b1013420,30705M7,DEBARKING DRUM,77,77,0,2118,0,27,80,18,6,0,2,2,1,1,23,0,29,43,13,13,0,true,3,1
30705M8A.CAD,4572,bf5e6052a798,30705M8,DEBARKING DRUM WTR PUMP 1,127,127,0,4030,0,39,145,35,7,4,10,10,7,3,39,0,44,63,17,17,0,true,1,1
30705M9A.CAD,3966,1a079f5e1944,30705M9,DEBARKING DRUM WTR PUMP 2,110,110,0,3448,0,34,124,29,6,3,8,8,6,2,34,0,39,54,15,15,0,true,1,1
30705N0A.CAD,3380,626589743421,30705N0,DRUM GATE HYD UNIT,91,91,0,2906,0,24,99,25,4,5,5,5,4,1,24,0,36,40,10,10,0,true,1,1
30705N1A.CAD,3996,ddb416c9eafb,30705N1,DEBARKING DRUM LUB PUMP 1,112,112,0,3468,0,38,124,31,6,3,7,7,5,2,36,0,37,56,16,16,0,true,2,1
30705N2A.CAD,3996,b65ee3a29c86,30705N2,DEBARKING DRUM LUB PUMP 2,112,112,0,3468,0,38,124,31,6,3,7,7,5,2,36,0,37,56,16,16,0,true,2,1
30705N3A.CAD,2886,7a348fa37af2,30705N3,CHAIN CONV 131 INT,77,77,0,2532,0,19,91,20,3,3,8,8,6,2,18,0,34,22,5,5,0,true,2,1
30705N4A.CAD,3748,9bd8664b2268,30705N4,MILL EXPANSION,100,100,0,3234,0,26,112,29,4,5,7,7,5,2,26,0,39,47,12,12,0,true,1,1
30705N5A.CAD,3418,facab19aeb6c,30705N5,MILL EXPANSION,92,92,0,2884,0,34,108,26,6,6,9,9,6,3,33,0,25,60,13,13,0,true,2,1
30705N6A.CAD,8030,7ae8d8c8ea98,30705N6,MILL EXPANSION,243,243,0,7240,0,103,275,61,25,7,16,16,11,7,99,0,56,119,38,38,1,true,2,1
30705N7A.CAD,2301,299b22d4a78b,30705N7,SLASHER OUTFD CONV INT,56,56,0,1978,0,16,66,15,0,4,6,6,5,1,6,0,33,9,1,1,0,true,2,1
30705N8A.CAD,4250,201d3f9fc1ea,30705N8,SLASHER OUTFD CONV,119,119,0,3722,0,39,135,32,7,3,9,9,6,3,38,0,40,58,16,16,0,true,2,1
30705N9A.CAD,4000,f9540bc9091e,30705N9,SLASHER OUTFD BREAKAGE ROLLER,112,112,0,3472,0,38,124,31,6,3,7,7,5,2,36,0,37,56,16,16,0,true,2,1
30705O1A.CAD,2565,8c5b86f19afb,30705O1,BARK XFER CONV INT,63,63,0,2242,0,19,75,18,0,5,7,7,6,1,7,0,36,10,1,1,0,true,2,1
30705O2A.CAD,4240,04646a3c245f,30705O2,BARK XFER CONV,119,119,0,3712,0,39,135,32,7,3,9,9,6,3,38,0,40,58,16,16,0,true,2,1
30705O3A.CAD,3994,a296330ace01,30705O3,BARK XFER MAGNETIC SEPARATOR,112,112,0,3466,0,38,124,31,6,3,7,7,5,2,36,0,37,56,16,16,0,true,2,1
30705O4A.CAD,2165,c282223d42cc,30705O4,BARK SHREDDER DISK SCREEN INT,55,55,0,1818,0,16,61,16,0,3,4,4,3,1,8,0,29,17,5,5,0,true,3,1
30705O5A.CAD,8108,3b5b97f6edf0,30705O5,BARK SHREDDER DISK SCREEN,244,244,0,7252,0,102,270,65,24,6,14,14,9,5,101,0,52,130,37,37,0,true,2,1
30705O6A.CAD,5384,019a0d2154b8,30705O6,BARK SHREDDER MAIN DRIVE,154,154,0,4822,0,50,172,42,11,7,10,10,6,4,49,0,50,65,18,18,0,true,2,1
30705O7A.CAD,2708,a697f1b860d6,30705O7,PALMAN CAMPER,83,83,0,2214,0,32,86,18,6,1,2,2,1,1,29,0,29,44,13,13,0,true,2,1
30705O8A.CAD,4742,6778d05723da,30705O8,MILL EXPANSION,139,139,0,4140,0,55,149,33,16,5,6,6,4,2,54,0,34,61,18,18,1,true,2,1
30705P0A.CAD,4913,e62d0fb05344,30705P0,BARK SHREDDER NO 3 DRIVE INT,136,136,0,4372,0,48,157,39,11,3,11,11,7,5,39,0,45,66,20,20,0,true,3,1
30705P1A.CAD,8204,ab1368d56ae7,30705P1,MILL EXPANSION,242,242,0,7384,0,98,272,64,23,7,16,16,10,6,93,0,60,118,33,33,0,true,3,1
30705P3A.CAD,4638,c14f43f7f7d3,30705P3,BARK SHREDDER NO 4 DRIVE,133,133,0,4082,0,47,143,38,9,6,6,6,4,2,45,0,39,58,18,18,0,true,2,1
30705P4A.CAD,2363,cd208ff23a5c,30705P4,BARK SHREDDER OUTFD CONV INT,58,58,0,2040,0,18,68,16,0,4,6,6,5,1,7,0,33,9,1,1,0,true,3,1
30705P5A.CAD,3198,31745008f716,30705P5,BARK SHREDDER OUTFD CONV,88,88,0,2728,0,27,96,22,5,3,5,5,3,2,26,0,33,39,10,10,0,true,2,1
30705P6A.CAD,4472,7a1aaa3842b4,30705P6,BARK BELT CONVEYOR,124,124,0,3944,0,38,142,34,7,4,10,10,7,3,38,0,43,59,16,16,0,true,1,1
30705P7A.CAD,4462,be43ce184bd1,30705P7,DEWATERING CONV,124,124,0,3934,0,38,142,34,7,4,10,10,7,3,38,0,43,59,16,16,0,true,1,1
30705P8A.CAD,4382,c87616506278,30705P8,SPRAY WATER PUMP,122,122,0,3854,0,39,138,34,7,4,9,9,6,3,38,0,41,58,16,16,1,true,2,1
30705P9A.CAD,2803,6ee7625af078,30705P9,NO 3 CHIP XFER CONV INT,72,72,0,2436,0,24,82,23,0,5,6,6,5,1,12,0,35,24,7,7,0,true,2,1
30705Q1A.CAD,2723,b05a18a6270e,30705Q1,NO 3 CHIP XFER CONV INT,67,67,0,2400,0,20,81,19,0,5,8,8,7,1,8,0,38,11,1,1,0,true,2,1
30705Q2A.CAD,4246,8fcde2cd14a8,30705Q2,NO 3 CHIP XFER CONV,119,119,0,3718,0,39,135,32,7,3,9,9,6,3,38,0,40,58,16,16,0,true,2,1
30705Q3A.CAD,3060,263c5e8aa8ef,30705Q3,CHIP XFER FLOW DIV GATE,83,83,0,2668,0,18,93,22,4,4,6,6,5,1,18,0,37,27,8,8,0,true,1,1
30705Q4A.CAD,4848,59d452f235e0,30705Q4,CLOSE TORQUE,140,140,0,4288,0,49,152,40,9,5,7,7,4,3,46,0,43,60,18,18,0,true,2,1
30705Q5A.CAD,2609,547656f0f09a,30705Q5,CHIP PILE NO1 BELT CONV INT,64,64,0,2286,0,19,76,18,0,5,7,7,6,1,7,0,37,10,1,1,0,true,2,1
30705Q6A.CAD,8440,e302ed4130c9,30705Q6,CHIP PILE NO1 BELT CONV,256,256,0,7550,0,116,282,71,27,5,14,14,9,5,113,0,43,138,41,41,0,true,2,1
30705Q7A.CAD,3190,d12745376e0d,30705Q7,NO 1 PILE STACKER INT,82,82,0,2862,0,9,98,24,0,6,9,9,6,3,9,0,47,17,3,3,0,true,1,1
30705Q8A.CAD,7326,56ca456eb7c2,30705Q8,NO 1 PILE STACKER,226,226,0,6486,0,101,242,58,25,4,9,9,5,4,99,0,42,119,36,36,0,true,2,1
30705Q9A.CAD,3163,6ef0d4f0f76f,30705Q9,CHIP PILE DISTRB. CONV INT,80,80,0,2800,0,26,94,25,0,6,8,8,7,1,12,0,41,21,5,5,0,true,2,1
30705R0A.CAD,4196,ba3bbb3472fe,30705R0,CHIP PILE DISTRB. CONV,117,117,0,3668,0,37,133,31,7,3,9,9,6,3,37,0,40,58,16,16,0,true,1,1
30705R1A.CAD,2601,ea2b7dde17c9,30705R1,CHIP PILE NO2 BELT CONV INT,64,64,0,2278,0,19,76,18,0,5,7,7,6,1,7,0,37,10,1,1,0,true,2,1
30705R2A.CAD,9016,dcfd4154c627,30705R2,CHIP PILE NO2 BELT CONV,275,275,0,8112,0,122,301,72,30,5,14,14,9,5,119,0,52,140,42,42,0,true,2,1
30705R3A.CAD,7532,12a8a99b7b9a,30705R3,NO 2 PILE STACKER,234,234,0,6678,0,106,250,59,27,4,9,9,5,4,104,0,42,121,37,37,0,true,2,1
30705R4A.CAD,3002,f51777e020ca,30705R4,NO 2 PILE STACKER INT,74,74,0,2674,0,9,90,24,0,6,9,9,6,3,9,0,39,17,3,3,0,true,1,1
30705R5A.CAD,1226,643ee6486a1c,30705R5,NO 1 PILE STACKER FWD POST,29,29,0,928,0,1,31,4,0,1,2,2,1,1,1,0,22,2,0,0,0,false,2,1
30705R6A.CAD,8760,a9a798c4a769,30705R6,NO 1 ROLLER CONV,266,266,0,7868,0,115,294,70,29,6,15,15,10,5,114,0,51,135,40,40,1,true,2,1
30705R7A.CAD,8470,b0ed5c332d96,30705R7,NO 2 ROLLER  CONV,255,255,0,7578,0,113,283,71,28,6,15,15,10,5,112,0,42,138,40,40,1,true,2,1
30705R8A.CAD,8546,06ce170069f3,30705R8,NO 3 ROLLER CONV,261,261,0,7664,0,112,287,67,28,5,14,14,9,5,111,0,53,133,39,39,1,true,2,1
30705R9A.CAD,7108,ac94350d1a43,30705R9,ROLLER CONV TURN MACH.,215,215,0,6288,0,90,227,58,22,7,7,7,5,2,89,0,44,110,33,33,0,true,2,1
30705S0A.CAD,3705,8d9b6d79d168,30705S0,CHIPPER INFD CONV INT,97,97,0,3342,0,33,115,27,2,6,10,10,8,2,15,0,51,24,5,5,0,true,3,1
30705S1A.CAD,8038,9843a248a89d,30705S1,CHIPPER INFD CONV,247,247,0,7148,0,109,267,64,26,5,11,11,7,4,107,0,48,133,39,39,0,true,2,1
30705S2A.CAD,2942,788b429a6e35,30705S2,CHIPPER INFD ROLLER CONV,81,81,0,2472,0,26,85,21,4,3,3,3,2,1,24,0,30,37,10,10,0,true,2,1
30705S3A.CAD,3056,b9066e5d4e56,30705S3,CHIPPER INT,79,79,0,2680,0,19,95,24,1,4,9,9,8,1,17,0,35,26,6,6,0,true,3,1
30705S4A.CAD,6092,898dcac99d9e,30705S4,MILL EXPANSION,174,174,0,5532,0,59,200,44,14,7,14,14,6,8,54,0,60,66,18,18,0,true,2,1
30705S5A.CAD,2730,16e2084c77ba,30705S5,WOOD YARD,84,84,0,2236,0,33,87,18,6,0,2,2,1,1,29,0,30,43,13,13,0,true,3,1
30705S7A.CAD,2936,8366b0a3e81b,30705S7,CHIPPER LUBE UNIT,81,81,0,2466,0,26,85,21,4,3,3,3,2,1,24,0,30,37,10,10,0,true,2,1
30705S8A.CAD,2932,41ca57fbbcd0,30705S8,CHIPPER BLOWER,81,81,0,2462,0,26,85,21,4,3,3,3,2,1,24,0,30,37,10,10,0,true,2,1
30705S9A.CAD,1750,db7eaef64cf1,30705S9,SCREW CONV INT,43,43,0,1418,0,5,49,10,0,2,4,4,3,1,5,0,26,9,2,2,0,true,1,1
30705T0A.CAD,4870,01f18b4bc673,30705T0,SCREEN SCREW CONV,137,137,0,4258,0,49,157,39,9,4,11,11,7,4,48,0,39,82,21,21,0,true,2,1
30705T1A.CAD,3056,83639aa7edeb,30705T1,CHIP SCREEN INT,80,80,0,2642,0,16,92,25,0,4,7,7,6,1,16,0,37,33,10,10,0,true,1,1
30705T2A.CAD,4076,ce83dfb417c3,30705T2,CHIP SCREEN,114,114,0,3548,0,37,128,31,6,3,8,8,6,2,36,0,39,57,16,16,0,true,2,1
30705T3A.CAD,3992,42443e186bb8,30705T3,CHIP SCREEN LUBE UNIT,112,112,0,3464,0,38,124,31,6,3,7,7,5,2,36,0,37,56,16,16,0,true,2,1
30705T4A.CAD,1308,df147b3e3af3,30705T4,OVERSIZE CHIP CONV INT,32,32,0,1000,0,3,36,4,0,1,3,3,2,1,3,0,23,6,1,1,0,true,1,1
30705T5A.CAD,4172,2ba19e795740,30705T5,OVERSIZE CHIP CONV,115,115,0,3626,0,40,133,34,7,3,10,10,7,3,40,0,32,63,18,18,0,true,1,1
30705T6A.CAD,2314,e906a2bdeb12,30705T6,NO 1 CHIP XFER CONV INT,57,57,0,1990,0,6,67,15,0,4,6,6,5,1,6,0,34,9,1,1,0,true,1,1
30705T7A.CAD,4486,b222234c5126,30705T7,TO NEW PLC WOODYARD,126,126,0,3948,0,42,144,34,8,4,10,10,6,4,41,0,41,61,17,17,0,true,2,1
30705T8A.CAD,2594,fff3eda3be18,30705T8,NO 2 CHIP XFER CONV INT,64,64,0,2270,0,7,76,18,0,5,7,7,6,1,7,0,37,10,1,1,0,true,1,1
30705T9A.CAD,4246,5c1b47eff6a6,30705T9,NO 2 CHIP XFER CONV,119,119,0,3718,0,39,135,32,7,3,9,9,6,3,38,0,40,58,16,16,0,true,2,1
30705U0A.CAD,2264,f6fce26e6360,30705U0,REJECT XFER CONV INT,56,56,0,1940,0,9,64,16,0,4,5,5,4,1,7,0,31,8,1,1,0,true,2,1
30705U1A.CAD,4418,eda806899b3c,30705U1,REJECT XFER CONV,124,124,0,3880,0,42,142,34,8,4,10,10,6,4,41,0,39,61,17,17,0,true,2,1
30705U2A.CAD,1982,667b315b0e6f,30705U2,MILL EXPANSION,51,51,0,1578,0,10,55,12,1,2,3,3,2,1,10,0,26,22,5,5,0,true,1,1
30705U3A.CAD,2450,a789b3cb4429,30705U3A,MILL EXPANSION,63,63,0,1986,0,17,71,16,3,5,5,5,4,1,17,0,25,34,7,7,0,true,1,1
30705Z1A.CAD,3490,d7d2b39e338d,30705Z1,MILL EXPANSION,103,103,0,2936,0,43,111,29,9,2,5,5,5,0,40,0,23,56,22,21,0,true,3,1
30705Z2A.CAD,1886,6ab56bbc8e75,30705Z2,MILL EXPANSION,48,48,0,1434,0,13,53,9,3,0,4,4,2,1,12,0,22,31,6,5,0,true,2,1
3090500A.CAD,4129,cc0d2b79690c,3090500,PLANT LOOP,126,126,0,3588,0,54,136,18,1,0,6,6,0,6,19,0,86,61,8,7,1,true,4,1
3090501A.CAD,4062,256e114dc4af,3090501,NOT USED,100,100,0,3572,0,32,145,29,0,13,23,23,23,0,32,0,38,57,2,2,0,true,1,1
3090502A.CAD,3506,db4365524d4e,3090502,NOT USED,85,85,0,3016,0,28,120,24,0,14,18,13,18,0,28,0,32,53,2,2,1,true,1,1
3090505A.CAD,3662,35eea3dfa852,3090505,NOT USED,89,89,0,3154,0,26,118,21,2,15,15,15,0,15,22,0,43,44,3,3,1,true,2,1
3090506A.CAD,3341,64a214d99cb8,3090506,NOT USED,77,77,0,2834,0,30,106,21,2,15,15,15,0,15,22,0,31,43,3,3,0,true,2,1
3090507A.CAD,3577,cacb5b8bd49f,3090507,NOT USED,86,86,0,3070,0,37,115,21,2,15,15,15,0,15,22,0,40,42,3,3,0,true,2,1
3090508A.CAD,3549,2e20e407ddf0,3090508,NOT USED,85,85,0,3042,0,36,114,21,2,15,15,15,0,15,22,0,39,42,3,3,0,true,2,1
3090509A.CAD,3227,25f395337889,3090509,NOT USED,75,75,0,2720,0,30,104,20,2,15,15,15,0,15,22,0,30,43,3,3,0,true,2,1
3090510A.CAD,3185,49dddb05bbc1,3090510,NOT USED,72,72,0,2678,0,23,99,20,1,14,14,14,0,14,20,0,30,42,3,3,0,true,2,1
3090511A.CAD,3354,4439e5db5535,3090511,NOT USED,78,78,0,2846,0,27,107,21,2,15,15,15,0,15,22,0,32,42,3,3,0,true,2,1
3090512A.CAD,3242,441d931bd82b,3090512,NOT USED,73,73,0,2706,0,24,102,21,2,15,15,15,0,15,22,0,27,42,3,3,0,true,2,1
3090513A.CAD,2816,905c0bbf3dca,3090513,DIGITAL OUTPUT SLAVE,68,68,0,2462,0,17,101,19,0,16,17,17,16,1,17,0,31,24,2,2,1,true,1,1
3090514A.CAD,3447,cb1c3756da58,3090514,DIGITAL OUTPUT SLAVE,86,86,0,2974,0,18,119,19,0,15,17,17,15,2,17,0,49,25,2,2,0,true,2,1
3090515A.CAD,3467,94fcf1f7f793,3090515,DIGITAL OUTPUT SLAVE,90,90,0,3114,0,19,125,20,0,16,18,18,16,2,18,0,51,26,2,2,0,true,2,1
3090516A.CAD,3406,ff80ff4f871c,3090516,DIGITAL OUTPUT SLAVE,88,88,0,3052,0,18,123,20,0,16,18,18,16,2,18,0,49,26,2,2,0,true,1,1
3090517A.CAD,2787,8a75fe68db5e,3090517,DIGITAL INPUT SLAVE,69,69,0,2438,0,17,98,17,0,15,15,15,0,15,15,0,36,21,2,2,0,true,3,1
3090518A.CAD,2636,3e2737830bd8,3090518,DIGITAL INPUT SLAVE,66,66,0,2314,0,15,93,16,0,14,14,14,0,14,14,0,35,20,2,2,0,true,2,1
3090519A.CAD,2832,8eccb0db5028,3090519,DIGITAL INPUT SLAVE,73,73,0,2510,0,20,100,16,0,14,14,14,0,14,14,0,42,20,2,2,0,true,2,1
3090520A.CAD,2905,60c8583aacdb,3090520,DIGITAL INPUT SLAVE,73,73,0,2584,0,19,104,18,0,16,16,16,0,16,16,0,38,22,2,2,0,true,3,1
3090521A.CAD,2847,c302d3aca9f7,3090521,DIGITAL INPUT SLAVE,71,71,0,2526,0,19,102,18,0,16,16,16,0,16,16,0,36,22,2,2,0,true,3,1
3090522A.CAD,2737,60731dbb6cfc,3090522,DIGITAL INPUT SLAVE,67,67,0,2414,0,17,98,18,0,16,16,16,0,16,16,0,32,20,2,2,2,true,2,1
3090523A.CAD,2646,d893408fd373,3090523,DIGITAL INPUT SLAVE,66,66,0,2324,0,15,93,16,0,14,14,14,0,14,14,0,35,20,2,2,0,true,2,1
3090524A.CAD,2752,d6d93211a768,3090524,DIGITAL INPUT SLAVE,67,67,0,2430,0,16,98,18,0,16,16,16,0,16,16,0,32,22,2,2,0,true,1,1
3090525A.CAD,2326,ad95dc029ab2,3090525,DIGITAL INPUT SLAVE,57,57,0,2004,0,12,80,14,0,12,12,12,0,12,12,0,30,18,2,2,0,true,1,1
3090526A.CAD,2493,291676cc6ab1,3090526,DIGITAL INPUT SLAVE,60,60,0,2172,0,15,87,16,0,14,14,14,0,14,14,0,29,19,2,2,1,true,2,1
3090527A.CAD,2359,de0219fd42ef,3090527,DIGITAL INPUT SLAVE,59,59,0,2038,0,16,80,13,0,11,11,11,0,11,11,0,34,17,2,2,0,true,2,1
3090528A.CAD,2914,09b7c9f5bbd3,3090528,NOT USED,67,67,0,2406,0,19,90,18,2,12,12,12,0,12,19,0,27,36,3,3,0,true,1,1
3090529A.CAD,1780,1edde326c7a7,3090529,NO. 2 CHLORINE DIOXIDE PLANT,40,40,0,1458,0,10,59,12,0,10,10,10,0,10,10,0,17,16,2,2,0,true,1,1
3090530A.CAD,1364,4902fe5153cd,3090530,NO. 2 CHLORINE DIOXIDE PLANT,30,30,0,1010,0,5,39,7,0,5,5,5,5,0,5,0,17,13,2,2,0,true,1,1
3090531A.CAD,1868,86b5a82397e0,3090531A,,35,35,0,1546,0,16,67,19,0,2,16,16,0,16,16,0,0,8,2,2,14,true,1,1
3090535A.CAD,1162,eb9047e9bc8e,3090535A,ANALOG OUTPUT,18,18,0,672,0,5,26,7,0,4,4,4,4,0,5,0,6,45,2,2,0,true,1,1
3090536A.CAD,1238,0f500d324b29,3090536A,ANALOG INPUT,20,20,0,730,0,6,28,8,0,4,4,4,0,4,6,0,6,21,3,3,0,true,1,1
3090550A.CAD,4840,ea9b04648f13,3090550,MILL EXPANSION,130,130,0,4184,0,51,158,37,9,2,14,14,6,10,48,0,34,69,15,15,9,true,2,1
3090555A.CAD,1368,e4f483bd1f32,3090555,WARM WATER PUMP CURRENT,34,34,0,1028,0,3,34,5,1,1,1,1,1,0,3,0,23,10,2,2,0,true,1,1
3090560A.CAD,4704,292921bc59bf,3090560,STAND PIPE LEVEL,127,127,0,4036,0,49,152,34,8,1,12,12,6,9,46,0,37,70,15,15,8,true,2,1
3090561A.CAD,5880,cc1135fe167f,3090561,MACRO NAME,160,160,0,5086,0,65,193,46,11,2,16,16,9,10,60,0,41,100,20,20,9,true,2,1
3090562A.CAD,4255,3326e7f69590,3090562,NO. 2 CHLORINE DIOXIDE PLANT,113,113,0,3756,0,36,139,33,11,4,14,14,4,10,33,0,34,50,14,14,8,true,3,1
3090563A.CAD,4244,b17eb25345fa,3090563,NO. 2 CHLORINE DIOXIDE PLANT,120,120,0,3744,0,44,144,31,11,3,13,13,3,10,43,0,33,49,14,14,8,true,2,1
3090576A.CAD,3007,61ca0bdf3504,3090576,CHLORATE CELL N2 INERT GAS VLV,80,80,0,2510,0,27,84,20,6,3,3,3,2,1,20,0,32,40,11,11,0,true,2,1
3090577A.CAD,2380,0bcd7ad4c09a,3090577,ELECTROLYTE TANK INLET GAS TEMP,63,63,0,1908,0,20,67,13,4,2,3,3,2,1,18,0,26,39,5,5,0,true,2,1
3090578A.CAD,1374,17fc2dec8bc6,3090578,ELECTROLYTE TANK H2 GAS PRESS,34,34,0,1034,0,3,34,5,1,1,1,1,1,0,3,0,23,11,2,2,0,true,1,1
3090579A.CAD,1368,3114b7e5b4d1,3090579,ELECTROLYTE TO CELLS PH,34,34,0,1028,0,3,34,5,1,1,1,1,1,0,3,0,23,11,2,2,0,true,1,1
3090580A.CAD,3692,517a43abee9b,3090580,ELECTROLYTE TANK LEVEL,103,103,0,3156,0,32,115,23,9,3,7,7,3,4,32,0,37,52,11,11,2,true,1,1
3090581A.CAD,4238,9a86c81010d5,3090581,ELECTROLYTE TANK INLET HCL VLV,117,117,0,3520,0,44,125,32,10,3,5,5,2,3,44,0,29,88,21,21,2,true,1,1
3090582A.CAD,2952,88228ed51c17,3090582,ELECTROLYTE TANK INLET NAOH VLV,82,82,0,2454,0,26,86,19,6,3,3,3,2,1,26,0,29,41,11,11,0,true,1,1
3090583A.CAD,3540,6b2baf6c1271,3090583,CHLORATE CELL COMPRESSED AIR VLV,101,101,0,3016,0,34,107,24,8,3,4,4,3,1,34,0,33,48,14,14,0,true,1,1
3090584A.CAD,4890,b9a0ef542cf8,3090584,NO. 2 CHLORINE DIOXIDE PLANT,122,122,0,4174,0,45,158,46,4,16,19,19,16,3,45,0,25,112,23,23,0,true,1,1
3090585A.CAD,4930,01c250bc83b5,3090585,NO. 2 CHLORINE DIOXIDE PLANT,120,120,0,4214,0,43,160,48,2,18,21,21,18,3,43,0,25,114,23,23,0,true,1,1
3090586A.CAD,3780,4e63e061cd56,3090586,NO. 2 CHLORINE DIOXIDE PLANT,92,92,0,3218,0,28,120,33,2,10,15,15,12,3,28,0,27,73,14,14,0,true,1,1
3090587A.CAD,2002,177209f71ef0,3090587,NO. 2 CHLORINE DIOXIDE PLANT,50,50,0,1620,0,8,56,12,2,2,4,4,2,2,8,0,26,24,4,4,0,true,1,1
3090588A.CAD,2004,a36580bdac8d,3090588,NO. 2 CHLORINE DIOXIDE PLANT,50,50,0,1622,0,8,56,12,2,2,4,4,2,2,8,0,26,24,4,4,0,true,1,1
3090589A.CAD,2004,c12131b4771c,3090589,NO. 2 CHLORINE DIOXIDE PLANT,50,50,0,1622,0,8,56,12,2,2,4,4,2,2,8,0,26,24,4,4,0,true,1,1
3090590A.CAD,1964,92880635230d,3090590,NO. 2 CHLORINE DIOXIDE PLANT,48,48,0,1582,0,8,54,12,2,2,4,4,2,2,8,0,24,24,4,4,0,true,1,1
3090591A.CAD,2004,d79e1207d113,3090591,NO. 2 CHLORINE DIOXIDE PLANT,50,50,0,1622,0,8,56,12,2,2,4,4,2,2,8,0,26,24,4,4,0,true,1,1
3090592A.CAD,2004,2b731f61ed39,3090592,NO. 2 CHLORINE DIOXIDE PLANT,50,50,0,1622,0,8,56,12,2,2,4,4,2,2,8,0,26,24,4,4,0,true,1,1
3090593A.CAD,2004,cc4c5aeeba10,3090593,NO. 2 CHLORINE DIOXIDE PLANT,50,50,0,1622,0,8,56,12,2,2,4,4,2,2,8,0,26,24,4,4,0,true,1,1
3090594A.CAD,2004,633269499482,3090594,NO. 2 CHLORINE DIOXIDE PLANT,50,50,0,1622,0,8,56,12,2,2,4,4,2,2,8,0,26,24,4,4,0,true,1,1
3090595A.CAD,3162,d452d7ef6774,3090595,CALIBRATION IN PROGRESS,90,90,0,2688,0,28,96,21,8,2,4,4,1,3,28,0,31,39,12,12,0,true,1,1
3090596A.CAD,2004,c55113deba1b,3090596,NO. 2 CHLORINE DIOXIDE PLANT,50,50,0,1622,0,8,56,12,2,2,4,4,2,2,8,0,26,24,4,4,0,true,1,1
3090597A.CAD,2860,08b7e9599a92,3090597,NO 25 CHLORATE CELL VOLTAGE,75,75,0,2346,0,24,83,19,5,3,5,5,3,2,22,0,27,51,7,7,0,true,2,1
3090598A.CAD,2004,cd2452e90208,3090598,NO. 2 CHLORINE DIOXIDE PLANT,50,50,0,1622,0,8,56,12,2,2,4,4,2,2,8,0,26,24,4,4,0,true,1,1
3090599A.CAD,2004,6296a8f4c328,3090599,NO. 2 CHLORINE DIOXIDE PLANT,50,50,0,1622,0,8,56,12,2,2,4,4,2,2,8,0,26,24,4,4,0,true,1,1
30905A0A.CAD,4074,2cc249684740,30905A0,TO TRIP RECTIFIER.,103,103,0,3442,0,35,135,36,0,0,17,17,16,1,35,0,30,90,19,19,0,true,1,1
30905A1A.CAD,4146,112504a59fa5,30905A1,CLO2 GENERATOR INLT CHLRTE FLOW,114,114,0,3490,0,41,128,29,10,3,8,8,5,3,39,0,34,80,14,14,0,true,2,1
30905A2A.CAD,4736,5676e8863254,30905A2,CLO2 GENERATOR RECYCLE GAS FLOW,139,139,0,4034,0,54,149,36,13,3,6,6,3,3,53,0,35,93,24,24,0,true,2,1
30905A3A.CAD,2004,ea8a9d394d7b,30905A3,NO. 2 CHLORINE DIOXIDE PLANT,50,50,0,1622,0,8,56,12,2,2,4,4,2,2,8,0,26,24,4,4,0,true,1,1
30905A4A.CAD,2004,53aa9e55583c,30905A4,NO. 2 CHLORINE DIOXIDE PLANT,50,50,0,1622,0,8,56,12,2,2,4,4,2,2,8,0,26,24,4,4,0,true,1,1
30905A5A.CAD,2004,9bc9715fe86f,30905A5,NO. 2 CHLORINE DIOXIDE PLANT,50,50,0,1622,0,8,56,12,2,2,4,4,2,2,8,0,26,22,4,4,0,true,1,1
30905A6A.CAD,2194,47bcbcd3fe80,30905A6,NO. 2 CHLORINE DIOXIDE PLANT,53,53,0,1794,0,8,63,14,1,3,6,6,3,3,8,0,28,27,4,4,0,true,1,1
30905A7A.CAD,1584,b9a6bb87781b,30905A7,CLO2 GENERATOR INLET PRESS,40,40,0,1228,0,6,42,7,2,1,2,2,1,1,6,0,23,15,3,3,0,true,1,1
30905A8A.CAD,3084,0eff77371aaf,30905A8,CLO2 GENERATOR INLET NAOH VLV,86,86,0,2578,0,29,90,22,6,3,3,3,2,1,28,0,28,43,12,12,0,true,2,1
30905B0A.CAD,4120,e24795dda94e,30905B0,TO TRIP RECTIFIER.,105,105,0,3488,0,35,137,36,0,0,17,17,16,1,35,0,32,90,19,19,0,true,1,1
30905B1A.CAD,2308,a977bcbdbb86,30905B1,NO. 2 CHLORINE DIOXIDE PLANT,59,59,0,1884,0,9,63,15,3,3,3,3,3,0,9,0,30,32,6,6,0,true,1,1
30905B2A.CAD,2732,36cb9050ebd9,30905B2,NO. 2 CHLORINE DIOXIDE PLANT,72,72,0,2218,0,23,78,17,5,3,4,4,3,1,21,0,27,50,7,7,0,true,2,1
30905B4A.CAD,2412,1641e329d2b5,30905B4,NO. 2 CHLORINE DIOXIDE PLANT,66,66,0,1962,0,18,68,14,6,2,2,2,2,0,18,0,26,32,8,8,0,true,1,1
30905B5A.CAD,1982,8a810fb7ab3b,30905B5,MILL EXPANSION,51,51,0,1546,0,14,55,10,3,2,3,3,2,1,13,0,23,29,3,3,0,true,2,1
30905C0A.CAD,3170,2648a50dfa2c,30905C0,TO TRIP RECTIFIER.,83,83,0,2650,0,27,104,25,1,0,11,11,10,1,27,0,29,61,14,14,0,true,2,1
30905C1A.CAD,5822,4b8f3a1c1f24,30905C1,CLO2 GEN. INLET HCL FLOW,160,160,0,5100,0,66,192,43,16,4,17,17,13,4,65,0,34,98,20,20,0,true,2,1
30905C2A.CAD,2378,021a435d9cc3,30905C2,CLO2 GEN CL2 SNIFF GAS VALVE,57,57,0,1872,0,11,65,16,1,3,5,5,3,2,10,0,28,46,4,4,1,true,2,1
30905C3A.CAD,1906,8a45b267c59a,30905C3,CLO2 ABSORP. TWR INLT HYPO TEMP,51,51,0,1518,0,10,53,10,3,1,2,2,1,1,10,0,26,23,6,6,0,true,1,1
30905C4A.CAD,2128,1dade0dfff91,30905C4,CL COMP INLET GAS PRESS,56,56,0,1684,0,13,60,12,4,1,3,3,1,2,13,0,25,39,7,7,0,true,1,1
30905C5A.CAD,2578,328ed817c98d,30905C5,CL COMP CHILLED WTR VLV,73,73,0,2092,0,26,75,17,5,1,2,2,1,1,25,0,24,40,12,12,0,true,2,1
30905C6A.CAD,1880,726b1f334644,30905C6,GLANDWTR TO CHLORINE COMP FLOW,51,51,0,1492,0,10,53,9,3,1,2,2,1,1,10,0,27,23,6,6,0,true,1,1
30905C7A.CAD,1846,5b778d1d82dd,30905C7,GLANDWTR TO CHLORINE COMP FLOW,50,50,0,1458,0,10,52,9,3,1,2,2,1,1,10,0,26,23,6,6,0,true,1,1
30905C8A.CAD,2254,b73c6b93dde3,30905C8,CL COMP CHILLED WTR FLOW,61,61,0,1850,0,16,67,13,4,1,4,4,1,3,14,0,28,27,7,7,0,true,2,1
30905C9A.CAD,4782,bba021cdacba,30905C9,CLO2 ABSORP-TWR CHLLD WTR FLOW,135,135,0,4006,0,50,149,34,12,3,8,7,6,2,48,0,39,108,21,21,0,true,2,1
30905D1A.CAD,1518,5d3d528ca129,30905D1,CLO2 GEN. CL2 SNIFF GAS FLOW,38,38,0,1166,0,5,40,7,1,1,2,2,1,1,5,0,23,15,3,3,0,true,1,1
30905D2A.CAD,2986,7bc14fedbd40,30905D2,CLO2 NO1 STRG TANK LEVEL,82,82,0,2422,0,26,86,17,8,2,3,3,3,0,25,0,30,56,12,11,0,true,2,1
30905D3A.CAD,2300,a48abfc29dbf,30905D3,CLO2 NO2 STRG TANK LVL,63,63,0,1846,0,16,67,12,5,1,3,3,2,1,15,0,29,36,7,7,0,true,2,1
30905D4A.CAD,4032,e3b65f4178a7,30905D4,HYPO STORAGE CL2 BYPASS VLV,119,119,0,3468,0,47,125,30,11,4,4,4,3,1,46,0,30,55,19,19,0,true,2,1
30905D5A.CAD,6765,6cf50ec05600,30905D5,CLO2 TRANSFER LINE PRESS,199,199,0,5996,0,84,224,48,19,4,13,12,5,9,74,0,56,108,27,26,2,true,4,1
30905D7A.CAD,1302,12a60ee62a06,30905D7,CHLORATE FILTER DIFF PRESS,31,31,0,944,0,2,33,4,0,2,2,2,2,0,2,0,23,14,2,2,0,true,1,1
30905D8A.CAD,1191,e53eb63b20b7,30905D8,CHLORATE FILTER DIFF PRESS,28,28,0,864,0,3,28,4,0,1,1,1,1,0,1,0,21,7,1,1,0,true,2,1
30905E1A.CAD,2206,07d6e27274fc,30905E1,CLO2 GEN. LP STEAM PRESS,58,58,0,1740,0,16,62,10,5,3,3,3,2,1,16,0,25,34,4,4,0,true,1,1
30905F1A.CAD,1372,a45e6d753884,30905F1,CHLORATE FILTER DIFF PRESS,34,34,0,1032,0,3,34,5,1,1,1,1,1,0,3,0,23,11,2,2,0,true,1,1
30905F2A.CAD,1340,7298607f79f4,30905F2,CHLORATE BUFFER TANK LEVEL,33,33,0,1000,0,3,33,5,1,1,1,1,1,0,3,0,22,11,2,2,0,true,1,1
30905F3A.CAD,1344,60c4e77ff274,30905F3,VAPOUR CONDENSER OUTLT TEMP,33,33,0,1004,0,3,33,5,1,1,1,1,1,0,3,0,22,11,2,2,0,true,1,1
30905G1A.CAD,1346,abcfce8d31ce,30905G1,VAP. CONDENSATE COOL OUTLT TEMP,33,33,0,1006,0,3,33,5,1,1,1,1,1,0,3,0,22,11,2,2,0,true,1,1
30905G2A.CAD,2830,fed6d028ca78,30905G2,CLO2 STRG TANK LEVEL,78,78,0,2310,0,28,84,18,6,2,4,4,2,2,25,0,27,50,9,9,0,true,3,1
30905G3A.CAD,4612,927043bbec6c,30905G3,CHLORATE CELL N2 INERT GAS FLOW,131,131,0,4068,0,40,148,38,9,4,9,8,6,4,40,0,42,66,20,20,0,true,1,1
30905G4A.CAD,1980,322898da5ee1,30905G4,CHLORATE CELL MILL AIR FLOW,52,52,0,1576,0,12,54,11,3,1,2,2,1,1,8,0,28,26,7,7,0,true,2,1
30905G5A.CAD,2077,4d828598c11c,30905G5,OXIGEN PRESSURE,52,52,0,1642,0,16,56,10,3,2,3,3,2,1,10,0,27,29,3,3,0,true,3,1
30905G6A.CAD,4072,a6e07c740145,30905G6,NO. 2 CHLORINE DIOXIDE PLANT,104,104,0,3358,0,27,122,32,5,8,10,10,10,0,26,0,39,98,17,17,0,true,2,1
30905G8A.CAD,2493,eccac69d5f08,30905G8,NO. 2 CHLORINE DIOXIDE PLANT,62,62,0,2068,0,18,68,16,2,4,4,4,4,0,8,0,34,18,2,2,0,true,3,1
30905H1A.CAD,1675,eb25cf7bd36f,30905H1,NO 3 AIR CONDITIONING UNIT,41,41,0,1314,0,11,43,8,1,2,2,2,2,0,4,0,26,9,1,1,0,true,3,1
30905H4A.CAD,2104,02e71c03f749,30905H4,NO. 2 CHLORINE DIOXIDE PLANT,53,53,0,1724,0,11,59,12,4,2,4,4,2,2,8,0,27,17,3,3,1,true,3,1
30905H5A.CAD,3687,c538f8d60009,30905H5,MILL EXPANSION,104,104,0,3174,0,31,114,27,7,6,6,6,4,2,28,0,40,49,14,14,0,true,3,1
30905H6A.CAD,6078,b8d2afa53f06,30905H6,ELECTROLYTE PUMP,173,173,0,5388,0,64,191,50,15,8,10,10,5,5,64,0,42,85,24,24,0,true,1,1
30905H7A.CAD,4512,4cdcae3e8dfe,30905H7,CHLORATE FEEDBACK PUMP,129,129,0,3966,0,46,139,36,10,6,6,6,4,2,45,0,36,55,17,17,0,true,2,1
30905H8A.CAD,6710,583d82a57e22,30905H8,CHLORINE COMPRESSOR,195,195,0,6036,0,77,219,53,18,7,13,13,9,4,74,0,48,90,25,25,0,true,3,1
30905H9A.CAD,6454,b2b769b32d1e,30905H9,CLO2 TRANSFER PUMP,190,190,0,5736,0,77,209,55,16,6,11,11,6,4,74,0,43,97,33,32,0,true,3,1
30905I0A.CAD,6302,f74d5f2436e8,30905I0A,CLO2 TRANSFER PUMP,185,185,0,5596,0,73,205,55,15,7,11,11,8,3,72,0,41,97,32,32,1,true,2,1
30905I1A.CAD,8260,71228ae91bab,30905I1,CHLORINE DIOXIDE PUMP,240,240,0,7446,0,98,265,74,22,12,13,13,10,4,98,0,44,117,36,36,0,true,1,1
30905I2A.CAD,2328,12fcdf5b01a1,30905I2,GLAND WATER PUMP,60,60,0,1894,0,14,64,15,2,3,3,3,2,1,14,0,27,28,6,6,0,true,1,1
30905I3A.CAD,2367,8ad90b79ac10,30905I3,DEMIN WATER PUMP,60,60,0,1934,0,20,64,15,2,3,3,3,2,1,12,0,29,28,6,6,0,true,2,1
30905J2A.CAD,3474,228fc6f21379,30905J2,NO. 2 CHLORINE DIOXIDE PLANT,95,95,0,2880,0,30,103,24,7,2,4,4,6,0,28,0,34,71,12,12,0,true,2,1
30905J3A.CAD,1360,a2f93c00301c,30905J3,NO. 2 CHLORINE DIOXIDE PLANT,34,34,0,1020,0,3,34,5,1,1,1,1,1,0,3,0,23,10,2,2,0,true,1,1
30905J4A.CAD,1446,d760130460b1,30905J4,POLARIZATION RECTIFIER DC CURRENT,36,36,0,1090,0,4,36,6,1,1,1,1,1,0,4,0,23,14,3,3,0,true,1,1
30905J5A.CAD,5076,221a3376bc19,30905J5,NO. 2 CHLORINE DIOXIDE PLANT,148,148,0,4484,0,55,164,38,13,4,9,9,6,3,54,0,41,71,20,20,0,true,2,1
30905J6A.CAD,4460,c04849aae432,30905J6,NO. 2 CHLORINE DIOXIDE PLANT,124,124,0,3862,0,43,136,38,11,7,7,7,4,3,42,0,31,65,17,17,0,true,2,1
30905J7A.CAD,1208,1189e60f3ef5,30905J7,POLARIZATION RECTIFIER STATUS,28,28,0,900,0,1,28,4,0,1,1,1,1,0,1,0,21,3,1,1,0,true,1,1
30905J8A.CAD,1214,78fc07d9ea79,30905J8,TR-RE 12KV BREAKER STATUS,29,29,0,906,0,1,29,4,0,1,1,1,1,0,1,0,22,3,1,1,0,true,1,1
30905J9A.CAD,2546,7e88917e474f,30905J9,TR-RE RECTIFIER POLARIZATION,69,69,0,2086,0,21,73,16,4,2,3,3,2,1,21,0,26,34,9,9,0,true,1,1
30905K1A.CAD,1788,b72a1688b87d,30905K1,NO. 2 CHLORINE DIOXIDE PLANT,47,47,0,1436,0,9,49,10,2,2,2,2,2,0,9,0,24,13,4,4,0,true,1,1
30905K2A.CAD,1188,11e348dfc3df,30905K2,NO. 2 CHLORINE DIOXIDE PLANT,28,28,0,880,0,1,28,4,0,1,1,1,1,0,1,0,21,4,1,1,0,true,1,1
30905K3A.CAD,1192,34389e89474e,30905K3,TR-RE 110V POWER SUPPLY,28,28,0,884,0,1,28,4,0,1,1,1,1,0,1,0,21,3,1,1,0,true,1,1
30905K4A.CAD,1790,e0c72cf91b8d,30905K4,NO. 2 CHLORINE DIOXIDE PLANT,46,46,0,1438,0,9,48,10,2,2,2,2,2,0,9,0,23,13,4,4,0,true,1,1
30905K5A.CAD,1190,aa13ccc7a18c,30905K5,TR-RE 24V POWER SUPPLY,28,28,0,882,0,1,28,4,0,1,1,1,1,0,1,0,21,3,1,1,0,true,1,1
30905K6A.CAD,1180,ad0667cafba7,30905K6,NO. 2 CHLORINE DIOXIDE PLANT,28,28,0,872,0,1,28,4,0,1,1,1,1,0,1,0,21,3,1,1,0,true,1,1
30905K7A.CAD,1184,bdb403d4eb37,30905K7,NO. 2 CHLORINE DIOXIDE PLANT,28,28,0,876,0,1,28,4,0,1,1,1,1,0,1,0,21,3,1,1,0,true,1,1
30905K8A.CAD,1194,369ab7b58000,30905K8,NO. 2 CHLORINE DIOXIDE PLANT,28,28,0,886,0,1,28,4,0,1,1,1,1,0,1,0,21,4,1,1,0,true,1,1
30905K9A.CAD,1184,caba52f5b850,30905K9,NO. 2 CHLORINE DIOXIDE PLANT,28,28,0,876,0,1,28,4,0,1,1,1,1,0,1,0,21,3,1,1,0,true,1,1
30905L1A.CAD,1184,57a3e0b62135,30905L1,NO. 2 CHLORINE DIOXIDE PLANT,28,28,0,876,0,1,28,4,0,1,1,1,1,0,1,0,21,3,1,1,0,true,1,1
30905L2A.CAD,1188,3329f9bd2ae6,30905L2,NO. 2 CHLORINE DIOXIDE PLANT,28,28,0,880,0,1,28,4,0,1,1,1,1,0,1,0,21,3,1,1,0,true,1,1
30905L3A.CAD,1194,3a85546781c1,30905L3,NORMAL INCOMING BREAKER STATUS,28,28,0,886,0,1,28,4,0,1,1,1,1,0,1,0,21,3,1,1,0,true,1,1
30905L4A.CAD,1192,793b1b379a89,30905L4,CONTROL VOLTAGE EARTH FAULT,28,28,0,884,0,1,28,4,0,1,1,1,1,0,1,0,21,3,1,1,0,true,1,1
30905L5A.CAD,1354,0f82e93a10a9,30905L5,NORMAL INCOMING SUPPLY VOLTAGE,33,33,0,1014,0,3,33,5,1,1,1,1,1,0,3,0,22,11,2,2,0,true,1,1
30905L6A.CAD,1354,50a12645ce4f,30905L6,NORMAL INCOMING SUPPLY CURRENT,33,33,0,1014,0,3,33,5,1,1,1,1,1,0,3,0,22,11,2,2,0,true,1,1
30905L7A.CAD,1156,6c3f19c89bd0,30905L7,BUS-BAR COUPLING BREAKER STATUS,26,26,0,848,0,1,26,4,0,1,1,1,1,0,1,0,19,3,1,1,0,true,1,1
30905L8A.CAD,1416,67a0db66b8a3,30905L8,BUS-BAR COUPLING CURRENT,35,35,0,1060,0,4,35,6,1,1,1,1,1,0,4,0,22,14,3,3,0,true,1,1
30905L9A.CAD,1192,864b7956694f,30905L9,EMRG INCOMING BREAKER STATUS,28,28,0,884,0,1,28,4,0,1,1,1,1,0,1,0,21,3,1,1,0,true,1,1
30905M1A.CAD,1198,5b38e0182ddc,30905M1,EMERG. CONTROL VOLTAGE EARTH FAULT,28,28,0,890,0,1,28,4,0,1,1,1,1,0,1,0,21,3,1,1,0,true,1,1
30905M2A.CAD,2006,b1561e30b873,30905M2,NO. 2 CHLORINE DIOXIDE PLANT,51,51,0,1592,0,8,53,12,2,2,2,2,2,0,8,0,27,28,6,6,0,true,1,1
30905M3A.CAD,5266,06ecab6b21fd,30905M3,NO. 2 CHLORINE DIOXIDE PLANT,146,146,0,4734,0,52,178,41,12,7,17,17,5,12,52,0,39,59,17,17,9,true,1,1
30905M4A.CAD,5130,aa611e0da8f8,30905M4,NOT USE,142,142,0,4608,0,52,172,40,12,7,16,16,5,11,51,0,37,55,16,16,9,true,2,1
30905M5A.CAD,5366,39cd347d3d94,30905M5,MILL EXPANSION,156,156,0,4648,0,50,176,42,8,8,11,11,10,1,50,0,54,101,31,31,0,true,1,1
30905M6A.CAD,3530,64c77f09ea31,30905M6,MILL EXPANSION,97,97,0,3014,0,31,113,25,6,4,9,9,8,1,31,0,33,53,15,15,0,true,1,1
30905M7A.CAD,2592,a31d5d2c137a,30905M7,MILL EXPANSION,69,69,0,2130,0,21,81,19,2,1,7,7,6,1,21,0,25,41,12,12,0,true,1,1
30905M9A.CAD,3984,5b94ab173baa,30905M9,MILL EXPANSION,111,111,0,3464,0,37,121,32,8,6,6,6,4,2,37,0,32,49,14,14,0,true,1,1
30905N1A.CAD,1354,71ffd5399713,30905N1,WTR CHILLER INLET STEAM PRESS,33,33,0,1014,0,3,33,5,1,1,1,1,1,0,3,0,22,11,2,2,0,true,1,1
30905N2A.CAD,3436,3ae39e48c39d,30905N2,WTR CHILLER INLET COOL WTR TEMP,95,95,0,2862,0,34,105,24,6,3,6,6,3,3,33,0,30,60,14,14,0,true,2,1
30905N3A.CAD,1326,9ca81eca5cf2,30905N3,WTR CHILLER OUTLT COOL WTR TEMP,32,32,0,986,0,3,32,5,1,1,1,1,1,0,3,0,21,11,2,2,0,true,1,1
30905N4A.CAD,2673,ec1dbe3687a9,30905N4,MILL EXPANSION,72,72,0,2170,0,24,80,14,6,3,5,4,2,3,22,0,28,46,7,7,0,true,2,1
30905N5A.CAD,1222,851e45c940f7,30905N5,CHILLED WATER UNIT GENERAL ALARM,29,29,0,914,0,1,29,4,0,1,1,1,1,0,1,0,22,3,1,1,0,true,1,1
30905N6A.CAD,1340,148daaf26f70,30905N6,MILL EXPANSION,33,33,0,984,0,4,33,6,1,1,1,1,1,0,4,0,20,12,3,3,0,true,1,1
30905N7A.CAD,1432,cabd37e0f3c6,30905N7,MILL EXPANSION,35,35,0,1092,0,4,37,6,1,1,2,2,1,1,4,0,22,11,2,2,1,true,1,1
30905N8A.CAD,1332,9834ad022f4f,30905N8,MILL EXPANSION,31,31,0,974,0,2,33,6,0,2,2,2,2,0,2,0,21,14,2,2,0,true,1,1
30905N9A.CAD,1630,400e075b5cd6,30905N9,CHILLED WATER UNIT,42,42,0,1230,0,10,44,7,1,2,2,2,2,0,9,0,23,21,4,4,0,true,2,1
30905O1A.CAD,1556,92d0a8ba646b,30905O1,MILL EXPANSION,38,38,0,1194,0,6,40,8,1,2,2,2,2,0,5,0,22,14,1,1,0,true,2,1
30905O2A.CAD,5262,97e2c57a4931,30905O2,MILL EXPANSION,147,147,0,4692,0,52,169,46,10,8,12,12,9,3,51,0,38,68,20,20,0,true,2,1
30905O4A.CAD,4526,68f03fc08eb4,30905O4,NO. 2 CHLORINE DIOXIDE PLANT,127,127,0,3970,0,45,139,38,9,6,7,7,5,2,45,0,33,59,18,18,0,true,1,1
30905O5A.CAD,4712,203f1519228d,30905O5,NO. 2 CHLORINE DIOXIDE PLANT,132,132,0,4152,0,47,148,40,9,7,9,9,7,2,46,0,35,62,19,19,0,true,2,1
30905O7A.CAD,1704,aff65c9720a7,30905O7,MILL EXPANSION,42,42,0,1270,0,6,40,8,2,0,0,0,0,0,5,0,25,22,3,3,0,true,2,1
30905P1A.CAD,3948,75bc8a4bef06,30905P1,MILL EXPANSION,110,110,0,3428,0,37,120,32,8,6,6,6,4,2,37,0,31,48,14,14,1,true,1,1
30905P5A.CAD,1354,4fd8c0851d08,30905P5,HCL BURNER HYDROGEN GAS PRESS,33,33,0,1014,0,3,33,5,1,1,1,1,1,0,3,0,22,11,2,2,0,true,1,1
30905P6A.CAD,3322,fa1e5847319c,30905P6,HCL PRODUCTION DENSITY,89,89,0,2712,0,31,99,21,7,2,6,6,5,1,30,0,29,72,10,10,0,true,2,1
30905P7A.CAD,2540,4ada15c55b22,30905P7,HCL STRG TANK LEVEL,70,70,0,2054,0,19,74,15,6,1,3,3,2,1,19,0,28,45,10,10,0,true,1,1
30905P8A.CAD,2468,074da71a6aae,30905P8,HCL SYN-UNIT N2 GAS FLOW,66,66,0,2058,0,14,70,17,4,3,3,3,2,1,14,0,29,31,8,8,0,true,1,1
30905P9A.CAD,1356,5401d722602b,30905P9,HCL SYN-UNIT RETRN COOL WTR TEMP,33,33,0,1016,0,3,33,5,1,1,1,1,1,0,3,0,22,11,2,2,0,true,1,1
30905Q1A.CAD,1988,cc3e9c85ad4b,30905Q1,HCL SYN-UNIT COOL WTR FLOW,52,52,0,1600,0,10,54,12,3,2,2,2,1,1,10,0,25,23,6,6,0,true,1,1
30905Q2A.CAD,3954,7289c0a611c0,30905Q2,HCL BURNER,110,110,0,3472,0,34,124,30,7,4,8,8,5,3,32,0,39,48,12,12,2,true,2,1
30905Q3A.CAD,1601,c472532cbbba,30905Q3,MILL EXPANSION,39,39,0,1242,0,7,43,9,1,2,3,3,1,2,6,0,21,17,3,3,0,true,2,1
30905Q4A.CAD,3266,2456530f0c9d,30905Q4,HCL BURNER DCS DIAGNOSTIC OUTPUT,79,79,0,2898,0,21,111,22,0,16,17,17,16,1,21,0,34,26,5,5,1,true,1,1
30905Q5A.CAD,2192,cc4ecd3909f9,30905Q5,HCL BURNER DCS DIAGNOSTIC OUTPUT,52,52,0,1854,0,9,68,13,0,1,9,9,7,2,9,0,28,13,2,2,1,true,1,1
30905Q6A.CAD,1374,5e0f51334873,30905Q6,HCL BURNER DCS DIAGNOSTIC OUTPUT,32,32,0,1068,0,4,36,6,1,2,3,3,1,2,4,0,19,5,1,1,0,true,1,1
30905Q7A.CAD,3940,e3040d734247,30905Q7,HCL SYN-UNIT CL2 M-UP GAS FLOW,114,114,0,3316,0,45,122,28,9,3,5,4,4,1,43,0,32,76,18,18,0,true,2,1
30905Q8A.CAD,1764,6c841e0db2fe,30905Q8,HCL SYN-UNIT CL2 M-UP GAS PRESS,46,46,0,1394,0,9,48,9,2,1,2,2,1,1,8,0,25,20,4,4,0,true,2,1
30905Q9A.CAD,1352,603e271ac6f7,30905Q9,HCL SCUBBER OUTLET ACID TEMP,33,33,0,1012,0,3,33,5,1,1,1,1,1,0,3,0,22,11,2,2,0,true,1,1
30905R1A.CAD,1324,f6eead62b909,30905R1,HCL SCRUBBER H2 OUTLT GAS CONC,32,32,0,984,0,3,32,5,1,1,1,1,1,0,3,0,21,11,2,2,0,true,1,1
30905R2A.CAD,1322,a89f16489b3b,30905R2,HCL STRG TANK INLT ACID TEMP,32,32,0,982,0,3,32,5,1,1,1,1,1,0,3,0,21,10,2,2,0,true,1,1
30905R3A.CAD,4304,e4405f50ac5b,30905R3,HCL SCRUBBER DEM. WTR FLOW,118,118,0,3638,0,43,132,31,9,3,8,8,5,3,40,0,36,88,15,15,0,true,2,1
30905R4A.CAD,1326,124bbd114f34,30905R4,HCL SYN-UNIT BRNR CL2 GAS PRESS,32,32,0,986,0,3,32,5,1,1,1,1,1,0,3,0,21,11,2,2,0,true,1,1
30905R5A.CAD,1384,4bd1437505f5,30905R5,HCL SYN-UNIT BNR FLAME,34,34,0,1028,0,4,34,6,1,1,1,1,1,0,4,0,21,14,3,3,0,true,1,1
30905R6A.CAD,1940,6ef73eedd51a,30905R6,HYDROCHLORIC ACID PUMP,45,45,0,1592,0,5,53,15,0,5,5,5,5,0,5,0,23,15,5,5,0,true,1,1
30905R7A.CAD,4860,3c4d327be69a,30905R7A,HYDROCHLORIC ACID PUMP,138,138,0,4282,0,51,152,41,10,6,8,8,6,2,50,0,35,65,20,20,0,true,2,1
30905R8A.CAD,3454,06e976b45dec,30905R8A,N2 GAS INLET PRESS,93,93,0,2978,0,22,105,27,6,4,7,7,4,3,22,0,36,47,12,12,0,true,1,1
30905R9A.CAD,1776,623934641a06,30905R9A,O2 GAS CONC,45,45,0,1410,0,5,47,10,1,2,2,2,2,0,5,0,27,17,4,4,0,true,1,1
30905S0A.CAD,1616,665052755589,30905S0A,AIR COMPRESSOR FOR DWO STATUS,39,39,0,1254,0,6,41,8,1,2,2,2,2,0,5,0,23,9,1,1,0,true,2,1
30905S1A.CAD,2746,113049d9fcfe,30905S1,DWO STATUS,71,71,0,2326,0,17,79,20,3,4,5,5,2,3,17,0,29,32,7,7,0,true,1,1
30905S2A.CAD,1606,6abf193b52d1,30905S2,O2 COMPRESSOR STATUS,39,39,0,1244,0,6,41,8,1,2,2,2,2,0,5,0,23,8,1,1,0,true,2,1
30905S3A.CAD,1616,f5209c6ff464,30905S3,AIR COMPRESSOR FOR DWN STATUS,39,39,0,1254,0,6,41,8,1,2,2,2,2,0,5,0,23,9,1,1,0,true,2,1
30905S4A.CAD,1610,e14712cb03c8,30905S4,AIR DRYER FOR DWN STATUS,39,39,0,1248,0,6,41,8,1,2,2,2,2,0,5,0,23,9,1,1,0,true,2,1
30905S5A.CAD,2380,48c5f21bc41e,30905S5,NO. 2 CHLORINE DIOXIDE PLANT,59,59,0,1978,0,12,65,17,2,4,4,4,2,2,12,0,26,26,5,5,0,true,1,1
30905S6A.CAD,4792,1618f47cb5e6,30905S6,WARM WATER PUMP,136,136,0,4236,0,48,148,40,10,7,7,7,5,2,47,0,37,59,18,18,0,true,2,1
30905S7A.CAD,3198,f1a4f4e73737,30905S7A,MILL EXPANSION,82,82,0,2554,0,27,97,21,3,8,8,7,7,2,27,0,29,72,12,12,0,true,1,1
30905S8A.CAD,4240,1baa63c3c53e,30905S8,,117,117,0,3554,0,55,133,34,13,6,9,9,8,1,53,0,15,84,19,19,0,true,2,1
30905S9A.CAD,4240,3b28bb32a771,30905S9,,117,117,0,3554,0,55,133,34,13,6,9,9,8,1,53,0,15,84,19,19,0,true,2,1
30905Z0A.CAD,975,613c226d387f,30905Z0,NO. 2 CHLORINE DIOXIDE PLANT,24,24,0,666,0,4,22,2,0,0,0,0,0,0,1,0,19,3,1,1,0,true,3,1
30905Z1A.CAD,1456,470a2199a2a2,30905Z1,NO. 2 CHLORINE DIOXIDE PLANT,37,37,0,1090,0,9,39,6,2,1,2,2,2,0,8,0,19,14,3,3,0,true,2,1
30905Z2A.CAD,4954,5b2986535e48,30905Z2,MILL EXPANSION,111,111,0,3866,0,35,124,45,0,0,14,14,0,0,20,0,45,124,44,30,0,true,3,1
30905Z3A.CAD,2860,9ccba80f4494,30905Z3A,SPARE BLOCK,73,73,0,1882,0,37,73,19,17,0,0,0,0,0,36,0,1,92,16,16,0,true,2,1